campana,maquina,tipo,serie,motor,celda,repeticion,modelo,reordenacion,coleccion,instante,origen,concurrencia,tiempo_muro_ms,solapamiento_ms,total_medio_ms,ttft_medio_ms,tps_medio,rendimiento_tps,peticiones_ok,peticiones_total
voz04,voz05,saturación,saturacion_12b,,12b_06b,04,gemma4:12b,embed,docs_rag_qwen3_06b,2026-08-31 13:18:36,voz04/saturacion_12b/12b_06b/run_04/sweep.json,1,2397,0,2397,1256,48.0,48.0,1,1
voz04,voz05,saturación,saturacion_12b,,12b_06b,04,gemma4:12b,embed,docs_rag_qwen3_06b,2026-08-31 13:18:36,voz04/saturacion_12b/12b_06b/run_04/sweep.json,5,6162,18792,4990.8,1284.4,62.6,263.9,5,5
voz04,voz05,saturación,saturacion_12b,,12b_06b,04,gemma4:12b,embed,docs_rag_qwen3_06b,2026-08-31 13:18:36,voz04/saturacion_12b/12b_06b/run_04/sweep.json,10,9953,56382,6633.5,2245.9,45.33,335.8,10,10
voz04,voz05,saturación,saturacion_12b,,12b_06b,04,gemma4:12b,embed,docs_rag_qwen3_06b,2026-08-31 13:18:36,voz04/saturacion_12b/12b_06b/run_04/sweep.json,25,16098,251427,11053.208333333334,4126.291666666667,25.108333333333334,449.5,24,25
voz04,voz05,saturación,saturacion_12b,,12b_06b,04,gemma4:12b,embed,docs_rag_qwen3_06b,2026-08-31 13:18:36,voz04/saturacion_12b/12b_06b/run_04/sweep.json,50,26608,1019884,20929.84,7894.16,12.898,541.3,50,50
voz04,voz05,saturación,saturacion_12b,,12b_06b,04,gemma4:12b,embed,docs_rag_qwen3_06b,2026-08-31 13:18:36,voz04/saturacion_12b/12b_06b/run_04/sweep.json,75,37075,2196942,30043.864864864863,10480.581081081082,9.606756756756758,608.9,74,75
voz04,voz05,saturación,saturacion_12b,,12b_06b,04,gemma4:12b,embed,docs_rag_qwen3_06b,2026-08-31 13:18:36,voz04/saturacion_12b/12b_06b/run_04/sweep.json,100,60439,5117347,51777.86,25544.23,5.905,526.2,100,100
voz04,voz05,saturación,saturacion_12b,,12b_06b,04,gemma4:12b,embed,docs_rag_qwen3_06b,2026-08-31 13:18:36,voz04/saturacion_12b/12b_06b/run_04/sweep.json,150,70687,9145855,61847.56081081081,30576.175675675677,5.189864864864865,696.9,148,150
voz04,voz05,saturación,saturacion_12b,,12b_06b,04,gemma4:12b,embed,docs_rag_qwen3_06b,2026-08-31 13:18:36,voz04/saturacion_12b/12b_06b/run_04/sweep.json,200,78086,13148477,66286.56281407035,36359.91457286432,4.6140703517587935,813.0,199,200
voz04,voz05,saturación,saturacion_12b,,12b_06b,01,gemma4:12b,embed,docs_rag_qwen3_06b,2026-08-31 13:02:56,voz04/saturacion_12b/12b_06b/run_01/sweep.json,1,5216,0,5216,1786,63.7,63.7,1,1
voz04,voz05,saturación,saturacion_12b,,12b_06b,01,gemma4:12b,embed,docs_rag_qwen3_06b,2026-08-31 13:02:56,voz04/saturacion_12b/12b_06b/run_01/sweep.json,5,10648,23547,6839,2299.4,52.78,179.8,5,5
voz04,voz05,saturación,saturacion_12b,,12b_06b,01,gemma4:12b,embed,docs_rag_qwen3_06b,2026-08-31 13:02:56,voz04/saturacion_12b/12b_06b/run_01/sweep.json,10,11379,66468,7784.7,2105,52.15,368.8,10,10
voz04,voz05,saturación,saturacion_12b,,12b_06b,01,gemma4:12b,embed,docs_rag_qwen3_06b,2026-08-31 13:02:56,voz04/saturacion_12b/12b_06b/run_01/sweep.json,25,17600,300799,13048.958333333334,4423.125,29.679166666666667,553.9,24,25
voz04,voz05,saturación,saturacion_12b,,12b_06b,01,gemma4:12b,embed,docs_rag_qwen3_06b,2026-08-31 13:02:56,voz04/saturacion_12b/12b_06b/run_01/sweep.json,50,27613,1027082,21453,6507.714285714285,15.477551020408164,623.0,49,50
voz04,voz05,saturación,saturacion_12b,,12b_06b,01,gemma4:12b,embed,docs_rag_qwen3_06b,2026-08-31 13:02:56,voz04/saturacion_12b/12b_06b/run_01/sweep.json,75,37395,2187605,29950.337837837837,9670.364864864865,10.947297297297297,680.9,74,75
voz04,voz05,saturación,saturacion_12b,,12b_06b,01,gemma4:12b,embed,docs_rag_qwen3_06b,2026-08-31 13:02:56,voz04/saturacion_12b/12b_06b/run_01/sweep.json,100,59655,5084763,51725,24315.717171717173,6.223232323232323,555.1,99,100
voz04,voz05,saturación,saturacion_12b,,12b_06b,01,gemma4:12b,embed,docs_rag_qwen3_06b,2026-08-31 13:02:56,voz04/saturacion_12b/12b_06b/run_01/sweep.json,150,70833,9020198,60804.13422818792,28766.677852348992,4.9677852348993286,660.9,149,150
voz04,voz05,saturación,saturacion_12b,,12b_06b,01,gemma4:12b,embed,docs_rag_qwen3_06b,2026-08-31 13:02:56,voz04/saturacion_12b/12b_06b/run_01/sweep.json,200,77224,13161123,66372.13065326633,35374.52763819096,4.717587939698492,841.3,199,200
voz04,voz05,saturación,saturacion_12b,,12b_06b,05,gemma4:12b,embed,docs_rag_qwen3_06b,2026-08-31 13:23:51,voz04/saturacion_12b/12b_06b/run_05/sweep.json,1,3146,0,3146,1370,56.3,56.3,1,1
voz04,voz05,saturación,saturacion_12b,,12b_06b,05,gemma4:12b,embed,docs_rag_qwen3_06b,2026-08-31 13:23:51,voz04/saturacion_12b/12b_06b/run_05/sweep.json,5,6153,15640,4358.6,1922,43.52,169.2,5,5
voz04,voz05,saturación,saturacion_12b,,12b_06b,05,gemma4:12b,embed,docs_rag_qwen3_06b,2026-08-31 13:23:51,voz04/saturacion_12b/12b_06b/run_05/sweep.json,10,9349,62821,7217,2687.2,34.14,282.5,10,10
voz04,voz05,saturación,saturacion_12b,,12b_06b,05,gemma4:12b,embed,docs_rag_qwen3_06b,2026-08-31 13:23:51,voz04/saturacion_12b/12b_06b/run_05/sweep.json,25,19491,302152,12865.72,4641.4,23.828,425.1,25,25
voz04,voz05,saturación,saturacion_12b,,12b_06b,05,gemma4:12b,embed,docs_rag_qwen3_06b,2026-08-31 13:23:51,voz04/saturacion_12b/12b_06b/run_05/sweep.json,50,25965,963364,19786.58,6570.7,15.198,611.0,50,50
voz04,voz05,saturación,saturacion_12b,,12b_06b,05,gemma4:12b,embed,docs_rag_qwen3_06b,2026-08-31 13:23:51,voz04/saturacion_12b/12b_06b/run_05/sweep.json,75,34238,1925485,26129.64,8477.106666666667,11.838666666666667,717.0,75,75
voz04,voz05,saturación,saturacion_12b,,12b_06b,05,gemma4:12b,embed,docs_rag_qwen3_06b,2026-08-31 13:23:51,voz04/saturacion_12b/12b_06b/run_05/sweep.json,100,59756,5069440,51569.393939393936,25640.68686868687,5.9505050505050505,527.9,99,100
voz04,voz05,saturación,saturacion_12b,,12b_06b,05,gemma4:12b,embed,docs_rag_qwen3_06b,2026-08-31 13:23:51,voz04/saturacion_12b/12b_06b/run_05/sweep.json,150,69158,8725345,59068.70945945946,28684.87837837838,5.270945945945946,694.1,148,150
voz04,voz05,saturación,saturacion_12b,,12b_06b,05,gemma4:12b,embed,docs_rag_qwen3_06b,2026-08-31 13:23:51,voz04/saturacion_12b/12b_06b/run_05/sweep.json,200,79994,13625725,68920.09595959596,36533.5404040404,4.509090909090909,801.1,198,200
voz04,voz05,saturación,saturacion_12b,,12b_06b,03,gemma4:12b,embed,docs_rag_qwen3_06b,2026-08-31 13:13:30,voz04/saturacion_12b/12b_06b/run_03/sweep.json,1,6777,0,6777,1102,86.5,86.5,1,1
voz04,voz05,saturación,saturacion_12b,,12b_06b,03,gemma4:12b,embed,docs_rag_qwen3_06b,2026-08-31 13:13:30,voz04/saturacion_12b/12b_06b/run_03/sweep.json,5,8644,24875,6703.8,1961.2,59.019999999999996,233.9,5,5
voz04,voz05,saturación,saturacion_12b,,12b_06b,03,gemma4:12b,embed,docs_rag_qwen3_06b,2026-08-31 13:13:30,voz04/saturacion_12b/12b_06b/run_03/sweep.json,10,11245,78523,8976.8,2923.1,44.5,360.4,10,10
voz04,voz05,saturación,saturacion_12b,,12b_06b,03,gemma4:12b,embed,docs_rag_qwen3_06b,2026-08-31 13:13:30,voz04/saturacion_12b/12b_06b/run_03/sweep.json,25,18497,325192,13747.56,5555.32,24.232,475.5,25,25
voz04,voz05,saturación,saturacion_12b,,12b_06b,03,gemma4:12b,embed,docs_rag_qwen3_06b,2026-08-31 13:13:30,voz04/saturacion_12b/12b_06b/run_03/sweep.json,50,25525,964490,19800.3,7049.76,15.348,627.9,50,50
voz04,voz05,saturación,saturacion_12b,,12b_06b,03,gemma4:12b,embed,docs_rag_qwen3_06b,2026-08-31 13:13:30,voz04/saturacion_12b/12b_06b/run_03/sweep.json,75,28140,1491657,20263.96,7108.1466666666665,14.788,849.6,75,75
voz04,voz05,saturación,saturacion_12b,,12b_06b,03,gemma4:12b,embed,docs_rag_qwen3_06b,2026-08-31 13:13:30,voz04/saturacion_12b/12b_06b/run_03/sweep.json,100,48809,4063150,41423.979797979795,14620.161616161617,7.4393939393939394,655.1,99,100
voz04,voz05,saturación,saturacion_12b,,12b_06b,03,gemma4:12b,embed,docs_rag_qwen3_06b,2026-08-31 13:13:30,voz04/saturacion_12b/12b_06b/run_03/sweep.json,150,71579,9110009,61680.12162162162,32802.56756756757,5.035810810810811,667.2,148,150
voz04,voz05,saturación,saturacion_12b,,12b_06b,03,gemma4:12b,embed,docs_rag_qwen3_06b,2026-08-31 13:13:30,voz04/saturacion_12b/12b_06b/run_03/sweep.json,200,79649,13567873,68606.07575757576,35679.045454545456,4.508080808080808,799.6,198,200
voz04,voz05,saturación,saturacion_12b,,12b_06b,02,gemma4:12b,embed,docs_rag_qwen3_06b,2026-08-31 13:08:21,voz04/saturacion_12b/12b_06b/run_02/sweep.json,1,2014,0,2014,1431,22.8,22.8,1,1
voz04,voz05,saturación,saturacion_12b,,12b_06b,02,gemma4:12b,embed,docs_rag_qwen3_06b,2026-08-31 13:08:21,voz04/saturacion_12b/12b_06b/run_02/sweep.json,5,6077,18243,4864,1753,49.34,214.6,5,5
voz04,voz05,saturación,saturacion_12b,,12b_06b,02,gemma4:12b,embed,docs_rag_qwen3_06b,2026-08-31 13:08:21,voz04/saturacion_12b/12b_06b/run_02/sweep.json,10,9651,64027,7367.8,2722.4,40.88,332.7,10,10
voz04,voz05,saturación,saturacion_12b,,12b_06b,02,gemma4:12b,embed,docs_rag_qwen3_06b,2026-08-31 13:08:21,voz04/saturacion_12b/12b_06b/run_02/sweep.json,25,16118,293713,12393.24,4598.04,23.272,474.6,25,25
voz04,voz05,saturación,saturacion_12b,,12b_06b,02,gemma4:12b,embed,docs_rag_qwen3_06b,2026-08-31 13:08:21,voz04/saturacion_12b/12b_06b/run_02/sweep.json,50,24924,900351,18713.285714285714,7317.469387755102,16.15714285714286,633.0,49,50
voz04,voz05,saturación,saturacion_12b,,12b_06b,02,gemma4:12b,embed,docs_rag_qwen3_06b,2026-08-31 13:08:21,voz04/saturacion_12b/12b_06b/run_02/sweep.json,75,38849,2189453,30055.391891891893,9515.256756756757,10.377027027027028,623.2,74,75
voz04,voz05,saturación,saturacion_12b,,12b_06b,02,gemma4:12b,embed,docs_rag_qwen3_06b,2026-08-31 13:08:21,voz04/saturacion_12b/12b_06b/run_02/sweep.json,100,58288,4977733,50658.59595959596,23677.464646464647,5.980808080808081,532.8,99,100
voz04,voz05,saturación,saturacion_12b,,12b_06b,02,gemma4:12b,embed,docs_rag_qwen3_06b,2026-08-31 13:08:21,voz04/saturacion_12b/12b_06b/run_02/sweep.json,150,72111,9255442,62388.30201342282,34210.01342281879,5.030872483221477,672.6,149,150
voz04,voz05,saturación,saturacion_12b,,12b_06b,02,gemma4:12b,embed,docs_rag_qwen3_06b,2026-08-31 13:08:21,voz04/saturacion_12b/12b_06b/run_02/sweep.json,200,75346,12953274,65303.0351758794,35570.08542713568,4.7527638190954775,850.7,199,200
voz04,voz05,saturación,saturacion_noPC,,26b_06b,04,gemma4:26b,embed,docs_rag_qwen3_06b,2026-08-31 12:23:22,voz04/saturacion_noPC/26b_06b/run_04/sweep.json,1,1452,0,1452,973,43.4,43.4,1,1
voz04,voz05,saturación,saturacion_noPC,,26b_06b,04,gemma4:26b,embed,docs_rag_qwen3_06b,2026-08-31 12:23:22,voz04/saturacion_noPC/26b_06b/run_04/sweep.json,5,5713,10976,3337.8,1098.2,153.54,301.1,5,5
voz04,voz05,saturación,saturacion_noPC,,26b_06b,04,gemma4:26b,embed,docs_rag_qwen3_06b,2026-08-31 12:23:22,voz04/saturacion_noPC/26b_06b/run_04/sweep.json,10,8042,41501,4954.3,1934.1,76.44,370.3,10,10
voz04,voz05,saturación,saturacion_noPC,,26b_06b,04,gemma4:26b,embed,docs_rag_qwen3_06b,2026-08-31 12:23:22,voz04/saturacion_noPC/26b_06b/run_04/sweep.json,25,14628,242834,10298.48,4394.12,32.064,518.9,25,25
voz04,voz05,saturación,saturacion_noPC,,26b_06b,04,gemma4:26b,embed,docs_rag_qwen3_06b,2026-08-31 12:23:22,voz04/saturacion_noPC/26b_06b/run_04/sweep.json,50,22311,820133,16848.88,7764.58,15.718,609.1,50,50
voz04,voz05,saturación,saturacion_noPC,,26b_06b,04,gemma4:26b,embed,docs_rag_qwen3_06b,2026-08-31 12:23:22,voz04/saturacion_noPC/26b_06b/run_04/sweep.json,75,29521,1730488,23466.786666666667,11323.493333333334,12.152,726.9,75,75
voz04,voz05,saturación,saturacion_noPC,,26b_06b,04,gemma4:26b,embed,docs_rag_qwen3_06b,2026-08-31 12:23:22,voz04/saturacion_noPC/26b_06b/run_04/sweep.json,100,37100,3055242,30923.42,14951.09,9.137,792.2,100,100
voz04,voz05,saturación,saturacion_noPC,,26b_06b,04,gemma4:26b,embed,docs_rag_qwen3_06b,2026-08-31 12:23:22,voz04/saturacion_noPC/26b_06b/run_04/sweep.json,150,51835,6599479,44342.09333333333,22875.993333333332,6.514666666666667,873.5,150,150
voz04,voz05,saturación,saturacion_noPC,,26b_06b,04,gemma4:26b,embed,docs_rag_qwen3_06b,2026-08-31 12:23:22,voz04/saturacion_noPC/26b_06b/run_04/sweep.json,200,67817,11577550,58226.835,31342.485,4.9215,884.3,200,200
voz04,voz05,saturación,saturacion_noPC,,26b_06b,01,gemma4:26b,embed,docs_rag_qwen3_06b,2026-08-31 12:11:18,voz04/saturacion_noPC/26b_06b/run_01/sweep.json,1,4076,0,4076,1439,101.3,101.3,1,1
voz04,voz05,saturación,saturacion_noPC,,26b_06b,01,gemma4:26b,embed,docs_rag_qwen3_06b,2026-08-31 12:11:18,voz04/saturacion_noPC/26b_06b/run_01/sweep.json,5,7540,19228,5353.6,1853,67.34,253.7,5,5
voz04,voz05,saturación,saturacion_noPC,,26b_06b,01,gemma4:26b,embed,docs_rag_qwen3_06b,2026-08-31 12:11:18,voz04/saturacion_noPC/26b_06b/run_01/sweep.json,10,8793,57875,6666.8,2191.7,56.57,440.7,10,10
voz04,voz05,saturación,saturacion_noPC,,26b_06b,01,gemma4:26b,embed,docs_rag_qwen3_06b,2026-08-31 12:11:18,voz04/saturacion_noPC/26b_06b/run_01/sweep.json,25,15339,277482,11712.84,4787.72,29.772,597.8,25,25
voz04,voz05,saturación,saturacion_noPC,,26b_06b,01,gemma4:26b,embed,docs_rag_qwen3_06b,2026-08-31 12:11:18,voz04/saturacion_noPC/26b_06b/run_01/sweep.json,50,22848,887295,18202.86,7638.3,17.368,727.8,50,50
voz04,voz05,saturación,saturacion_noPC,,26b_06b,01,gemma4:26b,embed,docs_rag_qwen3_06b,2026-08-31 12:11:18,voz04/saturacion_noPC/26b_06b/run_01/sweep.json,75,29744,1794974,24329.573333333334,11489.973333333333,12.769333333333334,807.8,75,75
voz04,voz05,saturación,saturacion_noPC,,26b_06b,01,gemma4:26b,embed,docs_rag_qwen3_06b,2026-08-31 12:11:18,voz04/saturacion_noPC/26b_06b/run_01/sweep.json,100,37516,3048291,30858.07,15233.29,9.449,815.1,100,100
voz04,voz05,saturación,saturacion_noPC,,26b_06b,01,gemma4:26b,embed,docs_rag_qwen3_06b,2026-08-31 12:11:18,voz04/saturacion_noPC/26b_06b/run_01/sweep.json,150,50821,6437904,43258.166666666664,23980.3,6.462,866.8,150,150
voz04,voz05,saturación,saturacion_noPC,,26b_06b,01,gemma4:26b,embed,docs_rag_qwen3_06b,2026-08-31 12:11:18,voz04/saturacion_noPC/26b_06b/run_01/sweep.json,200,65500,11222968,56442.34,30789.29,4.9995,893.6,200,200
voz04,voz05,saturación,saturacion_noPC,,26b_06b,05,gemma4:26b,embed,docs_rag_qwen3_06b,2026-08-31 12:27:23,voz04/saturacion_noPC/26b_06b/run_05/sweep.json,1,1770,0,1770,1012,66.7,66.7,1,1
voz04,voz05,saturación,saturacion_noPC,,26b_06b,05,gemma4:26b,embed,docs_rag_qwen3_06b,2026-08-31 12:27:23,voz04/saturacion_noPC/26b_06b/run_05/sweep.json,5,5445,13602,3809.4,1629.2,53.76,204.0,5,5
voz04,voz05,saturación,saturacion_noPC,,26b_06b,05,gemma4:26b,embed,docs_rag_qwen3_06b,2026-08-31 12:27:23,voz04/saturacion_noPC/26b_06b/run_05/sweep.json,10,7618,50469,5808.7,2573.7,40.56,329.6,10,10
voz04,voz05,saturación,saturacion_noPC,,26b_06b,05,gemma4:26b,embed,docs_rag_qwen3_06b,2026-08-31 12:27:23,voz04/saturacion_noPC/26b_06b/run_05/sweep.json,25,13169,257304,10818.92,4593.2,24.291999999999998,525.4,25,25
voz04,voz05,saturación,saturacion_noPC,,26b_06b,05,gemma4:26b,embed,docs_rag_qwen3_06b,2026-08-31 12:27:23,voz04/saturacion_noPC/26b_06b/run_05/sweep.json,50,21768,892059,18276.54,8549.98,15.226,663.5,50,50
voz04,voz05,saturación,saturacion_noPC,,26b_06b,05,gemma4:26b,embed,docs_rag_qwen3_06b,2026-08-31 12:27:23,voz04/saturacion_noPC/26b_06b/run_05/sweep.json,75,29046,1822041,24681.16,12346.48,10.952,731.3,75,75
voz04,voz05,saturación,saturacion_noPC,,26b_06b,05,gemma4:26b,embed,docs_rag_qwen3_06b,2026-08-31 12:27:23,voz04/saturacion_noPC/26b_06b/run_05/sweep.json,100,37830,3094038,31318.68,16273.23,9.666,811.8,100,100
voz04,voz05,saturación,saturacion_noPC,,26b_06b,05,gemma4:26b,embed,docs_rag_qwen3_06b,2026-08-31 12:27:23,voz04/saturacion_noPC/26b_06b/run_05/sweep.json,150,53847,6781600,45569.64666666667,23931.46,6.500666666666667,858.4,150,150
voz04,voz05,saturación,saturacion_noPC,,26b_06b,05,gemma4:26b,embed,docs_rag_qwen3_06b,2026-08-31 12:27:23,voz04/saturacion_noPC/26b_06b/run_05/sweep.json,200,66757,11440228,57534.925,30737.965,4.908,878.2,200,200
voz04,voz05,saturación,saturacion_noPC,,26b_06b,03,gemma4:26b,embed,docs_rag_qwen3_06b,2026-08-31 12:19:23,voz04/saturacion_noPC/26b_06b/run_03/sweep.json,1,345,0,345,344,789.2,788.4,1,1
voz04,voz05,saturación,saturacion_noPC,,26b_06b,03,gemma4:26b,embed,docs_rag_qwen3_06b,2026-08-31 12:19:23,voz04/saturacion_noPC/26b_06b/run_03/sweep.json,5,5741,15133,4174.8,1354.8,153.66,341.8,5,5
voz04,voz05,saturación,saturacion_noPC,,26b_06b,03,gemma4:26b,embed,docs_rag_qwen3_06b,2026-08-31 12:19:23,voz04/saturacion_noPC/26b_06b/run_03/sweep.json,10,6932,45322,5225.4,2091.5,79.2,454.3,10,10
voz04,voz05,saturación,saturacion_noPC,,26b_06b,03,gemma4:26b,embed,docs_rag_qwen3_06b,2026-08-31 12:19:23,voz04/saturacion_noPC/26b_06b/run_03/sweep.json,25,14054,249784,10553.52,4597.68,32.62,566.7,25,25
voz04,voz05,saturación,saturacion_noPC,,26b_06b,03,gemma4:26b,embed,docs_rag_qwen3_06b,2026-08-31 12:19:23,voz04/saturacion_noPC/26b_06b/run_03/sweep.json,50,21954,866502,17769.12,9005.34,16.02,671.8,50,50
voz04,voz05,saturación,saturacion_noPC,,26b_06b,03,gemma4:26b,embed,docs_rag_qwen3_06b,2026-08-31 12:19:23,voz04/saturacion_noPC/26b_06b/run_03/sweep.json,75,30067,1759144,23856.146666666667,11362.293333333333,12.66,752.4,75,75
voz04,voz05,saturación,saturacion_noPC,,26b_06b,03,gemma4:26b,embed,docs_rag_qwen3_06b,2026-08-31 12:19:23,voz04/saturacion_noPC/26b_06b/run_03/sweep.json,100,37467,3045582,30830.49,15985.81,9.176,786.9,100,100
voz04,voz05,saturación,saturacion_noPC,,26b_06b,03,gemma4:26b,embed,docs_rag_qwen3_06b,2026-08-31 12:19:23,voz04/saturacion_noPC/26b_06b/run_03/sweep.json,150,53738,6740109,45292.31333333333,26197.466666666667,6.473333333333334,826.7,150,150
voz04,voz05,saturación,saturacion_noPC,,26b_06b,03,gemma4:26b,embed,docs_rag_qwen3_06b,2026-08-31 12:19:23,voz04/saturacion_noPC/26b_06b/run_03/sweep.json,200,67031,11463640,57653.355,31378.995,4.9055,877.7,200,200
voz04,voz05,saturación,saturacion_noPC,,26b_06b,02,gemma4:26b,embed,docs_rag_qwen3_06b,2026-08-31 12:15:23,voz04/saturacion_noPC/26b_06b/run_02/sweep.json,1,1183,-1,1182,749,55.0,54.9,1,1
voz04,voz05,saturación,saturacion_noPC,,26b_06b,02,gemma4:26b,embed,docs_rag_qwen3_06b,2026-08-31 12:15:23,voz04/saturacion_noPC/26b_06b/run_02/sweep.json,5,4842,14764,3921.2,1423.4,68.42,297.0,5,5
voz04,voz05,saturación,saturacion_noPC,,26b_06b,02,gemma4:26b,embed,docs_rag_qwen3_06b,2026-08-31 12:15:23,voz04/saturacion_noPC/26b_06b/run_02/sweep.json,10,7506,51162,5866.8,2236.2,49.38,406.3,10,10
voz04,voz05,saturación,saturacion_noPC,,26b_06b,02,gemma4:26b,embed,docs_rag_qwen3_06b,2026-08-31 12:15:23,voz04/saturacion_noPC/26b_06b/run_02/sweep.json,25,13523,245713,10369.44,4567,26.48,535.5,25,25
voz04,voz05,saturación,saturacion_noPC,,26b_06b,02,gemma4:26b,embed,docs_rag_qwen3_06b,2026-08-31 12:15:23,voz04/saturacion_noPC/26b_06b/run_02/sweep.json,50,21547,853590,17502.74,7922.12,15.656,671.2,50,50
voz04,voz05,saturación,saturacion_noPC,,26b_06b,02,gemma4:26b,embed,docs_rag_qwen3_06b,2026-08-31 12:15:23,voz04/saturacion_noPC/26b_06b/run_02/sweep.json,75,31632,1849086,25076.24,11474.773333333333,11.58,722.3,75,75
voz04,voz05,saturación,saturacion_noPC,,26b_06b,02,gemma4:26b,embed,docs_rag_qwen3_06b,2026-08-31 12:15:23,voz04/saturacion_noPC/26b_06b/run_02/sweep.json,100,37593,3085018,31226.11,15752.38,8.67,756.3,100,100
voz04,voz05,saturación,saturacion_noPC,,26b_06b,02,gemma4:26b,embed,docs_rag_qwen3_06b,2026-08-31 12:15:23,voz04/saturacion_noPC/26b_06b/run_02/sweep.json,150,53062,6589607,44284.46,23332.18,6.470666666666666,845.0,150,150
voz04,voz05,saturación,saturacion_noPC,,26b_06b,02,gemma4:26b,embed,docs_rag_qwen3_06b,2026-08-31 12:15:23,voz04/saturacion_noPC/26b_06b/run_02/sweep.json,200,66467,11240932,56536.995,31216.22,5.0555,891.0,200,200
voz04,voz05,saturación,saturacion_12b_noPC,,12b_06b,04,gemma4:12b,embed,docs_rag_qwen3_06b,2026-08-31 15:56:22,voz04/saturacion_12b_noPC/12b_06b/run_04/sweep.json,1,2524,-1,2523,1389,45.2,45.2,1,1
voz04,voz05,saturación,saturacion_12b_noPC,,12b_06b,04,gemma4:12b,embed,docs_rag_qwen3_06b,2026-08-31 15:56:22,voz04/saturacion_12b_noPC/12b_06b/run_04/sweep.json,5,7326,22403,5945.8,2027.2,53.92,230.5,5,5
voz04,voz05,saturación,saturacion_12b_noPC,,12b_06b,04,gemma4:12b,embed,docs_rag_qwen3_06b,2026-08-31 15:56:22,voz04/saturacion_12b_noPC/12b_06b/run_04/sweep.json,10,12520,75095,8761.5,3653.8,34.82,266.4,10,10
voz04,voz05,saturación,saturacion_12b_noPC,,12b_06b,04,gemma4:12b,embed,docs_rag_qwen3_06b,2026-08-31 15:56:22,voz04/saturacion_12b_noPC/12b_06b/run_04/sweep.json,25,23503,424717,17928.8,8417.64,15.872,325.0,25,25
voz04,voz05,saturación,saturacion_12b_noPC,,12b_06b,04,gemma4:12b,embed,docs_rag_qwen3_06b,2026-08-31 15:56:22,voz04/saturacion_12b_noPC/12b_06b/run_04/sweep.json,50,37596,1522099,31481.244897959183,16672.877551020407,8.759183673469387,378.2,49,50
voz04,voz05,saturación,saturacion_12b_noPC,,12b_06b,04,gemma4:12b,embed,docs_rag_qwen3_06b,2026-08-31 15:56:22,voz04/saturacion_12b_noPC/12b_06b/run_04/sweep.json,75,55001,3535870,47878.28,25093.76,6.126666666666667,417.4,75,75
voz04,voz05,saturación,saturacion_12b_noPC,,12b_06b,04,gemma4:12b,embed,docs_rag_qwen3_06b,2026-08-31 15:56:22,voz04/saturacion_12b_noPC/12b_06b/run_04/sweep.json,100,72089,6187926,62918.72727272727,33498.10101010101,4.842424242424243,431.8,99,100
voz04,voz05,saturación,saturacion_12b_noPC,,12b_06b,04,gemma4:12b,embed,docs_rag_qwen3_06b,2026-08-31 15:56:22,voz04/saturacion_12b_noPC/12b_06b/run_04/sweep.json,150,103464,13768811,92956.49324324324,54240.09459459459,3.4702702702702704,475.1,148,150
voz04,voz05,saturación,saturacion_12b_noPC,,12b_06b,04,gemma4:12b,embed,docs_rag_qwen3_06b,2026-08-31 15:56:22,voz04/saturacion_12b_noPC/12b_06b/run_04/sweep.json,200,135355,24418430,123339.03535353535,71858.30808080808,2.537878787878788,470.9,198,200
voz04,voz05,saturación,saturacion_12b_noPC,,12b_06b,01,gemma4:12b,embed,docs_rag_qwen3_06b,2026-08-31 15:33:09,voz04/saturacion_12b_noPC/12b_06b/run_01/sweep.json,1,4590,0,4590,2185,51.4,51.4,1,1
voz04,voz05,saturación,saturacion_12b_noPC,,12b_06b,01,gemma4:12b,embed,docs_rag_qwen3_06b,2026-08-31 15:33:09,voz04/saturacion_12b_noPC/12b_06b/run_01/sweep.json,5,11573,30198,8354.2,3307.8,46.82,177.2,5,5
voz04,voz05,saturación,saturacion_12b_noPC,,12b_06b,01,gemma4:12b,embed,docs_rag_qwen3_06b,2026-08-31 15:33:09,voz04/saturacion_12b_noPC/12b_06b/run_01/sweep.json,10,13878,91152,10503,4308.6,38.65,300.2,10,10
voz04,voz05,saturación,saturacion_12b_noPC,,12b_06b,01,gemma4:12b,embed,docs_rag_qwen3_06b,2026-08-31 15:33:09,voz04/saturacion_12b_noPC/12b_06b/run_01/sweep.json,25,23834,447926,19312.458333333332,8677.875,20.791666666666668,420.9,24,25
voz04,voz05,saturación,saturacion_12b_noPC,,12b_06b,01,gemma4:12b,embed,docs_rag_qwen3_06b,2026-08-31 15:33:09,voz04/saturacion_12b_noPC/12b_06b/run_01/sweep.json,50,39949,1643711,34098.489795918365,16579.428571428572,10.151020408163266,442.2,49,50
voz04,voz05,saturación,saturacion_12b_noPC,,12b_06b,01,gemma4:12b,embed,docs_rag_qwen3_06b,2026-08-31 15:33:09,voz04/saturacion_12b_noPC/12b_06b/run_01/sweep.json,75,54827,3496613,47675.74324324324,26439.472972972973,6.782432432432432,450.3,74,75
voz04,voz05,saturación,saturacion_12b_noPC,,12b_06b,01,gemma4:12b,embed,docs_rag_qwen3_06b,2026-08-31 15:33:09,voz04/saturacion_12b_noPC/12b_06b/run_01/sweep.json,100,71472,6240272,63414.242424242424,34309.969696969696,5.014141414141414,454.2,99,100
voz04,voz05,saturación,saturacion_12b_noPC,,12b_06b,01,gemma4:12b,embed,docs_rag_qwen3_06b,2026-08-31 15:33:09,voz04/saturacion_12b_noPC/12b_06b/run_01/sweep.json,150,100828,13363695,90013.91946308725,51991.06040268456,3.46510067114094,475.5,149,150
voz04,voz05,saturación,saturacion_12b_noPC,,12b_06b,01,gemma4:12b,embed,docs_rag_qwen3_06b,2026-08-31 15:33:09,voz04/saturacion_12b_noPC/12b_06b/run_01/sweep.json,200,132951,24062950,121355.23115577889,71231.47236180905,2.5969849246231154,486.4,199,200
voz04,voz05,saturación,saturacion_12b_noPC,,12b_06b,05,gemma4:12b,embed,docs_rag_qwen3_06b,2026-08-31 16:03:58,voz04/saturacion_12b_noPC/12b_06b/run_05/sweep.json,1,3256,0,3256,1494,54.7,54.7,1,1
voz04,voz05,saturación,saturacion_12b_noPC,,12b_06b,05,gemma4:12b,embed,docs_rag_qwen3_06b,2026-08-31 16:03:58,voz04/saturacion_12b_noPC/12b_06b/run_05/sweep.json,5,7822,19895,5543.4,2734,36.74,143.7,5,5
voz04,voz05,saturación,saturacion_12b_noPC,,12b_06b,05,gemma4:12b,embed,docs_rag_qwen3_06b,2026-08-31 16:03:58,voz04/saturacion_12b_noPC/12b_06b/run_05/sweep.json,10,12616,88068,10068.4,5740.8,24.509999999999998,206.4,10,10
voz04,voz05,saturación,saturacion_12b_noPC,,12b_06b,05,gemma4:12b,embed,docs_rag_qwen3_06b,2026-08-31 16:03:58,voz04/saturacion_12b_noPC/12b_06b/run_05/sweep.json,25,24791,471159,19838,8999.92,14.996,315.7,25,25
voz04,voz05,saturación,saturacion_12b_noPC,,12b_06b,05,gemma4:12b,embed,docs_rag_qwen3_06b,2026-08-31 16:03:58,voz04/saturacion_12b_noPC/12b_06b/run_05/sweep.json,50,40782,1725707,35329.78,17411.92,8.96,402.8,50,50
voz04,voz05,saturación,saturacion_12b_noPC,,12b_06b,05,gemma4:12b,embed,docs_rag_qwen3_06b,2026-08-31 16:03:58,voz04/saturacion_12b_noPC/12b_06b/run_05/sweep.json,75,56686,3688418,49934.72,27010.346666666668,6.089333333333333,414.5,75,75
voz04,voz05,saturación,saturacion_12b_noPC,,12b_06b,05,gemma4:12b,embed,docs_rag_qwen3_06b,2026-08-31 16:03:58,voz04/saturacion_12b_noPC/12b_06b/run_05/sweep.json,100,72960,6329418,64312.07070707071,37298.545454545456,4.857575757575757,438.5,99,100
voz04,voz05,saturación,saturacion_12b_noPC,,12b_06b,05,gemma4:12b,embed,docs_rag_qwen3_06b,2026-08-31 16:03:58,voz04/saturacion_12b_noPC/12b_06b/run_05/sweep.json,150,104332,14004328,94321.53020134228,53878.20134228188,3.414765100671141,472.2,149,150
voz04,voz05,saturación,saturacion_12b_noPC,,12b_06b,05,gemma4:12b,embed,docs_rag_qwen3_06b,2026-08-31 16:03:58,voz04/saturacion_12b_noPC/12b_06b/run_05/sweep.json,200,136718,24878085,125074.015,71207.865,2.482,466.5,200,200
voz04,voz05,saturación,saturacion_12b_noPC,,12b_06b,03,gemma4:12b,embed,docs_rag_qwen3_06b,2026-08-31 15:48:29,voz04/saturacion_12b_noPC/12b_06b/run_03/sweep.json,1,5278,0,5278,1213,80.5,80.5,1,1
voz04,voz05,saturación,saturacion_12b_noPC,,12b_06b,03,gemma4:12b,embed,docs_rag_qwen3_06b,2026-08-31 15:48:29,voz04/saturacion_12b_noPC/12b_06b/run_03/sweep.json,5,9779,27743,7504.4,2649.4,51.36,202.8,5,5
voz04,voz05,saturación,saturacion_12b_noPC,,12b_06b,03,gemma4:12b,embed,docs_rag_qwen3_06b,2026-08-31 15:48:29,voz04/saturacion_12b_noPC/12b_06b/run_03/sweep.json,10,13267,96614,10988.1,4753.6,36.74,308.0,10,10
voz04,voz05,saturación,saturacion_12b_noPC,,12b_06b,03,gemma4:12b,embed,docs_rag_qwen3_06b,2026-08-31 15:48:29,voz04/saturacion_12b_noPC/12b_06b/run_03/sweep.json,25,25414,461725,19485.56,9594.56,17.196,346.5,25,25
voz04,voz05,saturación,saturacion_12b_noPC,,12b_06b,03,gemma4:12b,embed,docs_rag_qwen3_06b,2026-08-31 15:48:29,voz04/saturacion_12b_noPC/12b_06b/run_03/sweep.json,50,40620,1711124,35034.88,17366.62,9.174,408.4,50,50
voz04,voz05,saturación,saturacion_12b_noPC,,12b_06b,03,gemma4:12b,embed,docs_rag_qwen3_06b,2026-08-31 15:48:29,voz04/saturacion_12b_noPC/12b_06b/run_03/sweep.json,75,56849,3531446,47843.933333333334,24770.44,6.433333333333334,420.5,75,75
voz04,voz05,saturación,saturacion_12b_noPC,,12b_06b,03,gemma4:12b,embed,docs_rag_qwen3_06b,2026-08-31 15:48:29,voz04/saturacion_12b_noPC/12b_06b/run_03/sweep.json,100,74082,6406029,64801.11,36656.38,4.878,441.8,100,100
voz04,voz05,saturación,saturacion_12b_noPC,,12b_06b,03,gemma4:12b,embed,docs_rag_qwen3_06b,2026-08-31 15:48:29,voz04/saturacion_12b_noPC/12b_06b/run_03/sweep.json,150,104531,14080586,94846.95302013423,54758.91946308725,3.242281879194631,450.6,149,150
voz04,voz05,saturación,saturacion_12b_noPC,,12b_06b,03,gemma4:12b,embed,docs_rag_qwen3_06b,2026-08-31 15:48:29,voz04/saturacion_12b_noPC/12b_06b/run_03/sweep.json,200,136855,24674857,124058.56,71930.415,2.508,469.4,200,200
voz04,voz05,saturación,saturacion_12b_noPC,,12b_06b,02,gemma4:12b,embed,docs_rag_qwen3_06b,2026-08-31 15:40:51,voz04/saturacion_12b_noPC/12b_06b/run_02/sweep.json,1,2112,0,2112,1554,21.8,21.8,1,1
voz04,voz05,saturación,saturacion_12b_noPC,,12b_06b,02,gemma4:12b,embed,docs_rag_qwen3_06b,2026-08-31 15:40:51,voz04/saturacion_12b_noPC/12b_06b/run_02/sweep.json,5,7388,23136,6104.8,2758.8,41.46,182.3,5,5
voz04,voz05,saturación,saturacion_12b_noPC,,12b_06b,02,gemma4:12b,embed,docs_rag_qwen3_06b,2026-08-31 15:40:51,voz04/saturacion_12b_noPC/12b_06b/run_02/sweep.json,10,12275,90397,10267.2,5263.6,28.72,251.0,10,10
voz04,voz05,saturación,saturacion_12b_noPC,,12b_06b,02,gemma4:12b,embed,docs_rag_qwen3_06b,2026-08-31 15:40:51,voz04/saturacion_12b_noPC/12b_06b/run_02/sweep.json,25,23636,469642,19731.12,10234.4,15.459999999999999,337.2,25,25
voz04,voz05,saturación,saturacion_12b_noPC,,12b_06b,02,gemma4:12b,embed,docs_rag_qwen3_06b,2026-08-31 15:40:51,voz04/saturacion_12b_noPC/12b_06b/run_02/sweep.json,50,38233,1568772,32419.530612244896,17636.428571428572,9.359183673469389,403.8,49,50
voz04,voz05,saturación,saturacion_12b_noPC,,12b_06b,02,gemma4:12b,embed,docs_rag_qwen3_06b,2026-08-31 15:40:51,voz04/saturacion_12b_noPC/12b_06b/run_02/sweep.json,75,55808,3526662,48058.93243243243,27061.027027027027,6.363513513513514,420.2,74,75
voz04,voz05,saturación,saturacion_12b_noPC,,12b_06b,02,gemma4:12b,embed,docs_rag_qwen3_06b,2026-08-31 15:40:51,voz04/saturacion_12b_noPC/12b_06b/run_02/sweep.json,100,72824,6344186,64170.1,36475.66,4.582,416.6,100,100
voz04,voz05,saturación,saturacion_12b_noPC,,12b_06b,02,gemma4:12b,embed,docs_rag_qwen3_06b,2026-08-31 15:40:51,voz04/saturacion_12b_noPC/12b_06b/run_02/sweep.json,150,102517,13941990,93940.32214765101,54765.30872483221,3.4456375838926174,482.7,149,150
voz04,voz05,saturación,saturacion_12b_noPC,,12b_06b,02,gemma4:12b,embed,docs_rag_qwen3_06b,2026-08-31 15:40:51,voz04/saturacion_12b_noPC/12b_06b/run_02/sweep.json,200,137106,24794679,124658.925,73434.365,2.533,473.3,200,200
voz04,voz05,saturación,saturacion,,26b_06b,04,gemma4:26b,embed,docs_rag_qwen3_06b,2026-08-31 12:00:02,voz04/saturacion/26b_06b/run_04/sweep.json,1,1917,0,1917,1217,58.4,58.4,1,1
voz04,voz05,saturación,saturacion,,26b_06b,04,gemma4:26b,embed,docs_rag_qwen3_06b,2026-08-31 12:00:02,voz04/saturacion/26b_06b/run_04/sweep.json,5,5172,10335,3101.4,1002.4,164.78,301.6,5,5
voz04,voz05,saturación,saturacion,,26b_06b,04,gemma4:26b,embed,docs_rag_qwen3_06b,2026-08-31 12:00:02,voz04/saturacion/26b_06b/run_04/sweep.json,10,6705,32688,3939.3,1339.3,105.39999999999999,431.9,10,10
voz04,voz05,saturación,saturacion,,26b_06b,04,gemma4:26b,embed,docs_rag_qwen3_06b,2026-08-31 12:00:02,voz04/saturacion/26b_06b/run_04/sweep.json,25,12477,183904,7855.24,2657.36,47.312,600.1,25,25
voz04,voz05,saturación,saturacion,,26b_06b,04,gemma4:26b,embed,docs_rag_qwen3_06b,2026-08-31 12:00:02,voz04/saturacion/26b_06b/run_04/sweep.json,50,16455,548594,11300.98,4332.38,28.964,909.1,50,50
voz04,voz05,saturación,saturacion,,26b_06b,04,gemma4:26b,embed,docs_rag_qwen3_06b,2026-08-31 12:00:02,voz04/saturacion/26b_06b/run_04/sweep.json,75,19137,1022576,13889.506666666666,5572.28,20.349333333333334,1171.6,75,75
voz04,voz05,saturación,saturacion,,26b_06b,04,gemma4:26b,embed,docs_rag_qwen3_06b,2026-08-31 12:00:02,voz04/saturacion/26b_06b/run_04/sweep.json,100,25845,1930194,19560.39,7006.19,14.687,1160.7,100,100
voz04,voz05,saturación,saturacion,,26b_06b,04,gemma4:26b,embed,docs_rag_qwen3_06b,2026-08-31 12:00:02,voz04/saturacion/26b_06b/run_04/sweep.json,150,38781,4534492,30488.486666666668,12426.886666666667,9.354,1167.3,150,150
voz04,voz05,saturación,saturacion,,26b_06b,04,gemma4:26b,embed,docs_rag_qwen3_06b,2026-08-31 12:00:02,voz04/saturacion/26b_06b/run_04/sweep.json,200,45507,7036519,35410.13,16463.54,8.657,1331.4,200,200
voz04,voz05,saturación,saturacion,,26b_06b,01,gemma4:26b,embed,docs_rag_qwen3_06b,2026-08-31 10:49:29,voz04/saturacion/26b_06b/run_01/sweep.json,1,2308,-1,2307,849,97.1,97.1,1,1
voz04,voz05,saturación,saturacion,,26b_06b,01,gemma4:26b,embed,docs_rag_qwen3_06b,2026-08-31 10:49:29,voz04/saturacion/26b_06b/run_01/sweep.json,5,7236,16736,4794.4,1254,86.14,301.0,5,5
voz04,voz05,saturación,saturacion,,26b_06b,01,gemma4:26b,embed,docs_rag_qwen3_06b,2026-08-31 10:49:29,voz04/saturacion/26b_06b/run_01/sweep.json,10,7419,43334,5075.3,1510.5,66.06,473.4,10,10
voz04,voz05,saturación,saturacion,,26b_06b,01,gemma4:26b,embed,docs_rag_qwen3_06b,2026-08-31 10:49:29,voz04/saturacion/26b_06b/run_01/sweep.json,25,12961,228688,9665.96,3456.88,33.952,668.9,25,25
voz04,voz05,saturación,saturacion,,26b_06b,01,gemma4:26b,embed,docs_rag_qwen3_06b,2026-08-31 10:49:29,voz04/saturacion/26b_06b/run_01/sweep.json,50,16640,588466,12102.12,4365.5,27.238,957.5,50,50
voz04,voz05,saturación,saturacion,,26b_06b,01,gemma4:26b,embed,docs_rag_qwen3_06b,2026-08-31 10:49:29,voz04/saturacion/26b_06b/run_01/sweep.json,75,20058,1079227,14657.133333333333,5168.053333333333,20.724,1207.7,75,75
voz04,voz05,saturación,saturacion,,26b_06b,01,gemma4:26b,embed,docs_rag_qwen3_06b,2026-08-31 10:49:29,voz04/saturacion/26b_06b/run_01/sweep.json,100,23521,1735256,17587.77,6746.07,16.471,1277.3,100,100
voz04,voz05,saturación,saturacion,,26b_06b,01,gemma4:26b,embed,docs_rag_qwen3_06b,2026-08-31 10:49:29,voz04/saturacion/26b_06b/run_01/sweep.json,150,34011,3982220,26774.873333333333,11359.58,10.494666666666667,1285.6,150,150
voz04,voz05,saturación,saturacion,,26b_06b,01,gemma4:26b,embed,docs_rag_qwen3_06b,2026-08-31 10:49:29,voz04/saturacion/26b_06b/run_01/sweep.json,200,42372,6739739,33910.555,14927.1,8.0535,1355.4,200,200
voz04,voz05,saturación,saturacion,,26b_06b,05,gemma4:26b,embed,docs_rag_qwen3_06b,2026-08-31 12:02:56,voz04/saturacion/26b_06b/run_05/sweep.json,1,1489,0,1489,712,81.9,81.9,1,1
voz04,voz05,saturación,saturacion,,26b_06b,05,gemma4:26b,embed,docs_rag_qwen3_06b,2026-08-31 12:02:56,voz04/saturacion/26b_06b/run_05/sweep.json,5,5100,12005,3421,1345.4,62.400000000000006,227.1,5,5
voz04,voz05,saturación,saturacion,,26b_06b,05,gemma4:26b,embed,docs_rag_qwen3_06b,2026-08-31 12:02:56,voz04/saturacion/26b_06b/run_05/sweep.json,10,6698,38272,4497,1876.7,51.54,373.8,10,10
voz04,voz05,saturación,saturacion,,26b_06b,05,gemma4:26b,embed,docs_rag_qwen3_06b,2026-08-31 12:02:56,voz04/saturacion/26b_06b/run_05/sweep.json,25,10925,192050,8119,2959.16,31.136,618.0,25,25
voz04,voz05,saturación,saturacion,,26b_06b,05,gemma4:26b,embed,docs_rag_qwen3_06b,2026-08-31 12:02:56,voz04/saturacion/26b_06b/run_05/sweep.json,50,15183,569196,11687.58,3937.36,23.46,953.6,50,50
voz04,voz05,saturación,saturacion,,26b_06b,05,gemma4:26b,embed,docs_rag_qwen3_06b,2026-08-31 12:02:56,voz04/saturacion/26b_06b/run_05/sweep.json,75,18646,1021416,13867.493333333334,5863.56,19.078666666666667,1130.3,75,75
voz04,voz05,saturación,saturacion,,26b_06b,05,gemma4:26b,embed,docs_rag_qwen3_06b,2026-08-31 12:02:56,voz04/saturacion/26b_06b/run_05/sweep.json,100,26314,1885522,19118.36,7994.81,15.529,1183.6,100,100
voz04,voz05,saturación,saturacion,,26b_06b,05,gemma4:26b,embed,docs_rag_qwen3_06b,2026-08-31 12:02:56,voz04/saturacion/26b_06b/run_05/sweep.json,150,40164,4747447,31917.406666666666,13409.34,8.976,1125.0,150,150
voz04,voz05,saturación,saturacion,,26b_06b,05,gemma4:26b,embed,docs_rag_qwen3_06b,2026-08-31 12:02:56,voz04/saturacion/26b_06b/run_05/sweep.json,200,46193,7388638,37174.155,15639.33,7.568,1278.1,200,200
voz04,voz05,saturación,saturacion,,26b_06b,03,gemma4:26b,embed,docs_rag_qwen3_06b,2026-08-31 10:55:06,voz04/saturacion/26b_06b/run_03/sweep.json,1,312,0,312,307,871.9,871.8,1,1
voz04,voz05,saturación,saturacion,,26b_06b,03,gemma4:26b,embed,docs_rag_qwen3_06b,2026-08-31 10:55:06,voz04/saturacion/26b_06b/run_03/sweep.json,5,5293,14270,3912.6,1032.6,201.46,365.4,5,5
voz04,voz05,saturación,saturacion,,26b_06b,03,gemma4:26b,embed,docs_rag_qwen3_06b,2026-08-31 10:55:06,voz04/saturacion/26b_06b/run_03/sweep.json,10,6358,37330,4368.8,1485,112.76,498.9,10,10
voz04,voz05,saturación,saturacion,,26b_06b,03,gemma4:26b,embed,docs_rag_qwen3_06b,2026-08-31 10:55:06,voz04/saturacion/26b_06b/run_03/sweep.json,25,11283,190595,8075.12,2756.8,50.104,705.9,25,25
voz04,voz05,saturación,saturacion,,26b_06b,03,gemma4:26b,embed,docs_rag_qwen3_06b,2026-08-31 10:55:06,voz04/saturacion/26b_06b/run_03/sweep.json,50,16541,581671,11964.24,5135.92,28.716,911.8,50,50
voz04,voz05,saturación,saturacion,,26b_06b,03,gemma4:26b,embed,docs_rag_qwen3_06b,2026-08-31 10:55:06,voz04/saturacion/26b_06b/run_03/sweep.json,75,20501,1030973,14019.653333333334,6276.72,20.58,1123.9,75,75
voz04,voz05,saturación,saturacion,,26b_06b,03,gemma4:26b,embed,docs_rag_qwen3_06b,2026-08-31 10:55:06,voz04/saturacion/26b_06b/run_03/sweep.json,100,23987,1755383,17793.7,7664.1,17.976,1262.4,100,100
voz04,voz05,saturación,saturacion,,26b_06b,03,gemma4:26b,embed,docs_rag_qwen3_06b,2026-08-31 10:55:06,voz04/saturacion/26b_06b/run_03/sweep.json,150,36820,4241156,28519.84,11729.44,10.958,1210.3,150,150
voz04,voz05,saturación,saturacion,,26b_06b,03,gemma4:26b,embed,docs_rag_qwen3_06b,2026-08-31 10:55:06,voz04/saturacion/26b_06b/run_03/sweep.json,200,45277,7093503,35693.9,15972.57,7.9005,1319.5,200,200
voz04,voz05,saturación,saturacion,,26b_06b,02,gemma4:26b,embed,docs_rag_qwen3_06b,2026-08-31 10:52:18,voz04/saturacion/26b_06b/run_02/sweep.json,1,1114,0,1114,695,58.4,58.3,1,1
voz04,voz05,saturación,saturacion,,26b_06b,02,gemma4:26b,embed,docs_rag_qwen3_06b,2026-08-31 10:52:18,voz04/saturacion/26b_06b/run_02/sweep.json,5,4560,12791,3470.2,1170.2,71.7,293.6,5,5
voz04,voz05,saturación,saturacion,,26b_06b,02,gemma4:26b,embed,docs_rag_qwen3_06b,2026-08-31 10:52:18,voz04/saturacion/26b_06b/run_02/sweep.json,10,6228,42160,4838.8,1522.2,57.78,471.4,10,10
voz04,voz05,saturación,saturacion,,26b_06b,02,gemma4:26b,embed,docs_rag_qwen3_06b,2026-08-31 10:52:18,voz04/saturacion/26b_06b/run_02/sweep.json,25,9788,173156,7317.76,2588.4,34.932,686.2,25,25
voz04,voz05,saturación,saturacion,,26b_06b,02,gemma4:26b,embed,docs_rag_qwen3_06b,2026-08-31 10:52:18,voz04/saturacion/26b_06b/run_02/sweep.json,50,15773,575235,11820.16,4123.86,21.882,878.4,50,50
voz04,voz05,saturación,saturacion,,26b_06b,02,gemma4:26b,embed,docs_rag_qwen3_06b,2026-08-31 10:52:18,voz04/saturacion/26b_06b/run_02/sweep.json,75,20810,1103078,14985.173333333334,5583.333333333333,19.026666666666667,1092.2,75,75
voz04,voz05,saturación,saturacion,,26b_06b,02,gemma4:26b,embed,docs_rag_qwen3_06b,2026-08-31 10:52:18,voz04/saturacion/26b_06b/run_02/sweep.json,100,24994,1838781,18637.75,7379.81,15.395,1195.4,100,100
voz04,voz05,saturación,saturacion,,26b_06b,02,gemma4:26b,embed,docs_rag_qwen3_06b,2026-08-31 10:52:18,voz04/saturacion/26b_06b/run_02/sweep.json,150,39326,4627573,31112.66,13050.186666666666,9.146666666666667,1139.1,150,150
voz04,voz05,saturación,saturacion,,26b_06b,02,gemma4:26b,embed,docs_rag_qwen3_06b,2026-08-31 10:52:18,voz04/saturacion/26b_06b/run_02/sweep.json,200,42765,6797181,34199.73,15992.725,8.3405,1396.6,200,200
voz04,voz05,saturación,vllm,vllm,12b_06b,04,gemma4:12b,embed,docs_rag_qwen3_06b,2026-08-31 12:51:46,voz04/vllm/12b_06b/run_04/sweep.json,1,2429,-1,2428,1280,47.4,47.3,1,1
voz04,voz05,saturación,vllm,vllm,12b_06b,04,gemma4:12b,embed,docs_rag_qwen3_06b,2026-08-31 12:51:46,voz04/vllm/12b_06b/run_04/sweep.json,5,6221,19678,5179.8,1263.2,65.88,286.1,5,5
voz04,voz05,saturación,vllm,vllm,12b_06b,04,gemma4:12b,embed,docs_rag_qwen3_06b,2026-08-31 12:51:46,voz04/vllm/12b_06b/run_04/sweep.json,10,9672,54187,6385.9,1634.8,46.45,341.8,10,10
voz04,voz05,saturación,vllm,vllm,12b_06b,04,gemma4:12b,embed,docs_rag_qwen3_06b,2026-08-31 12:51:46,voz04/vllm/12b_06b/run_04/sweep.json,15,10099,81373,6396.214285714285,1991.142857142857,42.121428571428574,427.2,14,15
voz04,voz05,saturación,vllm,vllm,12b_06b,04,gemma4:12b,embed,docs_rag_qwen3_06b,2026-08-31 12:51:46,voz04/vllm/12b_06b/run_04/sweep.json,20,12151,144147,7814.9,2208.75,37.43,533.1,20,20
voz04,voz05,saturación,vllm,vllm,12b_06b,04,gemma4:12b,embed,docs_rag_qwen3_06b,2026-08-31 12:51:46,voz04/vllm/12b_06b/run_04/sweep.json,25,12775,191115,8155.6,2812.84,33.968,593.9,25,25
voz04,voz05,saturación,vllm,vllm,12b_06b,01,gemma4:12b,embed,docs_rag_qwen3_06b,2026-08-31 12:48:23,voz04/vllm/12b_06b/run_01/sweep.json,1,5683,0,5683,1835,65.6,65.6,1,1
voz04,voz05,saturación,vllm,vllm,12b_06b,01,gemma4:12b,embed,docs_rag_qwen3_06b,2026-08-31 12:48:23,voz04/vllm/12b_06b/run_01/sweep.json,5,9803,23385,6637.6,2143.6,55.660000000000004,196.8,5,5
voz04,voz05,saturación,vllm,vllm,12b_06b,01,gemma4:12b,embed,docs_rag_qwen3_06b,2026-08-31 12:48:23,voz04/vllm/12b_06b/run_01/sweep.json,10,11107,62002,7310.9,1945,53.9,368.5,10,10
voz04,voz05,saturación,vllm,vllm,12b_06b,01,gemma4:12b,embed,docs_rag_qwen3_06b,2026-08-31 12:48:23,voz04/vllm/12b_06b/run_01/sweep.json,15,13026,129076,9473.466666666667,2938,46.21333333333333,522.4,15,15
voz04,voz05,saturación,vllm,vllm,12b_06b,01,gemma4:12b,embed,docs_rag_qwen3_06b,2026-08-31 12:48:23,voz04/vllm/12b_06b/run_01/sweep.json,20,13866,190486,10217.6,2508.15,40.965,622.2,20,20
voz04,voz05,saturación,vllm,vllm,12b_06b,01,gemma4:12b,embed,docs_rag_qwen3_06b,2026-08-31 12:48:23,voz04/vllm/12b_06b/run_01/sweep.json,25,15096,266157,11590.666666666666,2918.375,34.925,674.4,24,25
voz04,voz05,saturación,vllm,vllm,12b_06b,05,gemma4:12b,embed,docs_rag_qwen3_06b,2026-08-31 12:52:46,voz04/vllm/12b_06b/run_05/sweep.json,1,2636,0,2636,1390,45.9,45.9,1,1
voz04,voz05,saturación,vllm,vllm,12b_06b,05,gemma4:12b,embed,docs_rag_qwen3_06b,2026-08-31 12:52:46,voz04/vllm/12b_06b/run_05/sweep.json,5,6062,14663,4145,1699.4,47.4,178.0,5,5
voz04,voz05,saturación,vllm,vllm,12b_06b,05,gemma4:12b,embed,docs_rag_qwen3_06b,2026-08-31 12:52:46,voz04/vllm/12b_06b/run_05/sweep.json,10,9068,56869,6593.7,2902.5,37.4,291.1,10,10
voz04,voz05,saturación,vllm,vllm,12b_06b,05,gemma4:12b,embed,docs_rag_qwen3_06b,2026-08-31 12:52:46,voz04/vllm/12b_06b/run_05/sweep.json,15,10330,88162,6566.133333333333,1605.5333333333333,46.406666666666666,478.3,15,15
voz04,voz05,saturación,vllm,vllm,12b_06b,05,gemma4:12b,embed,docs_rag_qwen3_06b,2026-08-31 12:52:46,voz04/vllm/12b_06b/run_05/sweep.json,20,13093,170743,9191.8,2804.25,35.79,531.8,20,20
voz04,voz05,saturación,vllm,vllm,12b_06b,05,gemma4:12b,embed,docs_rag_qwen3_06b,2026-08-31 12:52:46,voz04/vllm/12b_06b/run_05/sweep.json,25,13683,209299,8919.28,2644.76,32.984,577.0,25,25
voz04,voz05,saturación,vllm,vllm,12b_06b,03,gemma4:12b,embed,docs_rag_qwen3_06b,2026-08-31 12:50:39,voz04/vllm/12b_06b/run_03/sweep.json,1,5102,-1,5101,1102,81.9,81.9,1,1
voz04,voz05,saturación,vllm,vllm,12b_06b,03,gemma4:12b,embed,docs_rag_qwen3_06b,2026-08-31 12:50:39,voz04/vllm/12b_06b/run_03/sweep.json,5,8337,24840,6635.4,1920,64.72,261.7,5,5
voz04,voz05,saturación,vllm,vllm,12b_06b,03,gemma4:12b,embed,docs_rag_qwen3_06b,2026-08-31 12:50:39,voz04/vllm/12b_06b/run_03/sweep.json,10,10590,74672,8526.2,2846,45.49,374.1,10,10
voz04,voz05,saturación,vllm,vllm,12b_06b,03,gemma4:12b,embed,docs_rag_qwen3_06b,2026-08-31 12:50:39,voz04/vllm/12b_06b/run_03/sweep.json,15,10175,98579,7250.266666666666,2305.3333333333335,45.093333333333334,511.3,15,15
voz04,voz05,saturación,vllm,vllm,12b_06b,03,gemma4:12b,embed,docs_rag_qwen3_06b,2026-08-31 12:50:39,voz04/vllm/12b_06b/run_03/sweep.json,20,12450,162704,8757.7,2593.9,37.64,561.1,20,20
voz04,voz05,saturación,vllm,vllm,12b_06b,03,gemma4:12b,embed,docs_rag_qwen3_06b,2026-08-31 12:50:39,voz04/vllm/12b_06b/run_03/sweep.json,25,14270,234056,9933.04,3456.64,33.184,612.4,25,25
voz04,voz05,saturación,vllm,vllm,12b_06b,02,gemma4:12b,embed,docs_rag_qwen3_06b,2026-08-31 12:49:39,voz04/vllm/12b_06b/run_02/sweep.json,1,1483,0,1483,905,31.0,31.0,1,1
voz04,voz05,saturación,vllm,vllm,12b_06b,02,gemma4:12b,embed,docs_rag_qwen3_06b,2026-08-31 12:49:39,voz04/vllm/12b_06b/run_02/sweep.json,5,5714,15616,4266,1625.4,52.68,212.8,5,5
voz04,voz05,saturación,vllm,vllm,12b_06b,02,gemma4:12b,embed,docs_rag_qwen3_06b,2026-08-31 12:49:39,voz04/vllm/12b_06b/run_02/sweep.json,10,9035,58863,6789.8,2437.7,44.39,355.4,10,10
voz04,voz05,saturación,vllm,vllm,12b_06b,02,gemma4:12b,embed,docs_rag_qwen3_06b,2026-08-31 12:49:39,voz04/vllm/12b_06b/run_02/sweep.json,15,10517,110537,8070.266666666666,2660.4666666666667,36.38666666666667,446.8,15,15
voz04,voz05,saturación,vllm,vllm,12b_06b,02,gemma4:12b,embed,docs_rag_qwen3_06b,2026-08-31 12:49:39,voz04/vllm/12b_06b/run_02/sweep.json,20,12507,155009,8375.8,2352.15,36.57,525.6,20,20
voz04,voz05,saturación,vllm,vllm,12b_06b,02,gemma4:12b,embed,docs_rag_qwen3_06b,2026-08-31 12:49:39,voz04/vllm/12b_06b/run_02/sweep.json,25,13380,219133,9300.52,3023.72,31.04,576.2,25,25
voz04,voz05,saturación,vllm,vllm,26b_4b,04,gemma4:26b,embed,docs_rag_qwen3,2026-08-31 10:32:49,voz04/vllm/26b_4b/run_04/sweep.json,1,1967,-1,1966,1058,65.6,65.6,1,1
voz04,voz05,saturación,vllm,vllm,26b_4b,04,gemma4:26b,embed,docs_rag_qwen3,2026-08-31 10:32:49,voz04/vllm/26b_4b/run_04/sweep.json,5,4641,9631,2854.4,819.2,195.5,335.5,5,5
voz04,voz05,saturación,vllm,vllm,26b_4b,04,gemma4:26b,embed,docs_rag_qwen3,2026-08-31 10:32:49,voz04/vllm/26b_4b/run_04/sweep.json,10,7421,37286,4470.7,1552.7,109.16,435.7,10,10
voz04,voz05,saturación,vllm,vllm,26b_4b,04,gemma4:26b,embed,docs_rag_qwen3,2026-08-31 10:32:49,voz04/vllm/26b_4b/run_04/sweep.json,15,8956,77445,5760.066666666667,2241.3333333333335,71.8,477.7,15,15
voz04,voz05,saturación,vllm,vllm,26b_4b,04,gemma4:26b,embed,docs_rag_qwen3,2026-08-31 10:32:49,voz04/vllm/26b_4b/run_04/sweep.json,20,10303,113901,6210.2,2604.05,67.22,648.7,20,20
voz04,voz05,saturación,vllm,vllm,26b_4b,04,gemma4:26b,embed,docs_rag_qwen3,2026-08-31 10:32:49,voz04/vllm/26b_4b/run_04/sweep.json,25,10664,166971,7105.4,2755.52,53.62,739.2,25,25
voz04,voz05,saturación,vllm,vllm,26b_4b,01,gemma4:26b,embed,docs_rag_qwen3,2026-08-31 10:30:29,voz04/vllm/26b_4b/run_01/sweep.json,1,2094,-1,2093,825,110.3,110.3,1,1
voz04,voz05,saturación,vllm,vllm,26b_4b,01,gemma4:26b,embed,docs_rag_qwen3,2026-08-31 10:30:29,voz04/vllm/26b_4b/run_01/sweep.json,5,10084,25607,7138.2,1512.8,63.160000000000004,210.3,5,5
voz04,voz05,saturación,vllm,vllm,26b_4b,01,gemma4:26b,embed,docs_rag_qwen3,2026-08-31 10:30:29,voz04/vllm/26b_4b/run_01/sweep.json,10,9133,49073,5820.6,1895.6,64.69,449.7,10,10
voz04,voz05,saturación,vllm,vllm,26b_4b,01,gemma4:26b,embed,docs_rag_qwen3,2026-08-31 10:30:29,voz04/vllm/26b_4b/run_01/sweep.json,15,9532,94853,6959,2404.6666666666665,57.2,660.1,15,15
voz04,voz05,saturación,vllm,vllm,26b_4b,01,gemma4:26b,embed,docs_rag_qwen3,2026-08-31 10:30:29,voz04/vllm/26b_4b/run_01/sweep.json,20,11301,146589,7894.5,3312.85,49.68,718.1,20,20
voz04,voz05,saturación,vllm,vllm,26b_4b,01,gemma4:26b,embed,docs_rag_qwen3,2026-08-31 10:30:29,voz04/vllm/26b_4b/run_01/sweep.json,25,13158,225065,9528.92,3452.6,38.604,734.6,25,25
voz04,voz05,saturación,vllm,vllm,26b_4b,05,gemma4:26b,embed,docs_rag_qwen3,2026-08-31 10:33:35,voz04/vllm/26b_4b/run_05/sweep.json,1,1766,0,1766,1012,54.9,54.9,1,1
voz04,voz05,saturación,vllm,vllm,26b_4b,05,gemma4:26b,embed,docs_rag_qwen3,2026-08-31 10:33:35,voz04/vllm/26b_4b/run_05/sweep.json,5,4726,10443,3033.8,1309,62.28,224.3,5,5
voz04,voz05,saturación,vllm,vllm,26b_4b,05,gemma4:26b,embed,docs_rag_qwen3,2026-08-31 10:33:35,voz04/vllm/26b_4b/run_05/sweep.json,10,6875,38227,4510.2,1910.5,52.24,374.7,10,10
voz04,voz05,saturación,vllm,vllm,26b_4b,05,gemma4:26b,embed,docs_rag_qwen3,2026-08-31 10:33:35,voz04/vllm/26b_4b/run_05/sweep.json,15,7006,70278,5152.266666666666,1781.3333333333333,54.78666666666667,638.6,15,15
voz04,voz05,saturación,vllm,vllm,26b_4b,05,gemma4:26b,embed,docs_rag_qwen3,2026-08-31 10:33:35,voz04/vllm/26b_4b/run_05/sweep.json,20,8740,119870,6430.5,2113.75,45.155,711.1,20,20
voz04,voz05,saturación,vllm,vllm,26b_4b,05,gemma4:26b,embed,docs_rag_qwen3,2026-08-31 10:33:35,voz04/vllm/26b_4b/run_05/sweep.json,25,9814,157138,6678.08,2663.12,41.796,759.2,25,25
voz04,voz05,saturación,vllm,vllm,26b_4b,07,gemma4:26b,embed,docs_rag_qwen3,2026-08-31 10:35:00,voz04/vllm/26b_4b/run_07/sweep.json,1,4924,0,4924,479,157.4,157.4,1,1
voz04,voz05,saturación,vllm,vllm,26b_4b,07,gemma4:26b,embed,docs_rag_qwen3,2026-08-31 10:35:00,voz04/vllm/26b_4b/run_07/sweep.json,5,6494,13734,4045.6,1071,80.92,283.5,5,5
voz04,voz05,saturación,vllm,vllm,26b_4b,07,gemma4:26b,embed,docs_rag_qwen3,2026-08-31 10:35:00,voz04/vllm/26b_4b/run_07/sweep.json,10,8473,41609,5008.2,1597,56.64,373.8,10,10
voz04,voz05,saturación,vllm,vllm,26b_4b,07,gemma4:26b,embed,docs_rag_qwen3,2026-08-31 10:35:00,voz04/vllm/26b_4b/run_07/sweep.json,15,8707,75635,5622.8,1876.8666666666666,52.086666666666666,539.7,15,15
voz04,voz05,saturación,vllm,vllm,26b_4b,07,gemma4:26b,embed,docs_rag_qwen3,2026-08-31 10:35:00,voz04/vllm/26b_4b/run_07/sweep.json,20,9562,124036,6679.9,2458.9,47.13,693.4,20,20
voz04,voz05,saturación,vllm,vllm,26b_4b,07,gemma4:26b,embed,docs_rag_qwen3,2026-08-31 10:35:00,voz04/vllm/26b_4b/run_07/sweep.json,25,10229,161293,6860.88,2437.76,44.348,791.6,25,25
voz04,voz05,saturación,vllm,vllm,26b_4b,06,gemma4:26b,embed,docs_rag_qwen3,2026-08-31 10:34:16,voz04/vllm/26b_4b/run_06/sweep.json,1,1134,-1,1133,661,66.2,66.1,1,1
voz04,voz05,saturación,vllm,vllm,26b_4b,06,gemma4:26b,embed,docs_rag_qwen3,2026-08-31 10:34:16,voz04/vllm/26b_4b/run_06/sweep.json,5,5611,15033,4128.8,1247.2,68.98,274.5,5,5
voz04,voz05,saturación,vllm,vllm,26b_4b,06,gemma4:26b,embed,docs_rag_qwen3,2026-08-31 10:34:16,voz04/vllm/26b_4b/run_06/sweep.json,10,7079,44322,5140.1,1774.1,47.8,378.6,10,10
voz04,voz05,saturación,vllm,vllm,26b_4b,06,gemma4:26b,embed,docs_rag_qwen3,2026-08-31 10:34:16,voz04/vllm/26b_4b/run_06/sweep.json,15,7711,76339,5603.333333333333,2018.0666666666666,45.38,532.6,15,15
voz04,voz05,saturación,vllm,vllm,26b_4b,06,gemma4:26b,embed,docs_rag_qwen3,2026-08-31 10:34:16,voz04/vllm/26b_4b/run_06/sweep.json,20,9872,125428,6765,3079.8,43.675,618.6,20,20
voz04,voz05,saturación,vllm,vllm,26b_4b,06,gemma4:26b,embed,docs_rag_qwen3,2026-08-31 10:34:16,voz04/vllm/26b_4b/run_06/sweep.json,25,10323,177393,7508.64,2807.6,39.92,763.8,25,25
voz04,voz05,saturación,vllm,vllm,26b_4b,10,gemma4:26b,embed,docs_rag_qwen3,2026-08-31 10:37:18,voz04/vllm/26b_4b/run_10/sweep.json,1,3869,0,3869,1074,122.5,122.5,1,1
voz04,voz05,saturación,vllm,vllm,26b_4b,10,gemma4:26b,embed,docs_rag_qwen3,2026-08-31 10:37:18,voz04/vllm/26b_4b/run_10/sweep.json,5,4785,10939,3144.8,1133.2,72.54,257.5,5,5
voz04,voz05,saturación,vllm,vllm,26b_4b,10,gemma4:26b,embed,docs_rag_qwen3,2026-08-31 10:37:18,voz04/vllm/26b_4b/run_10/sweep.json,10,6798,39285,4608.3,1528.6,58.76,425.9,10,10
voz04,voz05,saturación,vllm,vllm,26b_4b,10,gemma4:26b,embed,docs_rag_qwen3,2026-08-31 10:37:18,voz04/vllm/26b_4b/run_10/sweep.json,15,7514,76169,5578.866666666667,1871.5333333333333,54.733333333333334,643.1,15,15
voz04,voz05,saturación,vllm,vllm,26b_4b,10,gemma4:26b,embed,docs_rag_qwen3,2026-08-31 10:37:18,voz04/vllm/26b_4b/run_10/sweep.json,20,9090,136314,7270.2,2444.1,44.74,741.4,20,20
voz04,voz05,saturación,vllm,vllm,26b_4b,10,gemma4:26b,embed,docs_rag_qwen3,2026-08-31 10:37:18,voz04/vllm/26b_4b/run_10/sweep.json,25,10880,188046,7957.04,2994.24,42.676,796.3,25,25
voz04,voz05,saturación,vllm,vllm,26b_4b,09,gemma4:26b,embed,docs_rag_qwen3,2026-08-31 10:36:32,voz04/vllm/26b_4b/run_09/sweep.json,1,3815,0,3815,977,121.1,121.1,1,1
voz04,voz05,saturación,vllm,vllm,26b_4b,09,gemma4:26b,embed,docs_rag_qwen3,2026-08-31 10:36:32,voz04/vllm/26b_4b/run_09/sweep.json,5,5511,15790,4260.2,1479.8,69.34,280.5,5,5
voz04,voz05,saturación,vllm,vllm,26b_4b,09,gemma4:26b,embed,docs_rag_qwen3,2026-08-31 10:36:32,voz04/vllm/26b_4b/run_09/sweep.json,10,5953,33886,3983.9,1104.8,122.02000000000001,545.3,10,10
voz04,voz05,saturación,vllm,vllm,26b_4b,09,gemma4:26b,embed,docs_rag_qwen3,2026-08-31 10:36:32,voz04/vllm/26b_4b/run_09/sweep.json,15,7593,76874,5631.133333333333,1932,47.70666666666666,559.1,15,15
voz04,voz05,saturación,vllm,vllm,26b_4b,09,gemma4:26b,embed,docs_rag_qwen3,2026-08-31 10:36:32,voz04/vllm/26b_4b/run_09/sweep.json,20,10613,143785,7719.9,2906.35,53.845,654.7,20,20
voz04,voz05,saturación,vllm,vllm,26b_4b,09,gemma4:26b,embed,docs_rag_qwen3,2026-08-31 10:36:32,voz04/vllm/26b_4b/run_09/sweep.json,25,10431,172222,7306.12,2779.88,51.524,713.5,25,25
voz04,voz05,saturación,vllm,vllm,26b_4b,08,gemma4:26b,embed,docs_rag_qwen3,2026-08-31 10:35:50,voz04/vllm/26b_4b/run_08/sweep.json,1,3132,0,3132,894,111.1,111.1,1,1
voz04,voz05,saturación,vllm,vllm,26b_4b,08,gemma4:26b,embed,docs_rag_qwen3,2026-08-31 10:35:50,voz04/vllm/26b_4b/run_08/sweep.json,5,4562,14740,3860.4,1056.4,75.56,326.0,5,5
voz04,voz05,saturación,vllm,vllm,26b_4b,08,gemma4:26b,embed,docs_rag_qwen3,2026-08-31 10:35:50,voz04/vllm/26b_4b/run_08/sweep.json,10,6863,39631,4649.4,1816.7,58.55,414.5,10,10
voz04,voz05,saturación,vllm,vllm,26b_4b,08,gemma4:26b,embed,docs_rag_qwen3,2026-08-31 10:35:50,voz04/vllm/26b_4b/run_08/sweep.json,15,6946,70639,5172.333333333333,1975.4,51.75333333333334,595.5,15,15
voz04,voz05,saturación,vllm,vllm,26b_4b,08,gemma4:26b,embed,docs_rag_qwen3,2026-08-31 10:35:50,voz04/vllm/26b_4b/run_08/sweep.json,20,8974,115513,6224.35,2310.1,42.05,597.2,20,20
voz04,voz05,saturación,vllm,vllm,26b_4b,08,gemma4:26b,embed,docs_rag_qwen3,2026-08-31 10:35:50,voz04/vllm/26b_4b/run_08/sweep.json,25,9132,154069,6528.04,2744.04,43.516,793.0,25,25
voz04,voz05,saturación,vllm,vllm,26b_4b,03,gemma4:26b,embed,docs_rag_qwen3,2026-08-31 10:32:08,voz04/vllm/26b_4b/run_03/sweep.json,1,302,-1,301,300,902.2,900.7,1,1
voz04,voz05,saturación,vllm,vllm,26b_4b,03,gemma4:26b,embed,docs_rag_qwen3,2026-08-31 10:32:08,voz04/vllm/26b_4b/run_03/sweep.json,5,6649,12609,3851.6,1095,197.35999999999999,311.2,5,5
voz04,voz05,saturación,vllm,vllm,26b_4b,03,gemma4:26b,embed,docs_rag_qwen3,2026-08-31 10:32:08,voz04/vllm/26b_4b/run_03/sweep.json,10,6811,42615,4942.6,1914.1,109.37,488.8,10,10
voz04,voz05,saturación,vllm,vllm,26b_4b,03,gemma4:26b,embed,docs_rag_qwen3,2026-08-31 10:32:08,voz04/vllm/26b_4b/run_03/sweep.json,15,8020,65597,4907.8,1669.7333333333333,86.18666666666667,572.1,15,15
voz04,voz05,saturación,vllm,vllm,26b_4b,03,gemma4:26b,embed,docs_rag_qwen3,2026-08-31 10:32:08,voz04/vllm/26b_4b/run_03/sweep.json,20,7862,103093,5547.75,1999.6,65.44,718.3,20,20
voz04,voz05,saturación,vllm,vllm,26b_4b,03,gemma4:26b,embed,docs_rag_qwen3,2026-08-31 10:32:08,voz04/vllm/26b_4b/run_03/sweep.json,25,9398,158601,6719.96,2515.8,53.552,782.8,25,25
voz04,voz05,saturación,vllm,vllm,26b_4b,02,gemma4:26b,embed,docs_rag_qwen3,2026-08-31 10:31:26,voz04/vllm/26b_4b/run_02/sweep.json,1,1286,0,1286,723,46.6,46.7,1,1
voz04,voz05,saturación,vllm,vllm,26b_4b,02,gemma4:26b,embed,docs_rag_qwen3,2026-08-31 10:31:26,voz04/vllm/26b_4b/run_02/sweep.json,5,4208,9350,2711.6,1235.6,67.26,241.2,5,5
voz04,voz05,saturación,vllm,vllm,26b_4b,02,gemma4:26b,embed,docs_rag_qwen3,2026-08-31 10:31:26,voz04/vllm/26b_4b/run_02/sweep.json,10,7370,41255,4862.5,1856.2,54.21,376.7,10,10
voz04,voz05,saturación,vllm,vllm,26b_4b,02,gemma4:26b,embed,docs_rag_qwen3,2026-08-31 10:31:26,voz04/vllm/26b_4b/run_02/sweep.json,15,8256,76405,5644.066666666667,2745.266666666667,44.25333333333334,484.1,15,15
voz04,voz05,saturación,vllm,vllm,26b_4b,02,gemma4:26b,embed,docs_rag_qwen3,2026-08-31 10:31:26,voz04/vllm/26b_4b/run_02/sweep.json,20,8630,110089,5935.95,2583.3,41.48,588.2,20,20
voz04,voz05,saturación,vllm,vllm,26b_4b,02,gemma4:26b,embed,docs_rag_qwen3,2026-08-31 10:31:26,voz04/vllm/26b_4b/run_02/sweep.json,25,9743,162059,6872.08,3293,36.772,674.9,25,25
voz04,voz05,saturación,vllm,vllm,12b_4b,04,gemma4:12b,embed,docs_rag_qwen3,2026-08-31 12:56:56,voz04/vllm/12b_4b/run_04/sweep.json,1,2481,0,2481,1404,42.3,42.3,1,1
voz04,voz05,saturación,vllm,vllm,12b_4b,04,gemma4:12b,embed,docs_rag_qwen3,2026-08-31 12:56:56,voz04/vllm/12b_4b/run_04/sweep.json,5,8376,19102,5495.6,1569.6,64.16,222.5,5,5
voz04,voz05,saturación,vllm,vllm,12b_4b,04,gemma4:12b,embed,docs_rag_qwen3,2026-08-31 12:56:56,voz04/vllm/12b_4b/run_04/sweep.json,10,10258,61135,7139.3,2104.6,47.21,350.8,10,10
voz04,voz05,saturación,vllm,vllm,12b_4b,04,gemma4:12b,embed,docs_rag_qwen3,2026-08-31 12:56:56,voz04/vllm/12b_4b/run_04/sweep.json,15,12202,115174,8491.733333333334,2682.2,34.81333333333333,392.6,15,15
voz04,voz05,saturación,vllm,vllm,12b_4b,04,gemma4:12b,embed,docs_rag_qwen3,2026-08-31 12:56:56,voz04/vllm/12b_4b/run_04/sweep.json,20,13318,156145,8473.15,2669.2,38.465,524.9,20,20
voz04,voz05,saturación,vllm,vllm,12b_4b,04,gemma4:12b,embed,docs_rag_qwen3,2026-08-31 12:56:56,voz04/vllm/12b_4b/run_04/sweep.json,25,14716,223922,9545.52,4128.28,31.004,535.1,25,25
voz04,voz05,saturación,vllm,vllm,12b_4b,01,gemma4:12b,embed,docs_rag_qwen3,2026-08-31 12:53:44,voz04/vllm/12b_4b/run_01/sweep.json,1,3549,0,3549,1122,73.0,73.0,1,1
voz04,voz05,saturación,vllm,vllm,12b_4b,01,gemma4:12b,embed,docs_rag_qwen3,2026-08-31 12:53:44,voz04/vllm/12b_4b/run_01/sweep.json,5,11744,25601,7469,2200.8,54.660000000000004,184.2,5,5
voz04,voz05,saturación,vllm,vllm,12b_4b,01,gemma4:12b,embed,docs_rag_qwen3,2026-08-31 12:53:44,voz04/vllm/12b_4b/run_01/sweep.json,10,12346,73995,8634.1,2500.6,50.68,365.1,10,10
voz04,voz05,saturación,vllm,vllm,12b_4b,01,gemma4:12b,embed,docs_rag_qwen3,2026-08-31 12:53:44,voz04/vllm/12b_4b/run_01/sweep.json,15,12881,116724,8640.333333333334,2567.5333333333333,48.93333333333334,512.5,15,15
voz04,voz05,saturación,vllm,vllm,12b_4b,01,gemma4:12b,embed,docs_rag_qwen3,2026-08-31 12:53:44,voz04/vllm/12b_4b/run_01/sweep.json,20,15998,205487,11074.25,3347.65,37.74,540.9,20,20
voz04,voz05,saturación,vllm,vllm,12b_4b,01,gemma4:12b,embed,docs_rag_qwen3,2026-08-31 12:53:44,voz04/vllm/12b_4b/run_01/sweep.json,25,17113,301932,12761.8,4091.68,29.316,574.3,25,25
voz04,voz05,saturación,vllm,vllm,12b_4b,05,gemma4:12b,embed,docs_rag_qwen3,2026-08-31 12:57:59,voz04/vllm/12b_4b/run_05/sweep.json,1,3183,0,3183,1681,42.7,42.7,1,1
voz04,voz05,saturación,vllm,vllm,12b_4b,05,gemma4:12b,embed,docs_rag_qwen3,2026-08-31 12:57:59,voz04/vllm/12b_4b/run_05/sweep.json,5,6142,16202,4468.8,1697,49.78,187.6,5,5
voz04,voz05,saturación,vllm,vllm,12b_4b,05,gemma4:12b,embed,docs_rag_qwen3,2026-08-31 12:57:59,voz04/vllm/12b_4b/run_05/sweep.json,10,8663,59936,6859.9,2621.6,36.2,299.4,10,10
voz04,voz05,saturación,vllm,vllm,12b_4b,05,gemma4:12b,embed,docs_rag_qwen3,2026-08-31 12:57:59,voz04/vllm/12b_4b/run_05/sweep.json,15,10181,96419,7106.666666666667,2121.6,44.28666666666666,490.2,15,15
voz04,voz05,saturación,vllm,vllm,12b_4b,05,gemma4:12b,embed,docs_rag_qwen3,2026-08-31 12:57:59,voz04/vllm/12b_4b/run_05/sweep.json,20,12322,175112,9371.7,2828.3,33.945,539.6,20,20
voz04,voz05,saturación,vllm,vllm,12b_4b,05,gemma4:12b,embed,docs_rag_qwen3,2026-08-31 12:57:59,voz04/vllm/12b_4b/run_05/sweep.json,25,13909,232600,9860.36,3303.8,30.724,583.1,25,25
voz04,voz05,saturación,vllm,vllm,12b_4b,03,gemma4:12b,embed,docs_rag_qwen3,2026-08-31 12:55:55,voz04/vllm/12b_4b/run_03/sweep.json,1,4832,0,4832,1310,76.2,76.2,1,1
voz04,voz05,saturación,vllm,vllm,12b_4b,03,gemma4:12b,embed,docs_rag_qwen3,2026-08-31 12:55:55,voz04/vllm/12b_4b/run_03/sweep.json,5,8108,23386,6298.8,1823.6,60.3,238.7,5,5
voz04,voz05,saturación,vllm,vllm,12b_4b,03,gemma4:12b,embed,docs_rag_qwen3,2026-08-31 12:55:55,voz04/vllm/12b_4b/run_03/sweep.json,10,10069,67574,7764.3,2690,40.1,326.4,10,10
voz04,voz05,saturación,vllm,vllm,12b_4b,03,gemma4:12b,embed,docs_rag_qwen3,2026-08-31 12:55:55,voz04/vllm/12b_4b/run_03/sweep.json,15,10250,104495,7649.666666666667,2529.5333333333333,44.086666666666666,517.4,15,15
voz04,voz05,saturación,vllm,vllm,12b_4b,03,gemma4:12b,embed,docs_rag_qwen3,2026-08-31 12:55:55,voz04/vllm/12b_4b/run_03/sweep.json,20,13250,170409,9182.95,3119.35,35.515,514.6,20,20
voz04,voz05,saturación,vllm,vllm,12b_4b,03,gemma4:12b,embed,docs_rag_qwen3,2026-08-31 12:55:55,voz04/vllm/12b_4b/run_03/sweep.json,25,13782,228536,9692.72,3455.36,33.544000000000004,618.9,25,25
voz04,voz05,saturación,vllm,vllm,12b_4b,02,gemma4:12b,embed,docs_rag_qwen3,2026-08-31 12:54:59,voz04/vllm/12b_4b/run_02/sweep.json,1,2228,0,2228,1073,45.8,45.8,1,1
voz04,voz05,saturación,vllm,vllm,12b_4b,02,gemma4:12b,embed,docs_rag_qwen3,2026-08-31 12:54:59,voz04/vllm/12b_4b/run_02/sweep.json,5,6293,15218,4302.2,1700.8,56.66,208.6,5,5
voz04,voz05,saturación,vllm,vllm,12b_4b,02,gemma4:12b,embed,docs_rag_qwen3,2026-08-31 12:54:59,voz04/vllm/12b_4b/run_02/sweep.json,10,8509,52358,6086.7,2657.2,40.93,310.0,10,10
voz04,voz05,saturación,vllm,vllm,12b_4b,02,gemma4:12b,embed,docs_rag_qwen3,2026-08-31 12:54:59,voz04/vllm/12b_4b/run_02/sweep.json,15,10146,104173,7621.266666666666,2934.866666666667,38.64666666666667,454.7,15,15
voz04,voz05,saturación,vllm,vllm,12b_4b,02,gemma4:12b,embed,docs_rag_qwen3,2026-08-31 12:54:59,voz04/vllm/12b_4b/run_02/sweep.json,20,13344,163872,8860.8,3201.75,33.265,463.7,20,20
voz04,voz05,saturación,vllm,vllm,12b_4b,02,gemma4:12b,embed,docs_rag_qwen3,2026-08-31 12:54:59,voz04/vllm/12b_4b/run_02/sweep.json,25,13329,219089,9296.72,4196.28,31.112000000000002,559.6,25,25
voz04,voz05,saturación,vllm,vllm,26b_06b,04,gemma4:26b,embed,docs_rag_qwen3_06b,2026-08-31 10:25:28,voz04/vllm/26b_06b/run_04/sweep.json,1,1464,-1,1463,944,48.5,48.5,1,1
voz04,voz05,saturación,vllm,vllm,26b_06b,04,gemma4:26b,embed,docs_rag_qwen3_06b,2026-08-31 10:25:28,voz04/vllm/26b_06b/run_04/sweep.json,5,3915,9536,2690.2,801.6,193.36,366.8,5,5
voz04,voz05,saturación,vllm,vllm,26b_06b,04,gemma4:26b,embed,docs_rag_qwen3_06b,2026-08-31 10:25:28,voz04/vllm/26b_06b/run_04/sweep.json,10,7236,32330,3956.6,1311.3,109.28,401.2,10,10
voz04,voz05,saturación,vllm,vllm,26b_06b,04,gemma4:26b,embed,docs_rag_qwen3_06b,2026-08-31 10:25:28,voz04/vllm/26b_06b/run_04/sweep.json,15,7854,61261,4607.666666666667,1519.2666666666667,78.11333333333333,500.3,15,15
voz04,voz05,saturación,vllm,vllm,26b_06b,04,gemma4:26b,embed,docs_rag_qwen3_06b,2026-08-31 10:25:28,voz04/vllm/26b_06b/run_04/sweep.json,20,9652,102137,5589.45,1826.65,68.505,646.1,20,20
voz04,voz05,saturación,vllm,vllm,26b_06b,04,gemma4:26b,embed,docs_rag_qwen3_06b,2026-08-31 10:25:28,voz04/vllm/26b_06b/run_04/sweep.json,25,10530,138286,5952.64,2082,56.888,689.2,25,25
voz04,voz05,saturación,vllm,vllm,26b_06b,01,gemma4:26b,embed,docs_rag_qwen3_06b,2026-08-31 10:23:11,voz04/vllm/26b_06b/run_01/sweep.json,1,3660,-1,3659,1108,106.8,106.8,1,1
voz04,voz05,saturación,vllm,vllm,26b_06b,01,gemma4:26b,embed,docs_rag_qwen3_06b,2026-08-31 10:23:11,voz04/vllm/26b_06b/run_01/sweep.json,5,7280,17541,4964.2,1376.8,84.56,303.4,5,5
voz04,voz05,saturación,vllm,vllm,26b_06b,01,gemma4:26b,embed,docs_rag_qwen3_06b,2026-08-31 10:23:11,voz04/vllm/26b_06b/run_01/sweep.json,10,8704,44007,5271.1,1496.6,64.67,426.1,10,10
voz04,voz05,saturación,vllm,vllm,26b_06b,01,gemma4:26b,embed,docs_rag_qwen3_06b,2026-08-31 10:23:11,voz04/vllm/26b_06b/run_01/sweep.json,15,9316,86283,6373.266666666666,1857.2666666666667,59.22,631.7,15,15
voz04,voz05,saturación,vllm,vllm,26b_06b,01,gemma4:26b,embed,docs_rag_qwen3_06b,2026-08-31 10:23:11,voz04/vllm/26b_06b/run_01/sweep.json,20,10568,137896,7423.2,2486.85,48.2,715.4,20,20
voz04,voz05,saturación,vllm,vllm,26b_06b,01,gemma4:26b,embed,docs_rag_qwen3_06b,2026-08-31 10:23:11,voz04/vllm/26b_06b/run_01/sweep.json,25,11380,195520,8276,2468.44,41.632,797.9,25,25
voz04,voz05,saturación,vllm,vllm,26b_06b,05,gemma4:26b,embed,docs_rag_qwen3_06b,2026-08-31 10:26:10,voz04/vllm/26b_06b/run_05/sweep.json,1,1708,-1,1707,975,66.8,66.7,1,1
voz04,voz05,saturación,vllm,vllm,26b_06b,05,gemma4:26b,embed,docs_rag_qwen3_06b,2026-08-31 10:26:10,voz04/vllm/26b_06b/run_05/sweep.json,5,4517,9973,2898,1169.8,71.42,246.8,5,5
voz04,voz05,saturación,vllm,vllm,26b_06b,05,gemma4:26b,embed,docs_rag_qwen3_06b,2026-08-31 10:26:10,voz04/vllm/26b_06b/run_05/sweep.json,10,6715,36106,4282.1,1577.7,56.5,387.8,10,10
voz04,voz05,saturación,vllm,vllm,26b_06b,05,gemma4:26b,embed,docs_rag_qwen3_06b,2026-08-31 10:26:10,voz04/vllm/26b_06b/run_05/sweep.json,15,8135,68148,5085.533333333334,1492.0666666666666,53.513333333333335,538.2,15,15
voz04,voz05,saturación,vllm,vllm,26b_06b,05,gemma4:26b,embed,docs_rag_qwen3_06b,2026-08-31 10:26:10,voz04/vllm/26b_06b/run_05/sweep.json,20,8208,110408,5930.8,1844.2,45.45,698.3,20,20
voz04,voz05,saturación,vllm,vllm,26b_06b,05,gemma4:26b,embed,docs_rag_qwen3_06b,2026-08-31 10:26:10,voz04/vllm/26b_06b/run_05/sweep.json,25,9050,154519,6542.76,2650.6,40.96,772.5,25,25
voz04,voz05,saturación,vllm,vllm,26b_06b,07,gemma4:26b,embed,docs_rag_qwen3_06b,2026-08-31 10:27:26,voz04/vllm/26b_06b/run_07/sweep.json,1,6575,0,6575,569,158.9,158.9,1,1
voz04,voz05,saturación,vllm,vllm,26b_06b,07,gemma4:26b,embed,docs_rag_qwen3_06b,2026-08-31 10:27:26,voz04/vllm/26b_06b/run_07/sweep.json,5,6223,11772,3599,1068,80.56,270.1,5,5
voz04,voz05,saturación,vllm,vllm,26b_06b,07,gemma4:26b,embed,docs_rag_qwen3_06b,2026-08-31 10:27:26,voz04/vllm/26b_06b/run_07/sweep.json,10,7883,42497,5038,1509.5,56.75,400.2,10,10
voz04,voz05,saturación,vllm,vllm,26b_06b,07,gemma4:26b,embed,docs_rag_qwen3_06b,2026-08-31 10:27:26,voz04/vllm/26b_06b/run_07/sweep.json,15,8920,69689,5240.6,1754.3333333333333,53.99333333333333,518.6,15,15
voz04,voz05,saturación,vllm,vllm,26b_06b,07,gemma4:26b,embed,docs_rag_qwen3_06b,2026-08-31 10:27:26,voz04/vllm/26b_06b/run_07/sweep.json,20,10783,116651,6371.7,2053.55,45.65,593.2,20,20
voz04,voz05,saturación,vllm,vllm,26b_06b,07,gemma4:26b,embed,docs_rag_qwen3_06b,2026-08-31 10:27:26,voz04/vllm/26b_06b/run_07/sweep.json,25,10360,146098,6258.32,2123.08,42.868,698.5,25,25
voz04,voz05,saturación,vllm,vllm,26b_06b,06,gemma4:26b,embed,docs_rag_qwen3_06b,2026-08-31 10:26:51,voz04/vllm/26b_06b/run_06/sweep.json,1,961,0,961,642,55.1,55.2,1,1
voz04,voz05,saturación,vllm,vllm,26b_06b,06,gemma4:26b,embed,docs_rag_qwen3_06b,2026-08-31 10:26:51,voz04/vllm/26b_06b/run_06/sweep.json,5,4454,13983,3687.4,1289.4,66.72,297.3,5,5
voz04,voz05,saturación,vllm,vllm,26b_06b,06,gemma4:26b,embed,docs_rag_qwen3_06b,2026-08-31 10:26:51,voz04/vllm/26b_06b/run_06/sweep.json,10,5070,32337,3740.7,1283.9,54.11,434.1,10,10
voz04,voz05,saturación,vllm,vllm,26b_06b,06,gemma4:26b,embed,docs_rag_qwen3_06b,2026-08-31 10:26:51,voz04/vllm/26b_06b/run_06/sweep.json,15,6307,64811,4741.2,1535.4,46.026666666666664,554.8,15,15
voz04,voz05,saturación,vllm,vllm,26b_06b,06,gemma4:26b,embed,docs_rag_qwen3_06b,2026-08-31 10:26:51,voz04/vllm/26b_06b/run_06/sweep.json,20,7800,104558,5617.9,1742.15,45.325,700.3,20,20
voz04,voz05,saturación,vllm,vllm,26b_06b,06,gemma4:26b,embed,docs_rag_qwen3_06b,2026-08-31 10:26:51,voz04/vllm/26b_06b/run_06/sweep.json,25,9177,161245,6816.88,2176.52,40.964,809.4,25,25
voz04,voz05,saturación,vllm,vllm,26b_06b,10,gemma4:26b,embed,docs_rag_qwen3_06b,2026-08-31 10:29:44,voz04/vllm/26b_06b/run_10/sweep.json,1,2724,0,2724,802,120.1,120.0,1,1
voz04,voz05,saturación,vllm,vllm,26b_06b,10,gemma4:26b,embed,docs_rag_qwen3_06b,2026-08-31 10:29:44,voz04/vllm/26b_06b/run_10/sweep.json,5,4442,8727,2633.8,952,79.62,260.2,5,5
voz04,voz05,saturación,vllm,vllm,26b_06b,10,gemma4:26b,embed,docs_rag_qwen3_06b,2026-08-31 10:29:44,voz04/vllm/26b_06b/run_10/sweep.json,10,5912,36789,4270.1,1397.5,60.03,465.7,10,10
voz04,voz05,saturación,vllm,vllm,26b_06b,10,gemma4:26b,embed,docs_rag_qwen3_06b,2026-08-31 10:29:44,voz04/vllm/26b_06b/run_10/sweep.json,15,8232,78826,5803.866666666667,1769.1333333333334,55.78666666666667,633.7,15,15
voz04,voz05,saturación,vllm,vllm,26b_06b,10,gemma4:26b,embed,docs_rag_qwen3_06b,2026-08-31 10:29:44,voz04/vllm/26b_06b/run_10/sweep.json,20,9835,131192,7051.35,2159.25,47.01,709.7,20,20
voz04,voz05,saturación,vllm,vllm,26b_06b,10,gemma4:26b,embed,docs_rag_qwen3_06b,2026-08-31 10:29:44,voz04/vllm/26b_06b/run_10/sweep.json,25,10546,192002,8101.92,2056,42.412,854.5,25,25
voz04,voz05,saturación,vllm,vllm,26b_06b,09,gemma4:26b,embed,docs_rag_qwen3_06b,2026-08-31 10:29:01,voz04/vllm/26b_06b/run_09/sweep.json,1,3742,0,3742,978,121.6,121.6,1,1
voz04,voz05,saturación,vllm,vllm,26b_06b,09,gemma4:26b,embed,docs_rag_qwen3_06b,2026-08-31 10:29:01,voz04/vllm/26b_06b/run_09/sweep.json,5,4870,14989,3971.8,1202,76.74,320.5,5,5
voz04,voz05,saturación,vllm,vllm,26b_06b,09,gemma4:26b,embed,docs_rag_qwen3_06b,2026-08-31 10:29:01,voz04/vllm/26b_06b/run_09/sweep.json,10,6579,38954,4553.3,1259.8,113.93,503.3,10,10
voz04,voz05,saturación,vllm,vllm,26b_06b,09,gemma4:26b,embed,docs_rag_qwen3_06b,2026-08-31 10:29:01,voz04/vllm/26b_06b/run_09/sweep.json,15,7137,72067,5280.266666666666,1607,80.73333333333333,635.8,15,15
voz04,voz05,saturación,vllm,vllm,26b_06b,09,gemma4:26b,embed,docs_rag_qwen3_06b,2026-08-31 10:29:01,voz04/vllm/26b_06b/run_09/sweep.json,20,8666,115599,6213.25,1844.2,63.08,683.8,20,20
voz04,voz05,saturación,vllm,vllm,26b_06b,09,gemma4:26b,embed,docs_rag_qwen3_06b,2026-08-31 10:29:01,voz04/vllm/26b_06b/run_09/sweep.json,25,9509,156300,6632.36,2401.04,53.58,771.3,25,25
voz04,voz05,saturación,vllm,vllm,26b_06b,08,gemma4:26b,embed,docs_rag_qwen3_06b,2026-08-31 10:28:19,voz04/vllm/26b_06b/run_08/sweep.json,1,3080,-1,3079,855,113.3,113.3,1,1
voz04,voz05,saturación,vllm,vllm,26b_06b,08,gemma4:26b,embed,docs_rag_qwen3_06b,2026-08-31 10:28:19,voz04/vllm/26b_06b/run_08/sweep.json,5,4395,14488,3776.6,1059.6,76.8,335.8,5,5
voz04,voz05,saturación,vllm,vllm,26b_06b,08,gemma4:26b,embed,docs_rag_qwen3_06b,2026-08-31 10:28:19,voz04/vllm/26b_06b/run_08/sweep.json,10,6511,38595,4510.6,1461.6,60.63,449.9,10,10
voz04,voz05,saturación,vllm,vllm,26b_06b,08,gemma4:26b,embed,docs_rag_qwen3_06b,2026-08-31 10:28:19,voz04/vllm/26b_06b/run_08/sweep.json,15,7927,65361,4885.866666666667,1561.9333333333334,54.74,537.8,15,15
voz04,voz05,saturación,vllm,vllm,26b_06b,08,gemma4:26b,embed,docs_rag_qwen3_06b,2026-08-31 10:28:19,voz04/vllm/26b_06b/run_08/sweep.json,20,8937,115069,6200.3,2115.1,41.03,601.2,20,20
voz04,voz05,saturación,vllm,vllm,26b_06b,08,gemma4:26b,embed,docs_rag_qwen3_06b,2026-08-31 10:28:19,voz04/vllm/26b_06b/run_08/sweep.json,25,9126,140322,5977.92,2170.92,44.852,767.5,25,25
voz04,voz05,saturación,vllm,vllm,26b_06b,03,gemma4:26b,embed,docs_rag_qwen3_06b,2026-08-31 10:24:43,voz04/vllm/26b_06b/run_03/sweep.json,1,303,0,303,302,897.9,897.7,1,1
voz04,voz05,saturación,vllm,vllm,26b_06b,03,gemma4:26b,embed,docs_rag_qwen3_06b,2026-08-31 10:24:43,voz04/vllm/26b_06b/run_03/sweep.json,5,5354,13698,3810.4,1087.6,200.92000000000002,362.5,5,5
voz04,voz05,saturación,vllm,vllm,26b_06b,03,gemma4:26b,embed,docs_rag_qwen3_06b,2026-08-31 10:24:43,voz04/vllm/26b_06b/run_03/sweep.json,10,13081,40497,5357.8,2481,111.17,242.7,10,10
voz04,voz05,saturación,vllm,vllm,26b_06b,03,gemma4:26b,embed,docs_rag_qwen3_06b,2026-08-31 10:24:43,voz04/vllm/26b_06b/run_03/sweep.json,15,6330,62989,4621.266666666666,1375.1333333333334,88.35333333333334,723.2,15,15
voz04,voz05,saturación,vllm,vllm,26b_06b,03,gemma4:26b,embed,docs_rag_qwen3_06b,2026-08-31 10:24:43,voz04/vllm/26b_06b/run_03/sweep.json,20,8070,110399,5923.45,1869.45,67.43,783.4,20,20
voz04,voz05,saturación,vllm,vllm,26b_06b,03,gemma4:26b,embed,docs_rag_qwen3_06b,2026-08-31 10:24:43,voz04/vllm/26b_06b/run_03/sweep.json,25,9297,145202,6179.96,1769.08,59.46,838.7,25,25
voz04,voz05,saturación,vllm,vllm,26b_06b,02,gemma4:26b,embed,docs_rag_qwen3_06b,2026-08-31 10:24:04,voz04/vllm/26b_06b/run_02/sweep.json,1,1406,-1,1405,921,42.7,42.7,1,1
voz04,voz05,saturación,vllm,vllm,26b_06b,02,gemma4:26b,embed,docs_rag_qwen3_06b,2026-08-31 10:24:04,voz04/vllm/26b_06b/run_02/sweep.json,5,4684,11879,3312.6,1110.8,77.34,295.0,5,5
voz04,voz05,saturación,vllm,vllm,26b_06b,02,gemma4:26b,embed,docs_rag_qwen3_06b,2026-08-31 10:24:04,voz04/vllm/26b_06b/run_02/sweep.json,10,5931,39246,4517.7,1422.3,60.870000000000005,485.8,10,10
voz04,voz05,saturación,vllm,vllm,26b_06b,02,gemma4:26b,embed,docs_rag_qwen3_06b,2026-08-31 10:24:04,voz04/vllm/26b_06b/run_02/sweep.json,15,7006,72512,5301.2,1780,52.56,628.2,15,15
voz04,voz05,saturación,vllm,vllm,26b_06b,02,gemma4:26b,embed,docs_rag_qwen3_06b,2026-08-31 10:24:04,voz04/vllm/26b_06b/run_02/sweep.json,20,8518,107983,5825.05,2056.35,42.714999999999996,605.5,20,20
voz04,voz05,saturación,vllm,vllm,26b_06b,02,gemma4:26b,embed,docs_rag_qwen3_06b,2026-08-31 10:24:04,voz04/vllm/26b_06b/run_02/sweep.json,25,9446,147169,6264.6,2444.12,40.352,706.6,25,25
confianza,voz05,repeticiones emparejadas,llamacpp,llamacpp,26b_4b_np4,04,gemma4:26b,embed,docs_rag_qwen3,2026-07-04 16:54:42,confianza/llamacpp/26b_4b_np4/run_04/sweep.json,1,2395,0,2395,1646,47.2,47.2,1,1
confianza,voz05,repeticiones emparejadas,llamacpp,llamacpp,26b_4b_np4,04,gemma4:26b,embed,docs_rag_qwen3,2026-07-04 16:54:42,confianza/llamacpp/26b_4b_np4/run_04/sweep.json,5,7518,16182,4740,1913.8,54.6,195.5,5,5
confianza,voz05,repeticiones emparejadas,llamacpp,llamacpp,26b_4b_np4,04,gemma4:26b,embed,docs_rag_qwen3,2026-07-04 16:54:42,confianza/llamacpp/26b_4b_np4/run_04/sweep.json,10,15817,85736,10155.3,5964.3,31.48,205.7,10,10
confianza,voz05,repeticiones emparejadas,llamacpp,llamacpp,26b_4b_np4,04,gemma4:26b,embed,docs_rag_qwen3,2026-07-04 16:54:42,confianza/llamacpp/26b_4b_np4/run_04/sweep.json,15,21850,186583,13895.533333333333,9610.8,22.046666666666667,207.9,15,15
confianza,voz05,repeticiones emparejadas,llamacpp,llamacpp,26b_4b_np4,04,gemma4:26b,embed,docs_rag_qwen3,2026-07-04 16:54:42,confianza/llamacpp/26b_4b_np4/run_04/sweep.json,20,28131,321110,17462.05,13287.3,17.735,208.2,20,20
confianza,voz05,repeticiones emparejadas,llamacpp,llamacpp,26b_4b_np4,04,gemma4:26b,embed,docs_rag_qwen3,2026-07-04 16:54:42,confianza/llamacpp/26b_4b_np4/run_04/sweep.json,25,31737,482726,20578.52,16674.52,16.308,228.5,25,25
confianza,voz05,repeticiones emparejadas,llamacpp,llamacpp,26b_4b_np4,01,gemma4:26b,embed,docs_rag_qwen3,2026-07-04 16:49:08,confianza/llamacpp/26b_4b_np4/run_01/sweep.json,1,2685,0,2685,1238,108.4,108.4,1,1
confianza,voz05,repeticiones emparejadas,llamacpp,llamacpp,26b_4b_np4,01,gemma4:26b,embed,docs_rag_qwen3,2026-07-04 16:49:08,confianza/llamacpp/26b_4b_np4/run_01/sweep.json,5,10957,30514,8294.2,3184.6,32.7,114.4,5,5
confianza,voz05,repeticiones emparejadas,llamacpp,llamacpp,26b_4b_np4,01,gemma4:26b,embed,docs_rag_qwen3,2026-07-04 16:49:08,confianza/llamacpp/26b_4b_np4/run_01/sweep.json,10,13765,86999,10076.4,6070.5,32.31,221.6,10,10
confianza,voz05,repeticiones emparejadas,llamacpp,llamacpp,26b_4b_np4,01,gemma4:26b,embed,docs_rag_qwen3,2026-07-04 16:49:08,confianza/llamacpp/26b_4b_np4/run_01/sweep.json,15,25180,229962,17009.466666666667,11859.733333333334,24.913333333333334,230.9,15,15
confianza,voz05,repeticiones emparejadas,llamacpp,llamacpp,26b_4b_np4,01,gemma4:26b,embed,docs_rag_qwen3,2026-07-04 16:49:08,confianza/llamacpp/26b_4b_np4/run_01/sweep.json,20,33197,390683,21194,15917.4,21.17,242.7,20,20
confianza,voz05,repeticiones emparejadas,llamacpp,llamacpp,26b_4b_np4,01,gemma4:26b,embed,docs_rag_qwen3,2026-07-04 16:49:08,confianza/llamacpp/26b_4b_np4/run_01/sweep.json,25,38631,569512,24325.72,19485.6,17.208,231.5,25,25
confianza,voz05,repeticiones emparejadas,llamacpp,llamacpp,26b_4b_np4,05,gemma4:26b,embed,docs_rag_qwen3,2026-07-04 16:56:29,confianza/llamacpp/26b_4b_np4/run_05/sweep.json,1,2940,0,2940,2055,35.7,35.7,1,1
confianza,voz05,repeticiones emparejadas,llamacpp,llamacpp,26b_4b_np4,05,gemma4:26b,embed,docs_rag_qwen3,2026-07-04 16:56:29,confianza/llamacpp/26b_4b_np4/run_05/sweep.json,5,8010,22934,6188.8,2752,35.36,145.2,5,5
confianza,voz05,repeticiones emparejadas,llamacpp,llamacpp,26b_4b_np4,05,gemma4:26b,embed,docs_rag_qwen3,2026-07-04 16:56:29,confianza/llamacpp/26b_4b_np4/run_05/sweep.json,10,14744,84992,9973.6,5956.7,27.72,181.5,10,10
confianza,voz05,repeticiones emparejadas,llamacpp,llamacpp,26b_4b_np4,05,gemma4:26b,embed,docs_rag_qwen3,2026-07-04 16:56:29,confianza/llamacpp/26b_4b_np4/run_05/sweep.json,15,22784,187052,13989.066666666668,9291.2,26.473333333333333,231.1,15,15
confianza,voz05,repeticiones emparejadas,llamacpp,llamacpp,26b_4b_np4,05,gemma4:26b,embed,docs_rag_qwen3,2026-07-04 16:56:29,confianza/llamacpp/26b_4b_np4/run_05/sweep.json,20,30861,371309,20108.5,15416.55,17.47,212.0,20,20
confianza,voz05,repeticiones emparejadas,llamacpp,llamacpp,26b_4b_np4,05,gemma4:26b,embed,docs_rag_qwen3,2026-07-04 16:56:29,confianza/llamacpp/26b_4b_np4/run_05/sweep.json,25,34970,541840,23072.4,18647.36,15.964,230.3,25,25
confianza,voz05,repeticiones emparejadas,llamacpp,llamacpp,26b_4b_np4,07,gemma4:26b,embed,docs_rag_qwen3,2026-07-04 17:00:10,confianza/llamacpp/26b_4b_np4/run_07/sweep.json,1,5055,0,5055,1534,134.7,134.7,1,1
confianza,voz05,repeticiones emparejadas,llamacpp,llamacpp,26b_4b_np4,07,gemma4:26b,embed,docs_rag_qwen3,2026-07-04 17:00:10,confianza/llamacpp/26b_4b_np4/run_07/sweep.json,5,8002,28593,7319,3303.6,39.839999999999996,180.3,5,5
confianza,voz05,repeticiones emparejadas,llamacpp,llamacpp,26b_4b_np4,07,gemma4:26b,embed,docs_rag_qwen3,2026-07-04 17:00:10,confianza/llamacpp/26b_4b_np4/run_07/sweep.json,10,16799,92104,10890.3,6414.5,28.05,169.8,10,10
confianza,voz05,repeticiones emparejadas,llamacpp,llamacpp,26b_4b_np4,07,gemma4:26b,embed,docs_rag_qwen3,2026-07-04 17:00:10,confianza/llamacpp/26b_4b_np4/run_07/sweep.json,15,22456,193197,14376.866666666667,10035,20.626666666666665,185.5,15,15
confianza,voz05,repeticiones emparejadas,llamacpp,llamacpp,26b_4b_np4,07,gemma4:26b,embed,docs_rag_qwen3,2026-07-04 17:00:10,confianza/llamacpp/26b_4b_np4/run_07/sweep.json,20,26759,334868,18081.35,14051.45,17.675,220.3,20,20
confianza,voz05,repeticiones emparejadas,llamacpp,llamacpp,26b_4b_np4,07,gemma4:26b,embed,docs_rag_qwen3,2026-07-04 17:00:10,confianza/llamacpp/26b_4b_np4/run_07/sweep.json,25,30570,460001,19622.84,15858.6,16.888,232.2,25,25
confianza,voz05,repeticiones emparejadas,llamacpp,llamacpp,26b_4b_np4,06,gemma4:26b,embed,docs_rag_qwen3,2026-07-04 16:58:24,confianza/llamacpp/26b_4b_np4/run_06/sweep.json,1,1758,0,1758,1217,47.2,47.2,1,1
confianza,voz05,repeticiones emparejadas,llamacpp,llamacpp,26b_4b_np4,06,gemma4:26b,embed,docs_rag_qwen3,2026-07-04 16:58:24,confianza/llamacpp/26b_4b_np4/run_06/sweep.json,5,10341,28113,7690.8,2952.2,36.019999999999996,148.5,5,5
confianza,voz05,repeticiones emparejadas,llamacpp,llamacpp,26b_4b_np4,06,gemma4:26b,embed,docs_rag_qwen3,2026-07-04 16:58:24,confianza/llamacpp/26b_4b_np4/run_06/sweep.json,10,17528,94808,11233.6,6785.6,21.96,147.3,10,10
confianza,voz05,repeticiones emparejadas,llamacpp,llamacpp,26b_4b_np4,06,gemma4:26b,embed,docs_rag_qwen3,2026-07-04 16:58:24,confianza/llamacpp/26b_4b_np4/run_06/sweep.json,15,19060,171294,12690.266666666666,8878.8,20.666666666666668,200.2,15,15
confianza,voz05,repeticiones emparejadas,llamacpp,llamacpp,26b_4b_np4,06,gemma4:26b,embed,docs_rag_qwen3,2026-07-04 16:58:24,confianza/llamacpp/26b_4b_np4/run_06/sweep.json,20,24978,300944,16296.1,12460.6,18.565,222.2,20,20
confianza,voz05,repeticiones emparejadas,llamacpp,llamacpp,26b_4b_np4,06,gemma4:26b,embed,docs_rag_qwen3,2026-07-04 16:58:24,confianza/llamacpp/26b_4b_np4/run_06/sweep.json,25,31389,488567,20798.24,16571.4,13.76,220.9,25,25
confianza,voz05,repeticiones emparejadas,llamacpp,llamacpp,26b_4b_np4,10,gemma4:26b,embed,docs_rag_qwen3,2026-07-04 17:05:34,confianza/llamacpp/26b_4b_np4/run_10/sweep.json,1,5497,0,5497,2254,96.2,96.2,1,1
confianza,voz05,repeticiones emparejadas,llamacpp,llamacpp,26b_4b_np4,10,gemma4:26b,embed,docs_rag_qwen3,2026-07-04 17:05:34,confianza/llamacpp/26b_4b_np4/run_10/sweep.json,5,7098,17474,4914.4,2104.4,47.879999999999995,178.8,5,5
confianza,voz05,repeticiones emparejadas,llamacpp,llamacpp,26b_4b_np4,10,gemma4:26b,embed,docs_rag_qwen3,2026-07-04 17:05:34,confianza/llamacpp/26b_4b_np4/run_10/sweep.json,10,12107,67140,7924.7,4793.6,30.54,202.9,10,10
confianza,voz05,repeticiones emparejadas,llamacpp,llamacpp,26b_4b_np4,10,gemma4:26b,embed,docs_rag_qwen3,2026-07-04 17:05:34,confianza/llamacpp/26b_4b_np4/run_10/sweep.json,15,20138,163388,12235.066666666668,8422.8,23.64666666666667,215.5,15,15
confianza,voz05,repeticiones emparejadas,llamacpp,llamacpp,26b_4b_np4,10,gemma4:26b,embed,docs_rag_qwen3,2026-07-04 17:05:34,confianza/llamacpp/26b_4b_np4/run_10/sweep.json,20,26308,289396,15785.2,11708.9,21.995,249.7,20,20
confianza,voz05,repeticiones emparejadas,llamacpp,llamacpp,26b_4b_np4,10,gemma4:26b,embed,docs_rag_qwen3,2026-07-04 17:05:34,confianza/llamacpp/26b_4b_np4/run_10/sweep.json,25,36007,497702,21348.36,16812.88,16.78,218.5,25,25
confianza,voz05,repeticiones emparejadas,llamacpp,llamacpp,26b_4b_np4,09,gemma4:26b,embed,docs_rag_qwen3,2026-07-04 17:03:43,confianza/llamacpp/26b_4b_np4/run_09/sweep.json,1,4031,0,4031,1730,95.7,95.8,1,1
confianza,voz05,repeticiones emparejadas,llamacpp,llamacpp,26b_4b_np4,09,gemma4:26b,embed,docs_rag_qwen3,2026-07-04 17:03:43,confianza/llamacpp/26b_4b_np4/run_09/sweep.json,5,9091,25955,7009.2,2827.8,36.78,153.6,5,5
confianza,voz05,repeticiones emparejadas,llamacpp,llamacpp,26b_4b_np4,09,gemma4:26b,embed,docs_rag_qwen3,2026-07-04 17:03:43,confianza/llamacpp/26b_4b_np4/run_09/sweep.json,10,12769,66169,7893.8,4656.1,37.12,233.8,10,10
confianza,voz05,repeticiones emparejadas,llamacpp,llamacpp,26b_4b_np4,09,gemma4:26b,embed,docs_rag_qwen3,2026-07-04 17:03:43,confianza/llamacpp/26b_4b_np4/run_09/sweep.json,15,23064,196845,14660.6,9882.533333333333,23.233333333333334,191.8,15,15
confianza,voz05,repeticiones emparejadas,llamacpp,llamacpp,26b_4b_np4,09,gemma4:26b,embed,docs_rag_qwen3,2026-07-04 17:03:43,confianza/llamacpp/26b_4b_np4/run_09/sweep.json,20,26587,290945,15876.6,11738.2,21.15,218.5,20,20
confianza,voz05,repeticiones emparejadas,llamacpp,llamacpp,26b_4b_np4,09,gemma4:26b,embed,docs_rag_qwen3,2026-07-04 17:03:43,confianza/llamacpp/26b_4b_np4/run_09/sweep.json,25,35005,509337,21773.68,17497.48,14.944,211.9,25,25
confianza,voz05,repeticiones emparejadas,llamacpp,llamacpp,26b_4b_np4,08,gemma4:26b,embed,docs_rag_qwen3,2026-07-04 17:02:00,confianza/llamacpp/26b_4b_np4/run_08/sweep.json,1,4161,0,4161,1901,85.3,85.3,1,1
confianza,voz05,repeticiones emparejadas,llamacpp,llamacpp,26b_4b_np4,08,gemma4:26b,embed,docs_rag_qwen3,2026-07-04 17:02:00,confianza/llamacpp/26b_4b_np4/run_08/sweep.json,5,8316,23781,6419.4,2574.8,50.339999999999996,198.7,5,5
confianza,voz05,repeticiones emparejadas,llamacpp,llamacpp,26b_4b_np4,08,gemma4:26b,embed,docs_rag_qwen3,2026-07-04 17:02:00,confianza/llamacpp/26b_4b_np4/run_08/sweep.json,10,14640,93087,10772.7,6767.8,25.9,187.0,10,10
confianza,voz05,repeticiones emparejadas,llamacpp,llamacpp,26b_4b_np4,08,gemma4:26b,embed,docs_rag_qwen3,2026-07-04 17:02:00,confianza/llamacpp/26b_4b_np4/run_08/sweep.json,15,21255,169867,12741.466666666667,8463.533333333333,25.626666666666665,218.4,15,15
confianza,voz05,repeticiones emparejadas,llamacpp,llamacpp,26b_4b_np4,08,gemma4:26b,embed,docs_rag_qwen3,2026-07-04 17:02:00,confianza/llamacpp/26b_4b_np4/run_08/sweep.json,20,23898,294807,15935.25,12356.8,18.065,218.3,20,20
confianza,voz05,repeticiones emparejadas,llamacpp,llamacpp,26b_4b_np4,08,gemma4:26b,embed,docs_rag_qwen3,2026-07-04 17:02:00,confianza/llamacpp/26b_4b_np4/run_08/sweep.json,25,30600,434263,18594.52,14885.2,15.468,215.4,25,25
confianza,voz05,repeticiones emparejadas,llamacpp,llamacpp,26b_4b_np4,03,gemma4:26b,embed,docs_rag_qwen3,2026-07-04 16:52:52,confianza/llamacpp/26b_4b_np4/run_03/sweep.json,1,1333,0,1333,1042,34.5,34.5,1,1
confianza,voz05,repeticiones emparejadas,llamacpp,llamacpp,26b_4b_np4,03,gemma4:26b,embed,docs_rag_qwen3,2026-07-04 16:52:52,confianza/llamacpp/26b_4b_np4/run_03/sweep.json,5,8654,21564,6043.6,1997,51.0,188.9,5,5
confianza,voz05,repeticiones emparejadas,llamacpp,llamacpp,26b_4b_np4,03,gemma4:26b,embed,docs_rag_qwen3,2026-07-04 16:52:52,confianza/llamacpp/26b_4b_np4/run_03/sweep.json,10,15919,75475,9139.4,4634.8,39.48,217.6,10,10
confianza,voz05,repeticiones emparejadas,llamacpp,llamacpp,26b_4b_np4,03,gemma4:26b,embed,docs_rag_qwen3,2026-07-04 16:52:52,confianza/llamacpp/26b_4b_np4/run_03/sweep.json,15,20399,181505,13460.266666666666,9253.733333333334,25.113333333333333,232.4,15,15
confianza,voz05,repeticiones emparejadas,llamacpp,llamacpp,26b_4b_np4,03,gemma4:26b,embed,docs_rag_qwen3,2026-07-04 16:52:52,confianza/llamacpp/26b_4b_np4/run_03/sweep.json,20,26286,277030,15165.8,11285.5,23.06,223.2,20,20
confianza,voz05,repeticiones emparejadas,llamacpp,llamacpp,26b_4b_np4,03,gemma4:26b,embed,docs_rag_qwen3,2026-07-04 16:52:52,confianza/llamacpp/26b_4b_np4/run_03/sweep.json,25,36855,483354,20808.36,16253.96,18.616,225.0,25,25
confianza,voz05,repeticiones emparejadas,llamacpp,llamacpp,26b_4b_np4,02,gemma4:26b,embed,docs_rag_qwen3,2026-07-04 16:51:13,confianza/llamacpp/26b_4b_np4/run_02/sweep.json,1,1945,0,1945,1367,29.3,29.3,1,1
confianza,voz05,repeticiones emparejadas,llamacpp,llamacpp,26b_4b_np4,02,gemma4:26b,embed,docs_rag_qwen3,2026-07-04 16:51:13,confianza/llamacpp/26b_4b_np4/run_02/sweep.json,5,6131,19234,5073,2330.6,39.28,171.1,5,5
confianza,voz05,repeticiones emparejadas,llamacpp,llamacpp,26b_4b_np4,02,gemma4:26b,embed,docs_rag_qwen3,2026-07-04 16:51:13,confianza/llamacpp/26b_4b_np4/run_02/sweep.json,10,14769,80292,9506.1,5735.3,27.12,171.2,10,10
confianza,voz05,repeticiones emparejadas,llamacpp,llamacpp,26b_4b_np4,02,gemma4:26b,embed,docs_rag_qwen3,2026-07-04 16:51:13,confianza/llamacpp/26b_4b_np4/run_02/sweep.json,15,20234,166288,12434.8,8448.733333333334,23.87333333333333,200.5,15,15
confianza,voz05,repeticiones emparejadas,llamacpp,llamacpp,26b_4b_np4,02,gemma4:26b,embed,docs_rag_qwen3,2026-07-04 16:51:13,confianza/llamacpp/26b_4b_np4/run_02/sweep.json,20,26956,289464,15821,11917.7,17.705,195.6,20,20
confianza,voz05,repeticiones emparejadas,llamacpp,llamacpp,26b_4b_np4,02,gemma4:26b,embed,docs_rag_qwen3,2026-07-04 16:51:13,confianza/llamacpp/26b_4b_np4/run_02/sweep.json,25,28674,385725,16575.96,13104.56,16.388,227.3,25,25
confianza,voz05,repeticiones emparejadas,llamacpp,llamacpp,26b_06b_np4,04,gemma4:26b,embed,docs_rag_qwen3_06b,2026-07-04 16:36:17,confianza/llamacpp/26b_06b_np4/run_04/sweep.json,1,2338,0,2338,1627,45.3,45.3,1,1
confianza,voz05,repeticiones emparejadas,llamacpp,llamacpp,26b_06b_np4,04,gemma4:26b,embed,docs_rag_qwen3_06b,2026-07-04 16:36:17,confianza/llamacpp/26b_06b_np4/run_04/sweep.json,5,7689,15299,4597.6,1683.8,127.24,240.7,5,5
confianza,voz05,repeticiones emparejadas,llamacpp,llamacpp,26b_06b_np4,04,gemma4:26b,embed,docs_rag_qwen3_06b,2026-07-04 16:36:17,confianza/llamacpp/26b_06b_np4/run_04/sweep.json,10,14776,67859,8263.5,4356.3,30.37,165.9,10,10
confianza,voz05,repeticiones emparejadas,llamacpp,llamacpp,26b_06b_np4,04,gemma4:26b,embed,docs_rag_qwen3_06b,2026-07-04 16:36:17,confianza/llamacpp/26b_06b_np4/run_04/sweep.json,15,20037,160442,12031.933333333332,8332.8,20.64666666666667,192.2,15,15
confianza,voz05,repeticiones emparejadas,llamacpp,llamacpp,26b_06b_np4,04,gemma4:26b,embed,docs_rag_qwen3_06b,2026-07-04 16:36:17,confianza/llamacpp/26b_06b_np4/run_04/sweep.json,20,25238,284519,15487.85,11528.65,36.805,260.5,20,20
confianza,voz05,repeticiones emparejadas,llamacpp,llamacpp,26b_06b_np4,04,gemma4:26b,embed,docs_rag_qwen3_06b,2026-07-04 16:36:17,confianza/llamacpp/26b_06b_np4/run_04/sweep.json,25,35472,519724,22207.84,17861.48,16.944,225.2,25,25
confianza,voz05,repeticiones emparejadas,llamacpp,llamacpp,26b_06b_np4,01,gemma4:26b,embed,docs_rag_qwen3_06b,2026-07-04 16:30:47,confianza/llamacpp/26b_06b_np4/run_01/sweep.json,1,3585,0,3585,1183,126.9,126.9,1,1
confianza,voz05,repeticiones emparejadas,llamacpp,llamacpp,26b_06b_np4,01,gemma4:26b,embed,docs_rag_qwen3_06b,2026-07-04 16:30:47,confianza/llamacpp/26b_06b_np4/run_01/sweep.json,5,9771,29906,7935.4,3251,34.76,133.1,5,5
confianza,voz05,repeticiones emparejadas,llamacpp,llamacpp,26b_06b_np4,01,gemma4:26b,embed,docs_rag_qwen3_06b,2026-07-04 16:30:47,confianza/llamacpp/26b_06b_np4/run_01/sweep.json,10,14691,89323,10401.4,6283.1,34.58,234.9,10,10
confianza,voz05,repeticiones emparejadas,llamacpp,llamacpp,26b_06b_np4,01,gemma4:26b,embed,docs_rag_qwen3_06b,2026-07-04 16:30:47,confianza/llamacpp/26b_06b_np4/run_01/sweep.json,15,23903,221767,16378,11378.933333333332,24.326666666666668,232.4,15,15
confianza,voz05,repeticiones emparejadas,llamacpp,llamacpp,26b_06b_np4,01,gemma4:26b,embed,docs_rag_qwen3_06b,2026-07-04 16:30:47,confianza/llamacpp/26b_06b_np4/run_01/sweep.json,20,29391,338474,18393.25,13736.9,23.415,251.3,20,20
confianza,voz05,repeticiones emparejadas,llamacpp,llamacpp,26b_06b_np4,01,gemma4:26b,embed,docs_rag_qwen3_06b,2026-07-04 16:30:47,confianza/llamacpp/26b_06b_np4/run_01/sweep.json,25,35050,506928,21679.12,17195.32,19.904,255.5,25,25
confianza,voz05,repeticiones emparejadas,llamacpp,llamacpp,26b_06b_np4,05,gemma4:26b,embed,docs_rag_qwen3_06b,2026-07-04 16:38:03,confianza/llamacpp/26b_06b_np4/run_05/sweep.json,1,2828,0,2828,1817,44.2,44.2,1,1
confianza,voz05,repeticiones emparejadas,llamacpp,llamacpp,26b_06b_np4,05,gemma4:26b,embed,docs_rag_qwen3_06b,2026-07-04 16:38:03,confianza/llamacpp/26b_06b_np4/run_05/sweep.json,5,7809,23361,6234,3402,33.38,139.8,5,5
confianza,voz05,repeticiones emparejadas,llamacpp,llamacpp,26b_06b_np4,05,gemma4:26b,embed,docs_rag_qwen3_06b,2026-07-04 16:38:03,confianza/llamacpp/26b_06b_np4/run_05/sweep.json,10,14615,98041,11265.6,7201.7,20.52,160.0,10,10
confianza,voz05,repeticiones emparejadas,llamacpp,llamacpp,26b_06b_np4,05,gemma4:26b,embed,docs_rag_qwen3_06b,2026-07-04 16:38:03,confianza/llamacpp/26b_06b_np4/run_05/sweep.json,15,22928,204358,15152.4,10674.266666666666,19.513333333333332,185.5,15,15
confianza,voz05,repeticiones emparejadas,llamacpp,llamacpp,26b_06b_np4,05,gemma4:26b,embed,docs_rag_qwen3_06b,2026-07-04 16:38:03,confianza/llamacpp/26b_06b_np4/run_05/sweep.json,20,29550,344135,18684.25,14235.3,18.365,208.2,20,20
confianza,voz05,repeticiones emparejadas,llamacpp,llamacpp,26b_06b_np4,05,gemma4:26b,embed,docs_rag_qwen3_06b,2026-07-04 16:38:03,confianza/llamacpp/26b_06b_np4/run_05/sweep.json,25,35717,537183,22916,18476.2,15.616,217.6,25,25
confianza,voz05,repeticiones emparejadas,llamacpp,llamacpp,26b_06b_np4,07,gemma4:26b,embed,docs_rag_qwen3_06b,2026-07-04 16:41:52,confianza/llamacpp/26b_06b_np4/run_07/sweep.json,1,5294,0,5294,1372,143.4,143.4,1,1
confianza,voz05,repeticiones emparejadas,llamacpp,llamacpp,26b_06b_np4,07,gemma4:26b,embed,docs_rag_qwen3_06b,2026-07-04 16:41:52,confianza/llamacpp/26b_06b_np4/run_07/sweep.json,5,7631,24475,6421.2,2526.2,40.66,183.5,5,5
confianza,voz05,repeticiones emparejadas,llamacpp,llamacpp,26b_06b_np4,07,gemma4:26b,embed,docs_rag_qwen3_06b,2026-07-04 16:41:52,confianza/llamacpp/26b_06b_np4/run_07/sweep.json,10,17905,101531,11943.6,6918.7,27.32,180.2,10,10
confianza,voz05,repeticiones emparejadas,llamacpp,llamacpp,26b_06b_np4,07,gemma4:26b,embed,docs_rag_qwen3_06b,2026-07-04 16:41:52,confianza/llamacpp/26b_06b_np4/run_07/sweep.json,15,21687,202809,14966.4,10432.066666666668,20.74,198.2,15,15
confianza,voz05,repeticiones emparejadas,llamacpp,llamacpp,26b_06b_np4,07,gemma4:26b,embed,docs_rag_qwen3_06b,2026-07-04 16:41:52,confianza/llamacpp/26b_06b_np4/run_07/sweep.json,20,26628,327660,17714.4,13516.15,18.93,223.4,20,20
confianza,voz05,repeticiones emparejadas,llamacpp,llamacpp,26b_06b_np4,07,gemma4:26b,embed,docs_rag_qwen3_06b,2026-07-04 16:41:52,confianza/llamacpp/26b_06b_np4/run_07/sweep.json,25,33142,481485,20585.08,16541.4,16.7,231.0,25,25
confianza,voz05,repeticiones emparejadas,llamacpp,llamacpp,26b_06b_np4,06,gemma4:26b,embed,docs_rag_qwen3_06b,2026-07-04 16:39:56,confianza/llamacpp/26b_06b_np4/run_06/sweep.json,1,1893,0,1893,1429,32.7,32.8,1,1
confianza,voz05,repeticiones emparejadas,llamacpp,llamacpp,26b_06b_np4,06,gemma4:26b,embed,docs_rag_qwen3_06b,2026-07-04 16:39:56,confianza/llamacpp/26b_06b_np4/run_06/sweep.json,5,10160,31929,8417.8,3598.6,30.279999999999998,140.9,5,5
confianza,voz05,repeticiones emparejadas,llamacpp,llamacpp,26b_06b_np4,06,gemma4:26b,embed,docs_rag_qwen3_06b,2026-07-04 16:39:56,confianza/llamacpp/26b_06b_np4/run_06/sweep.json,10,17284,100612,11789.6,7276.5,22.12,161.1,10,10
confianza,voz05,repeticiones emparejadas,llamacpp,llamacpp,26b_06b_np4,06,gemma4:26b,embed,docs_rag_qwen3_06b,2026-07-04 16:39:56,confianza/llamacpp/26b_06b_np4/run_06/sweep.json,15,20828,198993,14654.733333333334,10371.133333333333,19.82,191.6,15,15
confianza,voz05,repeticiones emparejadas,llamacpp,llamacpp,26b_06b_np4,06,gemma4:26b,embed,docs_rag_qwen3_06b,2026-07-04 16:39:56,confianza/llamacpp/26b_06b_np4/run_06/sweep.json,20,29477,320357,17491.7,13031.55,16.805,200.6,20,20
confianza,voz05,repeticiones emparejadas,llamacpp,llamacpp,26b_06b_np4,06,gemma4:26b,embed,docs_rag_qwen3_06b,2026-07-04 16:39:56,confianza/llamacpp/26b_06b_np4/run_06/sweep.json,25,35110,520323,22217.32,17893.24,16.696,229.9,25,25
confianza,voz05,repeticiones emparejadas,llamacpp,llamacpp,26b_06b_np4,10,gemma4:26b,embed,docs_rag_qwen3_06b,2026-07-04 16:47:15,confianza/llamacpp/26b_06b_np4/run_10/sweep.json,1,3158,0,3158,1679,77.6,77.6,1,1
confianza,voz05,repeticiones emparejadas,llamacpp,llamacpp,26b_06b_np4,10,gemma4:26b,embed,docs_rag_qwen3_06b,2026-07-04 16:47:15,confianza/llamacpp/26b_06b_np4/run_10/sweep.json,5,6263,18511,4954.8,2019.6,40.82,173.2,5,5
confianza,voz05,repeticiones emparejadas,llamacpp,llamacpp,26b_06b_np4,10,gemma4:26b,embed,docs_rag_qwen3_06b,2026-07-04 16:47:15,confianza/llamacpp/26b_06b_np4/run_10/sweep.json,10,13477,86888,10036.5,6337.8,27.32,202.4,10,10
confianza,voz05,repeticiones emparejadas,llamacpp,llamacpp,26b_06b_np4,10,gemma4:26b,embed,docs_rag_qwen3_06b,2026-07-04 16:47:15,confianza/llamacpp/26b_06b_np4/run_10/sweep.json,15,21519,178025,13302.933333333332,8852.933333333332,25.846666666666668,231.5,15,15
confianza,voz05,repeticiones emparejadas,llamacpp,llamacpp,26b_06b_np4,10,gemma4:26b,embed,docs_rag_qwen3_06b,2026-07-04 16:47:15,confianza/llamacpp/26b_06b_np4/run_10/sweep.json,20,26776,310493,16863.45,12701.8,20.91,248.4,20,20
confianza,voz05,repeticiones emparejadas,llamacpp,llamacpp,26b_06b_np4,10,gemma4:26b,embed,docs_rag_qwen3_06b,2026-07-04 16:47:15,confianza/llamacpp/26b_06b_np4/run_10/sweep.json,25,36666,570402,24282.72,19693.68,15.836,240.5,25,25
confianza,voz05,repeticiones emparejadas,llamacpp,llamacpp,26b_06b_np4,09,gemma4:26b,embed,docs_rag_qwen3_06b,2026-07-04 16:45:30,confianza/llamacpp/26b_06b_np4/run_09/sweep.json,1,3903,0,3903,2148,59.2,59.2,1,1
confianza,voz05,repeticiones emparejadas,llamacpp,llamacpp,26b_06b_np4,09,gemma4:26b,embed,docs_rag_qwen3_06b,2026-07-04 16:45:30,confianza/llamacpp/26b_06b_np4/run_09/sweep.json,5,8833,27271,7220.8,3317.4,42.88,180.0,5,5
confianza,voz05,repeticiones emparejadas,llamacpp,llamacpp,26b_06b_np4,09,gemma4:26b,embed,docs_rag_qwen3_06b,2026-07-04 16:45:30,confianza/llamacpp/26b_06b_np4/run_09/sweep.json,10,12667,70780,8344.7,4869.6,33.19,222.4,10,10
confianza,voz05,repeticiones emparejadas,llamacpp,llamacpp,26b_06b_np4,09,gemma4:26b,embed,docs_rag_qwen3_06b,2026-07-04 16:45:30,confianza/llamacpp/26b_06b_np4/run_09/sweep.json,15,21025,178429,13296.933333333332,9029,25.14666666666667,198.9,15,15
confianza,voz05,repeticiones emparejadas,llamacpp,llamacpp,26b_06b_np4,09,gemma4:26b,embed,docs_rag_qwen3_06b,2026-07-04 16:45:30,confianza/llamacpp/26b_06b_np4/run_09/sweep.json,20,25791,301306,16354.85,12392.3,17.669999999999998,205.8,20,20
confianza,voz05,repeticiones emparejadas,llamacpp,llamacpp,26b_06b_np4,09,gemma4:26b,embed,docs_rag_qwen3_06b,2026-07-04 16:45:30,confianza/llamacpp/26b_06b_np4/run_09/sweep.json,25,32770,470003,20110.92,16034.68,15.932,213.7,25,25
confianza,voz05,repeticiones emparejadas,llamacpp,llamacpp,26b_06b_np4,08,gemma4:26b,embed,docs_rag_qwen3_06b,2026-07-04 16:43:44,confianza/llamacpp/26b_06b_np4/run_08/sweep.json,1,4051,0,4051,1696,91.6,91.6,1,1
confianza,voz05,repeticiones emparejadas,llamacpp,llamacpp,26b_06b_np4,08,gemma4:26b,embed,docs_rag_qwen3_06b,2026-07-04 16:43:44,confianza/llamacpp/26b_06b_np4/run_08/sweep.json,5,8054,24217,6454.2,2735.2,45.7,187.2,5,5
confianza,voz05,repeticiones emparejadas,llamacpp,llamacpp,26b_06b_np4,08,gemma4:26b,embed,docs_rag_qwen3_06b,2026-07-04 16:43:44,confianza/llamacpp/26b_06b_np4/run_08/sweep.json,10,14561,101554,11611.5,7414.6,26.39,197.2,10,10
confianza,voz05,repeticiones emparejadas,llamacpp,llamacpp,26b_06b_np4,08,gemma4:26b,embed,docs_rag_qwen3_06b,2026-07-04 16:43:44,confianza/llamacpp/26b_06b_np4/run_08/sweep.json,15,21796,175862,13177.2,8795.466666666667,22.986666666666668,202.2,15,15
confianza,voz05,repeticiones emparejadas,llamacpp,llamacpp,26b_06b_np4,08,gemma4:26b,embed,docs_rag_qwen3_06b,2026-07-04 16:43:44,confianza/llamacpp/26b_06b_np4/run_08/sweep.json,20,24424,309591,16700.75,13011.4,17.06,202.9,20,20
confianza,voz05,repeticiones emparejadas,llamacpp,llamacpp,26b_06b_np4,08,gemma4:26b,embed,docs_rag_qwen3_06b,2026-07-04 16:43:44,confianza/llamacpp/26b_06b_np4/run_08/sweep.json,25,32407,432465,18594.88,14765.28,16.824,213.3,25,25
confianza,voz05,repeticiones emparejadas,llamacpp,llamacpp,26b_06b_np4,03,gemma4:26b,embed,docs_rag_qwen3_06b,2026-07-04 16:34:21,confianza/llamacpp/26b_06b_np4/run_03/sweep.json,1,1284,0,1284,970,38.9,38.9,1,1
confianza,voz05,repeticiones emparejadas,llamacpp,llamacpp,26b_06b_np4,03,gemma4:26b,embed,docs_rag_qwen3_06b,2026-07-04 16:34:21,confianza/llamacpp/26b_06b_np4/run_03/sweep.json,5,9702,29468,7834,2577.8,51.86,210.5,5,5
confianza,voz05,repeticiones emparejadas,llamacpp,llamacpp,26b_06b_np4,03,gemma4:26b,embed,docs_rag_qwen3_06b,2026-07-04 16:34:21,confianza/llamacpp/26b_06b_np4/run_03/sweep.json,10,15450,95032,11048.2,6632.4,31.5,201.5,10,10
confianza,voz05,repeticiones emparejadas,llamacpp,llamacpp,26b_06b_np4,03,gemma4:26b,embed,docs_rag_qwen3_06b,2026-07-04 16:34:21,confianza/llamacpp/26b_06b_np4/run_03/sweep.json,15,22697,194887,14505.6,9798.533333333333,24.606666666666666,208.3,15,15
confianza,voz05,repeticiones emparejadas,llamacpp,llamacpp,26b_06b_np4,03,gemma4:26b,embed,docs_rag_qwen3_06b,2026-07-04 16:34:21,confianza/llamacpp/26b_06b_np4/run_03/sweep.json,20,29627,365677,19765.2,15132.8,19.695,213.5,20,20
confianza,voz05,repeticiones emparejadas,llamacpp,llamacpp,26b_06b_np4,03,gemma4:26b,embed,docs_rag_qwen3_06b,2026-07-04 16:34:21,confianza/llamacpp/26b_06b_np4/run_03/sweep.json,25,36527,479248,20631,16129.36,18.908,231.8,25,25
confianza,voz05,repeticiones emparejadas,llamacpp,llamacpp,26b_06b_np4,02,gemma4:26b,embed,docs_rag_qwen3_06b,2026-07-04 16:32:44,confianza/llamacpp/26b_06b_np4/run_02/sweep.json,1,2376,0,2376,1740,25.3,25.3,1,1
confianza,voz05,repeticiones emparejadas,llamacpp,llamacpp,26b_06b_np4,02,gemma4:26b,embed,docs_rag_qwen3_06b,2026-07-04 16:32:44,confianza/llamacpp/26b_06b_np4/run_02/sweep.json,5,6744,23919,6132.6,2914,39.68,179.1,5,5
confianza,voz05,repeticiones emparejadas,llamacpp,llamacpp,26b_06b_np4,02,gemma4:26b,embed,docs_rag_qwen3_06b,2026-07-04 16:32:44,confianza/llamacpp/26b_06b_np4/run_02/sweep.json,10,13469,78945,9241.4,5584.4,29.16,195.0,10,10
confianza,voz05,repeticiones emparejadas,llamacpp,llamacpp,26b_06b_np4,02,gemma4:26b,embed,docs_rag_qwen3_06b,2026-07-04 16:32:44,confianza/llamacpp/26b_06b_np4/run_02/sweep.json,15,21204,174156,13024,9070.4,23.166666666666668,208.0,15,15
confianza,voz05,repeticiones emparejadas,llamacpp,llamacpp,26b_06b_np4,02,gemma4:26b,embed,docs_rag_qwen3_06b,2026-07-04 16:32:44,confianza/llamacpp/26b_06b_np4/run_02/sweep.json,20,23750,249095,13642.25,10161.6,19.46,215.3,20,20
confianza,voz05,repeticiones emparejadas,llamacpp,llamacpp,26b_06b_np4,02,gemma4:26b,embed,docs_rag_qwen3_06b,2026-07-04 16:32:44,confianza/llamacpp/26b_06b_np4/run_02/sweep.json,25,28891,386524,16616.6,13231.92,16.748,226.7,25,25
confianza,voz05,repeticiones emparejadas,llamacpp,llamacpp,12b_06b_np8,04,gemma4:12b,embed,docs_rag_qwen3_06b,2026-07-04 18:12:47,confianza/llamacpp/12b_06b_np8/run_04/sweep.json,1,4082,0,4082,2861,28.2,28.2,1,1
confianza,voz05,repeticiones emparejadas,llamacpp,llamacpp,12b_06b_np8,04,gemma4:12b,embed,docs_rag_qwen3_06b,2026-07-04 18:12:47,confianza/llamacpp/12b_06b_np8/run_04/sweep.json,5,13505,43450,11391,3894.8,27.62,122.1,5,5
confianza,voz05,repeticiones emparejadas,llamacpp,llamacpp,12b_06b_np8,04,gemma4:12b,embed,docs_rag_qwen3_06b,2026-07-04 18:12:47,confianza/llamacpp/12b_06b_np8/run_04/sweep.json,10,25913,160636,18654.9,6146.5,18.97,142.9,10,10
confianza,voz05,repeticiones emparejadas,llamacpp,llamacpp,12b_06b_np8,04,gemma4:12b,embed,docs_rag_qwen3_06b,2026-07-04 18:12:47,confianza/llamacpp/12b_06b_np8/run_04/sweep.json,15,34807,319154,23597.4,11589.533333333333,12.846666666666668,136.3,15,15
confianza,voz05,repeticiones emparejadas,llamacpp,llamacpp,12b_06b_np8,04,gemma4:12b,embed,docs_rag_qwen3_06b,2026-07-04 18:12:47,confianza/llamacpp/12b_06b_np8/run_04/sweep.json,20,37280,467248,25226.4,14782.3,12.47,166.0,20,20
confianza,voz05,repeticiones emparejadas,llamacpp,llamacpp,12b_06b_np8,04,gemma4:12b,embed,docs_rag_qwen3_06b,2026-07-04 18:12:47,confianza/llamacpp/12b_06b_np8/run_04/sweep.json,25,52463,794590,33882.12,21940.6,9.412,148.5,25,25
confianza,voz05,repeticiones emparejadas,llamacpp,llamacpp,12b_06b_np8,01,gemma4:12b,embed,docs_rag_qwen3_06b,2026-07-04 18:03:41,confianza/llamacpp/12b_06b_np8/run_01/sweep.json,1,3843,0,3843,1474,73.9,73.9,1,1
confianza,voz05,repeticiones emparejadas,llamacpp,llamacpp,12b_06b_np8,01,gemma4:12b,embed,docs_rag_qwen3_06b,2026-07-04 18:03:41,confianza/llamacpp/12b_06b_np8/run_01/sweep.json,5,19281,58061,15468.4,4295.2,24.88,104.1,5,5
confianza,voz05,repeticiones emparejadas,llamacpp,llamacpp,12b_06b_np8,01,gemma4:12b,embed,docs_rag_qwen3_06b,2026-07-04 18:03:41,confianza/llamacpp/12b_06b_np8/run_01/sweep.json,10,22894,149986,17288,7571.2,19.49,147.9,10,10
confianza,voz05,repeticiones emparejadas,llamacpp,llamacpp,12b_06b_np8,01,gemma4:12b,embed,docs_rag_qwen3_06b,2026-07-04 18:03:41,confianza/llamacpp/12b_06b_np8/run_01/sweep.json,15,31922,334105,24401.8,12492.266666666666,16.36,183.8,15,15
confianza,voz05,repeticiones emparejadas,llamacpp,llamacpp,12b_06b_np8,01,gemma4:12b,embed,docs_rag_qwen3_06b,2026-07-04 18:03:41,confianza/llamacpp/12b_06b_np8/run_01/sweep.json,20,44221,576674,31044.75,18151.1,13.565,179.6,20,20
confianza,voz05,repeticiones emparejadas,llamacpp,llamacpp,12b_06b_np8,01,gemma4:12b,embed,docs_rag_qwen3_06b,2026-07-04 18:03:41,confianza/llamacpp/12b_06b_np8/run_01/sweep.json,25,55623,869306,36997.16,24147.2,10.46,158.4,25,25
confianza,voz05,repeticiones emparejadas,llamacpp,llamacpp,12b_06b_np8,05,gemma4:12b,embed,docs_rag_qwen3_06b,2026-07-04 18:15:36,confianza/llamacpp/12b_06b_np8/run_05/sweep.json,1,3762,0,3762,2658,26.8,26.8,1,1
confianza,voz05,repeticiones emparejadas,llamacpp,llamacpp,12b_06b_np8,05,gemma4:12b,embed,docs_rag_qwen3_06b,2026-07-04 18:15:36,confianza/llamacpp/12b_06b_np8/run_05/sweep.json,5,13348,43317,11333,4297.6,17.28,76.8,5,5
confianza,voz05,repeticiones emparejadas,llamacpp,llamacpp,12b_06b_np8,05,gemma4:12b,embed,docs_rag_qwen3_06b,2026-07-04 18:15:36,confianza/llamacpp/12b_06b_np8/run_05/sweep.json,10,21252,155506,17675.8,7615.6,14.73,126.7,10,10
confianza,voz05,repeticiones emparejadas,llamacpp,llamacpp,12b_06b_np8,05,gemma4:12b,embed,docs_rag_qwen3_06b,2026-07-04 18:15:36,confianza/llamacpp/12b_06b_np8/run_05/sweep.json,15,36089,321844,23862.2,11559.8,13.826666666666666,139.0,15,15
confianza,voz05,repeticiones emparejadas,llamacpp,llamacpp,12b_06b_np8,05,gemma4:12b,embed,docs_rag_qwen3_06b,2026-07-04 18:15:36,confianza/llamacpp/12b_06b_np8/run_05/sweep.json,20,47234,633164,34019.9,20883.85,10.385,143.9,20,20
confianza,voz05,repeticiones emparejadas,llamacpp,llamacpp,12b_06b_np8,05,gemma4:12b,embed,docs_rag_qwen3_06b,2026-07-04 18:15:36,confianza/llamacpp/12b_06b_np8/run_05/sweep.json,25,57470,952704,40406.96,27104.12,8.428,139.3,25,25
confianza,voz05,repeticiones emparejadas,llamacpp,llamacpp,12b_06b_np8,07,gemma4:12b,embed,docs_rag_qwen3_06b,2026-07-04 18:21:19,confianza/llamacpp/12b_06b_np8/run_07/sweep.json,1,5325,0,5325,2450,64.0,64.0,1,1
confianza,voz05,repeticiones emparejadas,llamacpp,llamacpp,12b_06b_np8,07,gemma4:12b,embed,docs_rag_qwen3_06b,2026-07-04 18:21:19,confianza/llamacpp/12b_06b_np8/run_07/sweep.json,5,15592,46491,12416.6,3900.8,23.38,106.1,5,5
confianza,voz05,repeticiones emparejadas,llamacpp,llamacpp,12b_06b_np8,07,gemma4:12b,embed,docs_rag_qwen3_06b,2026-07-04 18:21:19,confianza/llamacpp/12b_06b_np8/run_07/sweep.json,10,22624,157720,18034.4,6724.5,15.77,138.4,10,10
confianza,voz05,repeticiones emparejadas,llamacpp,llamacpp,12b_06b_np8,07,gemma4:12b,embed,docs_rag_qwen3_06b,2026-07-04 18:21:19,confianza/llamacpp/12b_06b_np8/run_07/sweep.json,15,32011,325105,23807.733333333334,12317.466666666667,13.026666666666667,147.0,15,15
confianza,voz05,repeticiones emparejadas,llamacpp,llamacpp,12b_06b_np8,07,gemma4:12b,embed,docs_rag_qwen3_06b,2026-07-04 18:21:19,confianza/llamacpp/12b_06b_np8/run_07/sweep.json,20,43159,535042,28910.05,16749.7,11.945,157.7,20,20
confianza,voz05,repeticiones emparejadas,llamacpp,llamacpp,12b_06b_np8,07,gemma4:12b,embed,docs_rag_qwen3_06b,2026-07-04 18:21:19,confianza/llamacpp/12b_06b_np8/run_07/sweep.json,25,58509,955998,40580.28,26498.92,9.7,155.1,25,25
confianza,voz05,repeticiones emparejadas,llamacpp,llamacpp,12b_06b_np8,06,gemma4:12b,embed,docs_rag_qwen3_06b,2026-07-04 18:18:35,confianza/llamacpp/12b_06b_np8/run_06/sweep.json,1,2748,0,2748,2403,8.4,8.4,1,1
confianza,voz05,repeticiones emparejadas,llamacpp,llamacpp,12b_06b_np8,06,gemma4:12b,embed,docs_rag_qwen3_06b,2026-07-04 18:18:35,confianza/llamacpp/12b_06b_np8/run_06/sweep.json,5,17820,56283,14820.6,4898.2,20.36,90.0,5,5
confianza,voz05,repeticiones emparejadas,llamacpp,llamacpp,12b_06b_np8,06,gemma4:12b,embed,docs_rag_qwen3_06b,2026-07-04 18:18:35,confianza/llamacpp/12b_06b_np8/run_06/sweep.json,10,20730,143824,16455.4,6495.8,13.19,114.2,10,10
confianza,voz05,repeticiones emparejadas,llamacpp,llamacpp,12b_06b_np8,06,gemma4:12b,embed,docs_rag_qwen3_06b,2026-07-04 18:18:35,confianza/llamacpp/12b_06b_np8/run_06/sweep.json,15,27730,280017,20516.466666666667,10386.133333333333,11.96,133.2,15,15
confianza,voz05,repeticiones emparejadas,llamacpp,llamacpp,12b_06b_np8,06,gemma4:12b,embed,docs_rag_qwen3_06b,2026-07-04 18:18:35,confianza/llamacpp/12b_06b_np8/run_06/sweep.json,20,39980,527984,28398.2,18289.1,9.405,136.0,20,20
confianza,voz05,repeticiones emparejadas,llamacpp,llamacpp,12b_06b_np8,06,gemma4:12b,embed,docs_rag_qwen3_06b,2026-07-04 18:18:35,confianza/llamacpp/12b_06b_np8/run_06/sweep.json,25,54474,836012,35619.44,22850.68,8.6,139.8,25,25
confianza,voz05,repeticiones emparejadas,llamacpp,llamacpp,12b_06b_np8,10,gemma4:12b,embed,docs_rag_qwen3_06b,2026-07-04 18:30:04,confianza/llamacpp/12b_06b_np8/run_10/sweep.json,1,4479,0,4479,2646,47.3,47.3,1,1
confianza,voz05,repeticiones emparejadas,llamacpp,llamacpp,12b_06b_np8,10,gemma4:12b,embed,docs_rag_qwen3_06b,2026-07-04 18:30:04,confianza/llamacpp/12b_06b_np8/run_10/sweep.json,5,12854,39930,10556.8,4792,16.7,75.9,5,5
confianza,voz05,repeticiones emparejadas,llamacpp,llamacpp,12b_06b_np8,10,gemma4:12b,embed,docs_rag_qwen3_06b,2026-07-04 18:30:04,confianza/llamacpp/12b_06b_np8/run_10/sweep.json,10,22433,145961,16839.4,6600.5,14.290000000000001,117.3,10,10
confianza,voz05,repeticiones emparejadas,llamacpp,llamacpp,12b_06b_np8,10,gemma4:12b,embed,docs_rag_qwen3_06b,2026-07-04 18:30:04,confianza/llamacpp/12b_06b_np8/run_10/sweep.json,15,28740,266528,19684.533333333333,10000.6,15.18,166.3,15,15
confianza,voz05,repeticiones emparejadas,llamacpp,llamacpp,12b_06b_np8,10,gemma4:12b,embed,docs_rag_qwen3_06b,2026-07-04 18:30:04,confianza/llamacpp/12b_06b_np8/run_10/sweep.json,20,46281,578415,31234.8,18088,11.97,155.6,20,20
confianza,voz05,repeticiones emparejadas,llamacpp,llamacpp,12b_06b_np8,10,gemma4:12b,embed,docs_rag_qwen3_06b,2026-07-04 18:30:04,confianza/llamacpp/12b_06b_np8/run_10/sweep.json,25,57258,834808,35682.64,22411.96,10.884,160.9,25,25
confianza,voz05,repeticiones emparejadas,llamacpp,llamacpp,12b_06b_np8,09,gemma4:12b,embed,docs_rag_qwen3_06b,2026-07-04 18:27:10,confianza/llamacpp/12b_06b_np8/run_09/sweep.json,1,7392,-1,7391,3009,58.9,58.8,1,1
confianza,voz05,repeticiones emparejadas,llamacpp,llamacpp,12b_06b_np8,09,gemma4:12b,embed,docs_rag_qwen3_06b,2026-07-04 18:27:10,confianza/llamacpp/12b_06b_np8/run_09/sweep.json,5,16627,53886,14102.6,5823,18.86,84.7,5,5
confianza,voz05,repeticiones emparejadas,llamacpp,llamacpp,12b_06b_np8,09,gemma4:12b,embed,docs_rag_qwen3_06b,2026-07-04 18:27:10,confianza/llamacpp/12b_06b_np8/run_09/sweep.json,10,20983,150346,17132.9,6633.1,16.93,144.4,10,10
confianza,voz05,repeticiones emparejadas,llamacpp,llamacpp,12b_06b_np8,09,gemma4:12b,embed,docs_rag_qwen3_06b,2026-07-04 18:27:10,confianza/llamacpp/12b_06b_np8/run_09/sweep.json,15,34214,354678,25926.133333333335,13523.2,12.806666666666667,143.6,15,15
confianza,voz05,repeticiones emparejadas,llamacpp,llamacpp,12b_06b_np8,09,gemma4:12b,embed,docs_rag_qwen3_06b,2026-07-04 18:27:10,confianza/llamacpp/12b_06b_np8/run_09/sweep.json,20,42067,522913,28249,16682.8,11.705,149.7,20,20
confianza,voz05,repeticiones emparejadas,llamacpp,llamacpp,12b_06b_np8,09,gemma4:12b,embed,docs_rag_qwen3_06b,2026-07-04 18:27:10,confianza/llamacpp/12b_06b_np8/run_09/sweep.json,25,53041,838670,35668.44,23698.44,9.52,150.2,25,25
confianza,voz05,repeticiones emparejadas,llamacpp,llamacpp,12b_06b_np8,08,gemma4:12b,embed,docs_rag_qwen3_06b,2026-07-04 18:24:17,confianza/llamacpp/12b_06b_np8/run_08/sweep.json,1,6079,0,6079,2850,50.2,50.2,1,1
confianza,voz05,repeticiones emparejadas,llamacpp,llamacpp,12b_06b_np8,08,gemma4:12b,embed,docs_rag_qwen3_06b,2026-07-04 18:24:17,confianza/llamacpp/12b_06b_np8/run_08/sweep.json,5,18941,63134,16415,4987.4,17.82,79.1,5,5
confianza,voz05,repeticiones emparejadas,llamacpp,llamacpp,12b_06b_np8,08,gemma4:12b,embed,docs_rag_qwen3_06b,2026-07-04 18:24:17,confianza/llamacpp/12b_06b_np8/run_08/sweep.json,10,22814,151259,17407.3,7212.7,15.47,123.1,10,10
confianza,voz05,repeticiones emparejadas,llamacpp,llamacpp,12b_06b_np8,08,gemma4:12b,embed,docs_rag_qwen3_06b,2026-07-04 18:24:17,confianza/llamacpp/12b_06b_np8/run_08/sweep.json,15,33602,322401,23733.533333333333,11617.133333333333,12.246666666666666,133.9,15,15
confianza,voz05,repeticiones emparejadas,llamacpp,llamacpp,12b_06b_np8,08,gemma4:12b,embed,docs_rag_qwen3_06b,2026-07-04 18:24:17,confianza/llamacpp/12b_06b_np8/run_08/sweep.json,20,37126,512996,27506.1,17238.85,10.07,146.3,20,20
confianza,voz05,repeticiones emparejadas,llamacpp,llamacpp,12b_06b_np8,08,gemma4:12b,embed,docs_rag_qwen3_06b,2026-07-04 18:24:17,confianza/llamacpp/12b_06b_np8/run_08/sweep.json,25,53956,819831,34951.48,22916.16,9.268,142.7,25,25
confianza,voz05,repeticiones emparejadas,llamacpp,llamacpp,12b_06b_np8,03,gemma4:12b,embed,docs_rag_qwen3_06b,2026-07-04 18:09:19,confianza/llamacpp/12b_06b_np8/run_03/sweep.json,1,6385,0,6385,2761,55.9,55.9,1,1
confianza,voz05,repeticiones emparejadas,llamacpp,llamacpp,12b_06b_np8,03,gemma4:12b,embed,docs_rag_qwen3_06b,2026-07-04 18:09:19,confianza/llamacpp/12b_06b_np8/run_03/sweep.json,5,20102,66739,17368.2,5372,26.24,115.7,5,5
confianza,voz05,repeticiones emparejadas,llamacpp,llamacpp,12b_06b_np8,03,gemma4:12b,embed,docs_rag_qwen3_06b,2026-07-04 18:09:19,confianza/llamacpp/12b_06b_np8/run_03/sweep.json,10,29189,209453,23864.2,9289.4,16.8,138.4,10,10
confianza,voz05,repeticiones emparejadas,llamacpp,llamacpp,12b_06b_np8,03,gemma4:12b,embed,docs_rag_qwen3_06b,2026-07-04 18:09:19,confianza/llamacpp/12b_06b_np8/run_03/sweep.json,15,38200,366581,26985.4,13251.266666666666,14.306666666666667,147.2,15,15
confianza,voz05,repeticiones emparejadas,llamacpp,llamacpp,12b_06b_np8,03,gemma4:12b,embed,docs_rag_qwen3_06b,2026-07-04 18:09:19,confianza/llamacpp/12b_06b_np8/run_03/sweep.json,20,43864,532092,28797.8,16175.1,14.615,173.7,20,20
confianza,voz05,repeticiones emparejadas,llamacpp,llamacpp,12b_06b_np8,03,gemma4:12b,embed,docs_rag_qwen3_06b,2026-07-04 18:09:19,confianza/llamacpp/12b_06b_np8/run_03/sweep.json,25,70013,1081011,46040.96,29329.16,9.62,149.0,25,25
confianza,voz05,repeticiones emparejadas,llamacpp,llamacpp,12b_06b_np8,02,gemma4:12b,embed,docs_rag_qwen3_06b,2026-07-04 18:06:39,confianza/llamacpp/12b_06b_np8/run_02/sweep.json,1,3012,0,3012,2150,21.6,21.6,1,1
confianza,voz05,repeticiones emparejadas,llamacpp,llamacpp,12b_06b_np8,02,gemma4:12b,embed,docs_rag_qwen3_06b,2026-07-04 18:06:39,confianza/llamacpp/12b_06b_np8/run_02/sweep.json,5,15001,49037,12807.6,5371.4,18.259999999999998,82.9,5,5
confianza,voz05,repeticiones emparejadas,llamacpp,llamacpp,12b_06b_np8,02,gemma4:12b,embed,docs_rag_qwen3_06b,2026-07-04 18:06:39,confianza/llamacpp/12b_06b_np8/run_02/sweep.json,10,20481,143054,16353.5,7086.1,15.11,124.0,10,10
confianza,voz05,repeticiones emparejadas,llamacpp,llamacpp,12b_06b_np8,02,gemma4:12b,embed,docs_rag_qwen3_06b,2026-07-04 18:06:39,confianza/llamacpp/12b_06b_np8/run_02/sweep.json,15,29678,292636,21487.6,11454.4,13.42,142.3,15,15
confianza,voz05,repeticiones emparejadas,llamacpp,llamacpp,12b_06b_np8,02,gemma4:12b,embed,docs_rag_qwen3_06b,2026-07-04 18:06:39,confianza/llamacpp/12b_06b_np8/run_02/sweep.json,20,38218,517115,27766.65,16872.9,11.67,162.2,20,20
confianza,voz05,repeticiones emparejadas,llamacpp,llamacpp,12b_06b_np8,02,gemma4:12b,embed,docs_rag_qwen3_06b,2026-07-04 18:06:39,confianza/llamacpp/12b_06b_np8/run_02/sweep.json,25,53430,843985,35896.6,23739.8,8.644,137.4,25,25
confianza,voz05,repeticiones emparejadas,llamacpp,llamacpp,12b_06b_np4,04,gemma4:12b,embed,docs_rag_qwen3_06b,2026-07-04 19:12:13,confianza/llamacpp/12b_06b_np4/run_04/sweep.json,1,3341,0,3341,2237,31.1,31.1,1,1
confianza,voz05,repeticiones emparejadas,llamacpp,llamacpp,12b_06b_np4,04,gemma4:12b,embed,docs_rag_qwen3_06b,2026-07-04 19:12:13,confianza/llamacpp/12b_06b_np4/run_04/sweep.json,5,12803,29717,8504,3160,40.6,146.2,5,5
confianza,voz05,repeticiones emparejadas,llamacpp,llamacpp,12b_06b_np4,04,gemma4:12b,embed,docs_rag_qwen3_06b,2026-07-04 19:12:13,confianza/llamacpp/12b_06b_np4/run_04/sweep.json,10,22706,129743,15244.9,8690.4,24.79,152.9,10,10
confianza,voz05,repeticiones emparejadas,llamacpp,llamacpp,12b_06b_np4,04,gemma4:12b,embed,docs_rag_qwen3_06b,2026-07-04 19:12:13,confianza/llamacpp/12b_06b_np4/run_04/sweep.json,15,35144,327692,24189.066666666666,17074.2,14.526666666666667,138.7,15,15
confianza,voz05,repeticiones emparejadas,llamacpp,llamacpp,12b_06b_np4,04,gemma4:12b,embed,docs_rag_qwen3_06b,2026-07-04 19:12:13,confianza/llamacpp/12b_06b_np4/run_04/sweep.json,20,37623,427803,23271.3,17807.7,15.35,173.4,20,20
confianza,voz05,repeticiones emparejadas,llamacpp,llamacpp,12b_06b_np4,04,gemma4:12b,embed,docs_rag_qwen3_06b,2026-07-04 19:12:13,confianza/llamacpp/12b_06b_np4/run_04/sweep.json,25,56079,809816,34635.8,27614.2,9.88,131.9,25,25
confianza,voz05,repeticiones emparejadas,llamacpp,llamacpp,12b_06b_np4,01,gemma4:12b,embed,docs_rag_qwen3_06b,2026-07-04 19:03:22,confianza/llamacpp/12b_06b_np4/run_01/sweep.json,1,4376,0,4376,1442,79.1,79.1,1,1
confianza,voz05,repeticiones emparejadas,llamacpp,llamacpp,12b_06b_np4,01,gemma4:12b,embed,docs_rag_qwen3_06b,2026-07-04 19:03:22,confianza/llamacpp/12b_06b_np4/run_01/sweep.json,5,12978,38550,10305.6,4851,29.28,116.0,5,5
confianza,voz05,repeticiones emparejadas,llamacpp,llamacpp,12b_06b_np4,01,gemma4:12b,embed,docs_rag_qwen3_06b,2026-07-04 19:03:22,confianza/llamacpp/12b_06b_np4/run_01/sweep.json,10,24037,134545,15858.2,9434.3,24.95,156.0,10,10
confianza,voz05,repeticiones emparejadas,llamacpp,llamacpp,12b_06b_np4,01,gemma4:12b,embed,docs_rag_qwen3_06b,2026-07-04 19:03:22,confianza/llamacpp/12b_06b_np4/run_01/sweep.json,15,37316,319599,23794.333333333332,16614.466666666667,18.233333333333334,158.1,15,15
confianza,voz05,repeticiones emparejadas,llamacpp,llamacpp,12b_06b_np4,01,gemma4:12b,embed,docs_rag_qwen3_06b,2026-07-04 19:03:22,confianza/llamacpp/12b_06b_np4/run_01/sweep.json,20,49954,567760,30885.7,23039.45,15.64,164.3,20,20
confianza,voz05,repeticiones emparejadas,llamacpp,llamacpp,12b_06b_np4,01,gemma4:12b,embed,docs_rag_qwen3_06b,2026-07-04 19:03:22,confianza/llamacpp/12b_06b_np4/run_01/sweep.json,25,60568,890766,38053.36,30466.36,11.704,156.2,25,25
confianza,voz05,repeticiones emparejadas,llamacpp,llamacpp,12b_06b_np4,05,gemma4:12b,embed,docs_rag_qwen3_06b,2026-07-04 19:15:01,confianza/llamacpp/12b_06b_np4/run_05/sweep.json,1,3857,0,3857,2352,37.6,37.6,1,1
confianza,voz05,repeticiones emparejadas,llamacpp,llamacpp,12b_06b_np4,05,gemma4:12b,embed,docs_rag_qwen3_06b,2026-07-04 19:15:01,confianza/llamacpp/12b_06b_np4/run_05/sweep.json,5,8926,28208,7426.8,3320.6,28.86,121.6,5,5
confianza,voz05,repeticiones emparejadas,llamacpp,llamacpp,12b_06b_np4,05,gemma4:12b,embed,docs_rag_qwen3_06b,2026-07-04 19:15:01,confianza/llamacpp/12b_06b_np4/run_05/sweep.json,10,23636,141277,16491.3,9910.4,16.37,106.6,10,10
confianza,voz05,repeticiones emparejadas,llamacpp,llamacpp,12b_06b_np4,05,gemma4:12b,embed,docs_rag_qwen3_06b,2026-07-04 19:15:01,confianza/llamacpp/12b_06b_np4/run_05/sweep.json,15,32460,296354,21920.933333333334,15437.4,16.08,147.0,15,15
confianza,voz05,repeticiones emparejadas,llamacpp,llamacpp,12b_06b_np4,05,gemma4:12b,embed,docs_rag_qwen3_06b,2026-07-04 19:15:01,confianza/llamacpp/12b_06b_np4/run_05/sweep.json,20,43083,510044,27656.35,21129.95,14.4,161.8,20,20
confianza,voz05,repeticiones emparejadas,llamacpp,llamacpp,12b_06b_np4,05,gemma4:12b,embed,docs_rag_qwen3_06b,2026-07-04 19:15:01,confianza/llamacpp/12b_06b_np4/run_05/sweep.json,25,56529,742833,31974.48,25029.72,12.268,145.5,25,25
confianza,voz05,repeticiones emparejadas,llamacpp,llamacpp,12b_06b_np4,07,gemma4:12b,embed,docs_rag_qwen3_06b,2026-07-04 19:20:36,confianza/llamacpp/12b_06b_np4/run_07/sweep.json,1,8797,0,8797,2119,87.4,87.4,1,1
confianza,voz05,repeticiones emparejadas,llamacpp,llamacpp,12b_06b_np4,07,gemma4:12b,embed,docs_rag_qwen3_06b,2026-07-04 19:20:36,confianza/llamacpp/12b_06b_np4/run_07/sweep.json,5,14411,37912,10464.6,3811.2,32.76,137.3,5,5
confianza,voz05,repeticiones emparejadas,llamacpp,llamacpp,12b_06b_np4,07,gemma4:12b,embed,docs_rag_qwen3_06b,2026-07-04 19:20:36,confianza/llamacpp/12b_06b_np4/run_07/sweep.json,10,22661,143872,16653.3,9922.2,18.47,132.0,10,10
confianza,voz05,repeticiones emparejadas,llamacpp,llamacpp,12b_06b_np4,07,gemma4:12b,embed,docs_rag_qwen3_06b,2026-07-04 19:20:36,confianza/llamacpp/12b_06b_np4/run_07/sweep.json,15,36332,330487,24454.6,16978.066666666666,15.266666666666666,136.8,15,15
confianza,voz05,repeticiones emparejadas,llamacpp,llamacpp,12b_06b_np4,07,gemma4:12b,embed,docs_rag_qwen3_06b,2026-07-04 19:20:36,confianza/llamacpp/12b_06b_np4/run_07/sweep.json,20,39267,435414,23734.05,17801.5,14.965,168.8,20,20
confianza,voz05,repeticiones emparejadas,llamacpp,llamacpp,12b_06b_np4,07,gemma4:12b,embed,docs_rag_qwen3_06b,2026-07-04 19:20:36,confianza/llamacpp/12b_06b_np4/run_07/sweep.json,25,59251,820130,35175.24,27975.92,10.040000000000001,135.9,25,25
confianza,voz05,repeticiones emparejadas,llamacpp,llamacpp,12b_06b_np4,06,gemma4:12b,embed,docs_rag_qwen3_06b,2026-07-04 19:17:50,confianza/llamacpp/12b_06b_np4/run_06/sweep.json,1,2277,0,2277,1983,7.9,7.9,1,1
confianza,voz05,repeticiones emparejadas,llamacpp,llamacpp,12b_06b_np4,06,gemma4:12b,embed,docs_rag_qwen3_06b,2026-07-04 19:17:50,confianza/llamacpp/12b_06b_np4/run_06/sweep.json,5,13281,35406,9737.4,3714.8,26.619999999999997,110.4,5,5
confianza,voz05,repeticiones emparejadas,llamacpp,llamacpp,12b_06b_np4,06,gemma4:12b,embed,docs_rag_qwen3_06b,2026-07-04 19:17:50,confianza/llamacpp/12b_06b_np4/run_06/sweep.json,10,21691,147819,16951,10714,15.89,117.8,10,10
confianza,voz05,repeticiones emparejadas,llamacpp,llamacpp,12b_06b_np4,06,gemma4:12b,embed,docs_rag_qwen3_06b,2026-07-04 19:17:50,confianza/llamacpp/12b_06b_np4/run_06/sweep.json,15,30401,292915,21554.4,15709.533333333333,12.553333333333333,123.0,15,15
confianza,voz05,repeticiones emparejadas,llamacpp,llamacpp,12b_06b_np4,06,gemma4:12b,embed,docs_rag_qwen3_06b,2026-07-04 19:17:50,confianza/llamacpp/12b_06b_np4/run_06/sweep.json,20,40557,486092,26332.45,20362.5,11.615,134.4,20,20
confianza,voz05,repeticiones emparejadas,llamacpp,llamacpp,12b_06b_np4,06,gemma4:12b,embed,docs_rag_qwen3_06b,2026-07-04 19:17:50,confianza/llamacpp/12b_06b_np4/run_06/sweep.json,25,57194,833889,35643.32,28721.72,10.188,135.5,25,25
confianza,voz05,repeticiones emparejadas,llamacpp,llamacpp,12b_06b_np4,10,gemma4:12b,embed,docs_rag_qwen3_06b,2026-07-04 19:29:03,confianza/llamacpp/12b_06b_np4/run_10/sweep.json,1,4991,0,4991,2466,54.1,54.1,1,1
confianza,voz05,repeticiones emparejadas,llamacpp,llamacpp,12b_06b_np4,10,gemma4:12b,embed,docs_rag_qwen3_06b,2026-07-04 19:29:03,confianza/llamacpp/12b_06b_np4/run_10/sweep.json,5,8826,29015,7568.2,3215.2,27.34,130.8,5,5
confianza,voz05,repeticiones emparejadas,llamacpp,llamacpp,12b_06b_np4,10,gemma4:12b,embed,docs_rag_qwen3_06b,2026-07-04 19:29:03,confianza/llamacpp/12b_06b_np4/run_10/sweep.json,10,21722,110316,13203.8,7458.3,20.47,120.9,10,10
confianza,voz05,repeticiones emparejadas,llamacpp,llamacpp,12b_06b_np4,10,gemma4:12b,embed,docs_rag_qwen3_06b,2026-07-04 19:29:03,confianza/llamacpp/12b_06b_np4/run_10/sweep.json,15,32181,260693,19524.933333333334,13377.4,18.240000000000002,160.0,15,15
confianza,voz05,repeticiones emparejadas,llamacpp,llamacpp,12b_06b_np4,10,gemma4:12b,embed,docs_rag_qwen3_06b,2026-07-04 19:29:03,confianza/llamacpp/12b_06b_np4/run_10/sweep.json,20,43918,478983,26145.05,19319,14.415,156.0,20,20
confianza,voz05,repeticiones emparejadas,llamacpp,llamacpp,12b_06b_np4,10,gemma4:12b,embed,docs_rag_qwen3_06b,2026-07-04 19:29:03,confianza/llamacpp/12b_06b_np4/run_10/sweep.json,25,56274,865349,36864.92,29726.72,10.836,154.6,25,25
confianza,voz05,repeticiones emparejadas,llamacpp,llamacpp,12b_06b_np4,09,gemma4:12b,embed,docs_rag_qwen3_06b,2026-07-04 19:26:13,confianza/llamacpp/12b_06b_np4/run_09/sweep.json,1,6788,0,6788,2707,61.9,61.9,1,1
confianza,voz05,repeticiones emparejadas,llamacpp,llamacpp,12b_06b_np4,09,gemma4:12b,embed,docs_rag_qwen3_06b,2026-07-04 19:26:13,confianza/llamacpp/12b_06b_np4/run_09/sweep.json,5,12421,37830,10050.2,4765.2,25.48,110.6,5,5
confianza,voz05,repeticiones emparejadas,llamacpp,llamacpp,12b_06b_np4,09,gemma4:12b,embed,docs_rag_qwen3_06b,2026-07-04 19:26:13,confianza/llamacpp/12b_06b_np4/run_09/sweep.json,10,21191,125883,14707.4,8607,22.56,149.2,10,10
confianza,voz05,repeticiones emparejadas,llamacpp,llamacpp,12b_06b_np4,09,gemma4:12b,embed,docs_rag_qwen3_06b,2026-07-04 19:26:13,confianza/llamacpp/12b_06b_np4/run_09/sweep.json,15,33118,273535,20443.533333333333,14032.333333333334,16.333333333333332,138.5,15,15
confianza,voz05,repeticiones emparejadas,llamacpp,llamacpp,12b_06b_np4,09,gemma4:12b,embed,docs_rag_qwen3_06b,2026-07-04 19:26:13,confianza/llamacpp/12b_06b_np4/run_09/sweep.json,20,40252,470543,25539.75,19442.8,15.69,162.7,20,20
confianza,voz05,repeticiones emparejadas,llamacpp,llamacpp,12b_06b_np4,09,gemma4:12b,embed,docs_rag_qwen3_06b,2026-07-04 19:26:13,confianza/llamacpp/12b_06b_np4/run_09/sweep.json,25,56159,850000,36246.36,29581.28,9.58,129.8,25,25
confianza,voz05,repeticiones emparejadas,llamacpp,llamacpp,12b_06b_np4,08,gemma4:12b,embed,docs_rag_qwen3_06b,2026-07-04 19:23:37,confianza/llamacpp/12b_06b_np4/run_08/sweep.json,1,5698,0,5698,2510,52.3,52.3,1,1
confianza,voz05,repeticiones emparejadas,llamacpp,llamacpp,12b_06b_np4,08,gemma4:12b,embed,docs_rag_qwen3_06b,2026-07-04 19:23:37,confianza/llamacpp/12b_06b_np4/run_08/sweep.json,5,11058,36542,9520,4038.2,29.64,127.9,5,5
confianza,voz05,repeticiones emparejadas,llamacpp,llamacpp,12b_06b_np4,08,gemma4:12b,embed,docs_rag_qwen3_06b,2026-07-04 19:23:37,confianza/llamacpp/12b_06b_np4/run_08/sweep.json,10,19023,115499,13452.2,8322.4,20.68,138.5,10,10
confianza,voz05,repeticiones emparejadas,llamacpp,llamacpp,12b_06b_np4,08,gemma4:12b,embed,docs_rag_qwen3_06b,2026-07-04 19:23:37,confianza/llamacpp/12b_06b_np4/run_08/sweep.json,15,32290,305392,22512.133333333335,15956,14.92,140.2,15,15
confianza,voz05,repeticiones emparejadas,llamacpp,llamacpp,12b_06b_np4,08,gemma4:12b,embed,docs_rag_qwen3_06b,2026-07-04 19:23:37,confianza/llamacpp/12b_06b_np4/run_08/sweep.json,20,36264,432604,23443.4,18106.65,12.725,152.4,20,20
confianza,voz05,repeticiones emparejadas,llamacpp,llamacpp,12b_06b_np4,08,gemma4:12b,embed,docs_rag_qwen3_06b,2026-07-04 19:23:37,confianza/llamacpp/12b_06b_np4/run_08/sweep.json,25,51004,712074,30523.12,24560.08,11.408,142.9,25,25
confianza,voz05,repeticiones emparejadas,llamacpp,llamacpp,12b_06b_np4,03,gemma4:12b,embed,docs_rag_qwen3_06b,2026-07-04 19:09:03,confianza/llamacpp/12b_06b_np4/run_03/sweep.json,1,5375,0,5375,1992,71.3,71.3,1,1
confianza,voz05,repeticiones emparejadas,llamacpp,llamacpp,12b_06b_np4,03,gemma4:12b,embed,docs_rag_qwen3_06b,2026-07-04 19:09:03,confianza/llamacpp/12b_06b_np4/run_03/sweep.json,5,16488,55328,14363.2,5437.2,32.62,140.3,5,5
confianza,voz05,repeticiones emparejadas,llamacpp,llamacpp,12b_06b_np4,03,gemma4:12b,embed,docs_rag_qwen3_06b,2026-07-04 19:09:03,confianza/llamacpp/12b_06b_np4/run_03/sweep.json,10,27663,159916,18757.9,10105,27.71,163.6,10,10
confianza,voz05,repeticiones emparejadas,llamacpp,llamacpp,12b_06b_np4,03,gemma4:12b,embed,docs_rag_qwen3_06b,2026-07-04 19:09:03,confianza/llamacpp/12b_06b_np4/run_03/sweep.json,15,33776,299555,22222.066666666666,15339.066666666668,19.393333333333334,175.0,15,15
confianza,voz05,repeticiones emparejadas,llamacpp,llamacpp,12b_06b_np4,03,gemma4:12b,embed,docs_rag_qwen3_06b,2026-07-04 19:09:03,confianza/llamacpp/12b_06b_np4/run_03/sweep.json,20,46317,520724,28352.05,20972.35,16.935,168.6,20,20
confianza,voz05,repeticiones emparejadas,llamacpp,llamacpp,12b_06b_np4,03,gemma4:12b,embed,docs_rag_qwen3_06b,2026-07-04 19:09:03,confianza/llamacpp/12b_06b_np4/run_03/sweep.json,25,60389,850175,36422.56,28629.88,13.24,165.7,25,25
confianza,voz05,repeticiones emparejadas,llamacpp,llamacpp,12b_06b_np4,02,gemma4:12b,embed,docs_rag_qwen3_06b,2026-07-04 19:06:32,confianza/llamacpp/12b_06b_np4/run_02/sweep.json,1,3493,0,3493,2547,19.2,19.2,1,1
confianza,voz05,repeticiones emparejadas,llamacpp,llamacpp,12b_06b_np4,02,gemma4:12b,embed,docs_rag_qwen3_06b,2026-07-04 19:06:32,confianza/llamacpp/12b_06b_np4/run_02/sweep.json,5,11166,34339,9101,4215.2,24.439999999999998,106.0,5,5
confianza,voz05,repeticiones emparejadas,llamacpp,llamacpp,12b_06b_np4,02,gemma4:12b,embed,docs_rag_qwen3_06b,2026-07-04 19:06:32,confianza/llamacpp/12b_06b_np4/run_02/sweep.json,10,18347,115897,13424.4,8205.3,20.49,144.8,10,10
confianza,voz05,repeticiones emparejadas,llamacpp,llamacpp,12b_06b_np4,02,gemma4:12b,embed,docs_rag_qwen3_06b,2026-07-04 19:06:32,confianza/llamacpp/12b_06b_np4/run_02/sweep.json,15,31797,291424,21548.066666666666,15528.8,15.253333333333334,149.0,15,15
confianza,voz05,repeticiones emparejadas,llamacpp,llamacpp,12b_06b_np4,02,gemma4:12b,embed,docs_rag_qwen3_06b,2026-07-04 19:06:32,confianza/llamacpp/12b_06b_np4/run_02/sweep.json,20,41819,437212,23951.55,17639.05,13.77,147.2,20,20
confianza,voz05,repeticiones emparejadas,llamacpp,llamacpp,12b_06b_np4,02,gemma4:12b,embed,docs_rag_qwen3_06b,2026-07-04 19:06:32,confianza/llamacpp/12b_06b_np4/run_02/sweep.json,25,44120,621818,26637.52,21568.4,10.188,141.0,25,25
confianza,voz05,repeticiones emparejadas,llamacpp,llamacpp,12b_4b_np4,04,gemma4:12b,embed,docs_rag_qwen3,2026-07-04 19:41:40,confianza/llamacpp/12b_4b_np4/run_04/sweep.json,1,3965,0,3965,2411,38.1,38.1,1,1
confianza,voz05,repeticiones emparejadas,llamacpp,llamacpp,12b_4b_np4,04,gemma4:12b,embed,docs_rag_qwen3,2026-07-04 19:41:40,confianza/llamacpp/12b_4b_np4/run_04/sweep.json,5,14557,26484,8208.2,3266.8,32.660000000000004,106.1,5,5
confianza,voz05,repeticiones emparejadas,llamacpp,llamacpp,12b_4b_np4,04,gemma4:12b,embed,docs_rag_qwen3,2026-07-04 19:41:40,confianza/llamacpp/12b_4b_np4/run_04/sweep.json,10,23723,144251,16797.4,9947.8,21.85,150.8,10,10
confianza,voz05,repeticiones emparejadas,llamacpp,llamacpp,12b_4b_np4,04,gemma4:12b,embed,docs_rag_qwen3,2026-07-04 19:41:40,confianza/llamacpp/12b_4b_np4/run_04/sweep.json,15,33063,307750,22720.866666666665,16526.733333333334,13.72,140.8,15,15
confianza,voz05,repeticiones emparejadas,llamacpp,llamacpp,12b_4b_np4,04,gemma4:12b,embed,docs_rag_qwen3,2026-07-04 19:41:40,confianza/llamacpp/12b_4b_np4/run_04/sweep.json,20,35113,396874,21599.35,16229.5,16.405,186.2,20,20
confianza,voz05,repeticiones emparejadas,llamacpp,llamacpp,12b_4b_np4,04,gemma4:12b,embed,docs_rag_qwen3,2026-07-04 19:41:40,confianza/llamacpp/12b_4b_np4/run_04/sweep.json,25,55922,806998,34516.8,27622,10.616,141.6,25,25
confianza,voz05,repeticiones emparejadas,llamacpp,llamacpp,12b_4b_np4,01,gemma4:12b,embed,docs_rag_qwen3,2026-07-04 19:31:55,confianza/llamacpp/12b_4b_np4/run_01/sweep.json,1,4220,0,4220,1477,78.0,78.0,1,1
confianza,voz05,repeticiones emparejadas,llamacpp,llamacpp,12b_4b_np4,01,gemma4:12b,embed,docs_rag_qwen3,2026-07-04 19:31:55,confianza/llamacpp/12b_4b_np4/run_01/sweep.json,5,18111,46096,12841.4,5192.6,30.66,112.4,5,5
confianza,voz05,repeticiones emparejadas,llamacpp,llamacpp,12b_4b_np4,01,gemma4:12b,embed,docs_rag_qwen3,2026-07-04 19:31:55,confianza/llamacpp/12b_4b_np4/run_01/sweep.json,10,28506,165074,19358,11540.4,23.330000000000002,140.2,10,10
confianza,voz05,repeticiones emparejadas,llamacpp,llamacpp,12b_4b_np4,01,gemma4:12b,embed,docs_rag_qwen3,2026-07-04 19:31:55,confianza/llamacpp/12b_4b_np4/run_01/sweep.json,15,41230,343972,25680.133333333335,17420.4,18.333333333333332,152.8,15,15
confianza,voz05,repeticiones emparejadas,llamacpp,llamacpp,12b_4b_np4,01,gemma4:12b,embed,docs_rag_qwen3,2026-07-04 19:31:55,confianza/llamacpp/12b_4b_np4/run_01/sweep.json,20,50239,597490,32386.45,24296.1,15.145,166.7,20,20
confianza,voz05,repeticiones emparejadas,llamacpp,llamacpp,12b_4b_np4,01,gemma4:12b,embed,docs_rag_qwen3,2026-07-04 19:31:55,confianza/llamacpp/12b_4b_np4/run_01/sweep.json,25,69548,1031238,44031.44,35132.44,10.768,146.0,25,25
confianza,voz05,repeticiones emparejadas,llamacpp,llamacpp,12b_4b_np4,05,gemma4:12b,embed,docs_rag_qwen3,2026-07-04 19:44:26,confianza/llamacpp/12b_4b_np4/run_05/sweep.json,1,4388,0,4388,2831,29.6,29.6,1,1
confianza,voz05,repeticiones emparejadas,llamacpp,llamacpp,12b_4b_np4,05,gemma4:12b,embed,docs_rag_qwen3,2026-07-04 19:44:26,confianza/llamacpp/12b_4b_np4/run_05/sweep.json,5,11739,36041,9556,4011.2,26.2,108.3,5,5
confianza,voz05,repeticiones emparejadas,llamacpp,llamacpp,12b_4b_np4,05,gemma4:12b,embed,docs_rag_qwen3,2026-07-04 19:44:26,confianza/llamacpp/12b_4b_np4/run_05/sweep.json,10,23790,142815,16660.5,10495.1,17.88,122.7,10,10
confianza,voz05,repeticiones emparejadas,llamacpp,llamacpp,12b_4b_np4,05,gemma4:12b,embed,docs_rag_qwen3,2026-07-04 19:44:26,confianza/llamacpp/12b_4b_np4/run_05/sweep.json,15,35088,270597,20379,13383.266666666666,17.9,144.2,15,15
confianza,voz05,repeticiones emparejadas,llamacpp,llamacpp,12b_4b_np4,05,gemma4:12b,embed,docs_rag_qwen3,2026-07-04 19:44:26,confianza/llamacpp/12b_4b_np4/run_05/sweep.json,20,47165,530413,28878.9,21708.7,12.93,139.4,20,20
confianza,voz05,repeticiones emparejadas,llamacpp,llamacpp,12b_4b_np4,05,gemma4:12b,embed,docs_rag_qwen3,2026-07-04 19:44:26,confianza/llamacpp/12b_4b_np4/run_05/sweep.json,25,56036,827078,35324.56,28282.36,10.732,143.4,25,25
confianza,voz05,repeticiones emparejadas,llamacpp,llamacpp,12b_4b_np4,07,gemma4:12b,embed,docs_rag_qwen3,2026-07-04 19:50:27,confianza/llamacpp/12b_4b_np4/run_07/sweep.json,1,6116,0,6116,2123,77.3,77.3,1,1
confianza,voz05,repeticiones emparejadas,llamacpp,llamacpp,12b_4b_np4,07,gemma4:12b,embed,docs_rag_qwen3,2026-07-04 19:50:27,confianza/llamacpp/12b_4b_np4/run_07/sweep.json,5,12305,38719,10204.8,3624.4,30.580000000000002,136.5,5,5
confianza,voz05,repeticiones emparejadas,llamacpp,llamacpp,12b_4b_np4,07,gemma4:12b,embed,docs_rag_qwen3,2026-07-04 19:50:27,confianza/llamacpp/12b_4b_np4/run_07/sweep.json,10,24800,144503,16930.3,9536.8,20.79,133.3,10,10
confianza,voz05,repeticiones emparejadas,llamacpp,llamacpp,12b_4b_np4,07,gemma4:12b,embed,docs_rag_qwen3,2026-07-04 19:50:27,confianza/llamacpp/12b_4b_np4/run_07/sweep.json,15,38475,337163,25042.533333333333,17297.733333333334,16.080000000000002,141.4,15,15
confianza,voz05,repeticiones emparejadas,llamacpp,llamacpp,12b_4b_np4,07,gemma4:12b,embed,docs_rag_qwen3,2026-07-04 19:50:27,confianza/llamacpp/12b_4b_np4/run_07/sweep.json,20,45574,532457,28901.55,22043.45,13.745,153.1,20,20
confianza,voz05,repeticiones emparejadas,llamacpp,llamacpp,12b_4b_np4,07,gemma4:12b,embed,docs_rag_qwen3,2026-07-04 19:50:27,confianza/llamacpp/12b_4b_np4/run_07/sweep.json,25,53032,762047,32603.16,26143.6,11.528,151.8,25,25
confianza,voz05,repeticiones emparejadas,llamacpp,llamacpp,12b_4b_np4,06,gemma4:12b,embed,docs_rag_qwen3,2026-07-04 19:47:25,confianza/llamacpp/12b_4b_np4/run_06/sweep.json,1,2885,0,2885,1800,37.8,37.8,1,1
confianza,voz05,repeticiones emparejadas,llamacpp,llamacpp,12b_4b_np4,06,gemma4:12b,embed,docs_rag_qwen3,2026-07-04 19:47:25,confianza/llamacpp/12b_4b_np4/run_06/sweep.json,5,14530,46084,12122.8,4360,25.94,113.4,5,5
confianza,voz05,repeticiones emparejadas,llamacpp,llamacpp,12b_4b_np4,06,gemma4:12b,embed,docs_rag_qwen3,2026-07-04 19:47:25,confianza/llamacpp/12b_4b_np4/run_06/sweep.json,10,27213,169320,19653.3,11843.8,16.43,111.3,10,10
confianza,voz05,repeticiones emparejadas,llamacpp,llamacpp,12b_4b_np4,06,gemma4:12b,embed,docs_rag_qwen3,2026-07-04 19:47:25,confianza/llamacpp/12b_4b_np4/run_06/sweep.json,15,33937,315934,23324.733333333334,16892.533333333333,12.96,125.9,15,15
confianza,voz05,repeticiones emparejadas,llamacpp,llamacpp,12b_4b_np4,06,gemma4:12b,embed,docs_rag_qwen3,2026-07-04 19:47:25,confianza/llamacpp/12b_4b_np4/run_06/sweep.json,20,47159,526892,28702.55,21801.75,11.97,132.7,20,20
confianza,voz05,repeticiones emparejadas,llamacpp,llamacpp,12b_4b_np4,06,gemma4:12b,embed,docs_rag_qwen3,2026-07-04 19:47:25,confianza/llamacpp/12b_4b_np4/run_06/sweep.json,25,55800,794585,34015.4,26953.32,10.84,140.4,25,25
confianza,voz05,repeticiones emparejadas,llamacpp,llamacpp,12b_4b_np4,10,gemma4:12b,embed,docs_rag_qwen3,2026-07-04 19:59:04,confianza/llamacpp/12b_4b_np4/run_10/sweep.json,1,5120,0,5120,2887,42.8,42.8,1,1
confianza,voz05,repeticiones emparejadas,llamacpp,llamacpp,12b_4b_np4,10,gemma4:12b,embed,docs_rag_qwen3,2026-07-04 19:59:04,confianza/llamacpp/12b_4b_np4/run_10/sweep.json,5,9028,27730,7351.6,3239,27.62,114.2,5,5
confianza,voz05,repeticiones emparejadas,llamacpp,llamacpp,12b_4b_np4,10,gemma4:12b,embed,docs_rag_qwen3,2026-07-04 19:59:04,confianza/llamacpp/12b_4b_np4/run_10/sweep.json,10,22312,138390,16070.2,9907.6,17.240000000000002,121.7,10,10
confianza,voz05,repeticiones emparejadas,llamacpp,llamacpp,12b_4b_np4,10,gemma4:12b,embed,docs_rag_qwen3,2026-07-04 19:59:04,confianza/llamacpp/12b_4b_np4/run_10/sweep.json,15,27601,255841,18896.133333333335,13380.866666666667,17.84,170.4,15,15
confianza,voz05,repeticiones emparejadas,llamacpp,llamacpp,12b_4b_np4,10,gemma4:12b,embed,docs_rag_qwen3,2026-07-04 19:59:04,confianza/llamacpp/12b_4b_np4/run_10/sweep.json,20,43399,450452,24692.55,17978.3,15.435,161.4,20,20
confianza,voz05,repeticiones emparejadas,llamacpp,llamacpp,12b_4b_np4,10,gemma4:12b,embed,docs_rag_qwen3,2026-07-04 19:59:04,confianza/llamacpp/12b_4b_np4/run_10/sweep.json,25,59910,794972,34195.28,26786.24,11.412,148.5,25,25
confianza,voz05,repeticiones emparejadas,llamacpp,llamacpp,12b_4b_np4,09,gemma4:12b,embed,docs_rag_qwen3,2026-07-04 19:56:12,confianza/llamacpp/12b_4b_np4/run_09/sweep.json,1,7125,0,7125,2747,60.6,60.6,1,1
confianza,voz05,repeticiones emparejadas,llamacpp,llamacpp,12b_4b_np4,09,gemma4:12b,embed,docs_rag_qwen3,2026-07-04 19:56:12,confianza/llamacpp/12b_4b_np4/run_09/sweep.json,5,13424,42218,11128.4,4042.6,27.64,126.8,5,5
confianza,voz05,repeticiones emparejadas,llamacpp,llamacpp,12b_4b_np4,09,gemma4:12b,embed,docs_rag_qwen3,2026-07-04 19:56:12,confianza/llamacpp/12b_4b_np4/run_09/sweep.json,10,21354,110709,13206.3,7847.5,23.27,142.4,10,10
confianza,voz05,repeticiones emparejadas,llamacpp,llamacpp,12b_4b_np4,09,gemma4:12b,embed,docs_rag_qwen3,2026-07-04 19:56:12,confianza/llamacpp/12b_4b_np4/run_09/sweep.json,15,35406,295579,22065.666666666668,14966.266666666666,16.85333333333333,143.2,15,15
confianza,voz05,repeticiones emparejadas,llamacpp,llamacpp,12b_4b_np4,09,gemma4:12b,embed,docs_rag_qwen3,2026-07-04 19:56:12,confianza/llamacpp/12b_4b_np4/run_09/sweep.json,20,41618,474828,25822.3,19494.1,12.845,146.9,20,20
confianza,voz05,repeticiones emparejadas,llamacpp,llamacpp,12b_4b_np4,09,gemma4:12b,embed,docs_rag_qwen3,2026-07-04 19:56:12,confianza/llamacpp/12b_4b_np4/run_09/sweep.json,25,52645,745037,31907.28,25521.84,10.812,142.6,25,25
confianza,voz05,repeticiones emparejadas,llamacpp,llamacpp,12b_4b_np4,08,gemma4:12b,embed,docs_rag_qwen3,2026-07-04 19:53:28,confianza/llamacpp/12b_4b_np4/run_08/sweep.json,1,5814,0,5814,2707,49.9,49.9,1,1
confianza,voz05,repeticiones emparejadas,llamacpp,llamacpp,12b_4b_np4,08,gemma4:12b,embed,docs_rag_qwen3,2026-07-04 19:53:28,confianza/llamacpp/12b_4b_np4/run_08/sweep.json,5,11332,36934,9653.2,4497.6,29.98,131.4,5,5
confianza,voz05,repeticiones emparejadas,llamacpp,llamacpp,12b_4b_np4,08,gemma4:12b,embed,docs_rag_qwen3,2026-07-04 19:53:28,confianza/llamacpp/12b_4b_np4/run_08/sweep.json,10,21028,123783,14481.1,9178.4,17.87,126.0,10,10
confianza,voz05,repeticiones emparejadas,llamacpp,llamacpp,12b_4b_np4,08,gemma4:12b,embed,docs_rag_qwen3,2026-07-04 19:53:28,confianza/llamacpp/12b_4b_np4/run_08/sweep.json,15,32845,269496,20156.066666666666,13424.4,16.613333333333333,144.2,15,15
confianza,voz05,repeticiones emparejadas,llamacpp,llamacpp,12b_4b_np4,08,gemma4:12b,embed,docs_rag_qwen3,2026-07-04 19:53:28,confianza/llamacpp/12b_4b_np4/run_08/sweep.json,20,37510,391268,21438.9,16154.4,14.645,152.1,20,20
confianza,voz05,repeticiones emparejadas,llamacpp,llamacpp,12b_4b_np4,08,gemma4:12b,embed,docs_rag_qwen3,2026-07-04 19:53:28,confianza/llamacpp/12b_4b_np4/run_08/sweep.json,25,55039,765519,32822.32,26074.56,10.212,134.0,25,25
confianza,voz05,repeticiones emparejadas,llamacpp,llamacpp,12b_4b_np4,03,gemma4:12b,embed,docs_rag_qwen3,2026-07-04 19:38:12,confianza/llamacpp/12b_4b_np4/run_03/sweep.json,1,5714,0,5714,2278,68.3,68.3,1,1
confianza,voz05,repeticiones emparejadas,llamacpp,llamacpp,12b_4b_np4,03,gemma4:12b,embed,docs_rag_qwen3,2026-07-04 19:38:12,confianza/llamacpp/12b_4b_np4/run_03/sweep.json,5,14217,45405,11924.4,4455.2,35.34,149.4,5,5
confianza,voz05,repeticiones emparejadas,llamacpp,llamacpp,12b_4b_np4,03,gemma4:12b,embed,docs_rag_qwen3,2026-07-04 19:38:12,confianza/llamacpp/12b_4b_np4/run_03/sweep.json,10,28906,164471,19337.7,11038.7,23.02,139.6,10,10
confianza,voz05,repeticiones emparejadas,llamacpp,llamacpp,12b_4b_np4,03,gemma4:12b,embed,docs_rag_qwen3,2026-07-04 19:38:12,confianza/llamacpp/12b_4b_np4/run_03/sweep.json,15,36695,292683,21958.533333333333,14388.533333333333,20.153333333333332,163.9,15,15
confianza,voz05,repeticiones emparejadas,llamacpp,llamacpp,12b_4b_np4,03,gemma4:12b,embed,docs_rag_qwen3,2026-07-04 19:38:12,confianza/llamacpp/12b_4b_np4/run_03/sweep.json,20,52520,631051,34178.55,25662,13.045,148.2,20,20
confianza,voz05,repeticiones emparejadas,llamacpp,llamacpp,12b_4b_np4,03,gemma4:12b,embed,docs_rag_qwen3,2026-07-04 19:38:12,confianza/llamacpp/12b_4b_np4/run_03/sweep.json,25,69122,953679,40912.04,32306.04,10.86,143.0,25,25
confianza,voz05,repeticiones emparejadas,llamacpp,llamacpp,12b_4b_np4,02,gemma4:12b,embed,docs_rag_qwen3,2026-07-04 19:35:27,confianza/llamacpp/12b_4b_np4/run_02/sweep.json,1,2969,0,2969,2096,22.6,22.6,1,1
confianza,voz05,repeticiones emparejadas,llamacpp,llamacpp,12b_4b_np4,02,gemma4:12b,embed,docs_rag_qwen3,2026-07-04 19:35:27,confianza/llamacpp/12b_4b_np4/run_02/sweep.json,5,13112,37151,10052.6,3822.6,30.9,127.9,5,5
confianza,voz05,repeticiones emparejadas,llamacpp,llamacpp,12b_4b_np4,02,gemma4:12b,embed,docs_rag_qwen3,2026-07-04 19:35:27,confianza/llamacpp/12b_4b_np4/run_02/sweep.json,10,20843,122091,14293.4,8508.5,21.15,139.8,10,10
confianza,voz05,repeticiones emparejadas,llamacpp,llamacpp,12b_4b_np4,02,gemma4:12b,embed,docs_rag_qwen3,2026-07-04 19:35:27,confianza/llamacpp/12b_4b_np4/run_02/sweep.json,15,32359,285323,21178.8,14599.666666666666,16.133333333333333,142.3,15,15
confianza,voz05,repeticiones emparejadas,llamacpp,llamacpp,12b_4b_np4,02,gemma4:12b,embed,docs_rag_qwen3,2026-07-04 19:35:27,confianza/llamacpp/12b_4b_np4/run_02/sweep.json,20,42442,426456,23444.9,17545.75,14.92,144.0,20,20
confianza,voz05,repeticiones emparejadas,llamacpp,llamacpp,12b_4b_np4,02,gemma4:12b,embed,docs_rag_qwen3,2026-07-04 19:35:27,confianza/llamacpp/12b_4b_np4/run_02/sweep.json,25,52446,781073,33340.76,26791.6,11.072,146.8,25,25
confianza,voz05,repeticiones emparejadas,llamacpp,llamacpp,26b_4b_np1,04,gemma4:26b,embed,docs_rag_qwen3,2026-07-04 17:44:11,confianza/llamacpp/26b_4b_np1/run_04/sweep.json,1,2137,0,2137,1384,52.9,52.9,1,1
confianza,voz05,repeticiones emparejadas,llamacpp,llamacpp,26b_4b_np1,04,gemma4:26b,embed,docs_rag_qwen3,2026-07-04 17:44:11,confianza/llamacpp/26b_4b_np1/run_04/sweep.json,5,9110,19471,5716.2,4288,46.04,144.6,5,5
confianza,voz05,repeticiones emparejadas,llamacpp,llamacpp,26b_4b_np1,04,gemma4:26b,embed,docs_rag_qwen3,2026-07-04 17:44:11,confianza/llamacpp/26b_4b_np1/run_04/sweep.json,10,21284,88725,11000.9,9402.6,25.04,138.1,10,10
confianza,voz05,repeticiones emparejadas,llamacpp,llamacpp,26b_4b_np1,04,gemma4:26b,embed,docs_rag_qwen3,2026-07-04 17:44:11,confianza/llamacpp/26b_4b_np1/run_04/sweep.json,15,33463,270065,20235.2,18588.6,16.073333333333334,125.9,15,15
confianza,voz05,repeticiones emparejadas,llamacpp,llamacpp,26b_4b_np1,04,gemma4:26b,embed,docs_rag_qwen3,2026-07-04 17:44:11,confianza/llamacpp/26b_4b_np1/run_04/sweep.json,20,44794,449817,24730.55,22968.8,13.845,138.7,20,20
confianza,voz05,repeticiones emparejadas,llamacpp,llamacpp,26b_4b_np1,04,gemma4:26b,embed,docs_rag_qwen3,2026-07-04 17:44:11,confianza/llamacpp/26b_4b_np1/run_04/sweep.json,25,50209,752591,32112,30509.24,10.959999999999999,144.1,25,25
confianza,voz05,repeticiones emparejadas,llamacpp,llamacpp,26b_4b_np1,01,gemma4:26b,embed,docs_rag_qwen3,2026-07-04 17:35:29,confianza/llamacpp/26b_4b_np1/run_01/sweep.json,1,2429,0,2429,1056,112.4,112.4,1,1
confianza,voz05,repeticiones emparejadas,llamacpp,llamacpp,26b_4b_np1,01,gemma4:26b,embed,docs_rag_qwen3,2026-07-04 17:35:29,confianza/llamacpp/26b_4b_np1/run_01/sweep.json,5,14243,39409,10730.4,8614.4,42.5,131.4,5,5
confianza,voz05,repeticiones emparejadas,llamacpp,llamacpp,26b_4b_np1,01,gemma4:26b,embed,docs_rag_qwen3,2026-07-04 17:35:29,confianza/llamacpp/26b_4b_np1/run_01/sweep.json,10,25358,125068,15042.6,13138,26.88,139.6,10,10
confianza,voz05,repeticiones emparejadas,llamacpp,llamacpp,26b_4b_np1,01,gemma4:26b,embed,docs_rag_qwen3,2026-07-04 17:35:29,confianza/llamacpp/26b_4b_np1/run_01/sweep.json,15,40271,295003,22351.6,20205.6,20.466666666666665,149.2,15,15
confianza,voz05,repeticiones emparejadas,llamacpp,llamacpp,26b_4b_np1,01,gemma4:26b,embed,docs_rag_qwen3,2026-07-04 17:35:29,confianza/llamacpp/26b_4b_np1/run_01/sweep.json,20,54216,542807,29851.15,27645,15.955,153.3,20,20
confianza,voz05,repeticiones emparejadas,llamacpp,llamacpp,26b_4b_np1,01,gemma4:26b,embed,docs_rag_qwen3,2026-07-04 17:35:29,confianza/llamacpp/26b_4b_np1/run_01/sweep.json,25,62428,907679,38804.28,36822.6,12.012,147.4,25,25
confianza,voz05,repeticiones emparejadas,llamacpp,llamacpp,26b_4b_np1,05,gemma4:26b,embed,docs_rag_qwen3,2026-07-04 17:46:52,confianza/llamacpp/26b_4b_np1/run_05/sweep.json,1,2492,-1,2491,1542,48.2,48.2,1,1
confianza,voz05,repeticiones emparejadas,llamacpp,llamacpp,26b_4b_np1,05,gemma4:26b,embed,docs_rag_qwen3,2026-07-04 17:46:52,confianza/llamacpp/26b_4b_np1/run_05/sweep.json,5,9780,23151,6586.2,5198.2,37.18,117.1,5,5
confianza,voz05,repeticiones emparejadas,llamacpp,llamacpp,26b_4b_np1,05,gemma4:26b,embed,docs_rag_qwen3,2026-07-04 17:46:52,confianza/llamacpp/26b_4b_np1/run_05/sweep.json,10,21273,110419,13169.2,11648.5,20.380000000000003,118.2,10,10
confianza,voz05,repeticiones emparejadas,llamacpp,llamacpp,26b_4b_np1,05,gemma4:26b,embed,docs_rag_qwen3,2026-07-04 17:46:52,confianza/llamacpp/26b_4b_np1/run_05/sweep.json,15,34067,307471,22769.2,20955.6,16.54,141.5,15,15
confianza,voz05,repeticiones emparejadas,llamacpp,llamacpp,26b_4b_np1,05,gemma4:26b,embed,docs_rag_qwen3,2026-07-04 17:46:52,confianza/llamacpp/26b_4b_np1/run_05/sweep.json,20,46443,535343,29089.3,27254.35,13.525,142.2,20,20
confianza,voz05,repeticiones emparejadas,llamacpp,llamacpp,26b_4b_np1,05,gemma4:26b,embed,docs_rag_qwen3,2026-07-04 17:46:52,confianza/llamacpp/26b_4b_np1/run_05/sweep.json,25,53899,788539,33697.52,31985.64,10.959999999999999,144.8,25,25
confianza,voz05,repeticiones emparejadas,llamacpp,llamacpp,26b_4b_np1,07,gemma4:26b,embed,docs_rag_qwen3,2026-07-04 17:52:24,confianza/llamacpp/26b_4b_np1/run_07/sweep.json,1,5244,0,5244,1301,143.8,143.8,1,1
confianza,voz05,repeticiones emparejadas,llamacpp,llamacpp,26b_4b_np1,07,gemma4:26b,embed,docs_rag_qwen3,2026-07-04 17:52:24,confianza/llamacpp/26b_4b_np1/run_07/sweep.json,5,10419,22071,6498,5067.8,39.96,118.8,5,5
confianza,voz05,repeticiones emparejadas,llamacpp,llamacpp,26b_4b_np1,07,gemma4:26b,embed,docs_rag_qwen3,2026-07-04 17:52:24,confianza/llamacpp/26b_4b_np1/run_07/sweep.json,10,21116,120023,14113.9,12588.1,20.71,120.2,10,10
confianza,voz05,repeticiones emparejadas,llamacpp,llamacpp,26b_4b_np1,07,gemma4:26b,embed,docs_rag_qwen3,2026-07-04 17:52:24,confianza/llamacpp/26b_4b_np1/run_07/sweep.json,15,33026,260178,19546.933333333334,17891.466666666667,15.86,127.8,15,15
confianza,voz05,repeticiones emparejadas,llamacpp,llamacpp,26b_4b_np1,07,gemma4:26b,embed,docs_rag_qwen3,2026-07-04 17:52:24,confianza/llamacpp/26b_4b_np1/run_07/sweep.json,20,44754,506236,27549.5,25798.45,13.105,137.9,20,20
confianza,voz05,repeticiones emparejadas,llamacpp,llamacpp,26b_4b_np1,07,gemma4:26b,embed,docs_rag_qwen3,2026-07-04 17:52:24,confianza/llamacpp/26b_4b_np1/run_07/sweep.json,25,49962,766222,32647.36,30996.72,10.248,141.0,25,25
confianza,voz05,repeticiones emparejadas,llamacpp,llamacpp,26b_4b_np1,06,gemma4:26b,embed,docs_rag_qwen3,2026-07-04 17:49:40,confianza/llamacpp/26b_4b_np1/run_06/sweep.json,1,1496,-1,1495,1021,45.5,45.5,1,1
confianza,voz05,repeticiones emparejadas,llamacpp,llamacpp,26b_4b_np1,06,gemma4:26b,embed,docs_rag_qwen3,2026-07-04 17:49:40,confianza/llamacpp/26b_4b_np1/run_06/sweep.json,5,13771,37279,10210,8118.8,34.1,109.3,5,5
confianza,voz05,repeticiones emparejadas,llamacpp,llamacpp,26b_4b_np1,06,gemma4:26b,embed,docs_rag_qwen3,2026-07-04 17:49:40,confianza/llamacpp/26b_4b_np1/run_06/sweep.json,10,22374,113555,13592.9,11940.4,22.41,119.3,10,10
confianza,voz05,repeticiones emparejadas,llamacpp,llamacpp,26b_4b_np1,06,gemma4:26b,embed,docs_rag_qwen3,2026-07-04 17:49:40,confianza/llamacpp/26b_4b_np1/run_06/sweep.json,15,29568,241424,18066.133333333335,16521.333333333332,16.346666666666668,132.9,15,15
confianza,voz05,repeticiones emparejadas,llamacpp,llamacpp,26b_4b_np1,06,gemma4:26b,embed,docs_rag_qwen3,2026-07-04 17:49:40,confianza/llamacpp/26b_4b_np1/run_06/sweep.json,20,42678,494352,26851.5,25127.3,12.755,138.2,20,20
confianza,voz05,repeticiones emparejadas,llamacpp,llamacpp,26b_4b_np1,06,gemma4:26b,embed,docs_rag_qwen3,2026-07-04 17:49:40,confianza/llamacpp/26b_4b_np1/run_06/sweep.json,25,53799,718996,30911.8,29166.76,11.016,141.6,25,25
confianza,voz05,repeticiones emparejadas,llamacpp,llamacpp,26b_4b_np1,10,gemma4:26b,embed,docs_rag_qwen3,2026-07-04 18:00:33,confianza/llamacpp/26b_4b_np1/run_10/sweep.json,1,4741,0,4741,1771,101.9,101.9,1,1
confianza,voz05,repeticiones emparejadas,llamacpp,llamacpp,26b_4b_np1,10,gemma4:26b,embed,docs_rag_qwen3,2026-07-04 18:00:33,confianza/llamacpp/26b_4b_np1/run_10/sweep.json,5,8872,19261,5626.6,4296,39.7,131.8,5,5
confianza,voz05,repeticiones emparejadas,llamacpp,llamacpp,26b_4b_np1,10,gemma4:26b,embed,docs_rag_qwen3,2026-07-04 18:00:33,confianza/llamacpp/26b_4b_np1/run_10/sweep.json,10,19838,115876,13571.4,12122.2,21.490000000000002,124.9,10,10
confianza,voz05,repeticiones emparejadas,llamacpp,llamacpp,26b_4b_np1,10,gemma4:26b,embed,docs_rag_qwen3,2026-07-04 18:00:33,confianza/llamacpp/26b_4b_np1/run_10/sweep.json,15,33077,263558,19775.666666666668,18034.333333333332,17.573333333333334,140.5,15,15
confianza,voz05,repeticiones emparejadas,llamacpp,llamacpp,26b_4b_np1,10,gemma4:26b,embed,docs_rag_qwen3,2026-07-04 18:00:33,confianza/llamacpp/26b_4b_np1/run_10/sweep.json,20,46851,504022,27543.65,25683.65,13.86,139.3,20,20
confianza,voz05,repeticiones emparejadas,llamacpp,llamacpp,26b_4b_np1,10,gemma4:26b,embed,docs_rag_qwen3,2026-07-04 18:00:33,confianza/llamacpp/26b_4b_np1/run_10/sweep.json,25,60661,796001,34266.48,32331.96,11.264,139.0,25,25
confianza,voz05,repeticiones emparejadas,llamacpp,llamacpp,26b_4b_np1,09,gemma4:26b,embed,docs_rag_qwen3,2026-07-04 17:57:46,confianza/llamacpp/26b_4b_np1/run_09/sweep.json,1,4554,0,4554,1708,99.3,99.3,1,1
confianza,voz05,repeticiones emparejadas,llamacpp,llamacpp,26b_4b_np1,09,gemma4:26b,embed,docs_rag_qwen3,2026-07-04 17:57:46,confianza/llamacpp/26b_4b_np1/run_09/sweep.json,5,12449,33012,9092.2,7198.8,40.400000000000006,131.6,5,5
confianza,voz05,repeticiones emparejadas,llamacpp,llamacpp,26b_4b_np1,09,gemma4:26b,embed,docs_rag_qwen3,2026-07-04 17:57:46,confianza/llamacpp/26b_4b_np1/run_09/sweep.json,10,20253,104000,12425.3,10798.5,26.509999999999998,144.3,10,10
confianza,voz05,repeticiones emparejadas,llamacpp,llamacpp,26b_4b_np1,09,gemma4:26b,embed,docs_rag_qwen3,2026-07-04 17:57:46,confianza/llamacpp/26b_4b_np1/run_09/sweep.json,15,31107,233017,17608.266666666666,16061.333333333334,17.726666666666667,127.1,15,15
confianza,voz05,repeticiones emparejadas,llamacpp,llamacpp,26b_4b_np1,09,gemma4:26b,embed,docs_rag_qwen3,2026-07-04 17:57:46,confianza/llamacpp/26b_4b_np1/run_09/sweep.json,20,43480,446270,24487.5,22823.4,14.255,132.5,20,20
confianza,voz05,repeticiones emparejadas,llamacpp,llamacpp,26b_4b_np1,09,gemma4:26b,embed,docs_rag_qwen3,2026-07-04 17:57:46,confianza/llamacpp/26b_4b_np1/run_09/sweep.json,25,55340,797586,34117.04,32407.84,9.7,131.9,25,25
confianza,voz05,repeticiones emparejadas,llamacpp,llamacpp,26b_4b_np1,08,gemma4:26b,embed,docs_rag_qwen3,2026-07-04 17:55:09,confianza/llamacpp/26b_4b_np1/run_08/sweep.json,1,3845,-1,3844,1614,87.9,87.9,1,1
confianza,voz05,repeticiones emparejadas,llamacpp,llamacpp,26b_4b_np1,08,gemma4:26b,embed,docs_rag_qwen3,2026-07-04 17:55:09,confianza/llamacpp/26b_4b_np1/run_08/sweep.json,5,11581,31303,8576.8,6827,39.18,132.1,5,5
confianza,voz05,repeticiones emparejadas,llamacpp,llamacpp,26b_4b_np1,08,gemma4:26b,embed,docs_rag_qwen3,2026-07-04 17:55:09,confianza/llamacpp/26b_4b_np1/run_08/sweep.json,10,22972,124326,14729.8,12935,25.29,137.1,10,10
confianza,voz05,repeticiones emparejadas,llamacpp,llamacpp,26b_4b_np1,08,gemma4:26b,embed,docs_rag_qwen3,2026-07-04 17:55:09,confianza/llamacpp/26b_4b_np1/run_08/sweep.json,15,30658,256988,19176.4,17571.8,17.14,136.4,15,15
confianza,voz05,repeticiones emparejadas,llamacpp,llamacpp,26b_4b_np1,08,gemma4:26b,embed,docs_rag_qwen3,2026-07-04 17:55:09,confianza/llamacpp/26b_4b_np1/run_08/sweep.json,20,38275,477493,25788.4,24348.95,12.265,134.5,20,20
confianza,voz05,repeticiones emparejadas,llamacpp,llamacpp,26b_4b_np1,08,gemma4:26b,embed,docs_rag_qwen3,2026-07-04 17:55:09,confianza/llamacpp/26b_4b_np1/run_08/sweep.json,25,48736,629808,27141.76,25599.52,10.656,140.2,25,25
confianza,voz05,repeticiones emparejadas,llamacpp,llamacpp,26b_4b_np1,03,gemma4:26b,embed,docs_rag_qwen3,2026-07-04 17:41:19,confianza/llamacpp/26b_4b_np1/run_03/sweep.json,1,1102,0,1102,771,48.1,48.1,1,1
confianza,voz05,repeticiones emparejadas,llamacpp,llamacpp,26b_4b_np1,03,gemma4:26b,embed,docs_rag_qwen3,2026-07-04 17:41:19,confianza/llamacpp/26b_4b_np1/run_03/sweep.json,5,12085,23424,7101.8,5153,49.72,142.7,5,5
confianza,voz05,repeticiones emparejadas,llamacpp,llamacpp,26b_4b_np1,03,gemma4:26b,embed,docs_rag_qwen3,2026-07-04 17:41:19,confianza/llamacpp/26b_4b_np1/run_03/sweep.json,10,22922,103327,12624.9,10793.6,30.92,137.9,10,10
confianza,voz05,repeticiones emparejadas,llamacpp,llamacpp,26b_4b_np1,03,gemma4:26b,embed,docs_rag_qwen3,2026-07-04 17:41:19,confianza/llamacpp/26b_4b_np1/run_03/sweep.json,15,34394,234367,17917.4,15950.6,21.393333333333334,155.0,15,15
confianza,voz05,repeticiones emparejadas,llamacpp,llamacpp,26b_4b_np1,03,gemma4:26b,embed,docs_rag_qwen3,2026-07-04 17:41:19,confianza/llamacpp/26b_4b_np1/run_03/sweep.json,20,44017,439384,24170.05,22369.2,15.315,147.6,20,20
confianza,voz05,repeticiones emparejadas,llamacpp,llamacpp,26b_4b_np1,03,gemma4:26b,embed,docs_rag_qwen3,2026-07-04 17:41:19,confianza/llamacpp/26b_4b_np1/run_03/sweep.json,25,56201,686460,29706.44,27891.08,13.152,144.6,25,25
confianza,voz05,repeticiones emparejadas,llamacpp,llamacpp,26b_4b_np1,02,gemma4:26b,embed,docs_rag_qwen3,2026-07-04 17:38:48,confianza/llamacpp/26b_4b_np1/run_02/sweep.json,1,1725,0,1725,1143,34.8,34.8,1,1
confianza,voz05,repeticiones emparejadas,llamacpp,llamacpp,26b_4b_np1,02,gemma4:26b,embed,docs_rag_qwen3,2026-07-04 17:38:48,confianza/llamacpp/26b_4b_np1/run_02/sweep.json,5,9078,23499,6515.4,5297,40.2,131.9,5,5
confianza,voz05,repeticiones emparejadas,llamacpp,llamacpp,26b_4b_np1,02,gemma4:26b,embed,docs_rag_qwen3,2026-07-04 17:38:48,confianza/llamacpp/26b_4b_np1/run_02/sweep.json,10,19923,107822,12774.5,11363.4,20.49,121.8,10,10
confianza,voz05,repeticiones emparejadas,llamacpp,llamacpp,26b_4b_np1,02,gemma4:26b,embed,docs_rag_qwen3,2026-07-04 17:38:48,confianza/llamacpp/26b_4b_np1/run_02/sweep.json,15,32023,271626,20243.266666666666,18658.2,16.653333333333332,132.7,15,15
confianza,voz05,repeticiones emparejadas,llamacpp,llamacpp,26b_4b_np1,02,gemma4:26b,embed,docs_rag_qwen3,2026-07-04 17:38:48,confianza/llamacpp/26b_4b_np1/run_02/sweep.json,20,36950,415236,22609.3,21211.4,12.115,132.4,20,20
confianza,voz05,repeticiones emparejadas,llamacpp,llamacpp,26b_4b_np1,02,gemma4:26b,embed,docs_rag_qwen3,2026-07-04 17:38:48,confianza/llamacpp/26b_4b_np1/run_02/sweep.json,25,51148,746819,31918.68,30365.32,9.648,131.1,25,25
confianza,voz05,repeticiones emparejadas,llamacpp,llamacpp,12b_06b_np1,04,gemma4:12b,embed,docs_rag_qwen3_06b,2026-07-04 20:18:14,confianza/llamacpp/12b_06b_np1/run_04/sweep.json,1,3206,-1,3205,2067,33.4,33.4,1,1
confianza,voz05,repeticiones emparejadas,llamacpp,llamacpp,12b_06b_np1,04,gemma4:12b,embed,docs_rag_qwen3_06b,2026-07-04 20:18:14,confianza/llamacpp/12b_06b_np1/run_04/sweep.json,5,20794,55720,15302.8,12006.2,29.28,88.4,5,5
confianza,voz05,repeticiones emparejadas,llamacpp,llamacpp,12b_06b_np1,04,gemma4:12b,embed,docs_rag_qwen3_06b,2026-07-04 20:18:14,confianza/llamacpp/12b_06b_np1/run_04/sweep.json,10,42697,227776,27047.3,23748.6,16.14,86.0,10,10
confianza,voz05,repeticiones emparejadas,llamacpp,llamacpp,12b_06b_np1,04,gemma4:12b,embed,docs_rag_qwen3_06b,2026-07-04 20:18:14,confianza/llamacpp/12b_06b_np1/run_04/sweep.json,15,59720,533749,39564.6,36656.4,9.5,79.2,15,15
confianza,voz05,repeticiones emparejadas,llamacpp,llamacpp,12b_06b_np1,04,gemma4:12b,embed,docs_rag_qwen3_06b,2026-07-04 20:18:14,confianza/llamacpp/12b_06b_np1/run_04/sweep.json,20,75428,863631,46952.95,44058.45,8.005,84.5,20,20
confianza,voz05,repeticiones emparejadas,llamacpp,llamacpp,12b_06b_np1,04,gemma4:12b,embed,docs_rag_qwen3_06b,2026-07-04 20:18:14,confianza/llamacpp/12b_06b_np1/run_04/sweep.json,25,92570,1327846,56816.64,54132.08,6.06,78.1,25,25
confianza,voz05,repeticiones emparejadas,llamacpp,llamacpp,12b_06b_np1,01,gemma4:12b,embed,docs_rag_qwen3_06b,2026-07-04 20:02:06,confianza/llamacpp/12b_06b_np1/run_01/sweep.json,1,4101,0,4101,1564,72.9,72.9,1,1
confianza,voz05,repeticiones emparejadas,llamacpp,llamacpp,12b_06b_np1,01,gemma4:12b,embed,docs_rag_qwen3_06b,2026-07-04 20:02:06,confianza/llamacpp/12b_06b_np1/run_01/sweep.json,5,19788,44553,12868.2,10032.2,26.98,79.4,5,5
confianza,voz05,repeticiones emparejadas,llamacpp,llamacpp,12b_06b_np1,01,gemma4:12b,embed,docs_rag_qwen3_06b,2026-07-04 20:02:06,confianza/llamacpp/12b_06b_np1/run_01/sweep.json,10,41218,232139,27335.7,24208.5,15.72,86.3,10,10
confianza,voz05,repeticiones emparejadas,llamacpp,llamacpp,12b_06b_np1,01,gemma4:12b,embed,docs_rag_qwen3_06b,2026-07-04 20:02:06,confianza/llamacpp/12b_06b_np1/run_01/sweep.json,15,68247,579189,43162.4,39575.6,11.733333333333334,90.2,15,15
confianza,voz05,repeticiones emparejadas,llamacpp,llamacpp,12b_06b_np1,01,gemma4:12b,embed,docs_rag_qwen3_06b,2026-07-04 20:02:06,confianza/llamacpp/12b_06b_np1/run_01/sweep.json,20,90716,965792,52825.4,49206.8,9.34,91.6,20,20
confianza,voz05,repeticiones emparejadas,llamacpp,llamacpp,12b_06b_np1,01,gemma4:12b,embed,docs_rag_qwen3_06b,2026-07-04 20:02:06,confianza/llamacpp/12b_06b_np1/run_01/sweep.json,25,109203,1557263,66658.64,63306.08,7.136,86.7,25,25
confianza,voz05,repeticiones emparejadas,llamacpp,llamacpp,12b_06b_np1,05,gemma4:12b,embed,docs_rag_qwen3_06b,2026-07-04 20:23:09,confianza/llamacpp/12b_06b_np1/run_05/sweep.json,1,3344,-1,3343,2088,33.5,33.5,1,1
confianza,voz05,repeticiones emparejadas,llamacpp,llamacpp,12b_06b_np1,05,gemma4:12b,embed,docs_rag_qwen3_06b,2026-07-04 20:23:09,confianza/llamacpp/12b_06b_np1/run_05/sweep.json,5,17237,43397,12126.8,9858.8,22.58,68.0,5,5
confianza,voz05,repeticiones emparejadas,llamacpp,llamacpp,12b_06b_np1,05,gemma4:12b,embed,docs_rag_qwen3_06b,2026-07-04 20:23:09,confianza/llamacpp/12b_06b_np1/run_05/sweep.json,10,38867,211807,25067.4,22372.2,11.94,69.9,10,10
confianza,voz05,repeticiones emparejadas,llamacpp,llamacpp,12b_06b_np1,05,gemma4:12b,embed,docs_rag_qwen3_06b,2026-07-04 20:23:09,confianza/llamacpp/12b_06b_np1/run_05/sweep.json,15,63722,531819,39702.73333333333,36471.8,10.32,80.9,15,15
confianza,voz05,repeticiones emparejadas,llamacpp,llamacpp,12b_06b_np1,05,gemma4:12b,embed,docs_rag_qwen3_06b,2026-07-04 20:23:09,confianza/llamacpp/12b_06b_np1/run_05/sweep.json,20,85891,900269,49308,46023.75,8.375,81.8,20,20
confianza,voz05,repeticiones emparejadas,llamacpp,llamacpp,12b_06b_np1,05,gemma4:12b,embed,docs_rag_qwen3_06b,2026-07-04 20:23:09,confianza/llamacpp/12b_06b_np1/run_05/sweep.json,25,99901,1516359,64650.4,61700.92,6.012,78.0,25,25
confianza,voz05,repeticiones emparejadas,llamacpp,llamacpp,12b_06b_np1,07,gemma4:12b,embed,docs_rag_qwen3_06b,2026-07-04 20:33:10,confianza/llamacpp/12b_06b_np1/run_07/sweep.json,1,4523,0,4523,1782,72.1,72.1,1,1
confianza,voz05,repeticiones emparejadas,llamacpp,llamacpp,12b_06b_np1,07,gemma4:12b,embed,docs_rag_qwen3_06b,2026-07-04 20:33:10,confianza/llamacpp/12b_06b_np1/run_07/sweep.json,5,19872,56183,15211,12371.4,24.06,75.9,5,5
confianza,voz05,repeticiones emparejadas,llamacpp,llamacpp,12b_06b_np1,07,gemma4:12b,embed,docs_rag_qwen3_06b,2026-07-04 20:33:10,confianza/llamacpp/12b_06b_np1/run_07/sweep.json,10,41010,217913,25892.3,22858.3,15.02,78.0,10,10
confianza,voz05,repeticiones emparejadas,llamacpp,llamacpp,12b_06b_np1,07,gemma4:12b,embed,docs_rag_qwen3_06b,2026-07-04 20:33:10,confianza/llamacpp/12b_06b_np1/run_07/sweep.json,15,62920,493688,37107.2,34035.066666666666,9.986666666666666,77.0,15,15
confianza,voz05,repeticiones emparejadas,llamacpp,llamacpp,12b_06b_np1,07,gemma4:12b,embed,docs_rag_qwen3_06b,2026-07-04 20:33:10,confianza/llamacpp/12b_06b_np1/run_07/sweep.json,20,84392,926188,50529,47388.05,7.775,79.7,20,20
confianza,voz05,repeticiones emparejadas,llamacpp,llamacpp,12b_06b_np1,07,gemma4:12b,embed,docs_rag_qwen3_06b,2026-07-04 20:33:10,confianza/llamacpp/12b_06b_np1/run_07/sweep.json,25,105528,1482224,63510.08,60264.96,6.588,82.7,25,25
confianza,voz05,repeticiones emparejadas,llamacpp,llamacpp,12b_06b_np1,06,gemma4:12b,embed,docs_rag_qwen3_06b,2026-07-04 20:28:18,confianza/llamacpp/12b_06b_np1/run_06/sweep.json,1,2615,0,2615,1671,34.4,34.4,1,1
confianza,voz05,repeticiones emparejadas,llamacpp,llamacpp,12b_06b_np1,06,gemma4:12b,embed,docs_rag_qwen3_06b,2026-07-04 20:28:18,confianza/llamacpp/12b_06b_np1/run_06/sweep.json,5,23416,55013,15685.8,12290.8,23.82,70.1,5,5
confianza,voz05,repeticiones emparejadas,llamacpp,llamacpp,12b_06b_np1,06,gemma4:12b,embed,docs_rag_qwen3_06b,2026-07-04 20:28:18,confianza/llamacpp/12b_06b_np1/run_06/sweep.json,10,35853,193809,22966.2,20454.9,12.08,70.7,10,10
confianza,voz05,repeticiones emparejadas,llamacpp,llamacpp,12b_06b_np1,06,gemma4:12b,embed,docs_rag_qwen3_06b,2026-07-04 20:28:18,confianza/llamacpp/12b_06b_np1/run_06/sweep.json,15,52882,485375,35883.8,33312.13333333333,9.033333333333333,75.5,15,15
confianza,voz05,repeticiones emparejadas,llamacpp,llamacpp,12b_06b_np1,06,gemma4:12b,embed,docs_rag_qwen3_06b,2026-07-04 20:28:18,confianza/llamacpp/12b_06b_np1/run_06/sweep.json,20,74108,832866,45348.7,42588.5,7.38,77.7,20,20
confianza,voz05,repeticiones emparejadas,llamacpp,llamacpp,12b_06b_np1,06,gemma4:12b,embed,docs_rag_qwen3_06b,2026-07-04 20:28:18,confianza/llamacpp/12b_06b_np1/run_06/sweep.json,25,103048,1338252,57652,54275.8,6.124,78.3,25,25
confianza,voz05,repeticiones emparejadas,llamacpp,llamacpp,12b_06b_np1,10,gemma4:12b,embed,docs_rag_qwen3_06b,2026-07-04 20:48:20,confianza/llamacpp/12b_06b_np1/run_10/sweep.json,1,4265,0,4265,2123,53.0,53.0,1,1
confianza,voz05,repeticiones emparejadas,llamacpp,llamacpp,12b_06b_np1,10,gemma4:12b,embed,docs_rag_qwen3_06b,2026-07-04 20:48:20,confianza/llamacpp/12b_06b_np1/run_10/sweep.json,5,15151,34943,10018.8,7966.6,22.48,72.1,5,5
confianza,voz05,repeticiones emparejadas,llamacpp,llamacpp,12b_06b_np1,10,gemma4:12b,embed,docs_rag_qwen3_06b,2026-07-04 20:48:20,confianza/llamacpp/12b_06b_np1/run_10/sweep.json,10,31922,179877,21179.9,18965.6,12.49,71.7,10,10
confianza,voz05,repeticiones emparejadas,llamacpp,llamacpp,12b_06b_np1,10,gemma4:12b,embed,docs_rag_qwen3_06b,2026-07-04 20:48:20,confianza/llamacpp/12b_06b_np1/run_10/sweep.json,15,57592,436251,32922.86666666667,29952.933333333334,10.68,84.0,15,15
confianza,voz05,repeticiones emparejadas,llamacpp,llamacpp,12b_06b_np1,10,gemma4:12b,embed,docs_rag_qwen3_06b,2026-07-04 20:48:20,confianza/llamacpp/12b_06b_np1/run_10/sweep.json,20,80590,898377,48948.35,45857.95,7.8500000000000005,82.9,20,20
confianza,voz05,repeticiones emparejadas,llamacpp,llamacpp,12b_06b_np1,10,gemma4:12b,embed,docs_rag_qwen3_06b,2026-07-04 20:48:20,confianza/llamacpp/12b_06b_np1/run_10/sweep.json,25,106613,1500569,64287.28,61035,6.668,82.3,25,25
confianza,voz05,repeticiones emparejadas,llamacpp,llamacpp,12b_06b_np1,09,gemma4:12b,embed,docs_rag_qwen3_06b,2026-07-04 20:43:18,confianza/llamacpp/12b_06b_np1/run_09/sweep.json,1,6192,0,6192,2322,64.0,64.0,1,1
confianza,voz05,repeticiones emparejadas,llamacpp,llamacpp,12b_06b_np1,09,gemma4:12b,embed,docs_rag_qwen3_06b,2026-07-04 20:43:18,confianza/llamacpp/12b_06b_np1/run_09/sweep.json,5,20817,54068,14977,12239.2,20.08,62.7,5,5
confianza,voz05,repeticiones emparejadas,llamacpp,llamacpp,12b_06b_np1,09,gemma4:12b,embed,docs_rag_qwen3_06b,2026-07-04 20:43:18,confianza/llamacpp/12b_06b_np1/run_09/sweep.json,10,40186,214820,25500.6,22528,14.69,79.4,10,10
confianza,voz05,repeticiones emparejadas,llamacpp,llamacpp,12b_06b_np1,09,gemma4:12b,embed,docs_rag_qwen3_06b,2026-07-04 20:43:18,confianza/llamacpp/12b_06b_np1/run_09/sweep.json,15,60948,513701,38309.933333333334,35345.26666666667,9.533333333333333,75.9,15,15
confianza,voz05,repeticiones emparejadas,llamacpp,llamacpp,12b_06b_np1,09,gemma4:12b,embed,docs_rag_qwen3_06b,2026-07-04 20:43:18,confianza/llamacpp/12b_06b_np1/run_09/sweep.json,20,75347,840732,45803.95,42982,7.495,81.5,20,20
confianza,voz05,repeticiones emparejadas,llamacpp,llamacpp,12b_06b_np1,09,gemma4:12b,embed,docs_rag_qwen3_06b,2026-07-04 20:43:18,confianza/llamacpp/12b_06b_np1/run_09/sweep.json,25,98174,1296326,55780,52965.4,5.796,74.5,25,25
confianza,voz05,repeticiones emparejadas,llamacpp,llamacpp,12b_06b_np1,08,gemma4:12b,embed,docs_rag_qwen3_06b,2026-07-04 20:38:29,confianza/llamacpp/12b_06b_np1/run_08/sweep.json,1,5539,-1,5538,2151,58.0,58.0,1,1
confianza,voz05,repeticiones emparejadas,llamacpp,llamacpp,12b_06b_np1,08,gemma4:12b,embed,docs_rag_qwen3_06b,2026-07-04 20:38:29,confianza/llamacpp/12b_06b_np1/run_08/sweep.json,5,17930,43709,12327.8,9729.4,25.18,79.1,5,5
confianza,voz05,repeticiones emparejadas,llamacpp,llamacpp,12b_06b_np1,08,gemma4:12b,embed,docs_rag_qwen3_06b,2026-07-04 20:38:29,confianza/llamacpp/12b_06b_np1/run_08/sweep.json,10,37376,221448,25882.4,23142.4,13.94,78.8,10,10
confianza,voz05,repeticiones emparejadas,llamacpp,llamacpp,12b_06b_np1,08,gemma4:12b,embed,docs_rag_qwen3_06b,2026-07-04 20:38:29,confianza/llamacpp/12b_06b_np1/run_08/sweep.json,15,57666,482487,36010.2,33249.4,9.553333333333333,74.5,15,15
confianza,voz05,repeticiones emparejadas,llamacpp,llamacpp,12b_06b_np1,08,gemma4:12b,embed,docs_rag_qwen3_06b,2026-07-04 20:38:29,confianza/llamacpp/12b_06b_np1/run_08/sweep.json,20,73417,840417,45691.7,42966.95,7.68,81.1,20,20
confianza,voz05,repeticiones emparejadas,llamacpp,llamacpp,12b_06b_np1,08,gemma4:12b,embed,docs_rag_qwen3_06b,2026-07-04 20:38:29,confianza/llamacpp/12b_06b_np1/run_08/sweep.json,25,96792,1359811,58264.12,55393.68,6.228,79.3,25,25
confianza,voz05,repeticiones emparejadas,llamacpp,llamacpp,12b_06b_np1,03,gemma4:12b,embed,docs_rag_qwen3_06b,2026-07-04 20:12:18,confianza/llamacpp/12b_06b_np1/run_03/sweep.json,1,5309,0,5309,2075,60.3,60.3,1,1
confianza,voz05,repeticiones emparejadas,llamacpp,llamacpp,12b_06b_np1,03,gemma4:12b,embed,docs_rag_qwen3_06b,2026-07-04 20:12:18,confianza/llamacpp/12b_06b_np1/run_03/sweep.json,5,25086,65178,18052.8,14043.2,29.06,87.2,5,5
confianza,voz05,repeticiones emparejadas,llamacpp,llamacpp,12b_06b_np1,03,gemma4:12b,embed,docs_rag_qwen3_06b,2026-07-04 20:12:18,confianza/llamacpp/12b_06b_np1/run_03/sweep.json,10,46259,232358,27861.7,24358.8,14.9,80.2,10,10
confianza,voz05,repeticiones emparejadas,llamacpp,llamacpp,12b_06b_np1,03,gemma4:12b,embed,docs_rag_qwen3_06b,2026-07-04 20:12:18,confianza/llamacpp/12b_06b_np1/run_03/sweep.json,15,65635,555265,41393.333333333336,37913.86666666667,11.266666666666666,87.7,15,15
confianza,voz05,repeticiones emparejadas,llamacpp,llamacpp,12b_06b_np1,03,gemma4:12b,embed,docs_rag_qwen3_06b,2026-07-04 20:12:18,confianza/llamacpp/12b_06b_np1/run_03/sweep.json,20,87594,940133,51386.35,47990.85,8.290000000000001,84.7,20,20
confianza,voz05,repeticiones emparejadas,llamacpp,llamacpp,12b_06b_np1,03,gemma4:12b,embed,docs_rag_qwen3_06b,2026-07-04 20:12:18,confianza/llamacpp/12b_06b_np1/run_03/sweep.json,25,125587,1767568,75726.2,71835.84,6.972,81.5,25,25
confianza,voz05,repeticiones emparejadas,llamacpp,llamacpp,12b_06b_np1,02,gemma4:12b,embed,docs_rag_qwen3_06b,2026-07-04 20:07:39,confianza/llamacpp/12b_06b_np1/run_02/sweep.json,1,3216,0,3216,2257,20.8,20.8,1,1
confianza,voz05,repeticiones emparejadas,llamacpp,llamacpp,12b_06b_np1,02,gemma4:12b,embed,docs_rag_qwen3_06b,2026-07-04 20:07:39,confianza/llamacpp/12b_06b_np1/run_02/sweep.json,5,16463,40482,11389,9121.4,22.76,75.3,5,5
confianza,voz05,repeticiones emparejadas,llamacpp,llamacpp,12b_06b_np1,02,gemma4:12b,embed,docs_rag_qwen3_06b,2026-07-04 20:07:39,confianza/llamacpp/12b_06b_np1/run_02/sweep.json,10,39764,211180,25094.4,22284.9,13.25,75.4,10,10
confianza,voz05,repeticiones emparejadas,llamacpp,llamacpp,12b_06b_np1,02,gemma4:12b,embed,docs_rag_qwen3_06b,2026-07-04 20:07:39,confianza/llamacpp/12b_06b_np1/run_02/sweep.json,15,58095,465889,34932.26666666667,32037.133333333335,10.626666666666667,81.5,15,15
confianza,voz05,repeticiones emparejadas,llamacpp,llamacpp,12b_06b_np1,02,gemma4:12b,embed,docs_rag_qwen3_06b,2026-07-04 20:07:39,confianza/llamacpp/12b_06b_np1/run_02/sweep.json,20,72811,786303,42955.7,40222.5,7.83,82.6,20,20
confianza,voz05,repeticiones emparejadas,llamacpp,llamacpp,12b_06b_np1,02,gemma4:12b,embed,docs_rag_qwen3_06b,2026-07-04 20:07:39,confianza/llamacpp/12b_06b_np1/run_02/sweep.json,25,87904,1232927,52833.24,50220.52,6.196,81.6,25,25
confianza,voz05,repeticiones emparejadas,llamacpp,llamacpp,26b_06b_np8,04,gemma4:26b,embed,docs_rag_qwen3_06b,2026-07-04 16:00:12,confianza/llamacpp/26b_06b_np8/run_04/sweep.json,1,2460,0,2460,2041,20.7,20.7,1,1
confianza,voz05,repeticiones emparejadas,llamacpp,llamacpp,26b_06b_np8,04,gemma4:26b,embed,docs_rag_qwen3_06b,2026-07-04 16:00:12,confianza/llamacpp/26b_06b_np8/run_04/sweep.json,5,9118,19608,5745.2,2413.4,76.74,144.8,5,5
confianza,voz05,repeticiones emparejadas,llamacpp,llamacpp,26b_06b_np8,04,gemma4:26b,embed,docs_rag_qwen3_06b,2026-07-04 16:00:12,confianza/llamacpp/26b_06b_np8/run_04/sweep.json,10,15070,79750,9482,3359,34.93,220.0,10,10
confianza,voz05,repeticiones emparejadas,llamacpp,llamacpp,26b_06b_np8,04,gemma4:26b,embed,docs_rag_qwen3_06b,2026-07-04 16:00:12,confianza/llamacpp/26b_06b_np8/run_04/sweep.json,15,20917,177740,13243.8,6247.933333333333,19.673333333333332,198.7,15,15
confianza,voz05,repeticiones emparejadas,llamacpp,llamacpp,26b_06b_np8,04,gemma4:26b,embed,docs_rag_qwen3_06b,2026-07-04 16:00:12,confianza/llamacpp/26b_06b_np8/run_04/sweep.json,20,22900,295815,15935.75,9280.8,19.165,271.6,20,20
confianza,voz05,repeticiones emparejadas,llamacpp,llamacpp,26b_06b_np8,04,gemma4:26b,embed,docs_rag_qwen3_06b,2026-07-04 16:00:12,confianza/llamacpp/26b_06b_np8/run_04/sweep.json,25,31122,455305,19457.08,12314.52,14.3,222.9,25,25
confianza,voz05,repeticiones emparejadas,llamacpp,llamacpp,26b_06b_np8,01,gemma4:26b,embed,docs_rag_qwen3_06b,2026-07-04 15:54:52,confianza/llamacpp/26b_06b_np8/run_01/sweep.json,1,3471,-1,3470,1139,125.3,125.3,1,1
confianza,voz05,repeticiones emparejadas,llamacpp,llamacpp,26b_06b_np8,01,gemma4:26b,embed,docs_rag_qwen3_06b,2026-07-04 15:54:52,confianza/llamacpp/26b_06b_np8/run_01/sweep.json,5,13893,41237,11026,3664.2,35.18,147.7,5,5
confianza,voz05,repeticiones emparejadas,llamacpp,llamacpp,26b_06b_np8,01,gemma4:26b,embed,docs_rag_qwen3_06b,2026-07-04 15:54:52,confianza/llamacpp/26b_06b_np8/run_01/sweep.json,10,14188,97830,11201.8,4833.3,29.03,231.9,10,10
confianza,voz05,repeticiones emparejadas,llamacpp,llamacpp,26b_06b_np8,01,gemma4:26b,embed,docs_rag_qwen3_06b,2026-07-04 15:54:52,confianza/llamacpp/26b_06b_np8/run_01/sweep.json,15,22061,220818,16191.933333333332,8517,23.94,254.4,15,15
confianza,voz05,repeticiones emparejadas,llamacpp,llamacpp,26b_06b_np8,01,gemma4:26b,embed,docs_rag_qwen3_06b,2026-07-04 15:54:52,confianza/llamacpp/26b_06b_np8/run_01/sweep.json,20,29871,406304,21808.75,13100.6,19.235,256.4,20,20
confianza,voz05,repeticiones emparejadas,llamacpp,llamacpp,26b_06b_np8,01,gemma4:26b,embed,docs_rag_qwen3_06b,2026-07-04 15:54:52,confianza/llamacpp/26b_06b_np8/run_01/sweep.json,25,33659,504847,21540.24,13664.52,18.056,263.6,25,25
confianza,voz05,repeticiones emparejadas,llamacpp,llamacpp,26b_06b_np8,05,gemma4:26b,embed,docs_rag_qwen3_06b,2026-07-04 16:01:55,confianza/llamacpp/26b_06b_np8/run_05/sweep.json,1,2714,0,2714,2070,26.9,26.9,1,1
confianza,voz05,repeticiones emparejadas,llamacpp,llamacpp,26b_06b_np8,05,gemma4:26b,embed,docs_rag_qwen3_06b,2026-07-04 16:01:55,confianza/llamacpp/26b_06b_np8/run_05/sweep.json,5,8505,23491,6399.2,2871.6,30.92,127.2,5,5
confianza,voz05,repeticiones emparejadas,llamacpp,llamacpp,26b_06b_np8,05,gemma4:26b,embed,docs_rag_qwen3_06b,2026-07-04 16:01:55,confianza/llamacpp/26b_06b_np8/run_05/sweep.json,10,17794,107331,12512.5,5279.7,18.41,139.9,10,10
confianza,voz05,repeticiones emparejadas,llamacpp,llamacpp,26b_06b_np8,05,gemma4:26b,embed,docs_rag_qwen3_06b,2026-07-04 16:01:55,confianza/llamacpp/26b_06b_np8/run_05/sweep.json,15,21811,226358,16544.6,8950.6,17.806666666666665,207.6,15,15
confianza,voz05,repeticiones emparejadas,llamacpp,llamacpp,26b_06b_np8,05,gemma4:26b,embed,docs_rag_qwen3_06b,2026-07-04 16:01:55,confianza/llamacpp/26b_06b_np8/run_05/sweep.json,20,25060,298430,16174.5,9393.05,18.43,242.3,20,20
confianza,voz05,repeticiones emparejadas,llamacpp,llamacpp,26b_06b_np8,05,gemma4:26b,embed,docs_rag_qwen3_06b,2026-07-04 16:01:55,confianza/llamacpp/26b_06b_np8/run_05/sweep.json,25,28346,407448,17431.76,11194.88,16.792,255.1,25,25
confianza,voz05,repeticiones emparejadas,llamacpp,llamacpp,26b_06b_np8,07,gemma4:26b,embed,docs_rag_qwen3_06b,2026-07-04 16:05:28,confianza/llamacpp/26b_06b_np8/run_07/sweep.json,1,5569,0,5569,1687,15.8,15.8,1,1
confianza,voz05,repeticiones emparejadas,llamacpp,llamacpp,26b_06b_np8,07,gemma4:26b,embed,docs_rag_qwen3_06b,2026-07-04 16:05:28,confianza/llamacpp/26b_06b_np8/run_07/sweep.json,5,10308,32336,8528.8,3031.2,29.06,129.5,5,5
confianza,voz05,repeticiones emparejadas,llamacpp,llamacpp,26b_06b_np8,07,gemma4:26b,embed,docs_rag_qwen3_06b,2026-07-04 16:05:28,confianza/llamacpp/26b_06b_np8/run_07/sweep.json,10,14846,105157,12000.3,4613.1,22.53,193.8,10,10
confianza,voz05,repeticiones emparejadas,llamacpp,llamacpp,26b_06b_np8,07,gemma4:26b,embed,docs_rag_qwen3_06b,2026-07-04 16:05:28,confianza/llamacpp/26b_06b_np8/run_07/sweep.json,15,22605,216680,15952.333333333334,8057,18.36,198.5,15,15
confianza,voz05,repeticiones emparejadas,llamacpp,llamacpp,26b_06b_np8,07,gemma4:26b,embed,docs_rag_qwen3_06b,2026-07-04 16:05:28,confianza/llamacpp/26b_06b_np8/run_07/sweep.json,20,23189,304182,16368.55,9775.95,17.855,256.7,20,20
confianza,voz05,repeticiones emparejadas,llamacpp,llamacpp,26b_06b_np8,07,gemma4:26b,embed,docs_rag_qwen3_06b,2026-07-04 16:05:28,confianza/llamacpp/26b_06b_np8/run_07/sweep.json,25,31715,485986,20708.04,13663.08,14.736,231.8,25,25
confianza,voz05,repeticiones emparejadas,llamacpp,llamacpp,26b_06b_np8,06,gemma4:26b,embed,docs_rag_qwen3_06b,2026-07-04 16:03:39,confianza/llamacpp/26b_06b_np8/run_06/sweep.json,1,2209,-1,2208,1735,28.1,28.1,1,1
confianza,voz05,repeticiones emparejadas,llamacpp,llamacpp,26b_06b_np8,06,gemma4:26b,embed,docs_rag_qwen3_06b,2026-07-04 16:03:39,confianza/llamacpp/26b_06b_np8/run_06/sweep.json,5,9664,31425,8217.8,4019.4,27.9,126.0,5,5
confianza,voz05,repeticiones emparejadas,llamacpp,llamacpp,26b_06b_np8,06,gemma4:26b,embed,docs_rag_qwen3_06b,2026-07-04 16:03:39,confianza/llamacpp/26b_06b_np8/run_06/sweep.json,10,15445,108978,12442.3,4796.4,18.63,162.8,10,10
confianza,voz05,repeticiones emparejadas,llamacpp,llamacpp,26b_06b_np8,06,gemma4:26b,embed,docs_rag_qwen3_06b,2026-07-04 16:03:39,confianza/llamacpp/26b_06b_np8/run_06/sweep.json,15,20844,199750,14706.266666666666,7773.4,15.966666666666667,183.4,15,15
confianza,voz05,repeticiones emparejadas,llamacpp,llamacpp,26b_06b_np8,06,gemma4:26b,embed,docs_rag_qwen3_06b,2026-07-04 16:03:39,confianza/llamacpp/26b_06b_np8/run_06/sweep.json,20,26659,335406,18103.25,11190.15,14.96,213.2,20,20
confianza,voz05,repeticiones emparejadas,llamacpp,llamacpp,26b_06b_np8,06,gemma4:26b,embed,docs_rag_qwen3_06b,2026-07-04 16:03:39,confianza/llamacpp/26b_06b_np8/run_06/sweep.json,25,33858,491900,21030.32,13168.92,15.216,233.7,25,25
confianza,voz05,repeticiones emparejadas,llamacpp,llamacpp,26b_06b_np8,10,gemma4:26b,embed,docs_rag_qwen3_06b,2026-07-04 16:10:46,confianza/llamacpp/26b_06b_np8/run_10/sweep.json,1,3409,-1,3408,2019,71.3,71.3,1,1
confianza,voz05,repeticiones emparejadas,llamacpp,llamacpp,26b_06b_np8,10,gemma4:26b,embed,docs_rag_qwen3_06b,2026-07-04 16:10:46,confianza/llamacpp/26b_06b_np8/run_10/sweep.json,5,8316,22221,6107.4,2701.8,35.86,143.9,5,5
confianza,voz05,repeticiones emparejadas,llamacpp,llamacpp,26b_06b_np8,10,gemma4:26b,embed,docs_rag_qwen3_06b,2026-07-04 16:10:46,confianza/llamacpp/26b_06b_np8/run_10/sweep.json,10,12829,76327,8915.6,3750.3,27.31,203.6,10,10
confianza,voz05,repeticiones emparejadas,llamacpp,llamacpp,26b_06b_np8,10,gemma4:26b,embed,docs_rag_qwen3_06b,2026-07-04 16:10:46,confianza/llamacpp/26b_06b_np8/run_10/sweep.json,15,21786,209857,15442.866666666667,7723.866666666667,21.946666666666665,238.5,15,15
confianza,voz05,repeticiones emparejadas,llamacpp,llamacpp,26b_06b_np8,10,gemma4:26b,embed,docs_rag_qwen3_06b,2026-07-04 16:10:46,confianza/llamacpp/26b_06b_np8/run_10/sweep.json,20,25474,311813,16864.35,9623,19.985,256.7,20,20
confianza,voz05,repeticiones emparejadas,llamacpp,llamacpp,26b_06b_np8,10,gemma4:26b,embed,docs_rag_qwen3_06b,2026-07-04 16:10:46,confianza/llamacpp/26b_06b_np8/run_10/sweep.json,25,35048,508697,21749.8,13746.12,15.964,238.0,25,25
confianza,voz05,repeticiones emparejadas,llamacpp,llamacpp,26b_06b_np8,09,gemma4:26b,embed,docs_rag_qwen3_06b,2026-07-04 16:09:01,confianza/llamacpp/26b_06b_np8/run_09/sweep.json,1,4151,0,4151,2422,55.2,55.2,1,1
confianza,voz05,repeticiones emparejadas,llamacpp,llamacpp,26b_06b_np8,09,gemma4:26b,embed,docs_rag_qwen3_06b,2026-07-04 16:09:01,confianza/llamacpp/26b_06b_np8/run_09/sweep.json,5,9642,31945,8317.4,3370.6,30.900000000000002,139.2,5,5
confianza,voz05,repeticiones emparejadas,llamacpp,llamacpp,26b_06b_np8,09,gemma4:26b,embed,docs_rag_qwen3_06b,2026-07-04 16:09:01,confianza/llamacpp/26b_06b_np8/run_09/sweep.json,10,11193,78228,8942.1,3577,35.34,267.8,10,10
confianza,voz05,repeticiones emparejadas,llamacpp,llamacpp,26b_06b_np8,09,gemma4:26b,embed,docs_rag_qwen3_06b,2026-07-04 16:09:01,confianza/llamacpp/26b_06b_np8/run_09/sweep.json,15,20890,222329,16214.6,8554.6,17.04,192.9,15,15
confianza,voz05,repeticiones emparejadas,llamacpp,llamacpp,26b_06b_np8,09,gemma4:26b,embed,docs_rag_qwen3_06b,2026-07-04 16:09:01,confianza/llamacpp/26b_06b_np8/run_09/sweep.json,20,28175,362748,19546.15,11607.95,16.79,219.7,20,20
confianza,voz05,repeticiones emparejadas,llamacpp,llamacpp,26b_06b_np8,09,gemma4:26b,embed,docs_rag_qwen3_06b,2026-07-04 16:09:01,confianza/llamacpp/26b_06b_np8/run_09/sweep.json,25,31304,458932,19609.44,12490.28,14.732,225.3,25,25
confianza,voz05,repeticiones emparejadas,llamacpp,llamacpp,26b_06b_np8,08,gemma4:26b,embed,docs_rag_qwen3_06b,2026-07-04 16:07:17,confianza/llamacpp/26b_06b_np8/run_08/sweep.json,1,4326,0,4326,1922,86.2,86.2,1,1
confianza,voz05,repeticiones emparejadas,llamacpp,llamacpp,26b_06b_np8,08,gemma4:26b,embed,docs_rag_qwen3_06b,2026-07-04 16:07:17,confianza/llamacpp/26b_06b_np8/run_08/sweep.json,5,10308,34237,8909,2976.6,36.2,160.7,5,5
confianza,voz05,repeticiones emparejadas,llamacpp,llamacpp,26b_06b_np8,08,gemma4:26b,embed,docs_rag_qwen3_06b,2026-07-04 16:07:17,confianza/llamacpp/26b_06b_np8/run_08/sweep.json,10,13908,95244,10915.2,3938.9,24.689999999999998,207.5,10,10
confianza,voz05,repeticiones emparejadas,llamacpp,llamacpp,26b_06b_np8,08,gemma4:26b,embed,docs_rag_qwen3_06b,2026-07-04 16:07:17,confianza/llamacpp/26b_06b_np8/run_08/sweep.json,15,21620,234277,17059.8,9172.533333333333,16.873333333333335,201.9,15,15
confianza,voz05,repeticiones emparejadas,llamacpp,llamacpp,26b_06b_np8,08,gemma4:26b,embed,docs_rag_qwen3_06b,2026-07-04 16:07:17,confianza/llamacpp/26b_06b_np8/run_08/sweep.json,20,23641,325949,17479.5,10925.35,15.64,227.2,20,20
confianza,voz05,repeticiones emparejadas,llamacpp,llamacpp,26b_06b_np8,08,gemma4:26b,embed,docs_rag_qwen3_06b,2026-07-04 16:07:17,confianza/llamacpp/26b_06b_np8/run_08/sweep.json,25,29548,492288,20873.44,14013.88,13.648,234.3,25,25
confianza,voz05,repeticiones emparejadas,llamacpp,llamacpp,26b_06b_np8,03,gemma4:26b,embed,docs_rag_qwen3_06b,2026-07-04 15:58:22,confianza/llamacpp/26b_06b_np8/run_03/sweep.json,1,1035,0,1035,1034,262.8,262.8,1,1
confianza,voz05,repeticiones emparejadas,llamacpp,llamacpp,26b_06b_np8,03,gemma4:26b,embed,docs_rag_qwen3_06b,2026-07-04 15:58:22,confianza/llamacpp/26b_06b_np8/run_03/sweep.json,5,10730,29694,8084.8,2577.8,77.66,179.6,5,5
confianza,voz05,repeticiones emparejadas,llamacpp,llamacpp,26b_06b_np8,03,gemma4:26b,embed,docs_rag_qwen3_06b,2026-07-04 15:58:22,confianza/llamacpp/26b_06b_np8/run_03/sweep.json,10,13723,86936,10065.9,3301.8,29.82,234.2,10,10
confianza,voz05,repeticiones emparejadas,llamacpp,llamacpp,26b_06b_np8,03,gemma4:26b,embed,docs_rag_qwen3_06b,2026-07-04 15:58:22,confianza/llamacpp/26b_06b_np8/run_03/sweep.json,15,20862,199061,14661.533333333333,7333.8,21.566666666666666,235.7,15,15
confianza,voz05,repeticiones emparejadas,llamacpp,llamacpp,26b_06b_np8,03,gemma4:26b,embed,docs_rag_qwen3_06b,2026-07-04 15:58:22,confianza/llamacpp/26b_06b_np8/run_03/sweep.json,20,24505,300695,16260,9240.95,19.71,242.2,20,20
confianza,voz05,repeticiones emparejadas,llamacpp,llamacpp,26b_06b_np8,03,gemma4:26b,embed,docs_rag_qwen3_06b,2026-07-04 15:58:22,confianza/llamacpp/26b_06b_np8/run_03/sweep.json,25,39503,534170,22946.92,13773.16,16.16,213.4,25,25
confianza,voz05,repeticiones emparejadas,llamacpp,llamacpp,26b_06b_np8,02,gemma4:26b,embed,docs_rag_qwen3_06b,2026-07-04 15:56:50,confianza/llamacpp/26b_06b_np8/run_02/sweep.json,1,2676,0,2676,2064,22.4,22.4,1,1
confianza,voz05,repeticiones emparejadas,llamacpp,llamacpp,26b_06b_np8,02,gemma4:26b,embed,docs_rag_qwen3_06b,2026-07-04 15:56:50,confianza/llamacpp/26b_06b_np8/run_02/sweep.json,5,9983,32335,8463.6,3162,27.04,121.9,5,5
confianza,voz05,repeticiones emparejadas,llamacpp,llamacpp,26b_06b_np8,02,gemma4:26b,embed,docs_rag_qwen3_06b,2026-07-04 15:56:50,confianza/llamacpp/26b_06b_np8/run_02/sweep.json,10,13119,91789,10490.8,4166.8,25.1,209.2,10,10
confianza,voz05,repeticiones emparejadas,llamacpp,llamacpp,26b_06b_np8,02,gemma4:26b,embed,docs_rag_qwen3_06b,2026-07-04 15:56:50,confianza/llamacpp/26b_06b_np8/run_02/sweep.json,15,18594,175169,12917.533333333333,6437.666666666667,21.713333333333335,229.1,15,15
confianza,voz05,repeticiones emparejadas,llamacpp,llamacpp,26b_06b_np8,02,gemma4:26b,embed,docs_rag_qwen3_06b,2026-07-04 15:56:50,confianza/llamacpp/26b_06b_np8/run_02/sweep.json,20,23786,264918,14435.2,8268.9,18.045,227.4,20,20
confianza,voz05,repeticiones emparejadas,llamacpp,llamacpp,26b_06b_np8,02,gemma4:26b,embed,docs_rag_qwen3_06b,2026-07-04 15:56:50,confianza/llamacpp/26b_06b_np8/run_02/sweep.json,25,23404,341059,14578.52,9495.04,18.416,278.1,25,25
confianza,voz05,repeticiones emparejadas,llamacpp,llamacpp,12b_4b_np1,04,gemma4:12b,embed,docs_rag_qwen3,2026-07-04 21:10:14,confianza/llamacpp/12b_4b_np1/run_04/sweep.json,1,3552,0,3552,2100,39.4,39.4,1,1
confianza,voz05,repeticiones emparejadas,llamacpp,llamacpp,12b_4b_np1,04,gemma4:12b,embed,docs_rag_qwen3,2026-07-04 21:10:14,confianza/llamacpp/12b_4b_np1/run_04/sweep.json,5,20100,46926,13405.2,10322,27.72,85.1,5,5
confianza,voz05,repeticiones emparejadas,llamacpp,llamacpp,12b_4b_np1,04,gemma4:12b,embed,docs_rag_qwen3,2026-07-04 21:10:14,confianza/llamacpp/12b_4b_np1/run_04/sweep.json,10,45462,220056,26551.8,23013.5,16.05,87.0,10,10
confianza,voz05,repeticiones emparejadas,llamacpp,llamacpp,12b_4b_np1,04,gemma4:12b,embed,docs_rag_qwen3,2026-07-04 21:10:14,confianza/llamacpp/12b_4b_np1/run_04/sweep.json,15,59994,538800,39919.6,37028.933333333334,9.72,78.5,15,15
confianza,voz05,repeticiones emparejadas,llamacpp,llamacpp,12b_4b_np1,04,gemma4:12b,embed,docs_rag_qwen3,2026-07-04 21:10:14,confianza/llamacpp/12b_4b_np1/run_04/sweep.json,20,74855,810850,44285.25,41399.4,8.295,86.6,20,20
confianza,voz05,repeticiones emparejadas,llamacpp,llamacpp,12b_4b_np1,04,gemma4:12b,embed,docs_rag_qwen3,2026-07-04 21:10:14,confianza/llamacpp/12b_4b_np1/run_04/sweep.json,25,95174,1336271,57257.8,54392.4,6.608,83.2,25,25
confianza,voz05,repeticiones emparejadas,llamacpp,llamacpp,12b_4b_np1,01,gemma4:12b,embed,docs_rag_qwen3,2026-07-04 20:53:18,confianza/llamacpp/12b_4b_np1/run_01/sweep.json,1,4067,0,4067,1786,67.1,67.1,1,1
confianza,voz05,repeticiones emparejadas,llamacpp,llamacpp,12b_4b_np1,01,gemma4:12b,embed,docs_rag_qwen3,2026-07-04 20:53:18,confianza/llamacpp/12b_4b_np1/run_01/sweep.json,5,23006,54243,15449.8,12170.4,25.5,75.5,5,5
confianza,voz05,repeticiones emparejadas,llamacpp,llamacpp,12b_4b_np1,01,gemma4:12b,embed,docs_rag_qwen3,2026-07-04 20:53:18,confianza/llamacpp/12b_4b_np1/run_01/sweep.json,10,50463,271474,32193.7,28339.8,15.14,82.9,10,10
confianza,voz05,repeticiones emparejadas,llamacpp,llamacpp,12b_4b_np1,01,gemma4:12b,embed,docs_rag_qwen3,2026-07-04 20:53:18,confianza/llamacpp/12b_4b_np1/run_01/sweep.json,15,74195,607617,45454.13333333333,41571.6,11.700000000000001,87.6,15,15
confianza,voz05,repeticiones emparejadas,llamacpp,llamacpp,12b_4b_np1,01,gemma4:12b,embed,docs_rag_qwen3,2026-07-04 20:53:18,confianza/llamacpp/12b_4b_np1/run_01/sweep.json,20,92813,1024911,55886.2,52237.8,9.14,88.7,20,20
confianza,voz05,repeticiones emparejadas,llamacpp,llamacpp,12b_4b_np1,01,gemma4:12b,embed,docs_rag_qwen3,2026-07-04 20:53:18,confianza/llamacpp/12b_4b_np1/run_01/sweep.json,25,120391,1717164,73502.2,69817.64,6.7,83.0,25,25
confianza,voz05,repeticiones emparejadas,llamacpp,llamacpp,12b_4b_np1,05,gemma4:12b,embed,docs_rag_qwen3,2026-07-04 21:15:13,confianza/llamacpp/12b_4b_np1/run_05/sweep.json,1,4073,0,4073,2517,31.9,31.9,1,1
confianza,voz05,repeticiones emparejadas,llamacpp,llamacpp,12b_4b_np1,05,gemma4:12b,embed,docs_rag_qwen3,2026-07-04 21:15:13,confianza/llamacpp/12b_4b_np1/run_05/sweep.json,5,16215,36697,10582.4,8336.6,22.419999999999998,71.0,5,5
confianza,voz05,repeticiones emparejadas,llamacpp,llamacpp,12b_4b_np1,05,gemma4:12b,embed,docs_rag_qwen3,2026-07-04 21:15:13,confianza/llamacpp/12b_4b_np1/run_05/sweep.json,10,39636,188909,22854.5,20081.5,12.74,68.4,10,10
confianza,voz05,repeticiones emparejadas,llamacpp,llamacpp,12b_4b_np1,05,gemma4:12b,embed,docs_rag_qwen3,2026-07-04 21:15:13,confianza/llamacpp/12b_4b_np1/run_05/sweep.json,15,62797,467165,35330.8,32249.466666666667,10.146666666666667,76.3,15,15
confianza,voz05,repeticiones emparejadas,llamacpp,llamacpp,12b_4b_np1,05,gemma4:12b,embed,docs_rag_qwen3,2026-07-04 21:15:13,confianza/llamacpp/12b_4b_np1/run_05/sweep.json,20,88948,983951,53644.95,50322.15,7.795,77.7,20,20
confianza,voz05,repeticiones emparejadas,llamacpp,llamacpp,12b_4b_np1,05,gemma4:12b,embed,docs_rag_qwen3,2026-07-04 21:15:13,confianza/llamacpp/12b_4b_np1/run_05/sweep.json,25,103467,1521907,65014.96,61895.68,6.532,80.6,25,25
confianza,voz05,repeticiones emparejadas,llamacpp,llamacpp,12b_4b_np1,07,gemma4:12b,embed,docs_rag_qwen3,2026-07-04 21:25:30,confianza/llamacpp/12b_4b_np1/run_07/sweep.json,1,8557,-1,8556,1855,89.3,89.3,1,1
confianza,voz05,repeticiones emparejadas,llamacpp,llamacpp,12b_4b_np1,07,gemma4:12b,embed,docs_rag_qwen3,2026-07-04 21:25:30,confianza/llamacpp/12b_4b_np1/run_07/sweep.json,5,21396,49424,14164,11032.8,26.4,79.5,5,5
confianza,voz05,repeticiones emparejadas,llamacpp,llamacpp,12b_4b_np1,07,gemma4:12b,embed,docs_rag_qwen3,2026-07-04 21:25:30,confianza/llamacpp/12b_4b_np1/run_07/sweep.json,10,42744,240446,28319,25166.4,13.8,77.0,10,10
confianza,voz05,repeticiones emparejadas,llamacpp,llamacpp,12b_4b_np1,07,gemma4:12b,embed,docs_rag_qwen3,2026-07-04 21:25:30,confianza/llamacpp/12b_4b_np1/run_07/sweep.json,15,65447,513834,38618.73333333333,35315.46666666667,10.18,80.0,15,15
confianza,voz05,repeticiones emparejadas,llamacpp,llamacpp,12b_4b_np1,07,gemma4:12b,embed,docs_rag_qwen3,2026-07-04 21:25:30,confianza/llamacpp/12b_4b_np1/run_07/sweep.json,20,80729,988613,53467.1,50352.75,8.1,84.3,20,20
confianza,voz05,repeticiones emparejadas,llamacpp,llamacpp,12b_4b_np1,07,gemma4:12b,embed,docs_rag_qwen3,2026-07-04 21:25:30,confianza/llamacpp/12b_4b_np1/run_07/sweep.json,25,101009,1488723,63589.28,60509.32,6.5040000000000004,82.7,25,25
confianza,voz05,repeticiones emparejadas,llamacpp,llamacpp,12b_4b_np1,06,gemma4:12b,embed,docs_rag_qwen3,2026-07-04 21:20:29,confianza/llamacpp/12b_4b_np1/run_06/sweep.json,1,2817,0,2817,1523,47.6,47.6,1,1
confianza,voz05,repeticiones emparejadas,llamacpp,llamacpp,12b_4b_np1,06,gemma4:12b,embed,docs_rag_qwen3,2026-07-04 21:20:29,confianza/llamacpp/12b_4b_np1/run_06/sweep.json,5,22239,50802,14608.2,11456.4,22.46,68.1,5,5
confianza,voz05,repeticiones emparejadas,llamacpp,llamacpp,12b_4b_np1,06,gemma4:12b,embed,docs_rag_qwen3,2026-07-04 21:20:29,confianza/llamacpp/12b_4b_np1/run_06/sweep.json,10,42046,218755,26080.1,23053,13.07,70.4,10,10
confianza,voz05,repeticiones emparejadas,llamacpp,llamacpp,12b_4b_np1,06,gemma4:12b,embed,docs_rag_qwen3,2026-07-04 21:20:29,confianza/llamacpp/12b_4b_np1/run_06/sweep.json,15,54735,419767,31633.466666666667,28981.266666666666,9.406666666666666,74.7,15,15
confianza,voz05,repeticiones emparejadas,llamacpp,llamacpp,12b_4b_np1,06,gemma4:12b,embed,docs_rag_qwen3,2026-07-04 21:20:29,confianza/llamacpp/12b_4b_np1/run_06/sweep.json,20,74577,806981,44077.9,41258.9,7.54,78.0,20,20
confianza,voz05,repeticiones emparejadas,llamacpp,llamacpp,12b_4b_np1,06,gemma4:12b,embed,docs_rag_qwen3,2026-07-04 21:20:29,confianza/llamacpp/12b_4b_np1/run_06/sweep.json,25,103924,1440862,61791.44,58623.64,6.156,78.4,25,25
confianza,voz05,repeticiones emparejadas,llamacpp,llamacpp,12b_4b_np1,10,gemma4:12b,embed,docs_rag_qwen3,2026-07-04 21:40:21,confianza/llamacpp/12b_4b_np1/run_10/sweep.json,1,5813,0,5813,2620,55.4,55.4,1,1
confianza,voz05,repeticiones emparejadas,llamacpp,llamacpp,12b_4b_np1,10,gemma4:12b,embed,docs_rag_qwen3,2026-07-04 21:40:21,confianza/llamacpp/12b_4b_np1/run_10/sweep.json,5,14111,36913,10204.8,8393.4,20.68,67.7,5,5
confianza,voz05,repeticiones emparejadas,llamacpp,llamacpp,12b_4b_np1,10,gemma4:12b,embed,docs_rag_qwen3,2026-07-04 21:40:21,confianza/llamacpp/12b_4b_np1/run_10/sweep.json,10,34850,180171,21502.1,19108.6,12.56,71.0,10,10
confianza,voz05,repeticiones emparejadas,llamacpp,llamacpp,12b_4b_np1,10,gemma4:12b,embed,docs_rag_qwen3,2026-07-04 21:40:21,confianza/llamacpp/12b_4b_np1/run_10/sweep.json,15,56295,435064,32757.266666666666,29874.733333333334,10.713333333333333,84.7,15,15
confianza,voz05,repeticiones emparejadas,llamacpp,llamacpp,12b_4b_np1,10,gemma4:12b,embed,docs_rag_qwen3,2026-07-04 21:40:21,confianza/llamacpp/12b_4b_np1/run_10/sweep.json,20,79865,838032,45894.85,42786.7,8.375,85.6,20,20
confianza,voz05,repeticiones emparejadas,llamacpp,llamacpp,12b_4b_np1,10,gemma4:12b,embed,docs_rag_qwen3,2026-07-04 21:40:21,confianza/llamacpp/12b_4b_np1/run_10/sweep.json,25,104459,1472455,63076.56,59858.16,6.764,83.6,25,25
confianza,voz05,repeticiones emparejadas,llamacpp,llamacpp,12b_4b_np1,09,gemma4:12b,embed,docs_rag_qwen3,2026-07-04 21:35:27,confianza/llamacpp/12b_4b_np1/run_09/sweep.json,1,6227,0,6227,2254,67.6,67.6,1,1
confianza,voz05,repeticiones emparejadas,llamacpp,llamacpp,12b_4b_np1,09,gemma4:12b,embed,docs_rag_qwen3,2026-07-04 21:35:27,confianza/llamacpp/12b_4b_np1/run_09/sweep.json,5,23277,56042,15863.8,12447.2,27.24,77.1,5,5
confianza,voz05,repeticiones emparejadas,llamacpp,llamacpp,12b_4b_np1,09,gemma4:12b,embed,docs_rag_qwen3,2026-07-04 21:35:27,confianza/llamacpp/12b_4b_np1/run_09/sweep.json,10,36014,189780,22579.4,19941.3,14.07,80.1,10,10
confianza,voz05,repeticiones emparejadas,llamacpp,llamacpp,12b_4b_np1,09,gemma4:12b,embed,docs_rag_qwen3,2026-07-04 21:35:27,confianza/llamacpp/12b_4b_np1/run_09/sweep.json,15,56557,444055,33374.13333333333,30636.466666666667,10.066666666666666,77.7,15,15
confianza,voz05,repeticiones emparejadas,llamacpp,llamacpp,12b_4b_np1,09,gemma4:12b,embed,docs_rag_qwen3,2026-07-04 21:35:27,confianza/llamacpp/12b_4b_np1/run_09/sweep.json,20,75082,833563,45432.25,42663.35,7.76,80.0,20,20
confianza,voz05,repeticiones emparejadas,llamacpp,llamacpp,12b_4b_np1,09,gemma4:12b,embed,docs_rag_qwen3,2026-07-04 21:35:27,confianza/llamacpp/12b_4b_np1/run_09/sweep.json,25,96991,1355163,58086.16,55257.88,6.084,76.9,25,25
confianza,voz05,repeticiones emparejadas,llamacpp,llamacpp,12b_4b_np1,08,gemma4:12b,embed,docs_rag_qwen3,2026-07-04 21:30:50,confianza/llamacpp/12b_4b_np1/run_08/sweep.json,1,5590,-1,5589,2372,53.7,53.7,1,1
confianza,voz05,repeticiones emparejadas,llamacpp,llamacpp,12b_4b_np1,08,gemma4:12b,embed,docs_rag_qwen3,2026-07-04 21:30:50,confianza/llamacpp/12b_4b_np1/run_08/sweep.json,5,18882,41529,12082.2,9382.6,25.04,77.3,5,5
confianza,voz05,repeticiones emparejadas,llamacpp,llamacpp,12b_4b_np1,08,gemma4:12b,embed,docs_rag_qwen3,2026-07-04 21:30:50,confianza/llamacpp/12b_4b_np1/run_08/sweep.json,10,35611,206603,24221.4,21609,14.299999999999999,80.7,10,10
confianza,voz05,repeticiones emparejadas,llamacpp,llamacpp,12b_4b_np1,08,gemma4:12b,embed,docs_rag_qwen3,2026-07-04 21:30:50,confianza/llamacpp/12b_4b_np1/run_08/sweep.json,15,58047,481294,35956.066666666666,33057.73333333333,10.326666666666666,80.5,15,15
confianza,voz05,repeticiones emparejadas,llamacpp,llamacpp,12b_4b_np1,08,gemma4:12b,embed,docs_rag_qwen3,2026-07-04 21:30:50,confianza/llamacpp/12b_4b_np1/run_08/sweep.json,20,68827,816219,44252.3,41746.85,7.515,80.1,20,20
confianza,voz05,repeticiones emparejadas,llamacpp,llamacpp,12b_4b_np1,08,gemma4:12b,embed,docs_rag_qwen3,2026-07-04 21:30:50,confianza/llamacpp/12b_4b_np1/run_08/sweep.json,25,89786,1259892,53987.12,51350.68,6.116,79.7,25,25
confianza,voz05,repeticiones emparejadas,llamacpp,llamacpp,12b_4b_np1,03,gemma4:12b,embed,docs_rag_qwen3,2026-07-04 21:04:10,confianza/llamacpp/12b_4b_np1/run_03/sweep.json,1,5322,0,5322,2022,71.0,71.0,1,1
confianza,voz05,repeticiones emparejadas,llamacpp,llamacpp,12b_4b_np1,03,gemma4:12b,embed,docs_rag_qwen3,2026-07-04 21:04:10,confianza/llamacpp/12b_4b_np1/run_03/sweep.json,5,24644,54487,15826.2,11961,31.18,86.2,5,5
confianza,voz05,repeticiones emparejadas,llamacpp,llamacpp,12b_4b_np1,03,gemma4:12b,embed,docs_rag_qwen3,2026-07-04 21:04:10,confianza/llamacpp/12b_4b_np1/run_03/sweep.json,10,52886,289225,34211.1,30067.1,16.28,84.0,10,10
confianza,voz05,repeticiones emparejadas,llamacpp,llamacpp,12b_4b_np1,03,gemma4:12b,embed,docs_rag_qwen3,2026-07-04 21:04:10,confianza/llamacpp/12b_4b_np1/run_03/sweep.json,15,69022,574314,42889.066666666666,39291,11.313333333333333,84.8,15,15
confianza,voz05,repeticiones emparejadas,llamacpp,llamacpp,12b_4b_np1,03,gemma4:12b,embed,docs_rag_qwen3,2026-07-04 21:04:10,confianza/llamacpp/12b_4b_np1/run_03/sweep.json,20,90091,985747,53791.9,50261.95,8.85,85.8,20,20
confianza,voz05,repeticiones emparejadas,llamacpp,llamacpp,12b_4b_np1,03,gemma4:12b,embed,docs_rag_qwen3,2026-07-04 21:04:10,confianza/llamacpp/12b_4b_np1/run_03/sweep.json,25,121415,1666310,71509,67748.76,6.872,82.9,25,25
confianza,voz05,repeticiones emparejadas,llamacpp,llamacpp,12b_4b_np1,02,gemma4:12b,embed,docs_rag_qwen3,2026-07-04 20:59:24,confianza/llamacpp/12b_4b_np1/run_02/sweep.json,1,3435,0,3435,2551,17.2,17.2,1,1
confianza,voz05,repeticiones emparejadas,llamacpp,llamacpp,12b_4b_np1,02,gemma4:12b,embed,docs_rag_qwen3,2026-07-04 20:59:24,confianza/llamacpp/12b_4b_np1/run_02/sweep.json,5,16901,38592,11098.6,8775.8,23.96,75.0,5,5
confianza,voz05,repeticiones emparejadas,llamacpp,llamacpp,12b_4b_np1,02,gemma4:12b,embed,docs_rag_qwen3,2026-07-04 20:59:24,confianza/llamacpp/12b_4b_np1/run_02/sweep.json,10,37074,209758,24683.2,21991.7,13.86,77.2,10,10
confianza,voz05,repeticiones emparejadas,llamacpp,llamacpp,12b_4b_np1,02,gemma4:12b,embed,docs_rag_qwen3,2026-07-04 20:59:24,confianza/llamacpp/12b_4b_np1/run_02/sweep.json,15,55893,488331,36281.6,33509.53333333333,9.726666666666667,80.8,15,15
confianza,voz05,repeticiones emparejadas,llamacpp,llamacpp,12b_4b_np1,02,gemma4:12b,embed,docs_rag_qwen3,2026-07-04 20:59:24,confianza/llamacpp/12b_4b_np1/run_02/sweep.json,20,77379,813001,44519,41600.7,8.195,81.8,20,20
confianza,voz05,repeticiones emparejadas,llamacpp,llamacpp,12b_4b_np1,02,gemma4:12b,embed,docs_rag_qwen3,2026-07-04 20:59:24,confianza/llamacpp/12b_4b_np1/run_02/sweep.json,25,95207,1340607,57432.56,54679.44,6.112,77.7,25,25
confianza,voz05,repeticiones emparejadas,llamacpp,llamacpp,26b_4b_np8,04,gemma4:26b,embed,docs_rag_qwen3,2026-07-04 16:17:55,confianza/llamacpp/26b_4b_np8/run_04/sweep.json,1,2874,0,2874,2113,37.9,37.9,1,1
confianza,voz05,repeticiones emparejadas,llamacpp,llamacpp,26b_4b_np8,04,gemma4:26b,embed,docs_rag_qwen3,2026-07-04 16:17:55,confianza/llamacpp/26b_4b_np8/run_04/sweep.json,5,9638,24128,6753.2,2215,48.52,185.9,5,5
confianza,voz05,repeticiones emparejadas,llamacpp,llamacpp,26b_4b_np8,04,gemma4:26b,embed,docs_rag_qwen3,2026-07-04 16:17:55,confianza/llamacpp/26b_4b_np8/run_04/sweep.json,10,16608,94584,11119.2,3878.7,28.099999999999998,206.6,10,10
confianza,voz05,repeticiones emparejadas,llamacpp,llamacpp,26b_4b_np8,04,gemma4:26b,embed,docs_rag_qwen3,2026-07-04 16:17:55,confianza/llamacpp/26b_4b_np8/run_04/sweep.json,15,19833,185193,13668.4,6748.2,29.866666666666667,225.9,15,15
confianza,voz05,repeticiones emparejadas,llamacpp,llamacpp,26b_4b_np8,04,gemma4:26b,embed,docs_rag_qwen3,2026-07-04 16:17:55,confianza/llamacpp/26b_4b_np8/run_04/sweep.json,20,24454,287887,15617.05,8865.8,20.995,265.3,20,20
confianza,voz05,repeticiones emparejadas,llamacpp,llamacpp,26b_4b_np8,04,gemma4:26b,embed,docs_rag_qwen3,2026-07-04 16:17:55,confianza/llamacpp/26b_4b_np8/run_04/sweep.json,25,28662,452435,19243.88,12570.28,16.764,260.4,25,25
confianza,voz05,repeticiones emparejadas,llamacpp,llamacpp,26b_4b_np8,01,gemma4:26b,embed,docs_rag_qwen3,2026-07-04 16:12:38,confianza/llamacpp/26b_4b_np8/run_01/sweep.json,1,3544,0,3544,1174,131.5,131.5,1,1
confianza,voz05,repeticiones emparejadas,llamacpp,llamacpp,26b_4b_np8,01,gemma4:26b,embed,docs_rag_qwen3,2026-07-04 16:12:38,confianza/llamacpp/26b_4b_np8/run_01/sweep.json,5,12213,40950,10632.6,3995,35.42,158.8,5,5
confianza,voz05,repeticiones emparejadas,llamacpp,llamacpp,26b_4b_np8,01,gemma4:26b,embed,docs_rag_qwen3,2026-07-04 16:12:38,confianza/llamacpp/26b_4b_np8/run_01/sweep.json,10,15149,111381,12653,5355.5,26.82,222.7,10,10
confianza,voz05,repeticiones emparejadas,llamacpp,llamacpp,26b_4b_np8,01,gemma4:26b,embed,docs_rag_qwen3,2026-07-04 16:12:38,confianza/llamacpp/26b_4b_np8/run_01/sweep.json,15,22247,204187,15095.6,7475.933333333333,26.606666666666666,265.7,15,15
confianza,voz05,repeticiones emparejadas,llamacpp,llamacpp,26b_4b_np8,01,gemma4:26b,embed,docs_rag_qwen3,2026-07-04 16:12:38,confianza/llamacpp/26b_4b_np8/run_01/sweep.json,20,27975,356959,19246.7,11053.4,20.655,271.5,20,20
confianza,voz05,repeticiones emparejadas,llamacpp,llamacpp,26b_4b_np8,01,gemma4:26b,embed,docs_rag_qwen3,2026-07-04 16:12:38,confianza/llamacpp/26b_4b_np8/run_01/sweep.json,25,36829,531118,22717.88,14308.36,17.508,244.8,25,25
confianza,voz05,repeticiones emparejadas,llamacpp,llamacpp,26b_4b_np8,05,gemma4:26b,embed,docs_rag_qwen3,2026-07-04 16:19:38,confianza/llamacpp/26b_4b_np8/run_05/sweep.json,1,3302,0,3302,2417,31.5,31.5,1,1
confianza,voz05,repeticiones emparejadas,llamacpp,llamacpp,26b_4b_np8,05,gemma4:26b,embed,docs_rag_qwen3,2026-07-04 16:19:38,confianza/llamacpp/26b_4b_np8/run_05/sweep.json,5,10912,32851,8752.6,3605.6,29.54,126.6,5,5
confianza,voz05,repeticiones emparejadas,llamacpp,llamacpp,26b_4b_np8,05,gemma4:26b,embed,docs_rag_qwen3,2026-07-04 16:19:38,confianza/llamacpp/26b_4b_np8/run_05/sweep.json,10,16148,102792,11894,5225.2,23.73,181.8,10,10
confianza,voz05,repeticiones emparejadas,llamacpp,llamacpp,26b_4b_np8,05,gemma4:26b,embed,docs_rag_qwen3,2026-07-04 16:19:38,confianza/llamacpp/26b_4b_np8/run_05/sweep.json,15,23463,220057,16234.666666666666,8384.4,18.973333333333333,200.0,15,15
confianza,voz05,repeticiones emparejadas,llamacpp,llamacpp,26b_4b_np8,05,gemma4:26b,embed,docs_rag_qwen3,2026-07-04 16:19:38,confianza/llamacpp/26b_4b_np8/run_05/sweep.json,20,29738,343244,18649.1,10526.6,19.66,240.3,20,20
confianza,voz05,repeticiones emparejadas,llamacpp,llamacpp,26b_4b_np8,05,gemma4:26b,embed,docs_rag_qwen3,2026-07-04 16:19:38,confianza/llamacpp/26b_4b_np8/run_05/sweep.json,25,29036,460334,19574.8,13159.8,17.056,272.8,25,25
confianza,voz05,repeticiones emparejadas,llamacpp,llamacpp,26b_4b_np8,07,gemma4:26b,embed,docs_rag_qwen3,2026-07-04 16:23:23,confianza/llamacpp/26b_4b_np8/run_07/sweep.json,1,5250,0,5250,1747,127.2,127.2,1,1
confianza,voz05,repeticiones emparejadas,llamacpp,llamacpp,26b_4b_np8,07,gemma4:26b,embed,docs_rag_qwen3,2026-07-04 16:23:23,confianza/llamacpp/26b_4b_np8/run_07/sweep.json,5,11990,32870,8972,2900,34.3,142.7,5,5
confianza,voz05,repeticiones emparejadas,llamacpp,llamacpp,26b_4b_np8,07,gemma4:26b,embed,docs_rag_qwen3,2026-07-04 16:23:23,confianza/llamacpp/26b_4b_np8/run_07/sweep.json,10,15402,101170,11657.2,4145.1,24.58,194.4,10,10
confianza,voz05,repeticiones emparejadas,llamacpp,llamacpp,26b_4b_np8,07,gemma4:26b,embed,docs_rag_qwen3,2026-07-04 16:23:23,confianza/llamacpp/26b_4b_np8/run_07/sweep.json,15,18373,179210,13172.2,6801.533333333334,20.6,227.9,15,15
confianza,voz05,repeticiones emparejadas,llamacpp,llamacpp,26b_4b_np8,07,gemma4:26b,embed,docs_rag_qwen3,2026-07-04 16:23:23,confianza/llamacpp/26b_4b_np8/run_07/sweep.json,20,24303,295559,15993.1,9000.6,19.805,249.8,20,20
confianza,voz05,repeticiones emparejadas,llamacpp,llamacpp,26b_4b_np8,07,gemma4:26b,embed,docs_rag_qwen3,2026-07-04 16:23:23,confianza/llamacpp/26b_4b_np8/run_07/sweep.json,25,30277,509998,21611,14413.2,15.1,252.3,25,25
confianza,voz05,repeticiones emparejadas,llamacpp,llamacpp,26b_4b_np8,06,gemma4:26b,embed,docs_rag_qwen3,2026-07-04 16:21:31,confianza/llamacpp/26b_4b_np8/run_06/sweep.json,1,2159,0,2159,1567,41.7,41.7,1,1
confianza,voz05,repeticiones emparejadas,llamacpp,llamacpp,26b_4b_np8,06,gemma4:26b,embed,docs_rag_qwen3,2026-07-04 16:21:31,confianza/llamacpp/26b_4b_np8/run_06/sweep.json,5,11544,30732,8455.2,2647.8,36.62,149.5,5,5
confianza,voz05,repeticiones emparejadas,llamacpp,llamacpp,26b_4b_np8,06,gemma4:26b,embed,docs_rag_qwen3,2026-07-04 16:21:31,confianza/llamacpp/26b_4b_np8/run_06/sweep.json,10,16850,117202,13405.2,5197.7,17.76,150.4,10,10
confianza,voz05,repeticiones emparejadas,llamacpp,llamacpp,26b_4b_np8,06,gemma4:26b,embed,docs_rag_qwen3,2026-07-04 16:21:31,confianza/llamacpp/26b_4b_np8/run_06/sweep.json,15,19909,189691,13973.333333333334,6928.066666666667,18.793333333333333,206.2,15,15
confianza,voz05,repeticiones emparejadas,llamacpp,llamacpp,26b_4b_np8,06,gemma4:26b,embed,docs_rag_qwen3,2026-07-04 16:21:31,confianza/llamacpp/26b_4b_np8/run_06/sweep.json,20,28146,346359,18725.25,10703.55,15.87,216.5,20,20
confianza,voz05,repeticiones emparejadas,llamacpp,llamacpp,26b_4b_np8,06,gemma4:26b,embed,docs_rag_qwen3,2026-07-04 16:21:31,confianza/llamacpp/26b_4b_np8/run_06/sweep.json,25,33601,558823,23696.96,15815.88,12.196,212.8,25,25
confianza,voz05,repeticiones emparejadas,llamacpp,llamacpp,26b_4b_np8,10,gemma4:26b,embed,docs_rag_qwen3,2026-07-04 16:28:44,confianza/llamacpp/26b_4b_np8/run_10/sweep.json,1,5235,0,5235,2394,86.7,86.7,1,1
confianza,voz05,repeticiones emparejadas,llamacpp,llamacpp,26b_4b_np8,10,gemma4:26b,embed,docs_rag_qwen3,2026-07-04 16:28:44,confianza/llamacpp/26b_4b_np8/run_10/sweep.json,5,7873,25351,6644.8,2829.4,33.82,151.4,5,5
confianza,voz05,repeticiones emparejadas,llamacpp,llamacpp,26b_4b_np8,10,gemma4:26b,embed,docs_rag_qwen3,2026-07-04 16:28:44,confianza/llamacpp/26b_4b_np8/run_10/sweep.json,10,12870,85835,9870.5,3940.2,23.95,191.1,10,10
confianza,voz05,repeticiones emparejadas,llamacpp,llamacpp,26b_4b_np8,10,gemma4:26b,embed,docs_rag_qwen3,2026-07-04 16:28:44,confianza/llamacpp/26b_4b_np8/run_10/sweep.json,15,19808,185162,13664.666666666666,6793.4,21.526666666666667,231.2,15,15
confianza,voz05,repeticiones emparejadas,llamacpp,llamacpp,26b_4b_np8,10,gemma4:26b,embed,docs_rag_qwen3,2026-07-04 16:28:44,confianza/llamacpp/26b_4b_np8/run_10/sweep.json,20,27553,367811,19768.2,11783.1,15.85,222.4,20,20
confianza,voz05,repeticiones emparejadas,llamacpp,llamacpp,26b_4b_np8,10,gemma4:26b,embed,docs_rag_qwen3,2026-07-04 16:28:44,confianza/llamacpp/26b_4b_np8/run_10/sweep.json,25,36358,531483,22713.64,14513.96,15.172,217.3,25,25
confianza,voz05,repeticiones emparejadas,llamacpp,llamacpp,26b_4b_np8,09,gemma4:26b,embed,docs_rag_qwen3,2026-07-04 16:26:48,confianza/llamacpp/26b_4b_np8/run_09/sweep.json,1,5037,-1,5036,2196,89.7,89.7,1,1
confianza,voz05,repeticiones emparejadas,llamacpp,llamacpp,26b_4b_np8,09,gemma4:26b,embed,docs_rag_qwen3,2026-07-04 16:26:48,confianza/llamacpp/26b_4b_np8/run_09/sweep.json,5,11378,36076,9490.8,3488.8,30.04,136.2,5,5
confianza,voz05,repeticiones emparejadas,llamacpp,llamacpp,26b_4b_np8,09,gemma4:26b,embed,docs_rag_qwen3,2026-07-04 16:26:48,confianza/llamacpp/26b_4b_np8/run_09/sweep.json,10,15150,93632,10878.2,3555.8,25.53,197.3,10,10
confianza,voz05,repeticiones emparejadas,llamacpp,llamacpp,26b_4b_np8,09,gemma4:26b,embed,docs_rag_qwen3,2026-07-04 16:26:48,confianza/llamacpp/26b_4b_np8/run_09/sweep.json,15,23622,231212,16988.933333333334,8237.133333333333,18.14666666666667,196.2,15,15
confianza,voz05,repeticiones emparejadas,llamacpp,llamacpp,26b_4b_np8,09,gemma4:26b,embed,docs_rag_qwen3,2026-07-04 16:26:48,confianza/llamacpp/26b_4b_np8/run_09/sweep.json,20,27383,347491,18743.7,10978.65,17.095,225.4,20,20
confianza,voz05,repeticiones emparejadas,llamacpp,llamacpp,26b_4b_np8,09,gemma4:26b,embed,docs_rag_qwen3,2026-07-04 16:26:48,confianza/llamacpp/26b_4b_np8/run_09/sweep.json,25,33577,526876,22418.12,14164.92,14.812,232.2,25,25
confianza,voz05,repeticiones emparejadas,llamacpp,llamacpp,26b_4b_np8,08,gemma4:26b,embed,docs_rag_qwen3,2026-07-04 16:25:09,confianza/llamacpp/26b_4b_np8/run_08/sweep.json,1,4310,0,4310,2175,76.1,76.1,1,1
confianza,voz05,repeticiones emparejadas,llamacpp,llamacpp,26b_4b_np8,08,gemma4:26b,embed,docs_rag_qwen3,2026-07-04 16:25:09,confianza/llamacpp/26b_4b_np8/run_08/sweep.json,5,9833,33551,8676.8,3663.2,34.34,155.4,5,5
confianza,voz05,repeticiones emparejadas,llamacpp,llamacpp,26b_4b_np8,08,gemma4:26b,embed,docs_rag_qwen3,2026-07-04 16:25:09,confianza/llamacpp/26b_4b_np8/run_08/sweep.json,10,13579,92308,10588.7,4359.9,25.12,204.4,10,10
confianza,voz05,repeticiones emparejadas,llamacpp,llamacpp,26b_4b_np8,08,gemma4:26b,embed,docs_rag_qwen3,2026-07-04 16:25:09,confianza/llamacpp/26b_4b_np8/run_08/sweep.json,15,20945,197447,14559.466666666667,7611.333333333333,20.606666666666666,215.1,15,15
confianza,voz05,repeticiones emparejadas,llamacpp,llamacpp,26b_4b_np8,08,gemma4:26b,embed,docs_rag_qwen3,2026-07-04 16:25:09,confianza/llamacpp/26b_4b_np8/run_08/sweep.json,20,22502,305104,16380.3,9843.05,19.26,256.9,20,20
confianza,voz05,repeticiones emparejadas,llamacpp,llamacpp,26b_4b_np8,08,gemma4:26b,embed,docs_rag_qwen3,2026-07-04 16:25:09,confianza/llamacpp/26b_4b_np8/run_08/sweep.json,25,26856,387116,16558.88,10642.2,18.896,274.7,25,25
confianza,voz05,repeticiones emparejadas,llamacpp,llamacpp,26b_4b_np8,03,gemma4:26b,embed,docs_rag_qwen3,2026-07-04 16:16:06,confianza/llamacpp/26b_4b_np8/run_03/sweep.json,1,1690,0,1690,1399,27.8,27.8,1,1
confianza,voz05,repeticiones emparejadas,llamacpp,llamacpp,26b_4b_np8,03,gemma4:26b,embed,docs_rag_qwen3,2026-07-04 16:16:06,confianza/llamacpp/26b_4b_np8/run_03/sweep.json,5,11496,31478,8594.8,3096.2,73.06,157.4,5,5
confianza,voz05,repeticiones emparejadas,llamacpp,llamacpp,26b_4b_np8,03,gemma4:26b,embed,docs_rag_qwen3,2026-07-04 16:16:06,confianza/llamacpp/26b_4b_np8/run_03/sweep.json,10,14164,82281,9644.5,3481.8,33.71,207.4,10,10
confianza,voz05,repeticiones emparejadas,llamacpp,llamacpp,26b_4b_np8,03,gemma4:26b,embed,docs_rag_qwen3,2026-07-04 16:16:06,confianza/llamacpp/26b_4b_np8/run_03/sweep.json,15,22747,193953,14446.666666666666,6583,31.44,217.0,15,15
confianza,voz05,repeticiones emparejadas,llamacpp,llamacpp,26b_4b_np8,03,gemma4:26b,embed,docs_rag_qwen3,2026-07-04 16:16:06,confianza/llamacpp/26b_4b_np8/run_03/sweep.json,20,24480,293831,15915.55,9005.7,21.615,266.9,20,20
confianza,voz05,repeticiones emparejadas,llamacpp,llamacpp,26b_4b_np8,03,gemma4:26b,embed,docs_rag_qwen3,2026-07-04 16:16:06,confianza/llamacpp/26b_4b_np8/run_03/sweep.json,25,34063,461150,19808.52,12211.64,16.964,231.3,25,25
confianza,voz05,repeticiones emparejadas,llamacpp,llamacpp,26b_4b_np8,02,gemma4:26b,embed,docs_rag_qwen3,2026-07-04 16:14:36,confianza/llamacpp/26b_4b_np8/run_02/sweep.json,1,2296,0,2296,1656,26.1,26.1,1,1
confianza,voz05,repeticiones emparejadas,llamacpp,llamacpp,26b_4b_np8,02,gemma4:26b,embed,docs_rag_qwen3,2026-07-04 16:14:36,confianza/llamacpp/26b_4b_np8/run_02/sweep.json,5,7604,26293,6779.4,3233.6,29.02,134.7,5,5
confianza,voz05,repeticiones emparejadas,llamacpp,llamacpp,26b_4b_np8,02,gemma4:26b,embed,docs_rag_qwen3,2026-07-04 16:14:36,confianza/llamacpp/26b_4b_np8/run_02/sweep.json,10,14346,98499,11284.5,4665.7,21.81,177.3,10,10
confianza,voz05,repeticiones emparejadas,llamacpp,llamacpp,26b_4b_np8,02,gemma4:26b,embed,docs_rag_qwen3,2026-07-04 16:14:36,confianza/llamacpp/26b_4b_np8/run_02/sweep.json,15,17484,165572,12203.733333333334,6215.4,22.973333333333333,239.7,15,15
confianza,voz05,repeticiones emparejadas,llamacpp,llamacpp,26b_4b_np8,02,gemma4:26b,embed,docs_rag_qwen3,2026-07-04 16:14:36,confianza/llamacpp/26b_4b_np8/run_02/sweep.json,20,21803,268483,14514.3,8438.65,19.505,254.2,20,20
confianza,voz05,repeticiones emparejadas,llamacpp,llamacpp,26b_4b_np8,02,gemma4:26b,embed,docs_rag_qwen3,2026-07-04 16:14:36,confianza/llamacpp/26b_4b_np8/run_02/sweep.json,25,25964,395568,16861.28,11063.24,15.896,253.0,25,25
confianza,voz05,repeticiones emparejadas,llamacpp,llamacpp,12b_4b_np8,04,gemma4:12b,embed,docs_rag_qwen3,2026-07-04 18:42:27,confianza/llamacpp/12b_4b_np8/run_04/sweep.json,1,4225,-1,4224,2803,32.7,32.7,1,1
confianza,voz05,repeticiones emparejadas,llamacpp,llamacpp,12b_4b_np8,04,gemma4:12b,embed,docs_rag_qwen3,2026-07-04 18:42:27,confianza/llamacpp/12b_4b_np8/run_04/sweep.json,5,15742,47418,12632,5041.4,23.72,99.2,5,5
confianza,voz05,repeticiones emparejadas,llamacpp,llamacpp,12b_4b_np8,04,gemma4:12b,embed,docs_rag_qwen3,2026-07-04 18:42:27,confianza/llamacpp/12b_4b_np8/run_04/sweep.json,10,23597,148164,17176.1,5966.6,20.02,151.9,10,10
confianza,voz05,repeticiones emparejadas,llamacpp,llamacpp,12b_4b_np8,04,gemma4:12b,embed,docs_rag_qwen3,2026-07-04 18:42:27,confianza/llamacpp/12b_4b_np8/run_04/sweep.json,15,32943,292745,21712.533333333333,10528.866666666667,13.533333333333333,139.3,15,15
confianza,voz05,repeticiones emparejadas,llamacpp,llamacpp,12b_4b_np8,04,gemma4:12b,embed,docs_rag_qwen3,2026-07-04 18:42:27,confianza/llamacpp/12b_4b_np8/run_04/sweep.json,20,36107,449715,24291.1,14191.35,13.02,171.9,20,20
confianza,voz05,repeticiones emparejadas,llamacpp,llamacpp,12b_4b_np8,04,gemma4:12b,embed,docs_rag_qwen3,2026-07-04 18:42:27,confianza/llamacpp/12b_4b_np8/run_04/sweep.json,25,54162,830708,35394.8,22570.84,9.332,145.4,25,25
confianza,voz05,repeticiones emparejadas,llamacpp,llamacpp,12b_4b_np8,01,gemma4:12b,embed,docs_rag_qwen3,2026-07-04 18:33:01,confianza/llamacpp/12b_4b_np8/run_01/sweep.json,1,4158,0,4158,1478,77.2,77.2,1,1
confianza,voz05,repeticiones emparejadas,llamacpp,llamacpp,12b_4b_np8,01,gemma4:12b,embed,docs_rag_qwen3,2026-07-04 18:33:01,confianza/llamacpp/12b_4b_np8/run_01/sweep.json,5,19476,67351,17365.4,4056.4,21.12,95.5,5,5
confianza,voz05,repeticiones emparejadas,llamacpp,llamacpp,12b_4b_np8,01,gemma4:12b,embed,docs_rag_qwen3,2026-07-04 18:33:01,confianza/llamacpp/12b_4b_np8/run_01/sweep.json,10,25972,170975,19694.7,6753.1,19.95,152.2,10,10
confianza,voz05,repeticiones emparejadas,llamacpp,llamacpp,12b_4b_np8,01,gemma4:12b,embed,docs_rag_qwen3,2026-07-04 18:33:01,confianza/llamacpp/12b_4b_np8/run_01/sweep.json,15,38866,370201,27271.133333333335,12493.733333333334,17.013333333333335,175.8,15,15
confianza,voz05,repeticiones emparejadas,llamacpp,llamacpp,12b_4b_np8,01,gemma4:12b,embed,docs_rag_qwen3,2026-07-04 18:33:01,confianza/llamacpp/12b_4b_np8/run_01/sweep.json,20,45760,599911,32283.55,18797.15,14.01,184.9,20,20
confianza,voz05,repeticiones emparejadas,llamacpp,llamacpp,12b_4b_np8,01,gemma4:12b,embed,docs_rag_qwen3,2026-07-04 18:33:01,confianza/llamacpp/12b_4b_np8/run_01/sweep.json,25,66305,1052882,44767.48,28238.88,10.024000000000001,151.3,25,25
confianza,voz05,repeticiones emparejadas,llamacpp,llamacpp,12b_4b_np8,05,gemma4:12b,embed,docs_rag_qwen3,2026-07-04 18:45:14,confianza/llamacpp/12b_4b_np8/run_05/sweep.json,1,4723,-1,4722,3177,26.7,26.7,1,1
confianza,voz05,repeticiones emparejadas,llamacpp,llamacpp,12b_4b_np8,05,gemma4:12b,embed,docs_rag_qwen3,2026-07-04 18:45:14,confianza/llamacpp/12b_4b_np8/run_05/sweep.json,5,13590,43202,11358.4,3925.2,19.96,86.1,5,5
confianza,voz05,repeticiones emparejadas,llamacpp,llamacpp,12b_4b_np8,05,gemma4:12b,embed,docs_rag_qwen3,2026-07-04 18:45:14,confianza/llamacpp/12b_4b_np8/run_05/sweep.json,10,25729,164443,19017.2,7761.3,13.55,103.4,10,10
confianza,voz05,repeticiones emparejadas,llamacpp,llamacpp,12b_4b_np8,05,gemma4:12b,embed,docs_rag_qwen3,2026-07-04 18:45:14,confianza/llamacpp/12b_4b_np8/run_05/sweep.json,15,39272,357885,26477.133333333335,12840.333333333334,12.706666666666667,131.3,15,15
confianza,voz05,repeticiones emparejadas,llamacpp,llamacpp,12b_4b_np8,05,gemma4:12b,embed,docs_rag_qwen3,2026-07-04 18:45:14,confianza/llamacpp/12b_4b_np8/run_05/sweep.json,20,47840,622197,33501.85,19104.15,11.005,146.6,20,20
confianza,voz05,repeticiones emparejadas,llamacpp,llamacpp,12b_4b_np8,05,gemma4:12b,embed,docs_rag_qwen3,2026-07-04 18:45:14,confianza/llamacpp/12b_4b_np8/run_05/sweep.json,25,58654,923709,39294.52,25531.84,8.596,141.9,25,25
confianza,voz05,repeticiones emparejadas,llamacpp,llamacpp,12b_4b_np8,07,gemma4:12b,embed,docs_rag_qwen3,2026-07-04 18:51:29,confianza/llamacpp/12b_4b_np8/run_07/sweep.json,1,6268,0,6268,2475,72.8,72.8,1,1
confianza,voz05,repeticiones emparejadas,llamacpp,llamacpp,12b_4b_np8,07,gemma4:12b,embed,docs_rag_qwen3,2026-07-04 18:51:29,confianza/llamacpp/12b_4b_np8/run_07/sweep.json,5,16353,53460,13962.6,4738.2,23.8,107.4,5,5
confianza,voz05,repeticiones emparejadas,llamacpp,llamacpp,12b_4b_np8,07,gemma4:12b,embed,docs_rag_qwen3,2026-07-04 18:51:29,confianza/llamacpp/12b_4b_np8/run_07/sweep.json,10,24728,169007,19373.5,6845.7,16.69,138.1,10,10
confianza,voz05,repeticiones emparejadas,llamacpp,llamacpp,12b_4b_np8,07,gemma4:12b,embed,docs_rag_qwen3,2026-07-04 18:51:29,confianza/llamacpp/12b_4b_np8/run_07/sweep.json,15,33315,306240,22637,11257.4,15.066666666666666,148.3,15,15
confianza,voz05,repeticiones emparejadas,llamacpp,llamacpp,12b_4b_np8,07,gemma4:12b,embed,docs_rag_qwen3,2026-07-04 18:51:29,confianza/llamacpp/12b_4b_np8/run_07/sweep.json,20,42430,571524,30697.7,18840.95,11.19,158.6,20,20
confianza,voz05,repeticiones emparejadas,llamacpp,llamacpp,12b_4b_np8,07,gemma4:12b,embed,docs_rag_qwen3,2026-07-04 18:51:29,confianza/llamacpp/12b_4b_np8/run_07/sweep.json,25,56448,895871,38092.76,24574.84,8.84,146.9,25,25
confianza,voz05,repeticiones emparejadas,llamacpp,llamacpp,12b_4b_np8,06,gemma4:12b,embed,docs_rag_qwen3,2026-07-04 18:48:24,confianza/llamacpp/12b_4b_np8/run_06/sweep.json,1,3288,0,3288,2216,32.5,32.5,1,1
confianza,voz05,repeticiones emparejadas,llamacpp,llamacpp,12b_4b_np8,06,gemma4:12b,embed,docs_rag_qwen3,2026-07-04 18:48:24,confianza/llamacpp/12b_4b_np8/run_06/sweep.json,5,20040,63258,16659.6,5733.8,17.72,77.4,5,5
confianza,voz05,repeticiones emparejadas,llamacpp,llamacpp,12b_4b_np8,06,gemma4:12b,embed,docs_rag_qwen3,2026-07-04 18:48:24,confianza/llamacpp/12b_4b_np8/run_06/sweep.json,10,27449,183530,21097.9,7373.2,12.77,107.3,10,10
confianza,voz05,repeticiones emparejadas,llamacpp,llamacpp,12b_4b_np8,06,gemma4:12b,embed,docs_rag_qwen3,2026-07-04 18:48:24,confianza/llamacpp/12b_4b_np8/run_06/sweep.json,15,33449,304526,22531.666666666668,11317.2,13.059999999999999,134.1,15,15
confianza,voz05,repeticiones emparejadas,llamacpp,llamacpp,12b_4b_np8,06,gemma4:12b,embed,docs_rag_qwen3,2026-07-04 18:48:24,confianza/llamacpp/12b_4b_np8/run_06/sweep.json,20,41946,542617,29228.15,17090.15,10.67,148.1,20,20
confianza,voz05,repeticiones emparejadas,llamacpp,llamacpp,12b_4b_np8,06,gemma4:12b,embed,docs_rag_qwen3,2026-07-04 18:48:24,confianza/llamacpp/12b_4b_np8/run_06/sweep.json,25,57945,844291,36089.44,22905.12,8.932,132.8,25,25
confianza,voz05,repeticiones emparejadas,llamacpp,llamacpp,12b_4b_np8,10,gemma4:12b,embed,docs_rag_qwen3,2026-07-04 19:00:18,confianza/llamacpp/12b_4b_np8/run_10/sweep.json,1,5217,0,5217,3062,41.2,41.2,1,1
confianza,voz05,repeticiones emparejadas,llamacpp,llamacpp,12b_4b_np8,10,gemma4:12b,embed,docs_rag_qwen3,2026-07-04 19:00:18,confianza/llamacpp/12b_4b_np8/run_10/sweep.json,5,11396,37553,9789.8,4743,19.08,86.3,5,5
confianza,voz05,repeticiones emparejadas,llamacpp,llamacpp,12b_4b_np8,10,gemma4:12b,embed,docs_rag_qwen3,2026-07-04 19:00:18,confianza/llamacpp/12b_4b_np8/run_10/sweep.json,10,20418,137083,15750.1,6577.3,15.45,122.9,10,10
confianza,voz05,repeticiones emparejadas,llamacpp,llamacpp,12b_4b_np8,10,gemma4:12b,embed,docs_rag_qwen3,2026-07-04 19:00:18,confianza/llamacpp/12b_4b_np8/run_10/sweep.json,15,28051,276330,20292.066666666666,10240.466666666667,14.78,162.9,15,15
confianza,voz05,repeticiones emparejadas,llamacpp,llamacpp,12b_4b_np8,10,gemma4:12b,embed,docs_rag_qwen3,2026-07-04 19:00:18,confianza/llamacpp/12b_4b_np8/run_10/sweep.json,20,41351,480276,26081.35,14507.75,13.525,164.9,20,20
confianza,voz05,repeticiones emparejadas,llamacpp,llamacpp,12b_4b_np8,10,gemma4:12b,embed,docs_rag_qwen3,2026-07-04 19:00:18,confianza/llamacpp/12b_4b_np8/run_10/sweep.json,25,64076,954998,40762.96,25982.16,8.648,129.1,25,25
confianza,voz05,repeticiones emparejadas,llamacpp,llamacpp,12b_4b_np8,09,gemma4:12b,embed,docs_rag_qwen3,2026-07-04 18:57:12,confianza/llamacpp/12b_4b_np8/run_09/sweep.json,1,7803,0,7803,3121,60.2,60.2,1,1
confianza,voz05,repeticiones emparejadas,llamacpp,llamacpp,12b_4b_np8,09,gemma4:12b,embed,docs_rag_qwen3,2026-07-04 18:57:12,confianza/llamacpp/12b_4b_np8/run_09/sweep.json,5,18632,63968,16520,5526.4,20.9,99.6,5,5
confianza,voz05,repeticiones emparejadas,llamacpp,llamacpp,12b_4b_np8,09,gemma4:12b,embed,docs_rag_qwen3,2026-07-04 18:57:12,confianza/llamacpp/12b_4b_np8/run_09/sweep.json,10,23399,159989,18338.8,7406.7,16.43,133.3,10,10
confianza,voz05,repeticiones emparejadas,llamacpp,llamacpp,12b_4b_np8,09,gemma4:12b,embed,docs_rag_qwen3,2026-07-04 18:57:12,confianza/llamacpp/12b_4b_np8/run_09/sweep.json,15,35392,339708,25006.666666666668,12782.4,12.14,134.0,15,15
confianza,voz05,repeticiones emparejadas,llamacpp,llamacpp,12b_4b_np8,09,gemma4:12b,embed,docs_rag_qwen3,2026-07-04 18:57:12,confianza/llamacpp/12b_4b_np8/run_09/sweep.json,20,40583,575888,30823.55,19409.7,10.65,154.1,20,20
confianza,voz05,repeticiones emparejadas,llamacpp,llamacpp,12b_4b_np8,09,gemma4:12b,embed,docs_rag_qwen3,2026-07-04 18:57:12,confianza/llamacpp/12b_4b_np8/run_09/sweep.json,25,60043,945265,40212.32,26419.56,7.7,120.9,25,25
confianza,voz05,repeticiones emparejadas,llamacpp,llamacpp,12b_4b_np8,08,gemma4:12b,embed,docs_rag_qwen3,2026-07-04 18:54:29,confianza/llamacpp/12b_4b_np8/run_08/sweep.json,1,6164,0,6164,3014,47.9,47.9,1,1
confianza,voz05,repeticiones emparejadas,llamacpp,llamacpp,12b_4b_np8,08,gemma4:12b,embed,docs_rag_qwen3,2026-07-04 18:54:29,confianza/llamacpp/12b_4b_np8/run_08/sweep.json,5,15457,53858,13863,4369.6,19.44,88.8,5,5
confianza,voz05,repeticiones emparejadas,llamacpp,llamacpp,12b_4b_np8,08,gemma4:12b,embed,docs_rag_qwen3,2026-07-04 18:54:29,confianza/llamacpp/12b_4b_np8/run_08/sweep.json,10,21055,142483,16353.8,6336.2,17.79,143.3,10,10
confianza,voz05,repeticiones emparejadas,llamacpp,llamacpp,12b_4b_np8,08,gemma4:12b,embed,docs_rag_qwen3,2026-07-04 18:54:29,confianza/llamacpp/12b_4b_np8/run_08/sweep.json,15,30031,281624,20777,11063.2,13.606666666666667,145.8,15,15
confianza,voz05,repeticiones emparejadas,llamacpp,llamacpp,12b_4b_np8,08,gemma4:12b,embed,docs_rag_qwen3,2026-07-04 18:54:29,confianza/llamacpp/12b_4b_np8/run_08/sweep.json,20,38966,492542,26575.4,15610.05,11.025,148.3,20,20
confianza,voz05,repeticiones emparejadas,llamacpp,llamacpp,12b_4b_np8,08,gemma4:12b,embed,docs_rag_qwen3,2026-07-04 18:54:29,confianza/llamacpp/12b_4b_np8/run_08/sweep.json,25,51098,793834,33797.28,22071.92,9.328,146.5,25,25
confianza,voz05,repeticiones emparejadas,llamacpp,llamacpp,12b_4b_np8,03,gemma4:12b,embed,docs_rag_qwen3,2026-07-04 18:38:58,confianza/llamacpp/12b_4b_np8/run_03/sweep.json,1,6233,0,6233,2653,65.1,65.1,1,1
confianza,voz05,repeticiones emparejadas,llamacpp,llamacpp,12b_4b_np8,03,gemma4:12b,embed,docs_rag_qwen3,2026-07-04 18:38:58,confianza/llamacpp/12b_4b_np8/run_03/sweep.json,5,21380,70169,18309.8,4274.4,24.34,106.3,5,5
confianza,voz05,repeticiones emparejadas,llamacpp,llamacpp,12b_4b_np8,03,gemma4:12b,embed,docs_rag_qwen3,2026-07-04 18:38:58,confianza/llamacpp/12b_4b_np8/run_03/sweep.json,10,29108,211607,24071.5,8854.2,17.07,143.1,10,10
confianza,voz05,repeticiones emparejadas,llamacpp,llamacpp,12b_4b_np8,03,gemma4:12b,embed,docs_rag_qwen3,2026-07-04 18:38:58,confianza/llamacpp/12b_4b_np8/run_03/sweep.json,15,38590,385453,28269.533333333333,13897.733333333334,13.926666666666666,152.6,15,15
confianza,voz05,repeticiones emparejadas,llamacpp,llamacpp,12b_4b_np8,03,gemma4:12b,embed,docs_rag_qwen3,2026-07-04 18:38:58,confianza/llamacpp/12b_4b_np8/run_03/sweep.json,20,41273,505104,27318.85,15657.7,14.07,173.5,20,20
confianza,voz05,repeticiones emparejadas,llamacpp,llamacpp,12b_4b_np8,03,gemma4:12b,embed,docs_rag_qwen3,2026-07-04 18:38:58,confianza/llamacpp/12b_4b_np8/run_03/sweep.json,25,71848,1130330,48087.12,30847.48,9.868,146.1,25,25
confianza,voz05,repeticiones emparejadas,llamacpp,llamacpp,12b_4b_np8,02,gemma4:12b,embed,docs_rag_qwen3,2026-07-04 18:36:23,confianza/llamacpp/12b_4b_np8/run_02/sweep.json,1,3220,0,3220,2473,18.3,18.3,1,1
confianza,voz05,repeticiones emparejadas,llamacpp,llamacpp,12b_4b_np8,02,gemma4:12b,embed,docs_rag_qwen3,2026-07-04 18:36:23,confianza/llamacpp/12b_4b_np8/run_02/sweep.json,5,10753,32897,8730,4482.4,28.8,125.2,5,5
confianza,voz05,repeticiones emparejadas,llamacpp,llamacpp,12b_4b_np8,02,gemma4:12b,embed,docs_rag_qwen3,2026-07-04 18:36:23,confianza/llamacpp/12b_4b_np8/run_02/sweep.json,10,24733,155525,18025.8,6703.4,15.89,123.1,10,10
confianza,voz05,repeticiones emparejadas,llamacpp,llamacpp,12b_4b_np8,02,gemma4:12b,embed,docs_rag_qwen3,2026-07-04 18:36:23,confianza/llamacpp/12b_4b_np8/run_02/sweep.json,15,29129,277018,20409.8,10382.333333333334,14.366666666666667,151.3,15,15
confianza,voz05,repeticiones emparejadas,llamacpp,llamacpp,12b_4b_np8,02,gemma4:12b,embed,docs_rag_qwen3,2026-07-04 18:36:23,confianza/llamacpp/12b_4b_np8/run_02/sweep.json,20,40348,529094,28472.1,17102.35,11.1,147.4,20,20
confianza,voz05,repeticiones emparejadas,llamacpp,llamacpp,12b_4b_np8,02,gemma4:12b,embed,docs_rag_qwen3,2026-07-04 18:36:23,confianza/llamacpp/12b_4b_np8/run_02/sweep.json,25,47043,752633,31987.04,21184.16,9.516,152.5,25,25
confianza,voz05,repeticiones emparejadas,llamacpp,llamacpp,26b_06b_np1,04,gemma4:26b,embed,docs_rag_qwen3_06b,2026-07-04 17:16:19,confianza/llamacpp/26b_06b_np1/run_04/sweep.json,1,1858,0,1858,1454,27.5,27.4,1,1
confianza,voz05,repeticiones emparejadas,llamacpp,llamacpp,26b_06b_np1,04,gemma4:26b,embed,docs_rag_qwen3_06b,2026-07-04 17:16:19,confianza/llamacpp/26b_06b_np1/run_04/sweep.json,5,10015,22029,6408.8,4892.8,33.94,111.4,5,5
confianza,voz05,repeticiones emparejadas,llamacpp,llamacpp,26b_06b_np1,04,gemma4:26b,embed,docs_rag_qwen3_06b,2026-07-04 17:16:19,confianza/llamacpp/26b_06b_np1/run_04/sweep.json,10,21559,103462,12502.1,10840.9,26.15,142.0,10,10
confianza,voz05,repeticiones emparejadas,llamacpp,llamacpp,26b_06b_np1,04,gemma4:26b,embed,docs_rag_qwen3_06b,2026-07-04 17:16:19,confianza/llamacpp/26b_06b_np1/run_04/sweep.json,15,31571,230654,17481.666666666668,15883.133333333333,18.02,136.5,15,15
confianza,voz05,repeticiones emparejadas,llamacpp,llamacpp,26b_06b_np1,04,gemma4:26b,embed,docs_rag_qwen3_06b,2026-07-04 17:16:19,confianza/llamacpp/26b_06b_np1/run_04/sweep.json,20,41173,468180,25467.65,23822.4,14.66,146.1,20,20
confianza,voz05,repeticiones emparejadas,llamacpp,llamacpp,26b_06b_np1,04,gemma4:26b,embed,docs_rag_qwen3_06b,2026-07-04 17:16:19,confianza/llamacpp/26b_06b_np1/run_04/sweep.json,25,51097,715788,30675.4,29082.64,12.379999999999999,140.9,25,25
confianza,voz05,repeticiones emparejadas,llamacpp,llamacpp,26b_06b_np1,01,gemma4:26b,embed,docs_rag_qwen3_06b,2026-07-04 17:07:34,confianza/llamacpp/26b_06b_np1/run_01/sweep.json,1,3421,0,3421,1116,128.3,128.3,1,1
confianza,voz05,repeticiones emparejadas,llamacpp,llamacpp,26b_06b_np1,01,gemma4:26b,embed,docs_rag_qwen3_06b,2026-07-04 17:07:34,confianza/llamacpp/26b_06b_np1/run_01/sweep.json,5,15758,38799,10911.4,8512.8,30.44,90.7,5,5
confianza,voz05,repeticiones emparejadas,llamacpp,llamacpp,26b_06b_np1,01,gemma4:26b,embed,docs_rag_qwen3_06b,2026-07-04 17:07:34,confianza/llamacpp/26b_06b_np1/run_01/sweep.json,10,24796,134737,15953.3,14077.5,25.259999999999998,140.5,10,10
confianza,voz05,repeticiones emparejadas,llamacpp,llamacpp,26b_06b_np1,01,gemma4:26b,embed,docs_rag_qwen3_06b,2026-07-04 17:07:34,confianza/llamacpp/26b_06b_np1/run_01/sweep.json,15,38751,325926,24311.8,22286.266666666666,19.02,147.4,15,15
confianza,voz05,repeticiones emparejadas,llamacpp,llamacpp,26b_06b_np1,01,gemma4:26b,embed,docs_rag_qwen3_06b,2026-07-04 17:07:34,confianza/llamacpp/26b_06b_np1/run_01/sweep.json,20,52435,567873,31015.4,28936.65,14.11,141.7,20,20
confianza,voz05,repeticiones emparejadas,llamacpp,llamacpp,26b_06b_np1,01,gemma4:26b,embed,docs_rag_qwen3_06b,2026-07-04 17:07:34,confianza/llamacpp/26b_06b_np1/run_01/sweep.json,25,64162,911160,39012.88,36991.92,11.908,145.4,25,25
confianza,voz05,repeticiones emparejadas,llamacpp,llamacpp,26b_06b_np1,05,gemma4:26b,embed,docs_rag_qwen3_06b,2026-07-04 17:18:57,confianza/llamacpp/26b_06b_np1/run_05/sweep.json,1,2213,0,2213,1517,33.0,33.0,1,1
confianza,voz05,repeticiones emparejadas,llamacpp,llamacpp,26b_06b_np1,05,gemma4:26b,embed,docs_rag_qwen3_06b,2026-07-04 17:18:57,confianza/llamacpp/26b_06b_np1/run_05/sweep.json,5,9243,19854,5819.4,4548.4,36.379999999999995,113.9,5,5
confianza,voz05,repeticiones emparejadas,llamacpp,llamacpp,26b_06b_np1,05,gemma4:26b,embed,docs_rag_qwen3_06b,2026-07-04 17:18:57,confianza/llamacpp/26b_06b_np1/run_05/sweep.json,10,21868,117602,13947,12423.6,18.78,109.2,10,10
confianza,voz05,repeticiones emparejadas,llamacpp,llamacpp,26b_06b_np1,05,gemma4:26b,embed,docs_rag_qwen3_06b,2026-07-04 17:18:57,confianza/llamacpp/26b_06b_np1/run_05/sweep.json,15,32277,244742,18467.933333333334,16824.4,16.213333333333335,131.9,15,15
confianza,voz05,repeticiones emparejadas,llamacpp,llamacpp,26b_06b_np1,05,gemma4:26b,embed,docs_rag_qwen3_06b,2026-07-04 17:18:57,confianza/llamacpp/26b_06b_np1/run_05/sweep.json,20,43565,473971,25876.8,24177.75,12.855,135.6,20,20
confianza,voz05,repeticiones emparejadas,llamacpp,llamacpp,26b_06b_np1,05,gemma4:26b,embed,docs_rag_qwen3_06b,2026-07-04 17:18:57,confianza/llamacpp/26b_06b_np1/run_05/sweep.json,25,54556,772602,33086.32,31411.8,10.0,135.1,25,25
confianza,voz05,repeticiones emparejadas,llamacpp,llamacpp,26b_06b_np1,07,gemma4:26b,embed,docs_rag_qwen3_06b,2026-07-04 17:24:27,confianza/llamacpp/26b_06b_np1/run_07/sweep.json,1,4994,0,4994,1112,18.8,18.8,1,1
confianza,voz05,repeticiones emparejadas,llamacpp,llamacpp,26b_06b_np1,07,gemma4:26b,embed,docs_rag_qwen3_06b,2026-07-04 17:24:27,confianza/llamacpp/26b_06b_np1/run_07/sweep.json,5,11517,24506,7204.6,5562.8,42.78,126.6,5,5
confianza,voz05,repeticiones emparejadas,llamacpp,llamacpp,26b_06b_np1,07,gemma4:26b,embed,docs_rag_qwen3_06b,2026-07-04 17:24:27,confianza/llamacpp/26b_06b_np1/run_07/sweep.json,10,22429,134169,15659.8,13993.2,21.7,126.2,10,10
confianza,voz05,repeticiones emparejadas,llamacpp,llamacpp,26b_06b_np1,07,gemma4:26b,embed,docs_rag_qwen3_06b,2026-07-04 17:24:27,confianza/llamacpp/26b_06b_np1/run_07/sweep.json,15,36344,327680,24268.266666666666,22413.133333333335,16.926666666666666,131.5,15,15
confianza,voz05,repeticiones emparejadas,llamacpp,llamacpp,26b_06b_np1,07,gemma4:26b,embed,docs_rag_qwen3_06b,2026-07-04 17:24:27,confianza/llamacpp/26b_06b_np1/run_07/sweep.json,20,44833,510567,27770,26041.55,12.49,134.9,20,20
confianza,voz05,repeticiones emparejadas,llamacpp,llamacpp,26b_06b_np1,07,gemma4:26b,embed,docs_rag_qwen3_06b,2026-07-04 17:24:27,confianza/llamacpp/26b_06b_np1/run_07/sweep.json,25,51190,731660,31314,29698,10.332,138.8,25,25
confianza,voz05,repeticiones emparejadas,llamacpp,llamacpp,26b_06b_np1,06,gemma4:26b,embed,docs_rag_qwen3_06b,2026-07-04 17:21:41,confianza/llamacpp/26b_06b_np1/run_06/sweep.json,1,1604,0,1604,1168,35.5,35.5,1,1
confianza,voz05,repeticiones emparejadas,llamacpp,llamacpp,26b_06b_np1,06,gemma4:26b,embed,docs_rag_qwen3_06b,2026-07-04 17:21:41,confianza/llamacpp/26b_06b_np1/run_06/sweep.json,5,11994,32567,8912.2,7126.2,34.48,112.9,5,5
confianza,voz05,repeticiones emparejadas,llamacpp,llamacpp,26b_06b_np1,06,gemma4:26b,embed,docs_rag_qwen3_06b,2026-07-04 17:21:41,confianza/llamacpp/26b_06b_np1/run_06/sweep.json,10,21324,122389,14371.3,12824.8,20.47,115.0,10,10
confianza,voz05,repeticiones emparejadas,llamacpp,llamacpp,26b_06b_np1,06,gemma4:26b,embed,docs_rag_qwen3_06b,2026-07-04 17:21:41,confianza/llamacpp/26b_06b_np1/run_06/sweep.json,15,31029,264343,19691.466666666667,18146.733333333334,14.933333333333334,121.6,15,15
confianza,voz05,repeticiones emparejadas,llamacpp,llamacpp,26b_06b_np1,06,gemma4:26b,embed,docs_rag_qwen3_06b,2026-07-04 17:21:41,confianza/llamacpp/26b_06b_np1/run_06/sweep.json,20,42460,481008,26173.4,24463.4,13.185,138.0,20,20
confianza,voz05,repeticiones emparejadas,llamacpp,llamacpp,26b_06b_np1,06,gemma4:26b,embed,docs_rag_qwen3_06b,2026-07-04 17:21:41,confianza/llamacpp/26b_06b_np1/run_06/sweep.json,25,56828,733178,31600.24,29791.32,10.448,134.4,25,25
confianza,voz05,repeticiones emparejadas,llamacpp,llamacpp,26b_06b_np1,10,gemma4:26b,embed,docs_rag_qwen3_06b,2026-07-04 17:32:29,confianza/llamacpp/26b_06b_np1/run_10/sweep.json,1,2970,0,2970,1448,86.9,86.9,1,1
confianza,voz05,repeticiones emparejadas,llamacpp,llamacpp,26b_06b_np1,10,gemma4:26b,embed,docs_rag_qwen3_06b,2026-07-04 17:32:29,confianza/llamacpp/26b_06b_np1/run_10/sweep.json,5,9392,24156,6709.6,5302.4,38.88,126.2,5,5
confianza,voz05,repeticiones emparejadas,llamacpp,llamacpp,26b_06b_np1,10,gemma4:26b,embed,docs_rag_qwen3_06b,2026-07-04 17:32:29,confianza/llamacpp/26b_06b_np1/run_10/sweep.json,10,19902,108891,12879.3,11385.4,22.55,129.8,10,10
confianza,voz05,repeticiones emparejadas,llamacpp,llamacpp,26b_06b_np1,10,gemma4:26b,embed,docs_rag_qwen3_06b,2026-07-04 17:32:29,confianza/llamacpp/26b_06b_np1/run_10/sweep.json,15,36186,274572,20717.2,18748.8,18.933333333333334,144.4,15,15
confianza,voz05,repeticiones emparejadas,llamacpp,llamacpp,26b_06b_np1,10,gemma4:26b,embed,docs_rag_qwen3_06b,2026-07-04 17:32:29,confianza/llamacpp/26b_06b_np1/run_10/sweep.json,20,45254,489864,26755.9,24941.4,13.66,142.2,20,20
confianza,voz05,repeticiones emparejadas,llamacpp,llamacpp,26b_06b_np1,10,gemma4:26b,embed,docs_rag_qwen3_06b,2026-07-04 17:32:29,confianza/llamacpp/26b_06b_np1/run_10/sweep.json,25,61110,884691,37832.04,35907.84,10.76,138.0,25,25
confianza,voz05,repeticiones emparejadas,llamacpp,llamacpp,26b_06b_np1,09,gemma4:26b,embed,docs_rag_qwen3_06b,2026-07-04 17:29:53,confianza/llamacpp/26b_06b_np1/run_09/sweep.json,1,3569,0,3569,1805,64.2,64.2,1,1
confianza,voz05,repeticiones emparejadas,llamacpp,llamacpp,26b_06b_np1,09,gemma4:26b,embed,docs_rag_qwen3_06b,2026-07-04 17:29:53,confianza/llamacpp/26b_06b_np1/run_09/sweep.json,5,10995,29567,8112.4,6545.2,38.68,120.4,5,5
confianza,voz05,repeticiones emparejadas,llamacpp,llamacpp,26b_06b_np1,09,gemma4:26b,embed,docs_rag_qwen3_06b,2026-07-04 17:29:53,confianza/llamacpp/26b_06b_np1/run_09/sweep.json,10,17630,93847,11147.7,9739.8,19.47,125.2,10,10
confianza,voz05,repeticiones emparejadas,llamacpp,llamacpp,26b_06b_np1,09,gemma4:26b,embed,docs_rag_qwen3_06b,2026-07-04 17:29:53,confianza/llamacpp/26b_06b_np1/run_09/sweep.json,15,32133,270702,20189,18574.266666666666,17.106666666666666,129.4,15,15
confianza,voz05,repeticiones emparejadas,llamacpp,llamacpp,26b_06b_np1,09,gemma4:26b,embed,docs_rag_qwen3_06b,2026-07-04 17:29:53,confianza/llamacpp/26b_06b_np1/run_09/sweep.json,20,40045,445850,24294.75,22732.4,13.925,137.6,20,20
confianza,voz05,repeticiones emparejadas,llamacpp,llamacpp,26b_06b_np1,09,gemma4:26b,embed,docs_rag_qwen3_06b,2026-07-04 17:29:53,confianza/llamacpp/26b_06b_np1/run_09/sweep.json,25,51312,712748,30562.4,28981.68,10.296,134.7,25,25
confianza,voz05,repeticiones emparejadas,llamacpp,llamacpp,26b_06b_np1,08,gemma4:26b,embed,docs_rag_qwen3_06b,2026-07-04 17:27:18,confianza/llamacpp/26b_06b_np1/run_08/sweep.json,1,3677,0,3677,1413,96.3,96.3,1,1
confianza,voz05,repeticiones emparejadas,llamacpp,llamacpp,26b_06b_np1,08,gemma4:26b,embed,docs_rag_qwen3_06b,2026-07-04 17:27:18,confianza/llamacpp/26b_06b_np1/run_08/sweep.json,5,11185,28862,8009.4,6345.2,42.58,131.9,5,5
confianza,voz05,repeticiones emparejadas,llamacpp,llamacpp,26b_06b_np1,08,gemma4:26b,embed,docs_rag_qwen3_06b,2026-07-04 17:27:18,confianza/llamacpp/26b_06b_np1/run_08/sweep.json,10,20799,107830,12862.9,11323.1,22.48,129.1,10,10
confianza,voz05,repeticiones emparejadas,llamacpp,llamacpp,26b_06b_np1,08,gemma4:26b,embed,docs_rag_qwen3_06b,2026-07-04 17:27:18,confianza/llamacpp/26b_06b_np1/run_08/sweep.json,15,31216,266476,19846.133333333335,18249.733333333334,16.966666666666665,134.0,15,15
confianza,voz05,repeticiones emparejadas,llamacpp,llamacpp,26b_06b_np1,08,gemma4:26b,embed,docs_rag_qwen3_06b,2026-07-04 17:27:18,confianza/llamacpp/26b_06b_np1/run_08/sweep.json,20,38690,453256,24597.3,23132.1,12.26,133.0,20,20
confianza,voz05,repeticiones emparejadas,llamacpp,llamacpp,26b_06b_np1,08,gemma4:26b,embed,docs_rag_qwen3_06b,2026-07-04 17:27:18,confianza/llamacpp/26b_06b_np1/run_08/sweep.json,25,48754,650085,27953.56,26418.2,10.756,141.5,25,25
confianza,voz05,repeticiones emparejadas,llamacpp,llamacpp,26b_06b_np1,03,gemma4:26b,embed,docs_rag_qwen3_06b,2026-07-04 17:13:25,confianza/llamacpp/26b_06b_np1/run_03/sweep.json,1,1042,0,1042,776,40.3,40.3,1,1
confianza,voz05,repeticiones emparejadas,llamacpp,llamacpp,26b_06b_np1,03,gemma4:26b,embed,docs_rag_qwen3_06b,2026-07-04 17:13:25,confianza/llamacpp/26b_06b_np1/run_03/sweep.json,5,12131,23944,7215,5188.8,50.02,138.3,5,5
confianza,voz05,repeticiones emparejadas,llamacpp,llamacpp,26b_06b_np1,03,gemma4:26b,embed,docs_rag_qwen3_06b,2026-07-04 17:13:25,confianza/llamacpp/26b_06b_np1/run_03/sweep.json,10,23604,108578,13218.2,11296.4,31.26,141.0,10,10
confianza,voz05,repeticiones emparejadas,llamacpp,llamacpp,26b_06b_np1,03,gemma4:26b,embed,docs_rag_qwen3_06b,2026-07-04 17:13:25,confianza/llamacpp/26b_06b_np1/run_03/sweep.json,15,32700,256207,19260.466666666667,17460.933333333334,19.133333333333333,147.1,15,15
confianza,voz05,repeticiones emparejadas,llamacpp,llamacpp,26b_06b_np1,03,gemma4:26b,embed,docs_rag_qwen3_06b,2026-07-04 17:13:25,confianza/llamacpp/26b_06b_np1/run_03/sweep.json,20,44703,465480,25509.15,23774.85,14.51,135.8,20,20
confianza,voz05,repeticiones emparejadas,llamacpp,llamacpp,26b_06b_np1,03,gemma4:26b,embed,docs_rag_qwen3_06b,2026-07-04 17:13:25,confianza/llamacpp/26b_06b_np1/run_03/sweep.json,25,59643,799887,34381.2,32505.44,12.008000000000001,136.9,25,25
confianza,voz05,repeticiones emparejadas,llamacpp,llamacpp,26b_06b_np1,02,gemma4:26b,embed,docs_rag_qwen3_06b,2026-07-04 17:10:54,confianza/llamacpp/26b_06b_np1/run_02/sweep.json,1,1406,0,1406,819,43.4,43.4,1,1
confianza,voz05,repeticiones emparejadas,llamacpp,llamacpp,26b_06b_np1,02,gemma4:26b,embed,docs_rag_qwen3_06b,2026-07-04 17:10:54,confianza/llamacpp/26b_06b_np1/run_02/sweep.json,5,10723,28724,7889.4,6490.6,36.24,115.0,5,5
confianza,voz05,repeticiones emparejadas,llamacpp,llamacpp,26b_06b_np1,02,gemma4:26b,embed,docs_rag_qwen3_06b,2026-07-04 17:10:54,confianza/llamacpp/26b_06b_np1/run_02/sweep.json,10,20940,118274,13921.4,12343.1,23.86,133.3,10,10
confianza,voz05,repeticiones emparejadas,llamacpp,llamacpp,26b_06b_np1,02,gemma4:26b,embed,docs_rag_qwen3_06b,2026-07-04 17:10:54,confianza/llamacpp/26b_06b_np1/run_02/sweep.json,15,30582,246952,18502.266666666666,16943.733333333334,16.073333333333334,136.0,15,15
confianza,voz05,repeticiones emparejadas,llamacpp,llamacpp,26b_06b_np1,02,gemma4:26b,embed,docs_rag_qwen3_06b,2026-07-04 17:10:54,confianza/llamacpp/26b_06b_np1/run_02/sweep.json,20,39391,432723,23605.7,22061.85,13.254999999999999,138.6,20,20
confianza,voz05,repeticiones emparejadas,llamacpp,llamacpp,26b_06b_np1,02,gemma4:26b,embed,docs_rag_qwen3_06b,2026-07-04 17:10:54,confianza/llamacpp/26b_06b_np1/run_02/sweep.json,25,47309,671710,28760.76,27290.32,10.276,136.5,25,25
confianza,voz05,repeticiones emparejadas,ollama,ollama,26b_4b_np4,04,gemma4:26b,embed,docs_rag_qwen3,2026-07-04 07:34:39,confianza/ollama/26b_4b_np4/run_04/sweep.json,1,3176,0,3176,2411,32.1,32.1,1,1
confianza,voz05,repeticiones emparejadas,ollama,ollama,26b_4b_np4,04,gemma4:26b,embed,docs_rag_qwen3,2026-07-04 07:34:39,confianza/ollama/26b_4b_np4/run_04/sweep.json,5,11565,32223,8757.6,4202.6,37.3,152.1,5,5
confianza,voz05,repeticiones emparejadas,ollama,ollama,26b_4b_np4,04,gemma4:26b,embed,docs_rag_qwen3,2026-07-04 07:34:39,confianza/ollama/26b_4b_np4/run_04/sweep.json,10,181964,135992,31795.6,9140.777777777777,23.0,19.5,10,10
confianza,voz05,repeticiones emparejadas,ollama,ollama,26b_4b_np4,04,gemma4:26b,embed,docs_rag_qwen3,2026-07-04 07:34:39,confianza/ollama/26b_4b_np4/run_04/sweep.json,15,30180,264628,19653.866666666665,14320.6,16.713333333333335,160.4,15,15
confianza,voz05,repeticiones emparejadas,ollama,ollama,26b_4b_np4,04,gemma4:26b,embed,docs_rag_qwen3,2026-07-04 07:34:39,confianza/ollama/26b_4b_np4/run_04/sweep.json,20,188202,479131,33366.65,19607.263157894737,12.455,33.1,20,20
confianza,voz05,repeticiones emparejadas,ollama,ollama,26b_4b_np4,04,gemma4:26b,embed,docs_rag_qwen3,2026-07-04 07:34:39,confianza/ollama/26b_4b_np4/run_04/sweep.json,25,51420,735905,31493,25888.68,10.64,152.3,25,25
confianza,voz05,repeticiones emparejadas,ollama,ollama,26b_4b_np4,01,gemma4:26b,embed,docs_rag_qwen3,2026-07-04 07:14:39,confianza/ollama/26b_4b_np4/run_01/sweep.json,1,4839,0,4839,2245,93.6,93.6,1,1
confianza,voz05,repeticiones emparejadas,ollama,ollama,26b_4b_np4,01,gemma4:26b,embed,docs_rag_qwen3,2026-07-04 07:14:39,confianza/ollama/26b_4b_np4/run_01/sweep.json,5,14095,43614,11541.8,5077.6,37.7,154.5,5,5
confianza,voz05,repeticiones emparejadas,ollama,ollama,26b_4b_np4,01,gemma4:26b,embed,docs_rag_qwen3,2026-07-04 07:14:39,confianza/ollama/26b_4b_np4/run_01/sweep.json,10,20922,139422,16034.4,10521.2,24.09,180.4,10,10
confianza,voz05,repeticiones emparejadas,ollama,ollama,26b_4b_np4,01,gemma4:26b,embed,docs_rag_qwen3,2026-07-04 07:14:39,confianza/ollama/26b_4b_np4/run_01/sweep.json,15,34160,324047,23880.466666666667,17333.066666666666,19.946666666666665,189.8,15,15
confianza,voz05,repeticiones emparejadas,ollama,ollama,26b_4b_np4,01,gemma4:26b,embed,docs_rag_qwen3,2026-07-04 07:14:39,confianza/ollama/26b_4b_np4/run_01/sweep.json,20,46259,570573,30841.6,24110.05,15.205,183.4,20,20
confianza,voz05,repeticiones emparejadas,ollama,ollama,26b_4b_np4,01,gemma4:26b,embed,docs_rag_qwen3,2026-07-04 07:14:39,confianza/ollama/26b_4b_np4/run_01/sweep.json,25,56062,891749,37912.44,31282.92,11.776,172.6,25,25
confianza,voz05,repeticiones emparejadas,ollama,ollama,26b_4b_np4,05,gemma4:26b,embed,docs_rag_qwen3,2026-07-04 07:42:58,confianza/ollama/26b_4b_np4/run_05/sweep.json,1,3442,0,3442,2427,35.4,35.4,1,1
confianza,voz05,repeticiones emparejadas,ollama,ollama,26b_4b_np4,05,gemma4:26b,embed,docs_rag_qwen3,2026-07-04 07:42:58,confianza/ollama/26b_4b_np4/run_05/sweep.json,5,10021,33224,8649,4960.2,28.78,127.8,5,5
confianza,voz05,repeticiones emparejadas,ollama,ollama,26b_4b_np4,05,gemma4:26b,embed,docs_rag_qwen3,2026-07-04 07:42:58,confianza/ollama/26b_4b_np4/run_05/sweep.json,10,20371,121742,14211.3,9350.5,17.96,127.6,10,10
confianza,voz05,repeticiones emparejadas,ollama,ollama,26b_4b_np4,05,gemma4:26b,embed,docs_rag_qwen3,2026-07-04 07:42:58,confianza/ollama/26b_4b_np4/run_05/sweep.json,15,31289,301594,22192.2,16613,14.879999999999999,150.7,15,15
confianza,voz05,repeticiones emparejadas,ollama,ollama,26b_4b_np4,05,gemma4:26b,embed,docs_rag_qwen3,2026-07-04 07:42:58,confianza/ollama/26b_4b_np4/run_05/sweep.json,20,43469,549446,29645.75,23693.8,13.030000000000001,159.8,20,20
confianza,voz05,repeticiones emparejadas,ollama,ollama,26b_4b_np4,05,gemma4:26b,embed,docs_rag_qwen3,2026-07-04 07:42:58,confianza/ollama/26b_4b_np4/run_05/sweep.json,25,50691,729703,31215.76,25524.88,10.384,150.5,25,25
confianza,voz05,repeticiones emparejadas,ollama,ollama,26b_4b_np4,07,gemma4:26b,embed,docs_rag_qwen3,2026-07-04 07:49:16,confianza/ollama/26b_4b_np4/run_07/sweep.json,1,6124,-1,6123,2098,112.5,112.5,1,1
confianza,voz05,repeticiones emparejadas,ollama,ollama,26b_4b_np4,07,gemma4:26b,embed,docs_rag_qwen3,2026-07-04 07:49:16,confianza/ollama/26b_4b_np4/run_07/sweep.json,5,12164,34805,9393.8,4378,35.36,149.5,5,5
confianza,voz05,repeticiones emparejadas,ollama,ollama,26b_4b_np4,07,gemma4:26b,embed,docs_rag_qwen3,2026-07-04 07:49:16,confianza/ollama/26b_4b_np4/run_07/sweep.json,10,20058,122363,14242.1,9436.6,21.16,155.8,10,10
confianza,voz05,repeticiones emparejadas,ollama,ollama,26b_4b_np4,07,gemma4:26b,embed,docs_rag_qwen3,2026-07-04 07:49:16,confianza/ollama/26b_4b_np4/run_07/sweep.json,15,30886,300561,22096.466666666667,16542.533333333333,16.033333333333335,156.3,15,15
confianza,voz05,repeticiones emparejadas,ollama,ollama,26b_4b_np4,07,gemma4:26b,embed,docs_rag_qwen3,2026-07-04 07:49:16,confianza/ollama/26b_4b_np4/run_07/sweep.json,20,40158,487608,26388.3,20931.25,12.34,152.4,20,20
confianza,voz05,repeticiones emparejadas,ollama,ollama,26b_4b_np4,07,gemma4:26b,embed,docs_rag_qwen3,2026-07-04 07:49:16,confianza/ollama/26b_4b_np4/run_07/sweep.json,25,51394,780797,33287.64,27687,9.632,145.5,25,25
confianza,voz05,repeticiones emparejadas,ollama,ollama,26b_4b_np4,06,gemma4:26b,embed,docs_rag_qwen3,2026-07-04 07:46:10,confianza/ollama/26b_4b_np4/run_06/sweep.json,1,2477,0,2477,1943,25.4,25.4,1,1
confianza,voz05,repeticiones emparejadas,ollama,ollama,26b_4b_np4,06,gemma4:26b,embed,docs_rag_qwen3,2026-07-04 07:46:10,confianza/ollama/26b_4b_np4/run_06/sweep.json,5,11770,35961,9546.2,5535.6,26.42,115.4,5,5
confianza,voz05,repeticiones emparejadas,ollama,ollama,26b_4b_np4,06,gemma4:26b,embed,docs_rag_qwen3,2026-07-04 07:46:10,confianza/ollama/26b_4b_np4/run_06/sweep.json,10,19871,123187,14305.8,9594.8,16.82,129.9,10,10
confianza,voz05,repeticiones emparejadas,ollama,ollama,26b_4b_np4,06,gemma4:26b,embed,docs_rag_qwen3,2026-07-04 07:46:10,confianza/ollama/26b_4b_np4/run_06/sweep.json,15,28893,266160,19670.2,15026.866666666667,13.24,129.4,15,15
confianza,voz05,repeticiones emparejadas,ollama,ollama,26b_4b_np4,06,gemma4:26b,embed,docs_rag_qwen3,2026-07-04 07:46:10,confianza/ollama/26b_4b_np4/run_06/sweep.json,20,40105,494427,26726.6,21402.65,11.334999999999999,139.0,20,20
confianza,voz05,repeticiones emparejadas,ollama,ollama,26b_4b_np4,06,gemma4:26b,embed,docs_rag_qwen3,2026-07-04 07:46:10,confianza/ollama/26b_4b_np4/run_06/sweep.json,25,50251,733865,31364.64,25793.16,9.36,142.5,25,25
confianza,voz05,repeticiones emparejadas,ollama,ollama,26b_4b_np4,10,gemma4:26b,embed,docs_rag_qwen3,2026-07-04 08:04:02,confianza/ollama/26b_4b_np4/run_10/sweep.json,1,4784,0,4784,2695,69.4,69.4,1,1
confianza,voz05,repeticiones emparejadas,ollama,ollama,26b_4b_np4,10,gemma4:26b,embed,docs_rag_qwen3,2026-07-04 08:04:02,confianza/ollama/26b_4b_np4/run_10/sweep.json,5,9850,35463,9062.6,5926.6,22.0,102.0,5,5
confianza,voz05,repeticiones emparejadas,ollama,ollama,26b_4b_np4,10,gemma4:26b,embed,docs_rag_qwen3,2026-07-04 08:04:02,confianza/ollama/26b_4b_np4/run_10/sweep.json,10,18701,118788,13748.9,9378.1,18.48,134.4,10,10
confianza,voz05,repeticiones emparejadas,ollama,ollama,26b_4b_np4,10,gemma4:26b,embed,docs_rag_qwen3,2026-07-04 08:04:02,confianza/ollama/26b_4b_np4/run_10/sweep.json,15,28705,245564,18284.6,13313.866666666667,15.593333333333334,151.4,15,15
confianza,voz05,repeticiones emparejadas,ollama,ollama,26b_4b_np4,10,gemma4:26b,embed,docs_rag_qwen3,2026-07-04 08:04:02,confianza/ollama/26b_4b_np4/run_10/sweep.json,20,39538,477553,25854.55,20428.35,12.65,154.3,20,20
confianza,voz05,repeticiones emparejadas,ollama,ollama,26b_4b_np4,10,gemma4:26b,embed,docs_rag_qwen3,2026-07-04 08:04:02,confianza/ollama/26b_4b_np4/run_10/sweep.json,25,53113,827830,35237.72,29111.64,10.456,157.5,25,25
confianza,voz05,repeticiones emparejadas,ollama,ollama,26b_4b_np4,09,gemma4:26b,embed,docs_rag_qwen3,2026-07-04 07:58:27,confianza/ollama/26b_4b_np4/run_09/sweep.json,1,5780,0,5780,2625,85.6,85.6,1,1
confianza,voz05,repeticiones emparejadas,ollama,ollama,26b_4b_np4,09,gemma4:26b,embed,docs_rag_qwen3,2026-07-04 07:58:27,confianza/ollama/26b_4b_np4/run_09/sweep.json,5,12581,38221,10160.4,4727.4,32.28,143.9,5,5
confianza,voz05,repeticiones emparejadas,ollama,ollama,26b_4b_np4,09,gemma4:26b,embed,docs_rag_qwen3,2026-07-04 07:58:27,confianza/ollama/26b_4b_np4/run_09/sweep.json,10,19655,115395,13505,8708.5,21.71,162.0,10,10
confianza,voz05,repeticiones emparejadas,ollama,ollama,26b_4b_np4,09,gemma4:26b,embed,docs_rag_qwen3,2026-07-04 07:58:27,confianza/ollama/26b_4b_np4/run_09/sweep.json,15,27922,243441,18090.866666666665,13400.933333333332,15.166666666666666,143.9,15,15
confianza,voz05,repeticiones emparejadas,ollama,ollama,26b_4b_np4,09,gemma4:26b,embed,docs_rag_qwen3,2026-07-04 07:58:27,confianza/ollama/26b_4b_np4/run_09/sweep.json,20,188638,515889,35226.35,21521.21052631579,11.36,29.1,20,20
confianza,voz05,repeticiones emparejadas,ollama,ollama,26b_4b_np4,09,gemma4:26b,embed,docs_rag_qwen3,2026-07-04 07:58:27,confianza/ollama/26b_4b_np4/run_09/sweep.json,25,47782,686000,29351.28,24134.8,13.232,148.9,25,25
confianza,voz05,repeticiones emparejadas,ollama,ollama,26b_4b_np4,08,gemma4:26b,embed,docs_rag_qwen3,2026-07-04 07:52:30,confianza/ollama/26b_4b_np4/run_08/sweep.json,1,4410,0,4410,2459,64.6,64.6,1,1
confianza,voz05,repeticiones emparejadas,ollama,ollama,26b_4b_np4,08,gemma4:26b,embed,docs_rag_qwen3,2026-07-04 07:52:30,confianza/ollama/26b_4b_np4/run_08/sweep.json,5,10760,33473,8846.6,4545.6,30.08,126.6,5,5
confianza,voz05,repeticiones emparejadas,ollama,ollama,26b_4b_np4,08,gemma4:26b,embed,docs_rag_qwen3,2026-07-04 07:52:30,confianza/ollama/26b_4b_np4/run_08/sweep.json,10,19335,115861,13519.6,8925.2,18.7,136.1,10,10
confianza,voz05,repeticiones emparejadas,ollama,ollama,26b_4b_np4,08,gemma4:26b,embed,docs_rag_qwen3,2026-07-04 07:52:30,confianza/ollama/26b_4b_np4/run_08/sweep.json,15,32135,301148,22218.866666666665,16694.666666666668,14.446666666666667,142.0,15,15
confianza,voz05,repeticiones emparejadas,ollama,ollama,26b_4b_np4,08,gemma4:26b,embed,docs_rag_qwen3,2026-07-04 07:52:30,confianza/ollama/26b_4b_np4/run_08/sweep.json,20,39594,454628,24711.1,19413.65,12.095,146.5,20,20
confianza,voz05,repeticiones emparejadas,ollama,ollama,26b_4b_np4,08,gemma4:26b,embed,docs_rag_qwen3,2026-07-04 07:52:30,confianza/ollama/26b_4b_np4/run_08/sweep.json,25,189108,713583,36107.64,24429.541666666668,10.252,36.5,25,25
confianza,voz05,repeticiones emparejadas,ollama,ollama,26b_4b_np4,03,gemma4:26b,embed,docs_rag_qwen3,2026-07-04 07:20:57,confianza/ollama/26b_4b_np4/run_03/sweep.json,1,8204,0,8204,7945,5.5,5.5,1,1
confianza,voz05,repeticiones emparejadas,ollama,ollama,26b_4b_np4,03,gemma4:26b,embed,docs_rag_qwen3,2026-07-04 07:20:57,confianza/ollama/26b_4b_np4/run_03/sweep.json,5,18388,58767,15431,10873.4,19.1,88.9,5,5
confianza,voz05,repeticiones emparejadas,ollama,ollama,26b_4b_np4,03,gemma4:26b,embed,docs_rag_qwen3,2026-07-04 07:20:57,confianza/ollama/26b_4b_np4/run_03/sweep.json,10,183536,303547,48708.3,8935.125,21.19,17.5,10,10
confianza,voz05,repeticiones emparejadas,ollama,ollama,26b_4b_np4,03,gemma4:26b,embed,docs_rag_qwen3,2026-07-04 07:20:57,confianza/ollama/26b_4b_np4/run_03/sweep.json,15,183352,280705,30937.133333333335,14249.714285714286,17.346666666666668,27.2,15,15
confianza,voz05,repeticiones emparejadas,ollama,ollama,26b_4b_np4,03,gemma4:26b,embed,docs_rag_qwen3,2026-07-04 07:20:57,confianza/ollama/26b_4b_np4/run_03/sweep.json,20,184767,658241,42150.4,20417.38888888889,12.965,34.4,20,20
confianza,voz05,repeticiones emparejadas,ollama,ollama,26b_4b_np4,03,gemma4:26b,embed,docs_rag_qwen3,2026-07-04 07:20:57,confianza/ollama/26b_4b_np4/run_03/sweep.json,25,184650,774839,38379.56,26307.625,12.296,45.7,25,25
confianza,voz05,repeticiones emparejadas,ollama,ollama,26b_4b_np4,02,gemma4:26b,embed,docs_rag_qwen3,2026-07-04 07:18:08,confianza/ollama/26b_4b_np4/run_02/sweep.json,1,3147,0,3147,2528,18.1,18.1,1,1
confianza,voz05,repeticiones emparejadas,ollama,ollama,26b_4b_np4,02,gemma4:26b,embed,docs_rag_qwen3,2026-07-04 07:18:08,confianza/ollama/26b_4b_np4/run_02/sweep.json,5,8359,30584,7788.6,4522.2,26.98,125.4,5,5
confianza,voz05,repeticiones emparejadas,ollama,ollama,26b_4b_np4,02,gemma4:26b,embed,docs_rag_qwen3,2026-07-04 07:18:08,confianza/ollama/26b_4b_np4/run_02/sweep.json,10,19516,116625,13614.1,9077.2,18.5,130.5,10,10
confianza,voz05,repeticiones emparejadas,ollama,ollama,26b_4b_np4,02,gemma4:26b,embed,docs_rag_qwen3,2026-07-04 07:18:08,confianza/ollama/26b_4b_np4/run_02/sweep.json,15,27928,259271,19146.6,14255.6,15.353333333333333,150.7,15,15
confianza,voz05,repeticiones emparejadas,ollama,ollama,26b_4b_np4,02,gemma4:26b,embed,docs_rag_qwen3,2026-07-04 07:18:08,confianza/ollama/26b_4b_np4/run_02/sweep.json,20,35101,425766,23043.35,18383.05,11.925,146.1,20,20
confianza,voz05,repeticiones emparejadas,ollama,ollama,26b_4b_np4,02,gemma4:26b,embed,docs_rag_qwen3,2026-07-04 07:18:08,confianza/ollama/26b_4b_np4/run_02/sweep.json,25,43198,642492,27427.6,22784.36,9.6,146.6,25,25
confianza,voz05,repeticiones emparejadas,ollama,ollama,26b_06b_np4,04,gemma4:26b,embed,docs_rag_qwen3_06b,2026-07-04 06:42:05,confianza/ollama/26b_06b_np4/run_04/sweep.json,1,3087,0,3087,2578,18.5,18.5,1,1
confianza,voz05,repeticiones emparejadas,ollama,ollama,26b_06b_np4,04,gemma4:26b,embed,docs_rag_qwen3_06b,2026-07-04 06:42:05,confianza/ollama/26b_06b_np4/run_04/sweep.json,5,23623,71503,19025.2,15651.6,13.620000000000001,61.5,5,5
confianza,voz05,repeticiones emparejadas,ollama,ollama,26b_06b_np4,04,gemma4:26b,embed,docs_rag_qwen3_06b,2026-07-04 06:42:05,confianza/ollama/26b_06b_np4/run_04/sweep.json,10,19313,109477,12879,8648.9,19.18,145.2,10,10
confianza,voz05,repeticiones emparejadas,ollama,ollama,26b_06b_np4,04,gemma4:26b,embed,docs_rag_qwen3_06b,2026-07-04 06:42:05,confianza/ollama/26b_06b_np4/run_04/sweep.json,15,184355,237817,28144.8,12561.92857142857,12.866666666666667,18.2,15,15
confianza,voz05,repeticiones emparejadas,ollama,ollama,26b_06b_np4,04,gemma4:26b,embed,docs_rag_qwen3_06b,2026-07-04 06:42:05,confianza/ollama/26b_06b_np4/run_04/sweep.json,20,38412,498719,26856.55,21301.4,13.16,165.9,20,20
confianza,voz05,repeticiones emparejadas,ollama,ollama,26b_06b_np4,04,gemma4:26b,embed,docs_rag_qwen3_06b,2026-07-04 06:42:05,confianza/ollama/26b_06b_np4/run_04/sweep.json,25,47823,693339,29646.48,24525.52,9.592,146.5,25,25
confianza,voz05,repeticiones emparejadas,ollama,ollama,26b_06b_np4,01,gemma4:26b,embed,docs_rag_qwen3_06b,2026-07-04 06:19:18,confianza/ollama/26b_06b_np4/run_01/sweep.json,1,5064,0,5064,2877,66.6,66.5,1,1
confianza,voz05,repeticiones emparejadas,ollama,ollama,26b_06b_np4,01,gemma4:26b,embed,docs_rag_qwen3_06b,2026-07-04 06:19:18,confianza/ollama/26b_06b_np4/run_01/sweep.json,5,13170,40297,10693.4,5314,35.48,147.1,5,5
confianza,voz05,repeticiones emparejadas,ollama,ollama,26b_06b_np4,01,gemma4:26b,embed,docs_rag_qwen3_06b,2026-07-04 06:19:18,confianza/ollama/26b_06b_np4/run_01/sweep.json,10,21024,127629,14865.3,9603,24.5,168.7,10,10
confianza,voz05,repeticiones emparejadas,ollama,ollama,26b_06b_np4,01,gemma4:26b,embed,docs_rag_qwen3_06b,2026-07-04 06:19:18,confianza/ollama/26b_06b_np4/run_01/sweep.json,15,31471,306654,22541.666666666668,16620.6,17.906666666666666,175.7,15,15
confianza,voz05,repeticiones emparejadas,ollama,ollama,26b_06b_np4,01,gemma4:26b,embed,docs_rag_qwen3_06b,2026-07-04 06:19:18,confianza/ollama/26b_06b_np4/run_01/sweep.json,20,45880,571233,30855.65,24177.2,15.7,181.1,20,20
confianza,voz05,repeticiones emparejadas,ollama,ollama,26b_06b_np4,01,gemma4:26b,embed,docs_rag_qwen3_06b,2026-07-04 06:19:18,confianza/ollama/26b_06b_np4/run_01/sweep.json,25,54340,808492,34513.28,28166.2,11.748,169.5,25,25
confianza,voz05,repeticiones emparejadas,ollama,ollama,26b_06b_np4,05,gemma4:26b,embed,docs_rag_qwen3_06b,2026-07-04 06:47:54,confianza/ollama/26b_06b_np4/run_05/sweep.json,1,3319,0,3319,2388,37.4,37.4,1,1
confianza,voz05,repeticiones emparejadas,ollama,ollama,26b_06b_np4,05,gemma4:26b,embed,docs_rag_qwen3_06b,2026-07-04 06:47:54,confianza/ollama/26b_06b_np4/run_05/sweep.json,5,9846,30603,8089.8,4791,28.2,123.1,5,5
confianza,voz05,repeticiones emparejadas,ollama,ollama,26b_06b_np4,05,gemma4:26b,embed,docs_rag_qwen3_06b,2026-07-04 06:47:54,confianza/ollama/26b_06b_np4/run_05/sweep.json,10,20213,117835,13804.8,9206.4,16.99,120.4,10,10
confianza,voz05,repeticiones emparejadas,ollama,ollama,26b_06b_np4,05,gemma4:26b,embed,docs_rag_qwen3_06b,2026-07-04 06:47:54,confianza/ollama/26b_06b_np4/run_05/sweep.json,15,29867,297119,21799.066666666666,16659.2,13.96,138.3,15,15
confianza,voz05,repeticiones emparejadas,ollama,ollama,26b_06b_np4,05,gemma4:26b,embed,docs_rag_qwen3_06b,2026-07-04 06:47:54,confianza/ollama/26b_06b_np4/run_05/sweep.json,20,41121,493284,26720.25,21294.7,11.145,139.0,20,20
confianza,voz05,repeticiones emparejadas,ollama,ollama,26b_06b_np4,05,gemma4:26b,embed,docs_rag_qwen3_06b,2026-07-04 06:47:54,confianza/ollama/26b_06b_np4/run_05/sweep.json,25,51013,808701,34388.56,28815.24,9.484,143.7,25,25
confianza,voz05,repeticiones emparejadas,ollama,ollama,26b_06b_np4,07,gemma4:26b,embed,docs_rag_qwen3_06b,2026-07-04 06:54:05,confianza/ollama/26b_06b_np4/run_07/sweep.json,1,6426,-1,6425,2033,118.1,118.1,1,1
confianza,voz05,repeticiones emparejadas,ollama,ollama,26b_06b_np4,07,gemma4:26b,embed,docs_rag_qwen3_06b,2026-07-04 06:54:05,confianza/ollama/26b_06b_np4/run_07/sweep.json,5,11764,32598,8872.4,4545.8,33.56,141.6,5,5
confianza,voz05,repeticiones emparejadas,ollama,ollama,26b_06b_np4,07,gemma4:26b,embed,docs_rag_qwen3_06b,2026-07-04 06:54:05,confianza/ollama/26b_06b_np4/run_07/sweep.json,10,20688,137629,15831.7,10410.9,19.9,156.5,10,10
confianza,voz05,repeticiones emparejadas,ollama,ollama,26b_06b_np4,07,gemma4:26b,embed,docs_rag_qwen3_06b,2026-07-04 06:54:05,confianza/ollama/26b_06b_np4/run_07/sweep.json,15,30802,280478,20752,15184.333333333334,15.613333333333333,156.1,15,15
confianza,voz05,repeticiones emparejadas,ollama,ollama,26b_06b_np4,07,gemma4:26b,embed,docs_rag_qwen3_06b,2026-07-04 06:54:05,confianza/ollama/26b_06b_np4/run_07/sweep.json,20,41158,505145,27315.15,21482.25,12.32,156.7,20,20
confianza,voz05,repeticiones emparejadas,ollama,ollama,26b_06b_np4,07,gemma4:26b,embed,docs_rag_qwen3_06b,2026-07-04 06:54:05,confianza/ollama/26b_06b_np4/run_07/sweep.json,25,50214,774014,32969.12,27422.92,9.82,148.6,25,25
confianza,voz05,repeticiones emparejadas,ollama,ollama,26b_06b_np4,06,gemma4:26b,embed,docs_rag_qwen3_06b,2026-07-04 06:51:00,confianza/ollama/26b_06b_np4/run_06/sweep.json,1,2548,0,2548,2073,21.6,21.6,1,1
confianza,voz05,repeticiones emparejadas,ollama,ollama,26b_06b_np4,06,gemma4:26b,embed,docs_rag_qwen3_06b,2026-07-04 06:51:00,confianza/ollama/26b_06b_np4/run_06/sweep.json,5,10357,36166,9304.6,5429.6,26.6,122.5,5,5
confianza,voz05,repeticiones emparejadas,ollama,ollama,26b_06b_np4,06,gemma4:26b,embed,docs_rag_qwen3_06b,2026-07-04 06:51:00,confianza/ollama/26b_06b_np4/run_06/sweep.json,10,17610,107696,12530.6,8168.3,16.95,130.7,10,10
confianza,voz05,repeticiones emparejadas,ollama,ollama,26b_06b_np4,06,gemma4:26b,embed,docs_rag_qwen3_06b,2026-07-04 06:51:00,confianza/ollama/26b_06b_np4/run_06/sweep.json,15,29615,288564,21211.933333333334,16023.466666666667,12.56,132.5,15,15
confianza,voz05,repeticiones emparejadas,ollama,ollama,26b_06b_np4,06,gemma4:26b,embed,docs_rag_qwen3_06b,2026-07-04 06:51:00,confianza/ollama/26b_06b_np4/run_06/sweep.json,20,40270,486538,26340.4,20918,10.9,133.8,20,20
confianza,voz05,repeticiones emparejadas,ollama,ollama,26b_06b_np4,06,gemma4:26b,embed,docs_rag_qwen3_06b,2026-07-04 06:51:00,confianza/ollama/26b_06b_np4/run_06/sweep.json,25,52149,805086,34289.4,28281.28,10.628,156.5,25,25
confianza,voz05,repeticiones emparejadas,ollama,ollama,26b_06b_np4,10,gemma4:26b,embed,docs_rag_qwen3_06b,2026-07-04 07:11:29,confianza/ollama/26b_06b_np4/run_10/sweep.json,1,4094,0,4094,2366,65.7,65.7,1,1
confianza,voz05,repeticiones emparejadas,ollama,ollama,26b_06b_np4,10,gemma4:26b,embed,docs_rag_qwen3_06b,2026-07-04 07:11:29,confianza/ollama/26b_06b_np4/run_10/sweep.json,5,8572,27605,7235.4,4091.2,26.7,118.8,5,5
confianza,voz05,repeticiones emparejadas,ollama,ollama,26b_06b_np4,10,gemma4:26b,embed,docs_rag_qwen3_06b,2026-07-04 07:11:29,confianza/ollama/26b_06b_np4/run_10/sweep.json,10,19106,120639,13974.5,9616.1,17.39,126.8,10,10
confianza,voz05,repeticiones emparejadas,ollama,ollama,26b_06b_np4,10,gemma4:26b,embed,docs_rag_qwen3_06b,2026-07-04 07:11:29,confianza/ollama/26b_06b_np4/run_10/sweep.json,15,30902,286384,21152.4,15728.533333333333,16.273333333333333,158.0,15,15
confianza,voz05,repeticiones emparejadas,ollama,ollama,26b_06b_np4,10,gemma4:26b,embed,docs_rag_qwen3_06b,2026-07-04 07:11:29,confianza/ollama/26b_06b_np4/run_10/sweep.json,20,41122,523471,28229.65,22518.35,12.525,153.6,20,20
confianza,voz05,repeticiones emparejadas,ollama,ollama,26b_06b_np4,10,gemma4:26b,embed,docs_rag_qwen3_06b,2026-07-04 07:11:29,confianza/ollama/26b_06b_np4/run_10/sweep.json,25,54207,825511,35188.72,29087.44,10.5,154.1,25,25
confianza,voz05,repeticiones emparejadas,ollama,ollama,26b_06b_np4,09,gemma4:26b,embed,docs_rag_qwen3_06b,2026-07-04 07:03:04,confianza/ollama/26b_06b_np4/run_09/sweep.json,1,5686,0,5686,2656,80.9,80.9,1,1
confianza,voz05,repeticiones emparejadas,ollama,ollama,26b_06b_np4,09,gemma4:26b,embed,docs_rag_qwen3_06b,2026-07-04 07:03:04,confianza/ollama/26b_06b_np4/run_09/sweep.json,5,11383,36448,9566.2,5090.8,26.52,119.2,5,5
confianza,voz05,repeticiones emparejadas,ollama,ollama,26b_06b_np4,09,gemma4:26b,embed,docs_rag_qwen3_06b,2026-07-04 07:03:04,confianza/ollama/26b_06b_np4/run_09/sweep.json,10,183646,123206,30685.2,9047.777777777777,19.689999999999998,14.4,10,10
confianza,voz05,repeticiones emparejadas,ollama,ollama,26b_06b_np4,09,gemma4:26b,embed,docs_rag_qwen3_06b,2026-07-04 07:03:04,confianza/ollama/26b_06b_np4/run_09/sweep.json,15,186197,258145,29622.8,13246.642857142857,14.853333333333333,21.0,15,15
confianza,voz05,repeticiones emparejadas,ollama,ollama,26b_06b_np4,09,gemma4:26b,embed,docs_rag_qwen3_06b,2026-07-04 07:03:04,confianza/ollama/26b_06b_np4/run_09/sweep.json,20,38456,470063,25425.95,20070.15,12.05,147.6,20,20
confianza,voz05,repeticiones emparejadas,ollama,ollama,26b_06b_np4,09,gemma4:26b,embed,docs_rag_qwen3_06b,2026-07-04 07:03:04,confianza/ollama/26b_06b_np4/run_09/sweep.json,25,47990,767387,32615.08,27320.12,9.28,143.9,25,25
confianza,voz05,repeticiones emparejadas,ollama,ollama,26b_06b_np4,08,gemma4:26b,embed,docs_rag_qwen3_06b,2026-07-04 06:57:17,confianza/ollama/26b_06b_np4/run_08/sweep.json,1,4624,0,4624,2215,79.8,79.8,1,1
confianza,voz05,repeticiones emparejadas,ollama,ollama,26b_06b_np4,08,gemma4:26b,embed,docs_rag_qwen3_06b,2026-07-04 06:57:17,confianza/ollama/26b_06b_np4/run_08/sweep.json,5,10629,37156,9557,4768.6,33.86,153.4,5,5
confianza,voz05,repeticiones emparejadas,ollama,ollama,26b_06b_np4,08,gemma4:26b,embed,docs_rag_qwen3_06b,2026-07-04 06:57:17,confianza/ollama/26b_06b_np4/run_08/sweep.json,10,18105,120000,13810.5,9203.9,20.12,152.9,10,10
confianza,voz05,repeticiones emparejadas,ollama,ollama,26b_06b_np4,08,gemma4:26b,embed,docs_rag_qwen3_06b,2026-07-04 06:57:17,confianza/ollama/26b_06b_np4/run_08/sweep.json,15,29490,281910,20760,15668.866666666667,14.053333333333333,141.9,15,15
confianza,voz05,repeticiones emparejadas,ollama,ollama,26b_06b_np4,08,gemma4:26b,embed,docs_rag_qwen3_06b,2026-07-04 06:57:17,confianza/ollama/26b_06b_np4/run_08/sweep.json,20,39406,485887,26264.65,21069.4,10.709999999999999,133.7,20,20
confianza,voz05,repeticiones emparejadas,ollama,ollama,26b_06b_np4,08,gemma4:26b,embed,docs_rag_qwen3_06b,2026-07-04 06:57:17,confianza/ollama/26b_06b_np4/run_08/sweep.json,25,182958,701091,35361.96,24196.416666666668,9.26,35.9,25,25
confianza,voz05,repeticiones emparejadas,ollama,ollama,26b_06b_np4,03,gemma4:26b,embed,docs_rag_qwen3_06b,2026-07-04 06:28:17,confianza/ollama/26b_06b_np4/run_03/sweep.json,1,8289,0,8289,8020,5.7,5.7,1,1
confianza,voz05,repeticiones emparejadas,ollama,ollama,26b_06b_np4,03,gemma4:26b,embed,docs_rag_qwen3_06b,2026-07-04 06:28:17,confianza/ollama/26b_06b_np4/run_03/sweep.json,5,20067,68582,17729.8,12197.8,22.52,100.2,5,5
confianza,voz05,repeticiones emparejadas,ollama,ollama,26b_06b_np4,03,gemma4:26b,embed,docs_rag_qwen3_06b,2026-07-04 06:28:17,confianza/ollama/26b_06b_np4/run_03/sweep.json,10,183251,142184,32543.5,9887.777777777777,21.830000000000002,18.7,10,10
confianza,voz05,repeticiones emparejadas,ollama,ollama,26b_06b_np4,03,gemma4:26b,embed,docs_rag_qwen3_06b,2026-07-04 06:28:17,confianza/ollama/26b_06b_np4/run_03/sweep.json,15,185892,430589,41098.73333333333,13708.615384615385,15.673333333333334,22.7,15,15
confianza,voz05,repeticiones emparejadas,ollama,ollama,26b_06b_np4,03,gemma4:26b,embed,docs_rag_qwen3_06b,2026-07-04 06:28:17,confianza/ollama/26b_06b_np4/run_03/sweep.json,20,182687,629579,40613.3,19261.055555555555,12.540000000000001,30.6,20,20
confianza,voz05,repeticiones emparejadas,ollama,ollama,26b_06b_np4,03,gemma4:26b,embed,docs_rag_qwen3_06b,2026-07-04 06:28:17,confianza/ollama/26b_06b_np4/run_03/sweep.json,25,186404,763041,37977.8,25774.625,10.58,42.8,25,25
confianza,voz05,repeticiones emparejadas,ollama,ollama,26b_06b_np4,02,gemma4:26b,embed,docs_rag_qwen3_06b,2026-07-04 06:22:40,confianza/ollama/26b_06b_np4/run_02/sweep.json,1,2957,0,2957,2343,19.3,19.3,1,1
confianza,voz05,repeticiones emparejadas,ollama,ollama,26b_06b_np4,02,gemma4:26b,embed,docs_rag_qwen3_06b,2026-07-04 06:22:40,confianza/ollama/26b_06b_np4/run_02/sweep.json,5,8430,27946,7275.2,4206.6,26.9,121.8,5,5
confianza,voz05,repeticiones emparejadas,ollama,ollama,26b_06b_np4,02,gemma4:26b,embed,docs_rag_qwen3_06b,2026-07-04 06:22:40,confianza/ollama/26b_06b_np4/run_02/sweep.json,10,18196,123228,14142.4,9696.3,19.54,143.7,10,10
confianza,voz05,repeticiones emparejadas,ollama,ollama,26b_06b_np4,02,gemma4:26b,embed,docs_rag_qwen3_06b,2026-07-04 06:22:40,confianza/ollama/26b_06b_np4/run_02/sweep.json,15,25455,224755,16680.666666666668,12263.4,14.82,150.0,15,15
confianza,voz05,repeticiones emparejadas,ollama,ollama,26b_06b_np4,02,gemma4:26b,embed,docs_rag_qwen3_06b,2026-07-04 06:22:40,confianza/ollama/26b_06b_np4/run_02/sweep.json,20,35733,419504,22761.85,18046.5,11.795,139.8,20,20
confianza,voz05,repeticiones emparejadas,ollama,ollama,26b_06b_np4,02,gemma4:26b,embed,docs_rag_qwen3_06b,2026-07-04 06:22:40,confianza/ollama/26b_06b_np4/run_02/sweep.json,25,185568,737736,36932.16,25801.333333333332,8.584,32.5,25,25
confianza,voz05,repeticiones emparejadas,ollama,ollama,12b_06b_np8,04,gemma4:12b,embed,docs_rag_qwen3_06b,2026-07-04 05:02:14,confianza/ollama/12b_06b_np8/run_04/sweep.json,1,4082,0,4082,3330,13.5,13.5,1,1
confianza,voz05,repeticiones emparejadas,ollama,ollama,12b_06b_np8,04,gemma4:12b,embed,docs_rag_qwen3_06b,2026-07-04 05:02:14,confianza/ollama/12b_06b_np8/run_04/sweep.json,5,21842,70922,18552.8,7383,18.12,80.3,5,5
confianza,voz05,repeticiones emparejadas,ollama,ollama,12b_06b_np8,04,gemma4:12b,embed,docs_rag_qwen3_06b,2026-07-04 05:02:14,confianza/ollama/12b_06b_np8/run_04/sweep.json,10,32725,226106,25883.1,10594.3,15.02,124.5,10,10
confianza,voz05,repeticiones emparejadas,ollama,ollama,12b_06b_np8,04,gemma4:12b,embed,docs_rag_qwen3_06b,2026-07-04 05:02:14,confianza/ollama/12b_06b_np8/run_04/sweep.json,15,46767,464584,34090.066666666666,20223.933333333334,8.64,99.1,15,15
confianza,voz05,repeticiones emparejadas,ollama,ollama,12b_06b_np8,04,gemma4:12b,embed,docs_rag_qwen3_06b,2026-07-04 05:02:14,confianza/ollama/12b_06b_np8/run_04/sweep.json,20,61228,835970,44859.9,29845.2,7.755,111.6,20,20
confianza,voz05,repeticiones emparejadas,ollama,ollama,12b_06b_np8,04,gemma4:12b,embed,docs_rag_qwen3_06b,2026-07-04 05:02:14,confianza/ollama/12b_06b_np8/run_04/sweep.json,25,72753,1182547,50212,34851.8,6.708,112.6,25,25
confianza,voz05,repeticiones emparejadas,ollama,ollama,12b_06b_np8,01,gemma4:12b,embed,docs_rag_qwen3_06b,2026-07-04 04:48:09,confianza/ollama/12b_06b_np8/run_01/sweep.json,1,5257,0,5257,2567,57.1,57.1,1,1
confianza,voz05,repeticiones emparejadas,ollama,ollama,12b_06b_np8,01,gemma4:12b,embed,docs_rag_qwen3_06b,2026-07-04 04:48:09,confianza/ollama/12b_06b_np8/run_01/sweep.json,5,24954,77695,20529.8,6861,19.9,85.4,5,5
confianza,voz05,repeticiones emparejadas,ollama,ollama,12b_06b_np8,01,gemma4:12b,embed,docs_rag_qwen3_06b,2026-07-04 04:48:09,confianza/ollama/12b_06b_np8/run_01/sweep.json,10,28893,204934,23382.7,11591.2,15.540000000000001,126.5,10,10
confianza,voz05,repeticiones emparejadas,ollama,ollama,12b_06b_np8,01,gemma4:12b,embed,docs_rag_qwen3_06b,2026-07-04 04:48:09,confianza/ollama/12b_06b_np8/run_01/sweep.json,15,49819,520380,38013.26666666667,21561.6,11.54,131.6,15,15
confianza,voz05,repeticiones emparejadas,ollama,ollama,12b_06b_np8,01,gemma4:12b,embed,docs_rag_qwen3_06b,2026-07-04 04:48:09,confianza/ollama/12b_06b_np8/run_01/sweep.json,20,65768,856455,46111.15,28897.2,9.555,127.2,20,20
confianza,voz05,repeticiones emparejadas,ollama,ollama,12b_06b_np8,01,gemma4:12b,embed,docs_rag_qwen3_06b,2026-07-04 04:48:09,confianza/ollama/12b_06b_np8/run_01/sweep.json,25,76303,1250030,53053.32,36722.88,7.184,121.0,25,25
confianza,voz05,repeticiones emparejadas,ollama,ollama,12b_06b_np8,05,gemma4:12b,embed,docs_rag_qwen3_06b,2026-07-04 05:06:46,confianza/ollama/12b_06b_np8/run_05/sweep.json,1,4782,0,4782,3201,30.9,30.9,1,1
confianza,voz05,repeticiones emparejadas,ollama,ollama,12b_06b_np8,05,gemma4:12b,embed,docs_rag_qwen3_06b,2026-07-04 05:06:46,confianza/ollama/12b_06b_np8/run_05/sweep.json,5,16029,54280,14061.8,7195.2,17.2,78.1,5,5
confianza,voz05,repeticiones emparejadas,ollama,ollama,12b_06b_np8,05,gemma4:12b,embed,docs_rag_qwen3_06b,2026-07-04 05:06:46,confianza/ollama/12b_06b_np8/run_05/sweep.json,10,27752,210502,23825.4,11955,10.84,96.5,10,10
confianza,voz05,repeticiones emparejadas,ollama,ollama,12b_06b_np8,05,gemma4:12b,embed,docs_rag_qwen3_06b,2026-07-04 05:06:46,confianza/ollama/12b_06b_np8/run_05/sweep.json,15,47134,493661,36053,22035.333333333332,8.9,104.0,15,15
confianza,voz05,repeticiones emparejadas,ollama,ollama,12b_06b_np8,05,gemma4:12b,embed,docs_rag_qwen3_06b,2026-07-04 05:06:46,confianza/ollama/12b_06b_np8/run_05/sweep.json,20,61788,884702,47324.5,31398.25,7.625,109.8,20,20
confianza,voz05,repeticiones emparejadas,ollama,ollama,12b_06b_np8,05,gemma4:12b,embed,docs_rag_qwen3_06b,2026-07-04 05:06:46,confianza/ollama/12b_06b_np8/run_05/sweep.json,25,78237,1259176,53496.52,37268.2,6.616,107.8,25,25
confianza,voz05,repeticiones emparejadas,ollama,ollama,12b_06b_np8,07,gemma4:12b,embed,docs_rag_qwen3_06b,2026-07-04 05:15:33,confianza/ollama/12b_06b_np8/run_07/sweep.json,1,9684,0,9684,2598,78.8,78.8,1,1
confianza,voz05,repeticiones emparejadas,ollama,ollama,12b_06b_np8,07,gemma4:12b,embed,docs_rag_qwen3_06b,2026-07-04 05:15:33,confianza/ollama/12b_06b_np8/run_07/sweep.json,5,23052,66622,17934.8,6732.6,18.12,80.6,5,5
confianza,voz05,repeticiones emparejadas,ollama,ollama,12b_06b_np8,07,gemma4:12b,embed,docs_rag_qwen3_06b,2026-07-04 05:15:33,confianza/ollama/12b_06b_np8/run_07/sweep.json,10,25966,211518,23748.4,12236.3,12.48,114.0,10,10
confianza,voz05,repeticiones emparejadas,ollama,ollama,12b_06b_np8,07,gemma4:12b,embed,docs_rag_qwen3_06b,2026-07-04 05:15:33,confianza/ollama/12b_06b_np8/run_07/sweep.json,15,47205,483566,35384.73333333333,20954.2,8.38,98.0,15,15
confianza,voz05,repeticiones emparejadas,ollama,ollama,12b_06b_np8,07,gemma4:12b,embed,docs_rag_qwen3_06b,2026-07-04 05:15:33,confianza/ollama/12b_06b_np8/run_07/sweep.json,20,63483,905478,48448.05,32328.35,7.34,112.0,20,20
confianza,voz05,repeticiones emparejadas,ollama,ollama,12b_06b_np8,07,gemma4:12b,embed,docs_rag_qwen3_06b,2026-07-04 05:15:33,confianza/ollama/12b_06b_np8/run_07/sweep.json,25,69812,1213388,51328,36759.48,6.016,109.4,25,25
confianza,voz05,repeticiones emparejadas,ollama,ollama,12b_06b_np8,06,gemma4:12b,embed,docs_rag_qwen3_06b,2026-07-04 05:11:14,confianza/ollama/12b_06b_np8/run_06/sweep.json,1,2943,0,2943,2635,6.1,6.1,1,1
confianza,voz05,repeticiones emparejadas,ollama,ollama,12b_06b_np8,06,gemma4:12b,embed,docs_rag_qwen3_06b,2026-07-04 05:11:14,confianza/ollama/12b_06b_np8/run_06/sweep.json,5,15904,55442,14269.2,7685.4,19.86,96.3,5,5
confianza,voz05,repeticiones emparejadas,ollama,ollama,12b_06b_np8,06,gemma4:12b,embed,docs_rag_qwen3_06b,2026-07-04 05:11:14,confianza/ollama/12b_06b_np8/run_06/sweep.json,10,26865,193328,22019.3,10696.5,11.61,103.3,10,10
confianza,voz05,repeticiones emparejadas,ollama,ollama,12b_06b_np8,06,gemma4:12b,embed,docs_rag_qwen3_06b,2026-07-04 05:11:14,confianza/ollama/12b_06b_np8/run_06/sweep.json,15,42672,477120,34652.8,21709.8,7.3533333333333335,93.0,15,15
confianza,voz05,repeticiones emparejadas,ollama,ollama,12b_06b_np8,06,gemma4:12b,embed,docs_rag_qwen3_06b,2026-07-04 05:11:14,confianza/ollama/12b_06b_np8/run_06/sweep.json,20,64464,826251,44535.75,29220.75,6.635,94.6,20,20
confianza,voz05,repeticiones emparejadas,ollama,ollama,12b_06b_np8,06,gemma4:12b,embed,docs_rag_qwen3_06b,2026-07-04 05:11:14,confianza/ollama/12b_06b_np8/run_06/sweep.json,25,76152,1310735,55475.48,39331.16,6.068,105.6,25,25
confianza,voz05,repeticiones emparejadas,ollama,ollama,12b_06b_np8,10,gemma4:12b,embed,docs_rag_qwen3_06b,2026-07-04 05:28:51,confianza/ollama/12b_06b_np8/run_10/sweep.json,1,5482,0,5482,2954,47.1,47.1,1,1
confianza,voz05,repeticiones emparejadas,ollama,ollama,12b_06b_np8,10,gemma4:12b,embed,docs_rag_qwen3_06b,2026-07-04 05:28:51,confianza/ollama/12b_06b_np8/run_10/sweep.json,5,18576,56835,15082.2,6948,13.879999999999999,62.9,5,5
confianza,voz05,repeticiones emparejadas,ollama,ollama,12b_06b_np8,10,gemma4:12b,embed,docs_rag_qwen3_06b,2026-07-04 05:28:51,confianza/ollama/12b_06b_np8/run_10/sweep.json,10,26132,192686,21881.8,10828.1,10.56,96.4,10,10
confianza,voz05,repeticiones emparejadas,ollama,ollama,12b_06b_np8,10,gemma4:12b,embed,docs_rag_qwen3_06b,2026-07-04 05:28:51,confianza/ollama/12b_06b_np8/run_10/sweep.json,15,45354,482079,35162.2,21258.066666666666,8.566666666666666,104.9,15,15
confianza,voz05,repeticiones emparejadas,ollama,ollama,12b_06b_np8,10,gemma4:12b,embed,docs_rag_qwen3_06b,2026-07-04 05:28:51,confianza/ollama/12b_06b_np8/run_10/sweep.json,20,64489,844516,45450.25,29781.55,7.885,109.8,20,20
confianza,voz05,repeticiones emparejadas,ollama,ollama,12b_06b_np8,10,gemma4:12b,embed,docs_rag_qwen3_06b,2026-07-04 05:28:51,confianza/ollama/12b_06b_np8/run_10/sweep.json,25,80267,1345854,57044.84,39906.72,6.968,114.7,25,25
confianza,voz05,repeticiones emparejadas,ollama,ollama,12b_06b_np8,09,gemma4:12b,embed,docs_rag_qwen3_06b,2026-07-04 05:24:22,confianza/ollama/12b_06b_np8/run_09/sweep.json,1,7397,0,7397,3204,56.0,56.0,1,1
confianza,voz05,repeticiones emparejadas,ollama,ollama,12b_06b_np8,09,gemma4:12b,embed,docs_rag_qwen3_06b,2026-07-04 05:24:22,confianza/ollama/12b_06b_np8/run_09/sweep.json,5,20594,68253,17769.4,7205.6,16.32,75.2,5,5
confianza,voz05,repeticiones emparejadas,ollama,ollama,12b_06b_np8,09,gemma4:12b,embed,docs_rag_qwen3_06b,2026-07-04 05:24:22,confianza/ollama/12b_06b_np8/run_09/sweep.json,10,27461,200166,22762.7,11265,13.530000000000001,116.2,10,10
confianza,voz05,repeticiones emparejadas,ollama,ollama,12b_06b_np8,09,gemma4:12b,embed,docs_rag_qwen3_06b,2026-07-04 05:24:22,confianza/ollama/12b_06b_np8/run_09/sweep.json,15,46842,525001,38122.86666666667,23349.333333333332,8.013333333333334,98.2,15,15
confianza,voz05,repeticiones emparejadas,ollama,ollama,12b_06b_np8,09,gemma4:12b,embed,docs_rag_qwen3_06b,2026-07-04 05:24:22,confianza/ollama/12b_06b_np8/run_09/sweep.json,20,60493,882111,47130.2,31421.4,7.34,108.0,20,20
confianza,voz05,repeticiones emparejadas,ollama,ollama,12b_06b_np8,09,gemma4:12b,embed,docs_rag_qwen3_06b,2026-07-04 05:24:22,confianza/ollama/12b_06b_np8/run_09/sweep.json,25,73912,1241764,52627.04,37433.24,6.032,103.4,25,25
confianza,voz05,repeticiones emparejadas,ollama,ollama,12b_06b_np8,08,gemma4:12b,embed,docs_rag_qwen3_06b,2026-07-04 05:20:02,confianza/ollama/12b_06b_np8/run_08/sweep.json,1,6051,0,6051,3099,46.9,46.9,1,1
confianza,voz05,repeticiones emparejadas,ollama,ollama,12b_06b_np8,08,gemma4:12b,embed,docs_rag_qwen3_06b,2026-07-04 05:20:02,confianza/ollama/12b_06b_np8/run_08/sweep.json,5,17693,58002,15139,7596.6,18.02,79.7,5,5
confianza,voz05,repeticiones emparejadas,ollama,ollama,12b_06b_np8,08,gemma4:12b,embed,docs_rag_qwen3_06b,2026-07-04 05:20:02,confianza/ollama/12b_06b_np8/run_08/sweep.json,10,27869,195319,22318.8,11677.1,11.97,99.5,10,10
confianza,voz05,repeticiones emparejadas,ollama,ollama,12b_06b_np8,08,gemma4:12b,embed,docs_rag_qwen3_06b,2026-07-04 05:20:02,confianza/ollama/12b_06b_np8/run_08/sweep.json,15,44917,500857,36384.933333333334,22314.333333333332,8.046666666666667,98.8,15,15
confianza,voz05,repeticiones emparejadas,ollama,ollama,12b_06b_np8,08,gemma4:12b,embed,docs_rag_qwen3_06b,2026-07-04 05:20:02,confianza/ollama/12b_06b_np8/run_08/sweep.json,20,56614,806545,43157.95,28787.2,6.635,100.4,20,20
confianza,voz05,repeticiones emparejadas,ollama,ollama,12b_06b_np8,08,gemma4:12b,embed,docs_rag_qwen3_06b,2026-07-04 05:20:02,confianza/ollama/12b_06b_np8/run_08/sweep.json,25,74627,1280328,54198.2,39079.6,6.056,106.8,25,25
confianza,voz05,repeticiones emparejadas,ollama,ollama,12b_06b_np8,03,gemma4:12b,embed,docs_rag_qwen3_06b,2026-07-04 04:57:17,confianza/ollama/12b_06b_np8/run_03/sweep.json,1,7571,0,7571,2785,66.0,66.0,1,1
confianza,voz05,repeticiones emparejadas,ollama,ollama,12b_06b_np8,03,gemma4:12b,embed,docs_rag_qwen3_06b,2026-07-04 04:57:17,confianza/ollama/12b_06b_np8/run_03/sweep.json,5,21881,70249,18426,7182.6,22.64,98.0,5,5
confianza,voz05,repeticiones emparejadas,ollama,ollama,12b_06b_np8,03,gemma4:12b,embed,docs_rag_qwen3_06b,2026-07-04 04:57:17,confianza/ollama/12b_06b_np8/run_03/sweep.json,10,34033,235594,26962.7,12697.8,14.299999999999999,115.1,10,10
confianza,voz05,repeticiones emparejadas,ollama,ollama,12b_06b_np8,03,gemma4:12b,embed,docs_rag_qwen3_06b,2026-07-04 04:57:17,confianza/ollama/12b_06b_np8/run_03/sweep.json,15,51409,515726,37809,22053.266666666666,10.126666666666667,111.2,15,15
confianza,voz05,repeticiones emparejadas,ollama,ollama,12b_06b_np8,03,gemma4:12b,embed,docs_rag_qwen3_06b,2026-07-04 04:57:17,confianza/ollama/12b_06b_np8/run_03/sweep.json,20,62431,838783,45060.7,29354.15,8.045,114.2,20,20
confianza,voz05,repeticiones emparejadas,ollama,ollama,12b_06b_np8,03,gemma4:12b,embed,docs_rag_qwen3_06b,2026-07-04 04:57:17,confianza/ollama/12b_06b_np8/run_03/sweep.json,25,85177,1372168,58293.8,40278.88,7.26,119.2,25,25
confianza,voz05,repeticiones emparejadas,ollama,ollama,12b_06b_np8,02,gemma4:12b,embed,docs_rag_qwen3_06b,2026-07-04 04:52:53,confianza/ollama/12b_06b_np8/run_02/sweep.json,1,3951,0,3951,3027,16.5,16.5,1,1
confianza,voz05,repeticiones emparejadas,ollama,ollama,12b_06b_np8,02,gemma4:12b,embed,docs_rag_qwen3_06b,2026-07-04 04:52:53,confianza/ollama/12b_06b_np8/run_02/sweep.json,5,17610,55391,14600.2,7396.6,15.66,69.4,5,5
confianza,voz05,repeticiones emparejadas,ollama,ollama,12b_06b_np8,02,gemma4:12b,embed,docs_rag_qwen3_06b,2026-07-04 04:52:53,confianza/ollama/12b_06b_np8/run_02/sweep.json,10,26931,202666,22959.7,11375.1,11.33,98.5,10,10
confianza,voz05,repeticiones emparejadas,ollama,ollama,12b_06b_np8,02,gemma4:12b,embed,docs_rag_qwen3_06b,2026-07-04 04:52:53,confianza/ollama/12b_06b_np8/run_02/sweep.json,15,44895,489216,35607.4,21821.933333333334,8.5,102.2,15,15
confianza,voz05,repeticiones emparejadas,ollama,ollama,12b_06b_np8,02,gemma4:12b,embed,docs_rag_qwen3_06b,2026-07-04 04:52:53,confianza/ollama/12b_06b_np8/run_02/sweep.json,20,63809,876657,47023.3,30900.05,7.555,110.1,20,20
confianza,voz05,repeticiones emparejadas,ollama,ollama,12b_06b_np8,02,gemma4:12b,embed,docs_rag_qwen3_06b,2026-07-04 04:52:53,confianza/ollama/12b_06b_np8/run_02/sweep.json,25,75176,1246024,52848,37126.32,6.552,110.6,25,25
confianza,voz05,repeticiones emparejadas,ollama,ollama,12b_06b_np4,04,gemma4:12b,embed,docs_rag_qwen3_06b,2026-07-04 08:20:54,confianza/ollama/12b_06b_np4/run_04/sweep.json,1,3968,0,3968,3218,13.9,13.9,1,1
confianza,voz05,repeticiones emparejadas,ollama,ollama,12b_06b_np4,04,gemma4:12b,embed,docs_rag_qwen3_06b,2026-07-04 08:20:54,confianza/ollama/12b_06b_np4/run_04/sweep.json,5,15494,48077,12714.2,6103.4,24.599999999999998,104.9,5,5
confianza,voz05,repeticiones emparejadas,ollama,ollama,12b_06b_np4,04,gemma4:12b,embed,docs_rag_qwen3_06b,2026-07-04 08:20:54,confianza/ollama/12b_06b_np4/run_04/sweep.json,10,30008,194874,22488.2,14314.9,18.22,129.1,10,10
confianza,voz05,repeticiones emparejadas,ollama,ollama,12b_06b_np4,04,gemma4:12b,embed,docs_rag_qwen3_06b,2026-07-04 08:20:54,confianza/ollama/12b_06b_np4/run_04/sweep.json,15,43935,402517,29763.466666666667,21716.733333333334,11.76,116.0,15,15
confianza,voz05,repeticiones emparejadas,ollama,ollama,12b_06b_np4,04,gemma4:12b,embed,docs_rag_qwen3_06b,2026-07-04 08:20:54,confianza/ollama/12b_06b_np4/run_04/sweep.json,20,63359,724855,39410.7,31280.7,8.375,103.3,20,20
confianza,voz05,repeticiones emparejadas,ollama,ollama,12b_06b_np4,04,gemma4:12b,embed,docs_rag_qwen3_06b,2026-07-04 08:20:54,confianza/ollama/12b_06b_np4/run_04/sweep.json,25,72887,1080955,46153.68,38310.84,7.3,109.8,25,25
confianza,voz05,repeticiones emparejadas,ollama,ollama,12b_06b_np4,01,gemma4:12b,embed,docs_rag_qwen3_06b,2026-07-04 08:07:11,confianza/ollama/12b_06b_np4/run_01/sweep.json,1,5476,0,5476,2615,58.1,58.1,1,1
confianza,voz05,repeticiones emparejadas,ollama,ollama,12b_06b_np4,01,gemma4:12b,embed,docs_rag_qwen3_06b,2026-07-04 08:07:11,confianza/ollama/12b_06b_np4/run_01/sweep.json,5,19481,50690,14034.2,6930.6,26.52,98.8,5,5
confianza,voz05,repeticiones emparejadas,ollama,ollama,12b_06b_np4,01,gemma4:12b,embed,docs_rag_qwen3_06b,2026-07-04 08:07:11,confianza/ollama/12b_06b_np4/run_01/sweep.json,10,30712,195632,22634.4,14735.6,17.32,123.7,10,10
confianza,voz05,repeticiones emparejadas,ollama,ollama,12b_06b_np4,01,gemma4:12b,embed,docs_rag_qwen3_06b,2026-07-04 08:07:11,confianza/ollama/12b_06b_np4/run_01/sweep.json,15,50221,468991,34614.13333333333,25080.466666666667,14.366666666666667,129.3,15,15
confianza,voz05,repeticiones emparejadas,ollama,ollama,12b_06b_np4,01,gemma4:12b,embed,docs_rag_qwen3_06b,2026-07-04 08:07:11,confianza/ollama/12b_06b_np4/run_01/sweep.json,20,64325,760735,41253,32085.15,11.03,127.1,20,20
confianza,voz05,repeticiones emparejadas,ollama,ollama,12b_06b_np4,01,gemma4:12b,embed,docs_rag_qwen3_06b,2026-07-04 08:07:11,confianza/ollama/12b_06b_np4/run_01/sweep.json,25,78349,1164117,49698.64,40878.76,8.556,122.3,25,25
confianza,voz05,repeticiones emparejadas,ollama,ollama,12b_06b_np4,05,gemma4:12b,embed,docs_rag_qwen3_06b,2026-07-04 08:25:15,confianza/ollama/12b_06b_np4/run_05/sweep.json,1,4755,-1,4754,3209,30.7,30.7,1,1
confianza,voz05,repeticiones emparejadas,ollama,ollama,12b_06b_np4,05,gemma4:12b,embed,docs_rag_qwen3_06b,2026-07-04 08:25:15,confianza/ollama/12b_06b_np4/run_05/sweep.json,5,14032,49467,12699.8,6727.4,19.06,87.7,5,5
confianza,voz05,repeticiones emparejadas,ollama,ollama,12b_06b_np4,05,gemma4:12b,embed,docs_rag_qwen3_06b,2026-07-04 08:25:15,confianza/ollama/12b_06b_np4/run_05/sweep.json,10,30458,197124,22758.2,14918.8,13.700000000000001,100.1,10,10
confianza,voz05,repeticiones emparejadas,ollama,ollama,12b_06b_np4,05,gemma4:12b,embed,docs_rag_qwen3_06b,2026-07-04 08:25:15,confianza/ollama/12b_06b_np4/run_05/sweep.json,15,43760,425903,31310.866666666665,23183.8,12.073333333333334,117.0,15,15
confianza,voz05,repeticiones emparejadas,ollama,ollama,12b_06b_np4,05,gemma4:12b,embed,docs_rag_qwen3_06b,2026-07-04 08:25:15,confianza/ollama/12b_06b_np4/run_05/sweep.json,20,65009,757667,41133.8,32639.1,9.075,107.2,20,20
confianza,voz05,repeticiones emparejadas,ollama,ollama,12b_06b_np4,05,gemma4:12b,embed,docs_rag_qwen3_06b,2026-07-04 08:25:15,confianza/ollama/12b_06b_np4/run_05/sweep.json,25,72387,1075292,45907.16,37737.08,7.584,110.4,25,25
confianza,voz05,repeticiones emparejadas,ollama,ollama,12b_06b_np4,07,gemma4:12b,embed,docs_rag_qwen3_06b,2026-07-04 08:33:57,confianza/ollama/12b_06b_np4/run_07/sweep.json,1,9644,-1,9643,2556,79.4,79.4,1,1
confianza,voz05,repeticiones emparejadas,ollama,ollama,12b_06b_np4,07,gemma4:12b,embed,docs_rag_qwen3_06b,2026-07-04 08:33:57,confianza/ollama/12b_06b_np4/run_07/sweep.json,5,17139,46346,12697,6228.4,23.7,100.4,5,5
confianza,voz05,repeticiones emparejadas,ollama,ollama,12b_06b_np4,07,gemma4:12b,embed,docs_rag_qwen3_06b,2026-07-04 08:33:57,confianza/ollama/12b_06b_np4/run_07/sweep.json,10,29764,190174,21993.8,14764.2,14.33,104.7,10,10
confianza,voz05,repeticiones emparejadas,ollama,ollama,12b_06b_np4,07,gemma4:12b,embed,docs_rag_qwen3_06b,2026-07-04 08:33:57,confianza/ollama/12b_06b_np4/run_07/sweep.json,15,45906,416661,30837.8,23163.866666666665,9.98,98.2,15,15
confianza,voz05,repeticiones emparejadas,ollama,ollama,12b_06b_np4,07,gemma4:12b,embed,docs_rag_qwen3_06b,2026-07-04 08:33:57,confianza/ollama/12b_06b_np4/run_07/sweep.json,20,67966,792739,43035.25,33425.1,9.645,112.3,20,20
confianza,voz05,repeticiones emparejadas,ollama,ollama,12b_06b_np4,07,gemma4:12b,embed,docs_rag_qwen3_06b,2026-07-04 08:33:57,confianza/ollama/12b_06b_np4/run_07/sweep.json,25,76884,1246490,52934.96,44124.04,7.884,113.7,25,25
confianza,voz05,repeticiones emparejadas,ollama,ollama,12b_06b_np4,06,gemma4:12b,embed,docs_rag_qwen3_06b,2026-07-04 08:29:38,confianza/ollama/12b_06b_np4/run_06/sweep.json,1,2949,0,2949,2616,6.1,6.1,1,1
confianza,voz05,repeticiones emparejadas,ollama,ollama,12b_06b_np4,06,gemma4:12b,embed,docs_rag_qwen3_06b,2026-07-04 08:29:38,confianza/ollama/12b_06b_np4/run_06/sweep.json,5,16123,51292,13483,6913.2,21.36,99.9,5,5
confianza,voz05,repeticiones emparejadas,ollama,ollama,12b_06b_np4,06,gemma4:12b,embed,docs_rag_qwen3_06b,2026-07-04 08:29:38,confianza/ollama/12b_06b_np4/run_06/sweep.json,10,30298,184858,21515.6,14369.4,13.14,98.3,10,10
confianza,voz05,repeticiones emparejadas,ollama,ollama,12b_06b_np4,06,gemma4:12b,embed,docs_rag_qwen3_06b,2026-07-04 08:29:38,confianza/ollama/12b_06b_np4/run_06/sweep.json,15,41775,401975,29583.333333333332,21951.266666666666,9.946666666666667,101.6,15,15
confianza,voz05,repeticiones emparejadas,ollama,ollama,12b_06b_np4,06,gemma4:12b,embed,docs_rag_qwen3_06b,2026-07-04 08:29:38,confianza/ollama/12b_06b_np4/run_06/sweep.json,20,61473,805620,43354.65,34967.35,8.165000000000001,101.8,20,20
confianza,voz05,repeticiones emparejadas,ollama,ollama,12b_06b_np4,06,gemma4:12b,embed,docs_rag_qwen3_06b,2026-07-04 08:29:38,confianza/ollama/12b_06b_np4/run_06/sweep.json,25,75097,1124899,47999.84,39785.44,7.188,102.8,25,25
confianza,voz05,repeticiones emparejadas,ollama,ollama,12b_06b_np4,10,gemma4:12b,embed,docs_rag_qwen3_06b,2026-07-04 08:47:21,confianza/ollama/12b_06b_np4/run_10/sweep.json,1,5754,-1,5753,3004,48.1,48.1,1,1
confianza,voz05,repeticiones emparejadas,ollama,ollama,12b_06b_np4,10,gemma4:12b,embed,docs_rag_qwen3_06b,2026-07-04 08:47:21,confianza/ollama/12b_06b_np4/run_10/sweep.json,5,12782,37786,10113.6,6100.2,18.16,81.1,5,5
confianza,voz05,repeticiones emparejadas,ollama,ollama,12b_06b_np4,10,gemma4:12b,embed,docs_rag_qwen3_06b,2026-07-04 08:47:21,confianza/ollama/12b_06b_np4/run_10/sweep.json,10,25646,163982,18962.8,12995.2,11.89,92.3,10,10
confianza,voz05,repeticiones emparejadas,ollama,ollama,12b_06b_np4,10,gemma4:12b,embed,docs_rag_qwen3_06b,2026-07-04 08:47:21,confianza/ollama/12b_06b_np4/run_10/sweep.json,15,45129,427712,31522.733333333334,23257.333333333332,11.653333333333332,113.5,15,15
confianza,voz05,repeticiones emparejadas,ollama,ollama,12b_06b_np4,10,gemma4:12b,embed,docs_rag_qwen3_06b,2026-07-04 08:47:21,confianza/ollama/12b_06b_np4/run_10/sweep.json,20,63848,768796,41632.2,32727.2,9.825,114.0,20,20
confianza,voz05,repeticiones emparejadas,ollama,ollama,12b_06b_np4,10,gemma4:12b,embed,docs_rag_qwen3_06b,2026-07-04 08:47:21,confianza/ollama/12b_06b_np4/run_10/sweep.json,25,78305,1197014,51012.76,41852.92,7.864,116.2,25,25
confianza,voz05,repeticiones emparejadas,ollama,ollama,12b_06b_np4,09,gemma4:12b,embed,docs_rag_qwen3_06b,2026-07-04 08:42:59,confianza/ollama/12b_06b_np4/run_09/sweep.json,1,7371,0,7371,3261,55.3,55.4,1,1
confianza,voz05,repeticiones emparejadas,ollama,ollama,12b_06b_np4,09,gemma4:12b,embed,docs_rag_qwen3_06b,2026-07-04 08:42:59,confianza/ollama/12b_06b_np4/run_09/sweep.json,5,15872,52801,13734.6,6980.6,21.78,100.1,5,5
confianza,voz05,repeticiones emparejadas,ollama,ollama,12b_06b_np4,09,gemma4:12b,embed,docs_rag_qwen3_06b,2026-07-04 08:42:59,confianza/ollama/12b_06b_np4/run_09/sweep.json,10,30489,204137,23462.6,15551.7,15.94,112.4,10,10
confianza,voz05,repeticiones emparejadas,ollama,ollama,12b_06b_np4,09,gemma4:12b,embed,docs_rag_qwen3_06b,2026-07-04 08:42:59,confianza/ollama/12b_06b_np4/run_09/sweep.json,15,44853,428936,31585.933333333334,23567.333333333332,10.766666666666666,106.6,15,15
confianza,voz05,repeticiones emparejadas,ollama,ollama,12b_06b_np4,09,gemma4:12b,embed,docs_rag_qwen3_06b,2026-07-04 08:42:59,confianza/ollama/12b_06b_np4/run_09/sweep.json,20,58967,726063,39251.5,31126.1,8.105,100.7,20,20
confianza,voz05,repeticiones emparejadas,ollama,ollama,12b_06b_np4,09,gemma4:12b,embed,docs_rag_qwen3_06b,2026-07-04 08:42:59,confianza/ollama/12b_06b_np4/run_09/sweep.json,25,74534,1124579,47964.52,39442.88,7.224,105.2,25,25
confianza,voz05,repeticiones emparejadas,ollama,ollama,12b_06b_np4,08,gemma4:12b,embed,docs_rag_qwen3_06b,2026-07-04 08:38:37,confianza/ollama/12b_06b_np4/run_08/sweep.json,1,6056,0,6056,3074,47.2,47.2,1,1
confianza,voz05,repeticiones emparejadas,ollama,ollama,12b_06b_np4,08,gemma4:12b,embed,docs_rag_qwen3_06b,2026-07-04 08:38:37,confianza/ollama/12b_06b_np4/run_08/sweep.json,5,13975,46134,12021.8,6663.8,21.66,95.5,5,5
confianza,voz05,repeticiones emparejadas,ollama,ollama,12b_06b_np4,08,gemma4:12b,embed,docs_rag_qwen3_06b,2026-07-04 08:38:37,confianza/ollama/12b_06b_np4/run_08/sweep.json,10,31372,186820,21819.2,14034.9,13.5,93.9,10,10
confianza,voz05,repeticiones emparejadas,ollama,ollama,12b_06b_np4,08,gemma4:12b,embed,docs_rag_qwen3_06b,2026-07-04 08:38:37,confianza/ollama/12b_06b_np4/run_08/sweep.json,15,46969,428769,31715.866666666665,23283.533333333333,10.926666666666666,102.6,15,15
confianza,voz05,repeticiones emparejadas,ollama,ollama,12b_06b_np4,08,gemma4:12b,embed,docs_rag_qwen3_06b,2026-07-04 08:38:37,confianza/ollama/12b_06b_np4/run_08/sweep.json,20,59372,719727,38954.95,31317.4,7.95,98.7,20,20
confianza,voz05,repeticiones emparejadas,ollama,ollama,12b_06b_np4,08,gemma4:12b,embed,docs_rag_qwen3_06b,2026-07-04 08:38:37,confianza/ollama/12b_06b_np4/run_08/sweep.json,25,74463,1142757,48688.8,40504.92,7.112,104.1,25,25
confianza,voz05,repeticiones emparejadas,ollama,ollama,12b_06b_np4,03,gemma4:12b,embed,docs_rag_qwen3_06b,2026-07-04 08:16:08,confianza/ollama/12b_06b_np4/run_03/sweep.json,1,6919,-1,6918,2773,63.7,63.7,1,1
confianza,voz05,repeticiones emparejadas,ollama,ollama,12b_06b_np4,03,gemma4:12b,embed,docs_rag_qwen3_06b,2026-07-04 08:16:08,confianza/ollama/12b_06b_np4/run_03/sweep.json,5,16830,56008,14567.6,6818,26.400000000000002,115.2,5,5
confianza,voz05,repeticiones emparejadas,ollama,ollama,12b_06b_np4,03,gemma4:12b,embed,docs_rag_qwen3_06b,2026-07-04 08:16:08,confianza/ollama/12b_06b_np4/run_03/sweep.json,10,33796,205483,23927.9,14683.4,18.62,123.4,10,10
confianza,voz05,repeticiones emparejadas,ollama,ollama,12b_06b_np4,03,gemma4:12b,embed,docs_rag_qwen3_06b,2026-07-04 08:16:08,confianza/ollama/12b_06b_np4/run_03/sweep.json,15,50309,472029,34822.53333333333,25514.6,12.746666666666666,122.0,15,15
confianza,voz05,repeticiones emparejadas,ollama,ollama,12b_06b_np4,03,gemma4:12b,embed,docs_rag_qwen3_06b,2026-07-04 08:16:08,confianza/ollama/12b_06b_np4/run_03/sweep.json,20,66489,805413,43595.1,33980,10.43,125.5,20,20
confianza,voz05,repeticiones emparejadas,ollama,ollama,12b_06b_np4,03,gemma4:12b,embed,docs_rag_qwen3_06b,2026-07-04 08:16:08,confianza/ollama/12b_06b_np4/run_03/sweep.json,25,79625,1194708,50973.32,41589.4,8.94,121.6,25,25
confianza,voz05,repeticiones emparejadas,ollama,ollama,12b_06b_np4,02,gemma4:12b,embed,docs_rag_qwen3_06b,2026-07-04 08:11:52,confianza/ollama/12b_06b_np4/run_02/sweep.json,1,3855,-1,3854,3024,15.3,15.3,1,1
confianza,voz05,repeticiones emparejadas,ollama,ollama,12b_06b_np4,02,gemma4:12b,embed,docs_rag_qwen3_06b,2026-07-04 08:11:52,confianza/ollama/12b_06b_np4/run_02/sweep.json,5,14538,44401,11787.8,6304.8,18.14,79.1,5,5
confianza,voz05,repeticiones emparejadas,ollama,ollama,12b_06b_np4,02,gemma4:12b,embed,docs_rag_qwen3_06b,2026-07-04 08:11:52,confianza/ollama/12b_06b_np4/run_02/sweep.json,10,29174,178645,20781.9,13479.4,14.96,108.7,10,10
confianza,voz05,repeticiones emparejadas,ollama,ollama,12b_06b_np4,02,gemma4:12b,embed,docs_rag_qwen3_06b,2026-07-04 08:11:52,confianza/ollama/12b_06b_np4/run_02/sweep.json,15,41554,417099,30576.866666666665,23234.2,11.36,109.0,15,15
confianza,voz05,repeticiones emparejadas,ollama,ollama,12b_06b_np4,02,gemma4:12b,embed,docs_rag_qwen3_06b,2026-07-04 08:11:52,confianza/ollama/12b_06b_np4/run_02/sweep.json,20,58756,719881,38931.85,31086.85,8.205,105.0,20,20
confianza,voz05,repeticiones emparejadas,ollama,ollama,12b_06b_np4,02,gemma4:12b,embed,docs_rag_qwen3_06b,2026-07-04 08:11:52,confianza/ollama/12b_06b_np4/run_02/sweep.json,25,75099,1108119,47328.72,39190.08,7.0920000000000005,102.5,25,25
confianza,voz05,repeticiones emparejadas,ollama,ollama,12b_4b_np4,04,gemma4:12b,embed,docs_rag_qwen3,2026-07-04 09:05:32,confianza/ollama/12b_4b_np4/run_04/sweep.json,1,4145,0,4145,3122,20.5,20.5,1,1
confianza,voz05,repeticiones emparejadas,ollama,ollama,12b_4b_np4,04,gemma4:12b,embed,docs_rag_qwen3,2026-07-04 09:05:32,confianza/ollama/12b_4b_np4/run_04/sweep.json,5,16658,43809,12093.4,5843.8,25.900000000000002,107.2,5,5
confianza,voz05,repeticiones emparejadas,ollama,ollama,12b_4b_np4,04,gemma4:12b,embed,docs_rag_qwen3,2026-07-04 09:05:32,confianza/ollama/12b_4b_np4/run_04/sweep.json,10,34803,193662,22846.5,14483.8,16.080000000000002,106.1,10,10
confianza,voz05,repeticiones emparejadas,ollama,ollama,12b_4b_np4,04,gemma4:12b,embed,docs_rag_qwen3,2026-07-04 09:05:32,confianza/ollama/12b_4b_np4/run_04/sweep.json,15,44343,406476,30054.6,22050.333333333332,10.66,108.4,15,15
confianza,voz05,repeticiones emparejadas,ollama,ollama,12b_4b_np4,04,gemma4:12b,embed,docs_rag_qwen3,2026-07-04 09:05:32,confianza/ollama/12b_4b_np4/run_04/sweep.json,20,57405,709558,38348.15,30324.3,9.06,113.4,20,20
confianza,voz05,repeticiones emparejadas,ollama,ollama,12b_4b_np4,04,gemma4:12b,embed,docs_rag_qwen3,2026-07-04 09:05:32,confianza/ollama/12b_4b_np4/run_04/sweep.json,25,70240,1130994,48049.36,40287.04,7.46,106.7,25,25
confianza,voz05,repeticiones emparejadas,ollama,ollama,12b_4b_np4,01,gemma4:12b,embed,docs_rag_qwen3,2026-07-04 08:51:43,confianza/ollama/12b_4b_np4/run_01/sweep.json,1,4806,0,4806,2503,53.3,53.3,1,1
confianza,voz05,repeticiones emparejadas,ollama,ollama,12b_4b_np4,01,gemma4:12b,embed,docs_rag_qwen3,2026-07-04 08:51:43,confianza/ollama/12b_4b_np4/run_01/sweep.json,5,16937,51719,13731.2,6237,20.66,87.4,5,5
confianza,voz05,repeticiones emparejadas,ollama,ollama,12b_4b_np4,01,gemma4:12b,embed,docs_rag_qwen3,2026-07-04 08:51:43,confianza/ollama/12b_4b_np4/run_01/sweep.json,10,33622,199057,23267.9,14822.9,18.4,122.1,10,10
confianza,voz05,repeticiones emparejadas,ollama,ollama,12b_4b_np4,01,gemma4:12b,embed,docs_rag_qwen3,2026-07-04 08:51:43,confianza/ollama/12b_4b_np4/run_01/sweep.json,15,49553,451160,33380.86666666667,24205.333333333332,13.66,124.3,15,15
confianza,voz05,repeticiones emparejadas,ollama,ollama,12b_4b_np4,01,gemma4:12b,embed,docs_rag_qwen3,2026-07-04 08:51:43,confianza/ollama/12b_4b_np4/run_01/sweep.json,20,69708,810428,44006.8,33816.4,11.315,126.7,20,20
confianza,voz05,repeticiones emparejadas,ollama,ollama,12b_4b_np4,01,gemma4:12b,embed,docs_rag_qwen3,2026-07-04 08:51:43,confianza/ollama/12b_4b_np4/run_01/sweep.json,25,79570,1250016,53183.44,43950.28,8.212,121.3,25,25
confianza,voz05,repeticiones emparejadas,ollama,ollama,12b_4b_np4,05,gemma4:12b,embed,docs_rag_qwen3,2026-07-04 09:09:51,confianza/ollama/12b_4b_np4/run_05/sweep.json,1,4756,0,4756,3347,25.2,25.2,1,1
confianza,voz05,repeticiones emparejadas,ollama,ollama,12b_4b_np4,05,gemma4:12b,embed,docs_rag_qwen3,2026-07-04 09:09:51,confianza/ollama/12b_4b_np4/run_05/sweep.json,5,12900,42986,11177.2,6508.2,20.419999999999998,91.0,5,5
confianza,voz05,repeticiones emparejadas,ollama,ollama,12b_4b_np4,05,gemma4:12b,embed,docs_rag_qwen3,2026-07-04 09:09:51,confianza/ollama/12b_4b_np4/run_05/sweep.json,10,30947,184650,21559.7,14204.7,13.15,91.2,10,10
confianza,voz05,repeticiones emparejadas,ollama,ollama,12b_4b_np4,05,gemma4:12b,embed,docs_rag_qwen3,2026-07-04 09:09:51,confianza/ollama/12b_4b_np4/run_05/sweep.json,15,48007,432754,32050.733333333334,23365.866666666665,11.5,110.8,15,15
confianza,voz05,repeticiones emparejadas,ollama,ollama,12b_4b_np4,05,gemma4:12b,embed,docs_rag_qwen3,2026-07-04 09:09:51,confianza/ollama/12b_4b_np4/run_05/sweep.json,20,67193,777271,42223.2,33048.9,9.065,105.7,20,20
confianza,voz05,repeticiones emparejadas,ollama,ollama,12b_4b_np4,05,gemma4:12b,embed,docs_rag_qwen3,2026-07-04 09:09:51,confianza/ollama/12b_4b_np4/run_05/sweep.json,25,78582,1189384,50718.64,41827.68,7.728,113.2,25,25
confianza,voz05,repeticiones emparejadas,ollama,ollama,12b_4b_np4,07,gemma4:12b,embed,docs_rag_qwen3,2026-07-04 09:18:58,confianza/ollama/12b_4b_np4/run_07/sweep.json,1,8807,0,8807,2306,79.4,79.4,1,1
confianza,voz05,repeticiones emparejadas,ollama,ollama,12b_4b_np4,07,gemma4:12b,embed,docs_rag_qwen3,2026-07-04 09:18:58,confianza/ollama/12b_4b_np4/run_07/sweep.json,5,15537,46168,12341,6247.8,25.18,112.1,5,5
confianza,voz05,repeticiones emparejadas,ollama,ollama,12b_4b_np4,07,gemma4:12b,embed,docs_rag_qwen3,2026-07-04 09:18:58,confianza/ollama/12b_4b_np4/run_07/sweep.json,10,31009,205616,23662.5,15622,14.96,110.6,10,10
confianza,voz05,repeticiones emparejadas,ollama,ollama,12b_4b_np4,07,gemma4:12b,embed,docs_rag_qwen3,2026-07-04 09:18:58,confianza/ollama/12b_4b_np4/run_07/sweep.json,15,50075,467934,34533.933333333334,25353.6,11.353333333333333,109.2,15,15
confianza,voz05,repeticiones emparejadas,ollama,ollama,12b_4b_np4,07,gemma4:12b,embed,docs_rag_qwen3,2026-07-04 09:18:58,confianza/ollama/12b_4b_np4/run_07/sweep.json,20,63634,811711,43767.25,34951.2,8.935,110.6,20,20
confianza,voz05,repeticiones emparejadas,ollama,ollama,12b_4b_np4,07,gemma4:12b,embed,docs_rag_qwen3,2026-07-04 09:18:58,confianza/ollama/12b_4b_np4/run_07/sweep.json,25,73531,1168537,49682.72,41481.24,7.252,106.7,25,25
confianza,voz05,repeticiones emparejadas,ollama,ollama,12b_4b_np4,06,gemma4:12b,embed,docs_rag_qwen3,2026-07-04 09:14:25,confianza/ollama/12b_4b_np4/run_06/sweep.json,1,3427,0,3427,2453,26.6,26.6,1,1
confianza,voz05,repeticiones emparejadas,ollama,ollama,12b_4b_np4,06,gemma4:12b,embed,docs_rag_qwen3,2026-07-04 09:14:25,confianza/ollama/12b_4b_np4/run_06/sweep.json,5,17568,49611,13435.8,6243.2,22.08,95.0,5,5
confianza,voz05,repeticiones emparejadas,ollama,ollama,12b_4b_np4,06,gemma4:12b,embed,docs_rag_qwen3,2026-07-04 09:14:25,confianza/ollama/12b_4b_np4/run_06/sweep.json,10,31950,196391,22834.1,14730.6,12.68,95.6,10,10
confianza,voz05,repeticiones emparejadas,ollama,ollama,12b_4b_np4,06,gemma4:12b,embed,docs_rag_qwen3,2026-07-04 09:14:25,confianza/ollama/12b_4b_np4/run_06/sweep.json,15,49518,405958,30365.066666666666,22233.4,10.213333333333333,95.6,15,15
confianza,voz05,repeticiones emparejadas,ollama,ollama,12b_4b_np4,06,gemma4:12b,embed,docs_rag_qwen3,2026-07-04 09:14:25,confianza/ollama/12b_4b_np4/run_06/sweep.json,20,61673,793870,42777.15,34412.9,8.065,101.3,20,20
confianza,voz05,repeticiones emparejadas,ollama,ollama,12b_4b_np4,06,gemma4:12b,embed,docs_rag_qwen3,2026-07-04 09:14:25,confianza/ollama/12b_4b_np4/run_06/sweep.json,25,77859,1199724,51103.32,42403.32,7.156,105.4,25,25
confianza,voz05,repeticiones emparejadas,ollama,ollama,12b_4b_np4,10,gemma4:12b,embed,docs_rag_qwen3,2026-07-04 09:32:02,confianza/ollama/12b_4b_np4/run_10/sweep.json,1,5844,0,5844,3333,42.1,42.1,1,1
confianza,voz05,repeticiones emparejadas,ollama,ollama,12b_4b_np4,10,gemma4:12b,embed,docs_rag_qwen3,2026-07-04 09:32:02,confianza/ollama/12b_4b_np4/run_10/sweep.json,5,13274,37575,10169.8,6094,16.08,67.4,5,5
confianza,voz05,repeticiones emparejadas,ollama,ollama,12b_4b_np4,10,gemma4:12b,embed,docs_rag_qwen3,2026-07-04 09:32:02,confianza/ollama/12b_4b_np4/run_10/sweep.json,10,27204,175343,20254.7,14487.6,11.39,84.5,10,10
confianza,voz05,repeticiones emparejadas,ollama,ollama,12b_4b_np4,10,gemma4:12b,embed,docs_rag_qwen3,2026-07-04 09:32:02,confianza/ollama/12b_4b_np4/run_10/sweep.json,15,44134,406464,30039.866666666665,21947.133333333335,11.04,109.9,15,15
confianza,voz05,repeticiones emparejadas,ollama,ollama,12b_4b_np4,10,gemma4:12b,embed,docs_rag_qwen3,2026-07-04 09:32:02,confianza/ollama/12b_4b_np4/run_10/sweep.json,20,63130,758153,41064.15,32285.45,9.27,110.6,20,20
confianza,voz05,repeticiones emparejadas,ollama,ollama,12b_4b_np4,10,gemma4:12b,embed,docs_rag_qwen3,2026-07-04 09:32:02,confianza/ollama/12b_4b_np4/run_10/sweep.json,25,77698,1184240,50477.52,41623.68,7.712,109.0,25,25
confianza,voz05,repeticiones emparejadas,ollama,ollama,12b_4b_np4,09,gemma4:12b,embed,docs_rag_qwen3,2026-07-04 09:27:45,confianza/ollama/12b_4b_np4/run_09/sweep.json,1,7314,0,7314,3290,54.8,54.8,1,1
confianza,voz05,repeticiones emparejadas,ollama,ollama,12b_4b_np4,09,gemma4:12b,embed,docs_rag_qwen3,2026-07-04 09:27:45,confianza/ollama/12b_4b_np4/run_09/sweep.json,5,15598,56665,14452.6,7840.6,21.98,102.2,5,5
confianza,voz05,repeticiones emparejadas,ollama,ollama,12b_4b_np4,09,gemma4:12b,embed,docs_rag_qwen3,2026-07-04 09:27:45,confianza/ollama/12b_4b_np4/run_09/sweep.json,10,26556,168774,19533,12810.3,15.02,110.6,10,10
confianza,voz05,repeticiones emparejadas,ollama,ollama,12b_4b_np4,09,gemma4:12b,embed,docs_rag_qwen3,2026-07-04 09:27:45,confianza/ollama/12b_4b_np4/run_09/sweep.json,15,42548,388167,28714.333333333332,20992.933333333334,9.986666666666666,100.3,15,15
confianza,voz05,repeticiones emparejadas,ollama,ollama,12b_4b_np4,09,gemma4:12b,embed,docs_rag_qwen3,2026-07-04 09:27:45,confianza/ollama/12b_4b_np4/run_09/sweep.json,20,58522,733463,39599.25,31705.95,8.17,100.5,20,20
confianza,voz05,repeticiones emparejadas,ollama,ollama,12b_4b_np4,09,gemma4:12b,embed,docs_rag_qwen3,2026-07-04 09:27:45,confianza/ollama/12b_4b_np4/run_09/sweep.json,25,74362,1152082,49057.76,40642.88,6.944,105.6,25,25
confianza,voz05,repeticiones emparejadas,ollama,ollama,12b_4b_np4,08,gemma4:12b,embed,docs_rag_qwen3,2026-07-04 09:23:32,confianza/ollama/12b_4b_np4/run_08/sweep.json,1,6093,-1,6092,3150,46.0,46.0,1,1
confianza,voz05,repeticiones emparejadas,ollama,ollama,12b_4b_np4,08,gemma4:12b,embed,docs_rag_qwen3,2026-07-04 09:23:32,confianza/ollama/12b_4b_np4/run_08/sweep.json,5,16269,47952,12844.2,6791.2,24.32,99.0,5,5
confianza,voz05,repeticiones emparejadas,ollama,ollama,12b_4b_np4,08,gemma4:12b,embed,docs_rag_qwen3,2026-07-04 09:23:32,confianza/ollama/12b_4b_np4/run_08/sweep.json,10,27455,175161,20261.6,13707.1,13.98,96.5,10,10
confianza,voz05,repeticiones emparejadas,ollama,ollama,12b_4b_np4,08,gemma4:12b,embed,docs_rag_qwen3,2026-07-04 09:23:32,confianza/ollama/12b_4b_np4/run_08/sweep.json,15,47824,417540,31024.266666666666,22896.733333333334,10.513333333333334,96.2,15,15
confianza,voz05,repeticiones emparejadas,ollama,ollama,12b_4b_np4,08,gemma4:12b,embed,docs_rag_qwen3,2026-07-04 09:23:32,confianza/ollama/12b_4b_np4/run_08/sweep.json,20,54024,688825,37142.45,29798.65,8.05,100.0,20,20
confianza,voz05,repeticiones emparejadas,ollama,ollama,12b_4b_np4,08,gemma4:12b,embed,docs_rag_qwen3,2026-07-04 09:23:32,confianza/ollama/12b_4b_np4/run_08/sweep.json,25,69809,1103580,46935.56,39219.04,6.884,101.2,25,25
confianza,voz05,repeticiones emparejadas,ollama,ollama,12b_4b_np4,03,gemma4:12b,embed,docs_rag_qwen3,2026-07-04 09:00:37,confianza/ollama/12b_4b_np4/run_03/sweep.json,1,6358,-1,6357,2834,58.5,58.5,1,1
confianza,voz05,repeticiones emparejadas,ollama,ollama,12b_4b_np4,03,gemma4:12b,embed,docs_rag_qwen3,2026-07-04 09:00:37,confianza/ollama/12b_4b_np4/run_03/sweep.json,5,16865,52167,13806.4,6483.8,27.7,114.6,5,5
confianza,voz05,repeticiones emparejadas,ollama,ollama,12b_4b_np4,03,gemma4:12b,embed,docs_rag_qwen3,2026-07-04 09:00:37,confianza/ollama/12b_4b_np4/run_03/sweep.json,10,36820,217058,25387.8,15886.8,17.75,113.7,10,10
confianza,voz05,repeticiones emparejadas,ollama,ollama,12b_4b_np4,03,gemma4:12b,embed,docs_rag_qwen3,2026-07-04 09:00:37,confianza/ollama/12b_4b_np4/run_03/sweep.json,15,50970,455063,33735.53333333333,24287.4,13.1,118.8,15,15
confianza,voz05,repeticiones emparejadas,ollama,ollama,12b_4b_np4,03,gemma4:12b,embed,docs_rag_qwen3,2026-07-04 09:00:37,confianza/ollama/12b_4b_np4/run_03/sweep.json,20,67501,780811,42415.6,33010.45,9.8,114.2,20,20
confianza,voz05,repeticiones emparejadas,ollama,ollama,12b_4b_np4,03,gemma4:12b,embed,docs_rag_qwen3,2026-07-04 09:00:37,confianza/ollama/12b_4b_np4/run_03/sweep.json,25,85478,1250550,53441.12,43549.24,8.552,119.7,25,25
confianza,voz05,repeticiones emparejadas,ollama,ollama,12b_4b_np4,02,gemma4:12b,embed,docs_rag_qwen3,2026-07-04 08:56:28,confianza/ollama/12b_4b_np4/run_02/sweep.json,1,4238,-1,4237,3311,15.3,15.3,1,1
confianza,voz05,repeticiones emparejadas,ollama,ollama,12b_4b_np4,02,gemma4:12b,embed,docs_rag_qwen3,2026-07-04 08:56:28,confianza/ollama/12b_4b_np4/run_02/sweep.json,5,14796,51370,13233.2,7384,22.939999999999998,104.4,5,5
confianza,voz05,repeticiones emparejadas,ollama,ollama,12b_4b_np4,02,gemma4:12b,embed,docs_rag_qwen3,2026-07-04 08:56:28,confianza/ollama/12b_4b_np4/run_02/sweep.json,10,27098,181459,20855.7,14071.2,13.209999999999999,96.1,10,10
confianza,voz05,repeticiones emparejadas,ollama,ollama,12b_4b_np4,02,gemma4:12b,embed,docs_rag_qwen3,2026-07-04 08:56:28,confianza/ollama/12b_4b_np4/run_02/sweep.json,15,40849,377536,27892.333333333332,20830.466666666667,10.9,106.8,15,15
confianza,voz05,repeticiones emparejadas,ollama,ollama,12b_4b_np4,02,gemma4:12b,embed,docs_rag_qwen3,2026-07-04 08:56:28,confianza/ollama/12b_4b_np4/run_02/sweep.json,20,59996,733493,39674.45,31372.6,9.23,113.7,20,20
confianza,voz05,repeticiones emparejadas,ollama,ollama,12b_4b_np4,02,gemma4:12b,embed,docs_rag_qwen3,2026-07-04 08:56:28,confianza/ollama/12b_4b_np4/run_02/sweep.json,25,70274,1077230,45900.16,38066.4,7.212,106.9,25,25
confianza,voz05,repeticiones emparejadas,ollama,ollama,26b_4b_np1,04,gemma4:26b,embed,docs_rag_qwen3,2026-07-04 11:03:30,confianza/ollama/26b_4b_np1/run_04/sweep.json,1,3316,0,3316,2527,31.4,31.4,1,1
confianza,voz05,repeticiones emparejadas,ollama,ollama,26b_4b_np1,04,gemma4:26b,embed,docs_rag_qwen3,2026-07-04 11:03:30,confianza/ollama/26b_4b_np1/run_04/sweep.json,5,14669,32789,9491.6,7532,38.36,114.9,5,5
confianza,voz05,repeticiones emparejadas,ollama,ollama,26b_4b_np1,04,gemma4:26b,embed,docs_rag_qwen3,2026-07-04 11:03:30,confianza/ollama/26b_4b_np1/run_04/sweep.json,10,182064,174336,35640,17119.333333333332,20.83,18.5,10,10
confianza,voz05,repeticiones emparejadas,ollama,ollama,26b_4b_np1,04,gemma4:26b,embed,docs_rag_qwen3,2026-07-04 11:03:30,confianza/ollama/26b_4b_np1/run_04/sweep.json,15,184579,372658,37149.13333333333,24667.071428571428,12.946666666666667,23.6,15,15
confianza,voz05,repeticiones emparejadas,ollama,ollama,26b_4b_np1,04,gemma4:26b,embed,docs_rag_qwen3,2026-07-04 11:03:30,confianza/ollama/26b_4b_np1/run_04/sweep.json,20,184675,693291,43898.3,34414.57894736842,10.73,34.4,20,20
confianza,voz05,repeticiones emparejadas,ollama,ollama,26b_4b_np1,04,gemma4:26b,embed,docs_rag_qwen3,2026-07-04 11:03:30,confianza/ollama/26b_4b_np1/run_04/sweep.json,25,69306,945069,40575,38496.8,8.408,109.2,25,25
confianza,voz05,repeticiones emparejadas,ollama,ollama,26b_4b_np1,01,gemma4:26b,embed,docs_rag_qwen3,2026-07-04 10:39:11,confianza/ollama/26b_4b_np1/run_01/sweep.json,1,4722,0,4722,2291,92.6,92.5,1,1
confianza,voz05,repeticiones emparejadas,ollama,ollama,26b_4b_np1,01,gemma4:26b,embed,docs_rag_qwen3,2026-07-04 10:39:11,confianza/ollama/26b_4b_np1/run_01/sweep.json,5,16908,45388,12459.2,10124,36.78,114.9,5,5
confianza,voz05,repeticiones emparejadas,ollama,ollama,26b_4b_np1,01,gemma4:26b,embed,docs_rag_qwen3,2026-07-04 10:39:11,confianza/ollama/26b_4b_np1/run_01/sweep.json,10,32640,184156,21679.6,19293.9,23.24,125.0,10,10
confianza,voz05,repeticiones emparejadas,ollama,ollama,26b_4b_np1,01,gemma4:26b,embed,docs_rag_qwen3,2026-07-04 10:39:11,confianza/ollama/26b_4b_np1/run_01/sweep.json,15,50394,381912,28820.4,26347.6,16.84,126.4,15,15
confianza,voz05,repeticiones emparejadas,ollama,ollama,26b_4b_np1,01,gemma4:26b,embed,docs_rag_qwen3,2026-07-04 10:39:11,confianza/ollama/26b_4b_np1/run_01/sweep.json,20,70345,818154,44424.95,41788.9,13.17,125.8,20,20
confianza,voz05,repeticiones emparejadas,ollama,ollama,26b_4b_np1,01,gemma4:26b,embed,docs_rag_qwen3,2026-07-04 10:39:11,confianza/ollama/26b_4b_np1/run_01/sweep.json,25,80069,1136053,48644.88,46390.24,9.424,115.8,25,25
confianza,voz05,repeticiones emparejadas,ollama,ollama,26b_4b_np1,05,gemma4:26b,embed,docs_rag_qwen3,2026-07-04 11:14:41,confianza/ollama/26b_4b_np1/run_05/sweep.json,1,3472,0,3472,2574,31.1,31.1,1,1
confianza,voz05,repeticiones emparejadas,ollama,ollama,26b_4b_np1,05,gemma4:26b,embed,docs_rag_qwen3,2026-07-04 11:14:41,confianza/ollama/26b_4b_np1/run_05/sweep.json,5,13306,35356,9732.4,8038.4,30.06,97.8,5,5
confianza,voz05,repeticiones emparejadas,ollama,ollama,26b_4b_np1,05,gemma4:26b,embed,docs_rag_qwen3,2026-07-04 11:14:41,confianza/ollama/26b_4b_np1/run_05/sweep.json,10,26362,141266,16762.8,15014.7,17.74,103.3,10,10
confianza,voz05,repeticiones emparejadas,ollama,ollama,26b_4b_np1,05,gemma4:26b,embed,docs_rag_qwen3,2026-07-04 11:14:41,confianza/ollama/26b_4b_np1/run_05/sweep.json,15,45750,411755,30500.333333333332,28331.6,14.706666666666667,116.1,15,15
confianza,voz05,repeticiones emparejadas,ollama,ollama,26b_4b_np1,05,gemma4:26b,embed,docs_rag_qwen3,2026-07-04 11:14:41,confianza/ollama/26b_4b_np1/run_05/sweep.json,20,61556,715022,38828.9,36665.25,11.36,113.5,20,20
confianza,voz05,repeticiones emparejadas,ollama,ollama,26b_4b_np1,05,gemma4:26b,embed,docs_rag_qwen3,2026-07-04 11:14:41,confianza/ollama/26b_4b_np1/run_05/sweep.json,25,72404,1080500,46116.16,44175.4,8.464,107.4,25,25
confianza,voz05,repeticiones emparejadas,ollama,ollama,26b_4b_np1,07,gemma4:26b,embed,docs_rag_qwen3,2026-07-04 11:23:00,confianza/ollama/26b_4b_np1/run_07/sweep.json,1,5198,0,5198,2206,103.1,103.1,1,1
confianza,voz05,repeticiones emparejadas,ollama,ollama,26b_4b_np1,07,gemma4:26b,embed,docs_rag_qwen3,2026-07-04 11:23:00,confianza/ollama/26b_4b_np1/run_07/sweep.json,5,16234,41105,11467.8,9228.6,36.36,114.1,5,5
confianza,voz05,repeticiones emparejadas,ollama,ollama,26b_4b_np1,07,gemma4:26b,embed,docs_rag_qwen3,2026-07-04 11:23:00,confianza/ollama/26b_4b_np1/run_07/sweep.json,10,28746,143190,17193.6,15236.2,19.89,110.0,10,10
confianza,voz05,repeticiones emparejadas,ollama,ollama,26b_4b_np1,07,gemma4:26b,embed,docs_rag_qwen3,2026-07-04 11:23:00,confianza/ollama/26b_4b_np1/run_07/sweep.json,15,43805,386116,28661.4,26623.333333333332,13.913333333333334,110.4,15,15
confianza,voz05,repeticiones emparejadas,ollama,ollama,26b_4b_np1,07,gemma4:26b,embed,docs_rag_qwen3,2026-07-04 11:23:00,confianza/ollama/26b_4b_np1/run_07/sweep.json,20,57901,642868,35038.45,33066.8,10.290000000000001,107.6,20,20
confianza,voz05,repeticiones emparejadas,ollama,ollama,26b_4b_np1,07,gemma4:26b,embed,docs_rag_qwen3,2026-07-04 11:23:00,confianza/ollama/26b_4b_np1/run_07/sweep.json,25,71611,979009,42024.8,40054.52,8.324,107.6,25,25
confianza,voz05,repeticiones emparejadas,ollama,ollama,26b_4b_np1,06,gemma4:26b,embed,docs_rag_qwen3,2026-07-04 11:18:56,confianza/ollama/26b_4b_np1/run_06/sweep.json,1,2574,0,2574,2047,26.8,26.8,1,1
confianza,voz05,repeticiones emparejadas,ollama,ollama,26b_4b_np1,06,gemma4:26b,embed,docs_rag_qwen3,2026-07-04 11:18:56,confianza/ollama/26b_4b_np1/run_06/sweep.json,5,15478,36394,10374.4,8318.2,31.96,99.9,5,5
confianza,voz05,repeticiones emparejadas,ollama,ollama,26b_4b_np1,06,gemma4:26b,embed,docs_rag_qwen3,2026-07-04 11:18:56,confianza/ollama/26b_4b_np1/run_06/sweep.json,10,26976,149110,17608.6,15880.9,17.69,97.2,10,10
confianza,voz05,repeticiones emparejadas,ollama,ollama,26b_4b_np1,06,gemma4:26b,embed,docs_rag_qwen3,2026-07-04 11:18:56,confianza/ollama/26b_4b_np1/run_06/sweep.json,15,39048,304240,22885.866666666665,21113.2,12.293333333333333,104.4,15,15
confianza,voz05,repeticiones emparejadas,ollama,ollama,26b_4b_np1,06,gemma4:26b,embed,docs_rag_qwen3,2026-07-04 11:18:56,confianza/ollama/26b_4b_np1/run_06/sweep.json,20,57798,638688,34824.3,32844.4,10.41,107.0,20,20
confianza,voz05,repeticiones emparejadas,ollama,ollama,26b_4b_np1,06,gemma4:26b,embed,docs_rag_qwen3,2026-07-04 11:18:56,confianza/ollama/26b_4b_np1/run_06/sweep.json,25,70279,1001705,42879.36,41001.56,8.008,102.5,25,25
confianza,voz05,repeticiones emparejadas,ollama,ollama,26b_4b_np1,10,gemma4:26b,embed,docs_rag_qwen3,2026-07-04 11:37:41,confianza/ollama/26b_4b_np1/run_10/sweep.json,1,4501,0,4501,2789,61.5,61.5,1,1
confianza,voz05,repeticiones emparejadas,ollama,ollama,26b_4b_np1,10,gemma4:26b,embed,docs_rag_qwen3,2026-07-04 11:37:41,confianza/ollama/26b_4b_np1/run_10/sweep.json,5,12280,30207,8497.4,7059,27.9,94.1,5,5
confianza,voz05,repeticiones emparejadas,ollama,ollama,26b_4b_np1,10,gemma4:26b,embed,docs_rag_qwen3,2026-07-04 11:37:41,confianza/ollama/26b_4b_np1/run_10/sweep.json,10,25060,131581,15664.1,14102.7,15.89,94.8,10,10
confianza,voz05,repeticiones emparejadas,ollama,ollama,26b_4b_np1,10,gemma4:26b,embed,docs_rag_qwen3,2026-07-04 11:37:41,confianza/ollama/26b_4b_np1/run_10/sweep.json,15,39206,335360,24971.066666666666,23152.133333333335,13.34,110.5,15,15
confianza,voz05,repeticiones emparejadas,ollama,ollama,26b_4b_np1,10,gemma4:26b,embed,docs_rag_qwen3,2026-07-04 11:37:41,confianza/ollama/26b_4b_np1/run_10/sweep.json,20,55744,657231,35648.75,33727.55,10.48,108.4,20,20
confianza,voz05,repeticiones emparejadas,ollama,ollama,26b_4b_np1,10,gemma4:26b,embed,docs_rag_qwen3,2026-07-04 11:37:41,confianza/ollama/26b_4b_np1/run_10/sweep.json,25,78238,1154424,49306.48,47114,8.788,110.7,25,25
confianza,voz05,repeticiones emparejadas,ollama,ollama,26b_4b_np1,09,gemma4:26b,embed,docs_rag_qwen3,2026-07-04 11:31:27,confianza/ollama/26b_4b_np1/run_09/sweep.json,1,5381,0,5381,2631,82.7,82.7,1,1
confianza,voz05,repeticiones emparejadas,ollama,ollama,26b_4b_np1,09,gemma4:26b,embed,docs_rag_qwen3,2026-07-04 11:31:27,confianza/ollama/26b_4b_np1/run_09/sweep.json,5,15391,36223,10322.8,8392.8,32.2,99.7,5,5
confianza,voz05,repeticiones emparejadas,ollama,ollama,26b_4b_np1,09,gemma4:26b,embed,docs_rag_qwen3,2026-07-04 11:31:27,confianza/ollama/26b_4b_np1/run_09/sweep.json,10,28662,156395,18505.7,16461,20.41,116.6,10,10
confianza,voz05,repeticiones emparejadas,ollama,ollama,26b_4b_np1,09,gemma4:26b,embed,docs_rag_qwen3,2026-07-04 11:31:27,confianza/ollama/26b_4b_np1/run_09/sweep.json,15,40413,345601,25734.266666666666,23913.866666666665,12.7,106.8,15,15
confianza,voz05,repeticiones emparejadas,ollama,ollama,26b_4b_np1,09,gemma4:26b,embed,docs_rag_qwen3,2026-07-04 11:31:27,confianza/ollama/26b_4b_np1/run_09/sweep.json,20,181829,683221,43252.5,33967.36842105263,10.475,32.9,20,20
confianza,voz05,repeticiones emparejadas,ollama,ollama,26b_4b_np1,09,gemma4:26b,embed,docs_rag_qwen3,2026-07-04 11:31:27,confianza/ollama/26b_4b_np1/run_09/sweep.json,25,70055,988240,42331.8,40454.28,7.92,104.8,25,25
confianza,voz05,repeticiones emparejadas,ollama,ollama,26b_4b_np1,08,gemma4:26b,embed,docs_rag_qwen3,2026-07-04 11:27:16,confianza/ollama/26b_4b_np1/run_08/sweep.json,1,4766,0,4766,2606,70.3,70.3,1,1
confianza,voz05,repeticiones emparejadas,ollama,ollama,26b_4b_np1,08,gemma4:26b,embed,docs_rag_qwen3,2026-07-04 11:27:16,confianza/ollama/26b_4b_np1/run_08/sweep.json,5,13801,31350,9030.2,7331.6,32.4,98.8,5,5
confianza,voz05,repeticiones emparejadas,ollama,ollama,26b_4b_np1,08,gemma4:26b,embed,docs_rag_qwen3,2026-07-04 11:27:16,confianza/ollama/26b_4b_np1/run_08/sweep.json,10,28797,133204,16200.1,14208.2,19.74,111.8,10,10
confianza,voz05,repeticiones emparejadas,ollama,ollama,26b_4b_np1,08,gemma4:26b,embed,docs_rag_qwen3,2026-07-04 11:27:16,confianza/ollama/26b_4b_np1/run_08/sweep.json,15,41626,355978,26506.933333333334,24588.8,13.793333333333333,109.3,15,15
confianza,voz05,repeticiones emparejadas,ollama,ollama,26b_4b_np1,08,gemma4:26b,embed,docs_rag_qwen3,2026-07-04 11:27:16,confianza/ollama/26b_4b_np1/run_08/sweep.json,20,54312,617803,33605.75,31822.9,9.775,104.3,20,20
confianza,voz05,repeticiones emparejadas,ollama,ollama,26b_4b_np1,08,gemma4:26b,embed,docs_rag_qwen3,2026-07-04 11:27:16,confianza/ollama/26b_4b_np1/run_08/sweep.json,25,75791,987859,42546,40709.28,8.38,96.1,25,25
confianza,voz05,repeticiones emparejadas,ollama,ollama,26b_4b_np1,03,gemma4:26b,embed,docs_rag_qwen3,2026-07-04 10:49:59,confianza/ollama/26b_4b_np1/run_03/sweep.json,1,982,0,982,981,38.7,38.7,1,1
confianza,voz05,repeticiones emparejadas,ollama,ollama,26b_4b_np1,03,gemma4:26b,embed,docs_rag_qwen3,2026-07-04 10:49:59,confianza/ollama/26b_4b_np1/run_03/sweep.json,5,14321,32460,9356.2,7343.2,38.4,116.0,5,5
confianza,voz05,repeticiones emparejadas,ollama,ollama,26b_4b_np1,03,gemma4:26b,embed,docs_rag_qwen3,2026-07-04 10:49:59,confianza/ollama/26b_4b_np1/run_03/sweep.json,10,184447,320400,50484.7,15053.75,18.61,14.8,10,10
confianza,voz05,repeticiones emparejadas,ollama,ollama,26b_4b_np1,03,gemma4:26b,embed,docs_rag_qwen3,2026-07-04 10:49:59,confianza/ollama/26b_4b_np1/run_03/sweep.json,15,186727,500880,45840.46666666667,22237.076923076922,13.853333333333333,23.9,15,15
confianza,voz05,repeticiones emparejadas,ollama,ollama,26b_4b_np1,03,gemma4:26b,embed,docs_rag_qwen3,2026-07-04 10:49:59,confianza/ollama/26b_4b_np1/run_03/sweep.json,20,185760,679801,43278.05,33575.47368421053,11.46,36.5,20,20
confianza,voz05,repeticiones emparejadas,ollama,ollama,26b_4b_np1,03,gemma4:26b,embed,docs_rag_qwen3,2026-07-04 10:49:59,confianza/ollama/26b_4b_np1/run_03/sweep.json,25,185614,1014725,48013.56,40096.625,9.664,45.8,25,25
confianza,voz05,repeticiones emparejadas,ollama,ollama,26b_4b_np1,02,gemma4:26b,embed,docs_rag_qwen3,2026-07-04 10:43:58,confianza/ollama/26b_4b_np1/run_02/sweep.json,1,3241,0,3241,2621,17.6,17.6,1,1
confianza,voz05,repeticiones emparejadas,ollama,ollama,26b_4b_np1,02,gemma4:26b,embed,docs_rag_qwen3,2026-07-04 10:43:58,confianza/ollama/26b_4b_np1/run_02/sweep.json,5,11680,28109,7957.8,6618.6,28.16,93.6,5,5
confianza,voz05,repeticiones emparejadas,ollama,ollama,26b_4b_np1,02,gemma4:26b,embed,docs_rag_qwen3,2026-07-04 10:43:58,confianza/ollama/26b_4b_np1/run_02/sweep.json,10,23776,131787,15556.3,14126.4,16.8,96.1,10,10
confianza,voz05,repeticiones emparejadas,ollama,ollama,26b_4b_np1,02,gemma4:26b,embed,docs_rag_qwen3,2026-07-04 10:43:58,confianza/ollama/26b_4b_np1/run_02/sweep.json,15,39223,341802,25401.666666666668,23658.666666666668,12.92,106.3,15,15
confianza,voz05,repeticiones emparejadas,ollama,ollama,26b_4b_np1,02,gemma4:26b,embed,docs_rag_qwen3,2026-07-04 10:43:58,confianza/ollama/26b_4b_np1/run_02/sweep.json,20,186909,602926,39491.75,30029,9.975,27.8,20,20
confianza,voz05,repeticiones emparejadas,ollama,ollama,26b_4b_np1,02,gemma4:26b,embed,docs_rag_qwen3,2026-07-04 10:43:58,confianza/ollama/26b_4b_np1/run_02/sweep.json,25,63630,908082,38868.48,37223.84,7.768,102.2,25,25
confianza,voz05,repeticiones emparejadas,ollama,ollama,12b_06b_np1,04,gemma4:12b,embed,docs_rag_qwen3_06b,2026-07-04 12:03:11,confianza/ollama/12b_06b_np1/run_04/sweep.json,1,4814,0,4814,3609,21.8,21.8,1,1
confianza,voz05,repeticiones emparejadas,ollama,ollama,12b_06b_np1,04,gemma4:12b,embed,docs_rag_qwen3_06b,2026-07-04 12:03:11,confianza/ollama/12b_06b_np1/run_04/sweep.json,5,25437,69728,19033,15573.2,24.02,72.6,5,5
confianza,voz05,repeticiones emparejadas,ollama,ollama,12b_06b_np1,04,gemma4:12b,embed,docs_rag_qwen3_06b,2026-07-04 12:03:11,confianza/ollama/12b_06b_np1/run_04/sweep.json,10,52737,269207,32194.4,28470.3,14.25,75.4,10,10
confianza,voz05,repeticiones emparejadas,ollama,ollama,12b_06b_np1,04,gemma4:12b,embed,docs_rag_qwen3_06b,2026-07-04 12:03:11,confianza/ollama/12b_06b_np1/run_04/sweep.json,15,73391,634335,47181.73333333333,43892.933333333334,9.14,70.4,15,15
confianza,voz05,repeticiones emparejadas,ollama,ollama,12b_06b_np1,04,gemma4:12b,embed,docs_rag_qwen3_06b,2026-07-04 12:03:11,confianza/ollama/12b_06b_np1/run_04/sweep.json,20,98028,1122075,61005.15,57662.05,7.11,71.3,20,20
confianza,voz05,repeticiones emparejadas,ollama,ollama,12b_06b_np1,04,gemma4:12b,embed,docs_rag_qwen3_06b,2026-07-04 12:03:11,confianza/ollama/12b_06b_np1/run_04/sweep.json,25,114309,1570332,67385.64,64351.16,5.492,69.2,25,25
confianza,voz05,repeticiones emparejadas,ollama,ollama,12b_06b_np1,01,gemma4:12b,embed,docs_rag_qwen3_06b,2026-07-04 11:41:51,confianza/ollama/12b_06b_np1/run_01/sweep.json,1,5178,0,5178,2745,52.9,52.9,1,1
confianza,voz05,repeticiones emparejadas,ollama,ollama,12b_06b_np1,01,gemma4:12b,embed,docs_rag_qwen3_06b,2026-07-04 11:41:51,confianza/ollama/12b_06b_np1/run_01/sweep.json,5,25589,71587,19435.2,15907,23.3,72.8,5,5
confianza,voz05,repeticiones emparejadas,ollama,ollama,12b_06b_np1,01,gemma4:12b,embed,docs_rag_qwen3_06b,2026-07-04 11:41:51,confianza/ollama/12b_06b_np1/run_01/sweep.json,10,52682,285964,33864.6,30128.8,13.94,74.9,10,10
confianza,voz05,repeticiones emparejadas,ollama,ollama,12b_06b_np1,01,gemma4:12b,embed,docs_rag_qwen3_06b,2026-07-04 11:41:51,confianza/ollama/12b_06b_np1/run_01/sweep.json,15,87473,734818,54819.4,50477.4,10.94,80.1,15,15
confianza,voz05,repeticiones emparejadas,ollama,ollama,12b_06b_np1,01,gemma4:12b,embed,docs_rag_qwen3_06b,2026-07-04 11:41:51,confianza/ollama/12b_06b_np1/run_01/sweep.json,20,112831,1223997,66841.4,62702.05,8.15,78.6,20,20
confianza,voz05,repeticiones emparejadas,ollama,ollama,12b_06b_np1,01,gemma4:12b,embed,docs_rag_qwen3_06b,2026-07-04 11:41:51,confianza/ollama/12b_06b_np1/run_01/sweep.json,25,133130,1745894,75160.96,71426.08,5.908,74.0,25,25
confianza,voz05,repeticiones emparejadas,ollama,ollama,12b_06b_np1,05,gemma4:12b,embed,docs_rag_qwen3_06b,2026-07-04 12:09:55,confianza/ollama/12b_06b_np1/run_05/sweep.json,1,4650,0,4650,3350,25.2,25.2,1,1
confianza,voz05,repeticiones emparejadas,ollama,ollama,12b_06b_np1,05,gemma4:12b,embed,docs_rag_qwen3_06b,2026-07-04 12:09:55,confianza/ollama/12b_06b_np1/run_05/sweep.json,5,18876,45598,12894.8,10662.6,18.5,60.1,5,5
confianza,voz05,repeticiones emparejadas,ollama,ollama,12b_06b_np1,05,gemma4:12b,embed,docs_rag_qwen3_06b,2026-07-04 12:09:55,confianza/ollama/12b_06b_np1/run_05/sweep.json,10,42551,234309,27686,25039.9,11.29,62.8,10,10
confianza,voz05,repeticiones emparejadas,ollama,ollama,12b_06b_np1,05,gemma4:12b,embed,docs_rag_qwen3_06b,2026-07-04 12:09:55,confianza/ollama/12b_06b_np1/run_05/sweep.json,15,72945,612993,45729.2,42429.066666666666,9.293333333333333,70.3,15,15
confianza,voz05,repeticiones emparejadas,ollama,ollama,12b_06b_np1,05,gemma4:12b,embed,docs_rag_qwen3_06b,2026-07-04 12:09:55,confianza/ollama/12b_06b_np1/run_05/sweep.json,20,99795,1172115,63595.5,60202.75,6.975,70.2,20,20
confianza,voz05,repeticiones emparejadas,ollama,ollama,12b_06b_np1,05,gemma4:12b,embed,docs_rag_qwen3_06b,2026-07-04 12:09:55,confianza/ollama/12b_06b_np1/run_05/sweep.json,25,122260,1751443,74948.12,71657.24,5.556,69.2,25,25
confianza,voz05,repeticiones emparejadas,ollama,ollama,12b_06b_np1,07,gemma4:12b,embed,docs_rag_qwen3_06b,2026-07-04 12:22:51,confianza/ollama/12b_06b_np1/run_07/sweep.json,1,9594,-1,9593,2886,77.6,77.5,1,1
confianza,voz05,repeticiones emparejadas,ollama,ollama,12b_06b_np1,07,gemma4:12b,embed,docs_rag_qwen3_06b,2026-07-04 12:22:51,confianza/ollama/12b_06b_np1/run_07/sweep.json,5,23535,63284,17363.8,14298.6,21.48,67.9,5,5
confianza,voz05,repeticiones emparejadas,ollama,ollama,12b_06b_np1,07,gemma4:12b,embed,docs_rag_qwen3_06b,2026-07-04 12:22:51,confianza/ollama/12b_06b_np1/run_07/sweep.json,10,49528,273226,32275.4,28983.8,12.61,68.8,10,10
confianza,voz05,repeticiones emparejadas,ollama,ollama,12b_06b_np1,07,gemma4:12b,embed,docs_rag_qwen3_06b,2026-07-04 12:22:51,confianza/ollama/12b_06b_np1/run_07/sweep.json,15,77491,607307,45653.2,42137.6,8.78,69.8,15,15
confianza,voz05,repeticiones emparejadas,ollama,ollama,12b_06b_np1,07,gemma4:12b,embed,docs_rag_qwen3_06b,2026-07-04 12:22:51,confianza/ollama/12b_06b_np1/run_07/sweep.json,20,101771,1134509,61814,58342.25,6.855,70.1,20,20
confianza,voz05,repeticiones emparejadas,ollama,ollama,12b_06b_np1,07,gemma4:12b,embed,docs_rag_qwen3_06b,2026-07-04 12:22:51,confianza/ollama/12b_06b_np1/run_07/sweep.json,25,127489,1767382,75794.84,72270.68,5.768,71.3,25,25
confianza,voz05,repeticiones emparejadas,ollama,ollama,12b_06b_np1,06,gemma4:12b,embed,docs_rag_qwen3_06b,2026-07-04 12:16:32,confianza/ollama/12b_06b_np1/run_06/sweep.json,1,3117,0,3117,2784,5.8,5.8,1,1
confianza,voz05,repeticiones emparejadas,ollama,ollama,12b_06b_np1,06,gemma4:12b,embed,docs_rag_qwen3_06b,2026-07-04 12:16:32,confianza/ollama/12b_06b_np1/run_06/sweep.json,5,22759,52676,15087,12276.8,19.48,61.3,5,5
confianza,voz05,repeticiones emparejadas,ollama,ollama,12b_06b_np1,06,gemma4:12b,embed,docs_rag_qwen3_06b,2026-07-04 12:16:32,confianza/ollama/12b_06b_np1/run_06/sweep.json,10,43034,221997,26503.1,23699.9,11.51,64.4,10,10
confianza,voz05,repeticiones emparejadas,ollama,ollama,12b_06b_np1,06,gemma4:12b,embed,docs_rag_qwen3_06b,2026-07-04 12:16:32,confianza/ollama/12b_06b_np1/run_06/sweep.json,15,63982,571663,42376.333333333336,39637.333333333336,7.8133333333333335,63.6,15,15
confianza,voz05,repeticiones emparejadas,ollama,ollama,12b_06b_np1,06,gemma4:12b,embed,docs_rag_qwen3_06b,2026-07-04 12:16:32,confianza/ollama/12b_06b_np1/run_06/sweep.json,20,92995,967613,53030.4,49957.95,6.36,66.3,20,20
confianza,voz05,repeticiones emparejadas,ollama,ollama,12b_06b_np1,06,gemma4:12b,embed,docs_rag_qwen3_06b,2026-07-04 12:16:32,confianza/ollama/12b_06b_np1/run_06/sweep.json,25,118954,1679589,71941.72,68766.84,5.284,67.1,25,25
confianza,voz05,repeticiones emparejadas,ollama,ollama,12b_06b_np1,10,gemma4:12b,embed,docs_rag_qwen3_06b,2026-07-04 12:42:48,confianza/ollama/12b_06b_np1/run_10/sweep.json,1,5583,-1,5582,3237,43.2,43.2,1,1
confianza,voz05,repeticiones emparejadas,ollama,ollama,12b_06b_np1,10,gemma4:12b,embed,docs_rag_qwen3_06b,2026-07-04 12:42:48,confianza/ollama/12b_06b_np1/run_10/sweep.json,5,20113,59900,16002.6,13497.4,18.84,63.2,5,5
confianza,voz05,repeticiones emparejadas,ollama,ollama,12b_06b_np1,10,gemma4:12b,embed,docs_rag_qwen3_06b,2026-07-04 12:42:48,confianza/ollama/12b_06b_np1/run_10/sweep.json,10,37901,203558,24145.9,21816.6,10.43,61.7,10,10
confianza,voz05,repeticiones emparejadas,ollama,ollama,12b_06b_np1,10,gemma4:12b,embed,docs_rag_qwen3_06b,2026-07-04 12:42:48,confianza/ollama/12b_06b_np1/run_10/sweep.json,15,69944,580847,43386.066666666666,40218.73333333333,8.986666666666666,69.5,15,15
confianza,voz05,repeticiones emparejadas,ollama,ollama,12b_06b_np1,10,gemma4:12b,embed,docs_rag_qwen3_06b,2026-07-04 12:42:48,confianza/ollama/12b_06b_np1/run_10/sweep.json,20,98572,1078864,58871.8,55432,7.105,71.5,20,20
confianza,voz05,repeticiones emparejadas,ollama,ollama,12b_06b_np1,10,gemma4:12b,embed,docs_rag_qwen3_06b,2026-07-04 12:42:48,confianza/ollama/12b_06b_np1/run_10/sweep.json,25,127881,1742529,74816.4,71302.12,5.692,70.8,25,25
confianza,voz05,repeticiones emparejadas,ollama,ollama,12b_06b_np1,09,gemma4:12b,embed,docs_rag_qwen3_06b,2026-07-04 12:36:15,confianza/ollama/12b_06b_np1/run_09/sweep.json,1,7663,0,7663,3473,55.9,55.9,1,1
confianza,voz05,repeticiones emparejadas,ollama,ollama,12b_06b_np1,09,gemma4:12b,embed,docs_rag_qwen3_06b,2026-07-04 12:36:15,confianza/ollama/12b_06b_np1/run_09/sweep.json,5,25009,67762,18554.2,15302,21.88,65.2,5,5
confianza,voz05,repeticiones emparejadas,ollama,ollama,12b_06b_np1,09,gemma4:12b,embed,docs_rag_qwen3_06b,2026-07-04 12:36:15,confianza/ollama/12b_06b_np1/run_09/sweep.json,10,45822,246366,29218.8,26070.1,13.18,71.8,10,10
confianza,voz05,repeticiones emparejadas,ollama,ollama,12b_06b_np1,09,gemma4:12b,embed,docs_rag_qwen3_06b,2026-07-04 12:36:15,confianza/ollama/12b_06b_np1/run_09/sweep.json,15,71993,595327,44488,41377.53333333333,8.446666666666667,66.4,15,15
confianza,voz05,repeticiones emparejadas,ollama,ollama,12b_06b_np1,09,gemma4:12b,embed,docs_rag_qwen3_06b,2026-07-04 12:36:15,confianza/ollama/12b_06b_np1/run_09/sweep.json,20,92509,1084789,58864.9,55898.55,6.5249999999999995,65.6,20,20
confianza,voz05,repeticiones emparejadas,ollama,ollama,12b_06b_np1,09,gemma4:12b,embed,docs_rag_qwen3_06b,2026-07-04 12:36:15,confianza/ollama/12b_06b_np1/run_09/sweep.json,25,115654,1575834,67659.52,64603.16,5.364,67.6,25,25
confianza,voz05,repeticiones emparejadas,ollama,ollama,12b_06b_np1,08,gemma4:12b,embed,docs_rag_qwen3_06b,2026-07-04 12:29:52,confianza/ollama/12b_06b_np1/run_08/sweep.json,1,6500,0,6500,3198,49.8,49.8,1,1
confianza,voz05,repeticiones emparejadas,ollama,ollama,12b_06b_np1,08,gemma4:12b,embed,docs_rag_qwen3_06b,2026-07-04 12:29:52,confianza/ollama/12b_06b_np1/run_08/sweep.json,5,21394,49570,14192.8,11529.4,19.68,63.1,5,5
confianza,voz05,repeticiones emparejadas,ollama,ollama,12b_06b_np1,08,gemma4:12b,embed,docs_rag_qwen3_06b,2026-07-04 12:29:52,confianza/ollama/12b_06b_np1/run_08/sweep.json,10,44040,220971,26501.1,23597.9,11.65,67.1,10,10
confianza,voz05,repeticiones emparejadas,ollama,ollama,12b_06b_np1,08,gemma4:12b,embed,docs_rag_qwen3_06b,2026-07-04 12:29:52,confianza/ollama/12b_06b_np1/run_08/sweep.json,15,68782,525330,39607.46666666667,36664.333333333336,8.033333333333333,65.7,15,15
confianza,voz05,repeticiones emparejadas,ollama,ollama,12b_06b_np1,08,gemma4:12b,embed,docs_rag_qwen3_06b,2026-07-04 12:29:52,confianza/ollama/12b_06b_np1/run_08/sweep.json,20,91282,976418,53385,50480.45,6.12,65.0,20,20
confianza,voz05,repeticiones emparejadas,ollama,ollama,12b_06b_np1,08,gemma4:12b,embed,docs_rag_qwen3_06b,2026-07-04 12:29:52,confianza/ollama/12b_06b_np1/run_08/sweep.json,25,116365,1625159,69660.96,66628.24,5.288,67.1,25,25
confianza,voz05,repeticiones emparejadas,ollama,ollama,12b_06b_np1,03,gemma4:12b,embed,docs_rag_qwen3_06b,2026-07-04 11:55:39,confianza/ollama/12b_06b_np1/run_03/sweep.json,1,8117,0,8117,3294,65.2,65.2,1,1
confianza,voz05,repeticiones emparejadas,ollama,ollama,12b_06b_np1,03,gemma4:12b,embed,docs_rag_qwen3_06b,2026-07-04 11:55:39,confianza/ollama/12b_06b_np1/run_03/sweep.json,5,30150,70239,20077.8,15624.4,26.48,78.8,5,5
confianza,voz05,repeticiones emparejadas,ollama,ollama,12b_06b_np1,03,gemma4:12b,embed,docs_rag_qwen3_06b,2026-07-04 11:55:39,confianza/ollama/12b_06b_np1/run_03/sweep.json,10,56756,285054,34181,30085.5,14.47,75.8,10,10
confianza,voz05,repeticiones emparejadas,ollama,ollama,12b_06b_np1,03,gemma4:12b,embed,docs_rag_qwen3_06b,2026-07-04 11:55:39,confianza/ollama/12b_06b_np1/run_03/sweep.json,15,79542,613137,46178.6,42442.4,9.633333333333333,73.1,15,15
confianza,voz05,repeticiones emparejadas,ollama,ollama,12b_06b_np1,03,gemma4:12b,embed,docs_rag_qwen3_06b,2026-07-04 11:55:39,confianza/ollama/12b_06b_np1/run_03/sweep.json,20,106461,1188561,64751.1,60969.4,7.61,74.2,20,20
confianza,voz05,repeticiones emparejadas,ollama,ollama,12b_06b_np1,03,gemma4:12b,embed,docs_rag_qwen3_06b,2026-07-04 11:55:39,confianza/ollama/12b_06b_np1/run_03/sweep.json,25,134570,1809196,77750.64,73921.72,6.4959999999999996,74.5,25,25
confianza,voz05,repeticiones emparejadas,ollama,ollama,12b_06b_np1,02,gemma4:12b,embed,docs_rag_qwen3_06b,2026-07-04 11:49:22,confianza/ollama/12b_06b_np1/run_02/sweep.json,1,3982,0,3982,3157,14.8,14.8,1,1
confianza,voz05,repeticiones emparejadas,ollama,ollama,12b_06b_np1,02,gemma4:12b,embed,docs_rag_qwen3_06b,2026-07-04 11:49:22,confianza/ollama/12b_06b_np1/run_02/sweep.json,5,21080,47832,13782.4,11114,19.759999999999998,64.5,5,5
confianza,voz05,repeticiones emparejadas,ollama,ollama,12b_06b_np1,02,gemma4:12b,embed,docs_rag_qwen3_06b,2026-07-04 11:49:22,confianza/ollama/12b_06b_np1/run_02/sweep.json,10,38972,204968,24394,22060.3,10.17,60.4,10,10
confianza,voz05,repeticiones emparejadas,ollama,ollama,12b_06b_np1,02,gemma4:12b,embed,docs_rag_qwen3_06b,2026-07-04 11:49:22,confianza/ollama/12b_06b_np1/run_02/sweep.json,15,71412,624007,46361.26666666667,43100.8,9.106666666666667,70.4,15,15
confianza,voz05,repeticiones emparejadas,ollama,ollama,12b_06b_np1,02,gemma4:12b,embed,docs_rag_qwen3_06b,2026-07-04 11:49:22,confianza/ollama/12b_06b_np1/run_02/sweep.json,20,90202,980570,53538.6,50537,6.715,68.4,20,20
confianza,voz05,repeticiones emparejadas,ollama,ollama,12b_06b_np1,02,gemma4:12b,embed,docs_rag_qwen3_06b,2026-07-04 11:49:22,confianza/ollama/12b_06b_np1/run_02/sweep.json,25,115261,1653087,70733.92,67701.52,5.312,67.3,25,25
confianza,voz05,repeticiones emparejadas,ollama,ollama,26b_06b_np8,04,gemma4:26b,embed,docs_rag_qwen3_06b,2026-07-04 03:11:59,confianza/ollama/26b_06b_np8/run_04/sweep.json,1,2979,0,2979,2475,19.1,19.1,1,1
confianza,voz05,repeticiones emparejadas,ollama,ollama,26b_06b_np8,04,gemma4:26b,embed,docs_rag_qwen3_06b,2026-07-04 03:11:59,confianza/ollama/26b_06b_np8/run_04/sweep.json,5,22946,70596,18708.4,15391,13.34,60.2,5,5
confianza,voz05,repeticiones emparejadas,ollama,ollama,26b_06b_np8,04,gemma4:26b,embed,docs_rag_qwen3_06b,2026-07-04 03:11:59,confianza/ollama/26b_06b_np8/run_04/sweep.json,10,18840,119043,13788.3,6996.4,18.07,146.4,10,10
confianza,voz05,repeticiones emparejadas,ollama,ollama,26b_06b_np8,04,gemma4:26b,embed,docs_rag_qwen3_06b,2026-07-04 03:11:59,confianza/ollama/26b_06b_np8/run_04/sweep.json,15,184369,276682,30736.733333333334,12319.142857142857,10.473333333333333,19.0,15,15
confianza,voz05,repeticiones emparejadas,ollama,ollama,26b_06b_np8,04,gemma4:26b,embed,docs_rag_qwen3_06b,2026-07-04 03:11:59,confianza/ollama/26b_06b_np8/run_04/sweep.json,20,39357,542237,29079.7,19197,10.27,157.4,20,20
confianza,voz05,repeticiones emparejadas,ollama,ollama,26b_06b_np8,04,gemma4:26b,embed,docs_rag_qwen3_06b,2026-07-04 03:11:59,confianza/ollama/26b_06b_np8/run_04/sweep.json,25,46097,732775,31154.88,22247.52,8.328,142.9,25,25
confianza,voz05,repeticiones emparejadas,ollama,ollama,26b_06b_np8,01,gemma4:26b,embed,docs_rag_qwen3_06b,2026-07-04 02:51:49,confianza/ollama/26b_06b_np8/run_01/sweep.json,1,6571,0,6571,3309,75.0,75.0,1,1
confianza,voz05,repeticiones emparejadas,ollama,ollama,26b_06b_np8,01,gemma4:26b,embed,docs_rag_qwen3_06b,2026-07-04 02:51:49,confianza/ollama/26b_06b_np8/run_01/sweep.json,5,15376,50731,13221.4,5258,28.419999999999998,126.0,5,5
confianza,voz05,repeticiones emparejadas,ollama,ollama,26b_06b_np8,01,gemma4:26b,embed,docs_rag_qwen3_06b,2026-07-04 02:51:49,confianza/ollama/26b_06b_np8/run_01/sweep.json,10,20882,145753,16663.5,7608.6,21.71,176.3,10,10
confianza,voz05,repeticiones emparejadas,ollama,ollama,26b_06b_np8,01,gemma4:26b,embed,docs_rag_qwen3_06b,2026-07-04 02:51:49,confianza/ollama/26b_06b_np8/run_01/sweep.json,15,33442,334933,24558.333333333332,14069.733333333334,15.726666666666667,173.7,15,15
confianza,voz05,repeticiones emparejadas,ollama,ollama,26b_06b_np8,01,gemma4:26b,embed,docs_rag_qwen3_06b,2026-07-04 02:51:49,confianza/ollama/26b_06b_np8/run_01/sweep.json,20,44148,569616,30688.2,19832.55,13.32,180.9,20,20
confianza,voz05,repeticiones emparejadas,ollama,ollama,26b_06b_np8,01,gemma4:26b,embed,docs_rag_qwen3_06b,2026-07-04 02:51:49,confianza/ollama/26b_06b_np8/run_01/sweep.json,25,51042,835683,35469,24331.84,10.5,175.3,25,25
confianza,voz05,repeticiones emparejadas,ollama,ollama,26b_06b_np8,05,gemma4:26b,embed,docs_rag_qwen3_06b,2026-07-04 03:17:46,confianza/ollama/26b_06b_np8/run_05/sweep.json,1,3245,-1,3244,2370,31.7,31.7,1,1
confianza,voz05,repeticiones emparejadas,ollama,ollama,26b_06b_np8,05,gemma4:26b,embed,docs_rag_qwen3_06b,2026-07-04 03:17:46,confianza/ollama/26b_06b_np8/run_05/sweep.json,5,12555,39031,10317.2,6230.6,21.76,95.7,5,5
confianza,voz05,repeticiones emparejadas,ollama,ollama,26b_06b_np8,05,gemma4:26b,embed,docs_rag_qwen3_06b,2026-07-04 03:17:46,confianza/ollama/26b_06b_np8/run_05/sweep.json,10,20630,141564,16219.4,8034.3,14.7,122.6,10,10
confianza,voz05,repeticiones emparejadas,ollama,ollama,26b_06b_np8,05,gemma4:26b,embed,docs_rag_qwen3_06b,2026-07-04 03:17:46,confianza/ollama/26b_06b_np8/run_05/sweep.json,15,30823,324873,23713.066666666666,14406.4,11.506666666666666,135.9,15,15
confianza,voz05,repeticiones emparejadas,ollama,ollama,26b_06b_np8,05,gemma4:26b,embed,docs_rag_qwen3_06b,2026-07-04 03:17:46,confianza/ollama/26b_06b_np8/run_05/sweep.json,20,44350,592014,31818.2,21262.35,9.235,134.8,20,20
confianza,voz05,repeticiones emparejadas,ollama,ollama,26b_06b_np8,05,gemma4:26b,embed,docs_rag_qwen3_06b,2026-07-04 03:17:46,confianza/ollama/26b_06b_np8/run_05/sweep.json,25,48863,836707,35422.8,25518.36,7.832,138.7,25,25
confianza,voz05,repeticiones emparejadas,ollama,ollama,26b_06b_np8,07,gemma4:26b,embed,docs_rag_qwen3_06b,2026-07-04 03:24:10,confianza/ollama/26b_06b_np8/run_07/sweep.json,1,6506,0,6506,2111,116.8,116.8,1,1
confianza,voz05,repeticiones emparejadas,ollama,ollama,26b_06b_np8,07,gemma4:26b,embed,docs_rag_qwen3_06b,2026-07-04 03:24:10,confianza/ollama/26b_06b_np8/run_07/sweep.json,5,16580,48764,13068.8,4752.2,28.14,123.1,5,5
confianza,voz05,repeticiones emparejadas,ollama,ollama,26b_06b_np8,07,gemma4:26b,embed,docs_rag_qwen3_06b,2026-07-04 03:24:10,confianza/ollama/26b_06b_np8/run_07/sweep.json,10,21213,144378,16559.1,7903.8,19.33,162.8,10,10
confianza,voz05,repeticiones emparejadas,ollama,ollama,26b_06b_np8,07,gemma4:26b,embed,docs_rag_qwen3_06b,2026-07-04 03:24:10,confianza/ollama/26b_06b_np8/run_07/sweep.json,15,30485,311701,22812.4,13094.733333333334,13.566666666666666,159.3,15,15
confianza,voz05,repeticiones emparejadas,ollama,ollama,26b_06b_np8,07,gemma4:26b,embed,docs_rag_qwen3_06b,2026-07-04 03:24:10,confianza/ollama/26b_06b_np8/run_07/sweep.json,20,40261,555373,29781.7,19733.05,10.31,151.8,20,20
confianza,voz05,repeticiones emparejadas,ollama,ollama,26b_06b_np8,07,gemma4:26b,embed,docs_rag_qwen3_06b,2026-07-04 03:24:10,confianza/ollama/26b_06b_np8/run_07/sweep.json,25,50912,831470,35295.28,25114.96,9.212,155.8,25,25
confianza,voz05,repeticiones emparejadas,ollama,ollama,26b_06b_np8,06,gemma4:26b,embed,docs_rag_qwen3_06b,2026-07-04 03:20:58,confianza/ollama/26b_06b_np8/run_06/sweep.json,1,2538,0,2538,2063,21.7,21.7,1,1
confianza,voz05,repeticiones emparejadas,ollama,ollama,26b_06b_np8,06,gemma4:26b,embed,docs_rag_qwen3_06b,2026-07-04 03:20:58,confianza/ollama/26b_06b_np8/run_06/sweep.json,5,12317,41509,10765.2,6043.6,22.14,102.9,5,5
confianza,voz05,repeticiones emparejadas,ollama,ollama,26b_06b_np8,06,gemma4:26b,embed,docs_rag_qwen3_06b,2026-07-04 03:20:58,confianza/ollama/26b_06b_np8/run_06/sweep.json,10,19353,134049,15340.2,7889.7,15.56,135.5,10,10
confianza,voz05,repeticiones emparejadas,ollama,ollama,26b_06b_np8,06,gemma4:26b,embed,docs_rag_qwen3_06b,2026-07-04 03:20:58,confianza/ollama/26b_06b_np8/run_06/sweep.json,15,28588,311856,22696.266666666666,14357.466666666667,9.653333333333334,119.9,15,15
confianza,voz05,repeticiones emparejadas,ollama,ollama,26b_06b_np8,06,gemma4:26b,embed,docs_rag_qwen3_06b,2026-07-04 03:20:58,confianza/ollama/26b_06b_np8/run_06/sweep.json,20,42348,590186,31626.7,21651.45,8.23,127.2,20,20
confianza,voz05,repeticiones emparejadas,ollama,ollama,26b_06b_np8,06,gemma4:26b,embed,docs_rag_qwen3_06b,2026-07-04 03:20:58,confianza/ollama/26b_06b_np8/run_06/sweep.json,25,54581,889224,37752.2,26746.36,8.28,145.1,25,25
confianza,voz05,repeticiones emparejadas,ollama,ollama,26b_06b_np8,10,gemma4:26b,embed,docs_rag_qwen3_06b,2026-07-04 03:41:33,confianza/ollama/26b_06b_np8/run_10/sweep.json,1,4249,0,4249,2489,63.5,63.5,1,1
confianza,voz05,repeticiones emparejadas,ollama,ollama,26b_06b_np8,10,gemma4:26b,embed,docs_rag_qwen3_06b,2026-07-04 03:41:33,confianza/ollama/26b_06b_np8/run_10/sweep.json,5,10940,35376,9263.2,4843.8,21.08,94.8,5,5
confianza,voz05,repeticiones emparejadas,ollama,ollama,26b_06b_np8,10,gemma4:26b,embed,docs_rag_qwen3_06b,2026-07-04 03:41:33,confianza/ollama/26b_06b_np8/run_10/sweep.json,10,17276,125201,14247.7,7597,16.67,146.8,10,10
confianza,voz05,repeticiones emparejadas,ollama,ollama,26b_06b_np8,10,gemma4:26b,embed,docs_rag_qwen3_06b,2026-07-04 03:41:33,confianza/ollama/26b_06b_np8/run_10/sweep.json,15,30253,319652,23327,13891.8,13.42,160.5,15,15
confianza,voz05,repeticiones emparejadas,ollama,ollama,26b_06b_np8,10,gemma4:26b,embed,docs_rag_qwen3_06b,2026-07-04 03:41:33,confianza/ollama/26b_06b_np8/run_10/sweep.json,20,42995,587994,31549.45,20760.95,10.795,157.2,20,20
confianza,voz05,repeticiones emparejadas,ollama,ollama,26b_06b_np8,10,gemma4:26b,embed,docs_rag_qwen3_06b,2026-07-04 03:41:33,confianza/ollama/26b_06b_np8/run_10/sweep.json,25,52155,897840,37999.8,26863.36,9.08,156.8,25,25
confianza,voz05,repeticiones emparejadas,ollama,ollama,26b_06b_np8,09,gemma4:26b,embed,docs_rag_qwen3_06b,2026-07-04 03:33:16,confianza/ollama/26b_06b_np8/run_09/sweep.json,1,5581,0,5581,2644,80.5,80.5,1,1
confianza,voz05,repeticiones emparejadas,ollama,ollama,26b_06b_np8,09,gemma4:26b,embed,docs_rag_qwen3_06b,2026-07-04 03:33:16,confianza/ollama/26b_06b_np8/run_09/sweep.json,5,13824,44806,11726,5080.2,24.6,111.6,5,5
confianza,voz05,repeticiones emparejadas,ollama,ollama,26b_06b_np8,09,gemma4:26b,embed,docs_rag_qwen3_06b,2026-07-04 03:33:16,confianza/ollama/26b_06b_np8/run_09/sweep.json,10,18503,138029,15653.2,7306.5,20.23,175.1,10,10
confianza,voz05,repeticiones emparejadas,ollama,ollama,26b_06b_np8,09,gemma4:26b,embed,docs_rag_qwen3_06b,2026-07-04 03:33:16,confianza/ollama/26b_06b_np8/run_09/sweep.json,15,27825,283863,20779.2,12058.333333333334,13.813333333333334,160.0,15,15
confianza,voz05,repeticiones emparejadas,ollama,ollama,26b_06b_np8,09,gemma4:26b,embed,docs_rag_qwen3_06b,2026-07-04 03:33:16,confianza/ollama/26b_06b_np8/run_09/sweep.json,20,184904,535701,36030.25,18678.947368421053,9.465,28.7,20,20
confianza,voz05,repeticiones emparejadas,ollama,ollama,26b_06b_np8,09,gemma4:26b,embed,docs_rag_qwen3_06b,2026-07-04 03:33:16,confianza/ollama/26b_06b_np8/run_09/sweep.json,25,184889,844983,41194.88,25195.583333333332,8.396,36.9,25,25
confianza,voz05,repeticiones emparejadas,ollama,ollama,26b_06b_np8,08,gemma4:26b,embed,docs_rag_qwen3_06b,2026-07-04 03:27:28,confianza/ollama/26b_06b_np8/run_08/sweep.json,1,4623,0,4623,2237,79.8,79.8,1,1
confianza,voz05,repeticiones emparejadas,ollama,ollama,26b_06b_np8,08,gemma4:26b,embed,docs_rag_qwen3_06b,2026-07-04 03:27:28,confianza/ollama/26b_06b_np8/run_08/sweep.json,5,13556,43833,11477.8,5393.6,27.84,122.3,5,5
confianza,voz05,repeticiones emparejadas,ollama,ollama,26b_06b_np8,08,gemma4:26b,embed,docs_rag_qwen3_06b,2026-07-04 03:27:28,confianza/ollama/26b_06b_np8/run_08/sweep.json,10,18694,130457,14915.1,7576.6,17.57,147.7,10,10
confianza,voz05,repeticiones emparejadas,ollama,ollama,26b_06b_np8,08,gemma4:26b,embed,docs_rag_qwen3_06b,2026-07-04 03:27:28,confianza/ollama/26b_06b_np8/run_08/sweep.json,15,28948,302378,22088.4,12789.2,12.2,146.2,15,15
confianza,voz05,repeticiones emparejadas,ollama,ollama,26b_06b_np8,08,gemma4:26b,embed,docs_rag_qwen3_06b,2026-07-04 03:27:28,confianza/ollama/26b_06b_np8/run_08/sweep.json,20,36643,535095,28586.9,19501.8,9.865,143.6,20,20
confianza,voz05,repeticiones emparejadas,ollama,ollama,26b_06b_np8,08,gemma4:26b,embed,docs_rag_qwen3_06b,2026-07-04 03:27:28,confianza/ollama/26b_06b_np8/run_08/sweep.json,25,184885,753208,37523.72,22277.833333333332,8.34,34.9,25,25
confianza,voz05,repeticiones emparejadas,ollama,ollama,26b_06b_np8,03,gemma4:26b,embed,docs_rag_qwen3_06b,2026-07-04 02:58:00,confianza/ollama/26b_06b_np8/run_03/sweep.json,1,8318,-1,8317,8073,5.0,5.0,1,1
confianza,voz05,repeticiones emparejadas,ollama,ollama,26b_06b_np8,03,gemma4:26b,embed,docs_rag_qwen3_06b,2026-07-04 02:58:00,confianza/ollama/26b_06b_np8/run_03/sweep.json,5,20848,74634,19096.4,11215,23.46,109.9,5,5
confianza,voz05,repeticiones emparejadas,ollama,ollama,26b_06b_np8,03,gemma4:26b,embed,docs_rag_qwen3_06b,2026-07-04 02:58:00,confianza/ollama/26b_06b_np8/run_03/sweep.json,10,186764,308802,49556.6,6811.75,18.77,16.3,10,10
confianza,voz05,repeticiones emparejadas,ollama,ollama,26b_06b_np8,03,gemma4:26b,embed,docs_rag_qwen3_06b,2026-07-04 02:58:00,confianza/ollama/26b_06b_np8/run_03/sweep.json,15,187709,480346,44537,13617.538461538461,12.2,23.1,15,15
confianza,voz05,repeticiones emparejadas,ollama,ollama,26b_06b_np8,03,gemma4:26b,embed,docs_rag_qwen3_06b,2026-07-04 02:58:00,confianza/ollama/26b_06b_np8/run_03/sweep.json,20,189763,707588,44867.55,18799.833333333332,10.94,32.3,20,20
confianza,voz05,repeticiones emparejadas,ollama,ollama,26b_06b_np8,03,gemma4:26b,embed,docs_rag_qwen3_06b,2026-07-04 02:58:00,confianza/ollama/26b_06b_np8/run_03/sweep.json,25,184935,793935,39154.8,22901.875,8.848,39.7,25,25
confianza,voz05,repeticiones emparejadas,ollama,ollama,26b_06b_np8,02,gemma4:26b,embed,docs_rag_qwen3_06b,2026-07-04 02:55:13,confianza/ollama/26b_06b_np8/run_02/sweep.json,1,3047,0,3047,2401,18.7,18.7,1,1
confianza,voz05,repeticiones emparejadas,ollama,ollama,26b_06b_np8,02,gemma4:26b,embed,docs_rag_qwen3_06b,2026-07-04 02:55:13,confianza/ollama/26b_06b_np8/run_02/sweep.json,5,10717,36774,9498.2,5469.2,20.900000000000002,96.8,5,5
confianza,voz05,repeticiones emparejadas,ollama,ollama,26b_06b_np8,02,gemma4:26b,embed,docs_rag_qwen3_06b,2026-07-04 02:55:13,confianza/ollama/26b_06b_np8/run_02/sweep.json,10,16160,121748,13790.8,7705,17.09,147.2,10,10
confianza,voz05,repeticiones emparejadas,ollama,ollama,26b_06b_np8,02,gemma4:26b,embed,docs_rag_qwen3_06b,2026-07-04 02:55:13,confianza/ollama/26b_06b_np8/run_02/sweep.json,15,24384,266413,19386.466666666667,11849.533333333333,12.353333333333333,152.6,15,15
confianza,voz05,repeticiones emparejadas,ollama,ollama,26b_06b_np8,02,gemma4:26b,embed,docs_rag_qwen3_06b,2026-07-04 02:55:13,confianza/ollama/26b_06b_np8/run_02/sweep.json,20,36781,479379,25808,17260.95,9.41,138.8,20,20
confianza,voz05,repeticiones emparejadas,ollama,ollama,26b_06b_np8,02,gemma4:26b,embed,docs_rag_qwen3_06b,2026-07-04 02:55:13,confianza/ollama/26b_06b_np8/run_02/sweep.json,25,42523,719150,30466.92,22068.68,7.656,141.9,25,25
confianza,voz05,repeticiones emparejadas,ollama,ollama,12b_4b_np1,04,gemma4:12b,embed,docs_rag_qwen3,2026-07-04 13:10:20,confianza/ollama/12b_4b_np1/run_04/sweep.json,1,4955,0,4955,3443,27.4,27.4,1,1
confianza,voz05,repeticiones emparejadas,ollama,ollama,12b_4b_np1,04,gemma4:12b,embed,docs_rag_qwen3,2026-07-04 13:10:20,confianza/ollama/12b_4b_np1/run_04/sweep.json,5,23516,57825,16268.2,13212.8,22.2,68.0,5,5
confianza,voz05,repeticiones emparejadas,ollama,ollama,12b_4b_np1,04,gemma4:12b,embed,docs_rag_qwen3,2026-07-04 13:10:20,confianza/ollama/12b_4b_np1/run_04/sweep.json,10,49201,241726,29092.7,25727,13.16,72.3,10,10
confianza,voz05,repeticiones emparejadas,ollama,ollama,12b_4b_np1,04,gemma4:12b,embed,docs_rag_qwen3,2026-07-04 13:10:20,confianza/ollama/12b_4b_np1/run_04/sweep.json,15,73733,595350,44605.53333333333,41297.933333333334,9.006666666666666,69.8,15,15
confianza,voz05,repeticiones emparejadas,ollama,ollama,12b_4b_np1,04,gemma4:12b,embed,docs_rag_qwen3,2026-07-04 13:10:20,confianza/ollama/12b_4b_np1/run_04/sweep.json,20,92396,1035881,56413.85,53343.75,6.72,69.2,20,20
confianza,voz05,repeticiones emparejadas,ollama,ollama,12b_4b_np1,04,gemma4:12b,embed,docs_rag_qwen3,2026-07-04 13:10:20,confianza/ollama/12b_4b_np1/run_04/sweep.json,25,110017,1599701,68388.72,65574.88,5.156,66.2,25,25
confianza,voz05,repeticiones emparejadas,ollama,ollama,12b_4b_np1,01,gemma4:12b,embed,docs_rag_qwen3,2026-07-04 12:49:20,confianza/ollama/12b_4b_np1/run_01/sweep.json,1,5604,0,5604,2748,58.0,58.0,1,1
confianza,voz05,repeticiones emparejadas,ollama,ollama,12b_4b_np1,01,gemma4:12b,embed,docs_rag_qwen3,2026-07-04 12:49:20,confianza/ollama/12b_4b_np1/run_01/sweep.json,5,28346,65603,18789.8,14852.8,25.36,74.2,5,5
confianza,voz05,repeticiones emparejadas,ollama,ollama,12b_4b_np1,01,gemma4:12b,embed,docs_rag_qwen3,2026-07-04 12:49:20,confianza/ollama/12b_4b_np1/run_01/sweep.json,10,51231,268512,31974.3,28431.1,13.360000000000001,73.0,10,10
confianza,voz05,repeticiones emparejadas,ollama,ollama,12b_4b_np1,01,gemma4:12b,embed,docs_rag_qwen3,2026-07-04 12:49:20,confianza/ollama/12b_4b_np1/run_01/sweep.json,15,82974,657369,49356.2,45352.73333333333,10.346666666666666,77.4,15,15
confianza,voz05,repeticiones emparejadas,ollama,ollama,12b_4b_np1,01,gemma4:12b,embed,docs_rag_qwen3,2026-07-04 12:49:20,confianza/ollama/12b_4b_np1/run_01/sweep.json,20,108364,1257774,68306.9,64422.9,7.79,75.8,20,20
confianza,voz05,repeticiones emparejadas,ollama,ollama,12b_4b_np1,01,gemma4:12b,embed,docs_rag_qwen3,2026-07-04 12:49:20,confianza/ollama/12b_4b_np1/run_01/sweep.json,25,132189,1756192,75535.24,71834.92,5.9479999999999995,73.5,25,25
confianza,voz05,repeticiones emparejadas,ollama,ollama,12b_4b_np1,05,gemma4:12b,embed,docs_rag_qwen3,2026-07-04 13:16:46,confianza/ollama/12b_4b_np1/run_05/sweep.json,1,4919,0,4919,3475,26.0,26.0,1,1
confianza,voz05,repeticiones emparejadas,ollama,ollama,12b_4b_np1,05,gemma4:12b,embed,docs_rag_qwen3,2026-07-04 13:16:46,confianza/ollama/12b_4b_np1/run_05/sweep.json,5,20278,51868,14429.2,12109.8,18.08,57.0,5,5
confianza,voz05,repeticiones emparejadas,ollama,ollama,12b_4b_np1,05,gemma4:12b,embed,docs_rag_qwen3,2026-07-04 13:16:46,confianza/ollama/12b_4b_np1/run_05/sweep.json,10,44579,224343,26892.2,24000.6,11.78,65.8,10,10
confianza,voz05,repeticiones emparejadas,ollama,ollama,12b_4b_np1,05,gemma4:12b,embed,docs_rag_qwen3,2026-07-04 13:16:46,confianza/ollama/12b_4b_np1/run_05/sweep.json,15,71104,562502,42240.4,39033.333333333336,9.06,70.3,15,15
confianza,voz05,repeticiones emparejadas,ollama,ollama,12b_4b_np1,05,gemma4:12b,embed,docs_rag_qwen3,2026-07-04 13:16:46,confianza/ollama/12b_4b_np1/run_05/sweep.json,20,102094,1166354,63422.4,59940.8,7.045,69.9,20,20
confianza,voz05,repeticiones emparejadas,ollama,ollama,12b_4b_np1,05,gemma4:12b,embed,docs_rag_qwen3,2026-07-04 13:16:46,confianza/ollama/12b_4b_np1/run_05/sweep.json,25,118644,1645204,70553.92,67372.4,5.4,69.1,25,25
confianza,voz05,repeticiones emparejadas,ollama,ollama,12b_4b_np1,07,gemma4:12b,embed,docs_rag_qwen3,2026-07-04 13:29:45,confianza/ollama/12b_4b_np1/run_07/sweep.json,1,8942,0,8942,2727,77.3,77.3,1,1
confianza,voz05,repeticiones emparejadas,ollama,ollama,12b_4b_np1,07,gemma4:12b,embed,docs_rag_qwen3,2026-07-04 13:29:45,confianza/ollama/12b_4b_np1/run_07/sweep.json,5,26041,69699,19148,15520.2,24.12,73.4,5,5
confianza,voz05,repeticiones emparejadas,ollama,ollama,12b_4b_np1,07,gemma4:12b,embed,docs_rag_qwen3,2026-07-04 13:29:45,confianza/ollama/12b_4b_np1/run_07/sweep.json,10,47656,250195,29785.1,26643.5,12.05,67.0,10,10
confianza,voz05,repeticiones emparejadas,ollama,ollama,12b_4b_np1,07,gemma4:12b,embed,docs_rag_qwen3,2026-07-04 13:29:45,confianza/ollama/12b_4b_np1/run_07/sweep.json,15,75207,622085,46486.13333333333,43077.933333333334,9.24,70.2,15,15
confianza,voz05,repeticiones emparejadas,ollama,ollama,12b_4b_np1,07,gemma4:12b,embed,docs_rag_qwen3,2026-07-04 13:29:45,confianza/ollama/12b_4b_np1/run_07/sweep.json,20,98838,1147060,62294.9,58950.4,6.785,69.5,20,20
confianza,voz05,repeticiones emparejadas,ollama,ollama,12b_4b_np1,07,gemma4:12b,embed,docs_rag_qwen3,2026-07-04 13:29:45,confianza/ollama/12b_4b_np1/run_07/sweep.json,25,120967,1786175,76285.68,73038.24,5.428,68.4,25,25
confianza,voz05,repeticiones emparejadas,ollama,ollama,12b_4b_np1,06,gemma4:12b,embed,docs_rag_qwen3,2026-07-04 13:23:19,confianza/ollama/12b_4b_np1/run_06/sweep.json,1,3620,0,3620,2653,23.8,23.8,1,1
confianza,voz05,repeticiones emparejadas,ollama,ollama,12b_4b_np1,06,gemma4:12b,embed,docs_rag_qwen3,2026-07-04 13:23:19,confianza/ollama/12b_4b_np1/run_06/sweep.json,5,24597,56821,16283.6,13073,20.44,64.8,5,5
confianza,voz05,repeticiones emparejadas,ollama,ollama,12b_4b_np1,06,gemma4:12b,embed,docs_rag_qwen3,2026-07-04 13:23:19,confianza/ollama/12b_4b_np1/run_06/sweep.json,10,46740,238991,28573.1,25575.6,11.29,63.3,10,10
confianza,voz05,repeticiones emparejadas,ollama,ollama,12b_4b_np1,06,gemma4:12b,embed,docs_rag_qwen3,2026-07-04 13:23:19,confianza/ollama/12b_4b_np1/run_06/sweep.json,15,67350,545558,40860.53333333333,37954.066666666666,8.226666666666667,64.1,15,15
confianza,voz05,repeticiones emparejadas,ollama,ollama,12b_4b_np1,06,gemma4:12b,embed,docs_rag_qwen3,2026-07-04 13:23:19,confianza/ollama/12b_4b_np1/run_06/sweep.json,20,93783,1031748,56276.55,53218.05,6.25,65.1,20,20
confianza,voz05,repeticiones emparejadas,ollama,ollama,12b_4b_np1,06,gemma4:12b,embed,docs_rag_qwen3,2026-07-04 13:23:19,confianza/ollama/12b_4b_np1/run_06/sweep.json,25,117982,1687861,72233.72,69099.16,5.48,66.9,25,25
confianza,voz05,repeticiones emparejadas,ollama,ollama,12b_4b_np1,10,gemma4:12b,embed,docs_rag_qwen3,2026-07-04 13:49:15,confianza/ollama/12b_4b_np1/run_10/sweep.json,1,5923,0,5923,3506,41.4,41.4,1,1
confianza,voz05,repeticiones emparejadas,ollama,ollama,12b_4b_np1,10,gemma4:12b,embed,docs_rag_qwen3,2026-07-04 13:49:15,confianza/ollama/12b_4b_np1/run_10/sweep.json,5,15840,42699,11707.8,10055,14.700000000000001,50.9,5,5
confianza,voz05,repeticiones emparejadas,ollama,ollama,12b_4b_np1,10,gemma4:12b,embed,docs_rag_qwen3,2026-07-04 13:49:15,confianza/ollama/12b_4b_np1/run_10/sweep.json,10,40000,228748,26874.8,24438.2,10.7,61.0,10,10
confianza,voz05,repeticiones emparejadas,ollama,ollama,12b_4b_np1,10,gemma4:12b,embed,docs_rag_qwen3,2026-07-04 13:49:15,confianza/ollama/12b_4b_np1/run_10/sweep.json,15,73337,600654,44932.73333333333,41615.53333333333,9.106666666666667,69.5,15,15
confianza,voz05,repeticiones emparejadas,ollama,ollama,12b_4b_np1,10,gemma4:12b,embed,docs_rag_qwen3,2026-07-04 13:49:15,confianza/ollama/12b_4b_np1/run_10/sweep.json,20,98220,1066409,58231.45,54909.35,6.7299999999999995,69.3,20,20
confianza,voz05,repeticiones emparejadas,ollama,ollama,12b_4b_np1,10,gemma4:12b,embed,docs_rag_qwen3,2026-07-04 13:49:15,confianza/ollama/12b_4b_np1/run_10/sweep.json,25,124182,1755198,75175.2,71830,5.508,68.5,25,25
confianza,voz05,repeticiones emparejadas,ollama,ollama,12b_4b_np1,09,gemma4:12b,embed,docs_rag_qwen3,2026-07-04 13:42:52,confianza/ollama/12b_4b_np1/run_09/sweep.json,1,7050,0,7050,3200,57.7,57.7,1,1
confianza,voz05,repeticiones emparejadas,ollama,ollama,12b_4b_np1,09,gemma4:12b,embed,docs_rag_qwen3,2026-07-04 13:42:52,confianza/ollama/12b_4b_np1/run_09/sweep.json,5,24006,63042,17409.6,14464.4,20.240000000000002,61.7,5,5
confianza,voz05,repeticiones emparejadas,ollama,ollama,12b_4b_np1,09,gemma4:12b,embed,docs_rag_qwen3,2026-07-04 13:42:52,confianza/ollama/12b_4b_np1/run_09/sweep.json,10,44106,258056,30216.2,27374.5,11.82,66.0,10,10
confianza,voz05,repeticiones emparejadas,ollama,ollama,12b_4b_np1,09,gemma4:12b,embed,docs_rag_qwen3,2026-07-04 13:42:52,confianza/ollama/12b_4b_np1/run_09/sweep.json,15,69454,563354,42187.2,39238.2,8.1,64.3,15,15
confianza,voz05,repeticiones emparejadas,ollama,ollama,12b_4b_np1,09,gemma4:12b,embed,docs_rag_qwen3,2026-07-04 13:42:52,confianza/ollama/12b_4b_np1/run_09/sweep.json,20,91574,1044856,56821.5,53851.45,6.385,66.1,20,20
confianza,voz05,repeticiones emparejadas,ollama,ollama,12b_4b_np1,09,gemma4:12b,embed,docs_rag_qwen3,2026-07-04 13:42:52,confianza/ollama/12b_4b_np1/run_09/sweep.json,25,115462,1707242,72908.16,69885.88,5.172,66.5,25,25
confianza,voz05,repeticiones emparejadas,ollama,ollama,12b_4b_np1,08,gemma4:12b,embed,docs_rag_qwen3,2026-07-04 13:36:34,confianza/ollama/12b_4b_np1/run_08/sweep.json,1,6547,0,6547,3405,47.0,47.0,1,1
confianza,voz05,repeticiones emparejadas,ollama,ollama,12b_4b_np1,08,gemma4:12b,embed,docs_rag_qwen3,2026-07-04 13:36:34,confianza/ollama/12b_4b_np1/run_08/sweep.json,5,24091,60251,16868.4,13664.4,22.04,67.9,5,5
confianza,voz05,repeticiones emparejadas,ollama,ollama,12b_4b_np1,08,gemma4:12b,embed,docs_rag_qwen3,2026-07-04 13:36:34,confianza/ollama/12b_4b_np1/run_08/sweep.json,10,41398,209748,25114.6,22543.9,11.56,64.1,10,10
confianza,voz05,repeticiones emparejadas,ollama,ollama,12b_4b_np1,08,gemma4:12b,embed,docs_rag_qwen3,2026-07-04 13:36:34,confianza/ollama/12b_4b_np1/run_08/sweep.json,15,68227,560799,41935.066666666666,39019.86666666667,8.06,64.9,15,15
confianza,voz05,repeticiones emparejadas,ollama,ollama,12b_4b_np1,08,gemma4:12b,embed,docs_rag_qwen3,2026-07-04 13:36:34,confianza/ollama/12b_4b_np1/run_08/sweep.json,20,89378,1003448,54641.3,51837.3,6.12,63.9,20,20
confianza,voz05,repeticiones emparejadas,ollama,ollama,12b_4b_np1,08,gemma4:12b,embed,docs_rag_qwen3,2026-07-04 13:36:34,confianza/ollama/12b_4b_np1/run_08/sweep.json,25,116391,1703215,72784.24,69747.08,5.248,66.8,25,25
confianza,voz05,repeticiones emparejadas,ollama,ollama,12b_4b_np1,03,gemma4:12b,embed,docs_rag_qwen3,2026-07-04 13:02:55,confianza/ollama/12b_4b_np1/run_03/sweep.json,1,7815,-1,7814,3129,63.6,63.6,1,1
confianza,voz05,repeticiones emparejadas,ollama,ollama,12b_4b_np1,03,gemma4:12b,embed,docs_rag_qwen3,2026-07-04 13:02:55,confianza/ollama/12b_4b_np1/run_03/sweep.json,5,27126,62706,17966.4,14121.2,24.8,75.5,5,5
confianza,voz05,repeticiones emparejadas,ollama,ollama,12b_4b_np1,03,gemma4:12b,embed,docs_rag_qwen3,2026-07-04 13:02:55,confianza/ollama/12b_4b_np1/run_03/sweep.json,10,59145,300184,35932.9,31636.9,14.7,75.3,10,10
confianza,voz05,repeticiones emparejadas,ollama,ollama,12b_4b_np1,03,gemma4:12b,embed,docs_rag_qwen3,2026-07-04 13:02:55,confianza/ollama/12b_4b_np1/run_03/sweep.json,15,79035,642781,48121.066666666666,44425.73333333333,9.36,71.9,15,15
confianza,voz05,repeticiones emparejadas,ollama,ollama,12b_4b_np1,03,gemma4:12b,embed,docs_rag_qwen3,2026-07-04 13:02:55,confianza/ollama/12b_4b_np1/run_03/sweep.json,20,106759,1151144,62895.15,59102.45,7.33,73.1,20,20
confianza,voz05,repeticiones emparejadas,ollama,ollama,12b_4b_np1,03,gemma4:12b,embed,docs_rag_qwen3,2026-07-04 13:02:55,confianza/ollama/12b_4b_np1/run_03/sweep.json,25,133358,1797555,77236.52,73504.08,6.052,73.3,25,25
confianza,voz05,repeticiones emparejadas,ollama,ollama,12b_4b_np1,02,gemma4:12b,embed,docs_rag_qwen3,2026-07-04 12:56:40,confianza/ollama/12b_4b_np1/run_02/sweep.json,1,4449,0,4449,3540,15.1,15.1,1,1
confianza,voz05,repeticiones emparejadas,ollama,ollama,12b_4b_np1,02,gemma4:12b,embed,docs_rag_qwen3,2026-07-04 12:56:40,confianza/ollama/12b_4b_np1/run_02/sweep.json,5,21386,55686,15414.4,12875,20.3,63.0,5,5
confianza,voz05,repeticiones emparejadas,ollama,ollama,12b_4b_np1,02,gemma4:12b,embed,docs_rag_qwen3,2026-07-04 12:56:40,confianza/ollama/12b_4b_np1/run_02/sweep.json,10,43916,238793,28270.9,25471.9,12.08,65.4,10,10
confianza,voz05,repeticiones emparejadas,ollama,ollama,12b_4b_np1,02,gemma4:12b,embed,docs_rag_qwen3,2026-07-04 12:56:40,confianza/ollama/12b_4b_np1/run_02/sweep.json,15,68218,575407,42908.333333333336,39846.13333333333,8.84,70.1,15,15
confianza,voz05,repeticiones emparejadas,ollama,ollama,12b_4b_np1,02,gemma4:12b,embed,docs_rag_qwen3,2026-07-04 12:56:40,confianza/ollama/12b_4b_np1/run_02/sweep.json,20,92606,1095279,59394.25,56313.45,6.905,69.8,20,20
confianza,voz05,repeticiones emparejadas,ollama,ollama,12b_4b_np1,02,gemma4:12b,embed,docs_rag_qwen3,2026-07-04 12:56:40,confianza/ollama/12b_4b_np1/run_02/sweep.json,25,111798,1638907,70028.2,67129.52,5.204,66.8,25,25
confianza,voz05,repeticiones emparejadas,ollama,ollama,26b_4b_np8,04,gemma4:26b,embed,docs_rag_qwen3,2026-07-04 04:10:10,confianza/ollama/26b_4b_np8/run_04/sweep.json,1,3116,0,3116,2350,32.7,32.7,1,1
confianza,voz05,repeticiones emparejadas,ollama,ollama,26b_4b_np8,04,gemma4:26b,embed,docs_rag_qwen3,2026-07-04 04:10:10,confianza/ollama/26b_4b_np8/run_04/sweep.json,5,12944,36725,9933.8,4518,30.04,121.3,5,5
confianza,voz05,repeticiones emparejadas,ollama,ollama,26b_4b_np8,04,gemma4:26b,embed,docs_rag_qwen3,2026-07-04 04:10:10,confianza/ollama/26b_4b_np8/run_04/sweep.json,10,20614,146528,16714.2,7421,22.17,187.8,10,10
confianza,voz05,repeticiones emparejadas,ollama,ollama,26b_4b_np8,04,gemma4:26b,embed,docs_rag_qwen3,2026-07-04 04:10:10,confianza/ollama/26b_4b_np8/run_04/sweep.json,15,187447,293883,32088.666666666668,12393.285714285714,13.853333333333333,24.7,15,15
confianza,voz05,repeticiones emparejadas,ollama,ollama,26b_4b_np8,04,gemma4:26b,embed,docs_rag_qwen3,2026-07-04 04:10:10,confianza/ollama/26b_4b_np8/run_04/sweep.json,20,41392,551100,29624.6,19502.35,11.3,161.4,20,20
confianza,voz05,repeticiones emparejadas,ollama,ollama,26b_4b_np8,04,gemma4:26b,embed,docs_rag_qwen3,2026-07-04 04:10:10,confianza/ollama/26b_4b_np8/run_04/sweep.json,25,184843,799390,39369.32,23199.333333333332,8.744,40.4,25,25
confianza,voz05,repeticiones emparejadas,ollama,ollama,26b_4b_np8,01,gemma4:26b,embed,docs_rag_qwen3,2026-07-04 03:44:43,confianza/ollama/26b_4b_np8/run_01/sweep.json,1,4178,-1,4177,2147,85.2,85.2,1,1
confianza,voz05,repeticiones emparejadas,ollama,ollama,26b_4b_np8,01,gemma4:26b,embed,docs_rag_qwen3,2026-07-04 03:44:43,confianza/ollama/26b_4b_np8/run_01/sweep.json,5,14314,48334,12529.6,5487.6,30.02,134.1,5,5
confianza,voz05,repeticiones emparejadas,ollama,ollama,26b_4b_np8,01,gemma4:26b,embed,docs_rag_qwen3,2026-07-04 03:44:43,confianza/ollama/26b_4b_np8/run_01/sweep.json,10,20191,141380,16157.1,7839.1,22.46,185.2,10,10
confianza,voz05,repeticiones emparejadas,ollama,ollama,26b_4b_np8,01,gemma4:26b,embed,docs_rag_qwen3,2026-07-04 03:44:43,confianza/ollama/26b_4b_np8/run_01/sweep.json,15,30830,320298,23408.533333333333,13527.533333333333,17.7,201.2,15,15
confianza,voz05,repeticiones emparejadas,ollama,ollama,26b_4b_np8,01,gemma4:26b,embed,docs_rag_qwen3,2026-07-04 03:44:43,confianza/ollama/26b_4b_np8/run_01/sweep.json,20,45926,574938,31043.2,19269.35,13.53,178.0,20,20
confianza,voz05,repeticiones emparejadas,ollama,ollama,26b_4b_np8,01,gemma4:26b,embed,docs_rag_qwen3,2026-07-04 03:44:43,confianza/ollama/26b_4b_np8/run_01/sweep.json,25,58725,917658,39055.32,26882.48,10.315999999999999,168.3,25,25
confianza,voz05,repeticiones emparejadas,ollama,ollama,26b_4b_np8,05,gemma4:26b,embed,docs_rag_qwen3,2026-07-04 04:18:40,confianza/ollama/26b_4b_np8/run_05/sweep.json,1,3347,0,3347,2434,31.7,31.7,1,1
confianza,voz05,repeticiones emparejadas,ollama,ollama,26b_4b_np8,05,gemma4:26b,embed,docs_rag_qwen3,2026-07-04 04:18:40,confianza/ollama/26b_4b_np8/run_05/sweep.json,5,11700,34452,9230.4,5448,26.12,108.0,5,5
confianza,voz05,repeticiones emparejadas,ollama,ollama,26b_4b_np8,05,gemma4:26b,embed,docs_rag_qwen3,2026-07-04 04:18:40,confianza/ollama/26b_4b_np8/run_05/sweep.json,10,18290,132753,15104.3,7772.2,16.31,139.1,10,10
confianza,voz05,repeticiones emparejadas,ollama,ollama,26b_4b_np8,05,gemma4:26b,embed,docs_rag_qwen3,2026-07-04 04:18:40,confianza/ollama/26b_4b_np8/run_05/sweep.json,15,28245,301145,21959.333333333332,13207.266666666666,14.1,169.2,15,15
confianza,voz05,repeticiones emparejadas,ollama,ollama,26b_4b_np8,05,gemma4:26b,embed,docs_rag_qwen3,2026-07-04 04:18:40,confianza/ollama/26b_4b_np8/run_05/sweep.json,20,42990,583421,31320.55,20738.7,10.865,158.1,20,20
confianza,voz05,repeticiones emparejadas,ollama,ollama,26b_4b_np8,05,gemma4:26b,embed,docs_rag_qwen3,2026-07-04 04:18:40,confianza/ollama/26b_4b_np8/run_05/sweep.json,25,47546,784341,33275.48,23672.04,8.504,148.1,25,25
confianza,voz05,repeticiones emparejadas,ollama,ollama,26b_4b_np8,07,gemma4:26b,embed,docs_rag_qwen3,2026-07-04 04:24:53,confianza/ollama/26b_4b_np8/run_07/sweep.json,1,6068,-1,6067,2017,114.4,114.4,1,1
confianza,voz05,repeticiones emparejadas,ollama,ollama,26b_4b_np8,07,gemma4:26b,embed,docs_rag_qwen3,2026-07-04 04:24:53,confianza/ollama/26b_4b_np8/run_07/sweep.json,5,12864,39425,10457.8,4621.8,29.8,132.2,5,5
confianza,voz05,repeticiones emparejadas,ollama,ollama,26b_4b_np8,07,gemma4:26b,embed,docs_rag_qwen3,2026-07-04 04:24:53,confianza/ollama/26b_4b_np8/run_07/sweep.json,10,19741,136295,15603.6,7994.4,18.14,154.1,10,10
confianza,voz05,repeticiones emparejadas,ollama,ollama,26b_4b_np8,07,gemma4:26b,embed,docs_rag_qwen3,2026-07-04 04:24:53,confianza/ollama/26b_4b_np8/run_07/sweep.json,15,29153,314825,22931.866666666665,13392.533333333333,12.88,157.0,15,15
confianza,voz05,repeticiones emparejadas,ollama,ollama,26b_4b_np8,07,gemma4:26b,embed,docs_rag_qwen3,2026-07-04 04:24:53,confianza/ollama/26b_4b_np8/run_07/sweep.json,20,39448,549451,29444.95,19118.15,10.23,156.5,20,20
confianza,voz05,repeticiones emparejadas,ollama,ollama,26b_4b_np8,07,gemma4:26b,embed,docs_rag_qwen3,2026-07-04 04:24:53,confianza/ollama/26b_4b_np8/run_07/sweep.json,25,47565,814703,34490.72,24484.64,8.86,159.2,25,25
confianza,voz05,repeticiones emparejadas,ollama,ollama,26b_4b_np8,06,gemma4:26b,embed,docs_rag_qwen3,2026-07-04 04:21:45,confianza/ollama/26b_4b_np8/run_06/sweep.json,1,2498,0,2498,1936,27.6,27.6,1,1
confianza,voz05,repeticiones emparejadas,ollama,ollama,26b_4b_np8,06,gemma4:26b,embed,docs_rag_qwen3,2026-07-04 04:21:45,confianza/ollama/26b_4b_np8/run_06/sweep.json,5,13425,41053,10895.6,5177.8,26.560000000000002,117.8,5,5
confianza,voz05,repeticiones emparejadas,ollama,ollama,26b_4b_np8,06,gemma4:26b,embed,docs_rag_qwen3,2026-07-04 04:21:45,confianza/ollama/26b_4b_np8/run_06/sweep.json,10,20458,140493,16095.1,8722.4,15.67,133.3,10,10
confianza,voz05,repeticiones emparejadas,ollama,ollama,26b_4b_np8,06,gemma4:26b,embed,docs_rag_qwen3,2026-07-04 04:21:45,confianza/ollama/26b_4b_np8/run_06/sweep.json,15,29288,298332,21841.333333333332,12916.733333333334,10.306666666666667,125.2,15,15
confianza,voz05,repeticiones emparejadas,ollama,ollama,26b_4b_np8,06,gemma4:26b,embed,docs_rag_qwen3,2026-07-04 04:21:45,confianza/ollama/26b_4b_np8/run_06/sweep.json,20,40521,575572,30804.65,20391.15,9.655,147.7,20,20
confianza,voz05,repeticiones emparejadas,ollama,ollama,26b_4b_np8,06,gemma4:26b,embed,docs_rag_qwen3,2026-07-04 04:21:45,confianza/ollama/26b_4b_np8/run_06/sweep.json,25,49965,820968,34837.32,24546.48,8.18,148.5,25,25
confianza,voz05,repeticiones emparejadas,ollama,ollama,26b_4b_np8,10,gemma4:26b,embed,docs_rag_qwen3,2026-07-04 04:44:59,confianza/ollama/26b_4b_np8/run_10/sweep.json,1,4604,0,4604,2649,65.8,65.8,1,1
confianza,voz05,repeticiones emparejadas,ollama,ollama,26b_4b_np8,10,gemma4:26b,embed,docs_rag_qwen3,2026-07-04 04:44:59,confianza/ollama/26b_4b_np8/run_10/sweep.json,5,11448,37476,9784.8,4796.6,20.919999999999998,94.9,5,5
confianza,voz05,repeticiones emparejadas,ollama,ollama,26b_4b_np8,10,gemma4:26b,embed,docs_rag_qwen3,2026-07-04 04:44:59,confianza/ollama/26b_4b_np8/run_10/sweep.json,10,19241,129945,14918.6,8311.4,14.53,119.6,10,10
confianza,voz05,repeticiones emparejadas,ollama,ollama,26b_4b_np8,10,gemma4:26b,embed,docs_rag_qwen3,2026-07-04 04:44:59,confianza/ollama/26b_4b_np8/run_10/sweep.json,15,28639,287649,21085.866666666665,12503.066666666668,13.586666666666666,157.3,15,15
confianza,voz05,repeticiones emparejadas,ollama,ollama,26b_4b_np8,10,gemma4:26b,embed,docs_rag_qwen3,2026-07-04 04:44:59,confianza/ollama/26b_4b_np8/run_10/sweep.json,20,39346,545949,29264.75,19106.45,11.71,170.1,20,20
confianza,voz05,repeticiones emparejadas,ollama,ollama,26b_4b_np8,10,gemma4:26b,embed,docs_rag_qwen3,2026-07-04 04:44:59,confianza/ollama/26b_4b_np8/run_10/sweep.json,25,51975,843562,35821.48,24662,9.348,162.0,25,25
confianza,voz05,repeticiones emparejadas,ollama,ollama,26b_4b_np8,09,gemma4:26b,embed,docs_rag_qwen3,2026-07-04 04:33:53,confianza/ollama/26b_4b_np8/run_09/sweep.json,1,5910,0,5910,2729,83.9,83.9,1,1
confianza,voz05,repeticiones emparejadas,ollama,ollama,26b_4b_np8,09,gemma4:26b,embed,docs_rag_qwen3,2026-07-04 04:33:53,confianza/ollama/26b_4b_np8/run_09/sweep.json,5,13216,42345,11112.2,5152.2,23.18,105.2,5,5
confianza,voz05,repeticiones emparejadas,ollama,ollama,26b_4b_np8,09,gemma4:26b,embed,docs_rag_qwen3,2026-07-04 04:33:53,confianza/ollama/26b_4b_np8/run_09/sweep.json,10,183643,138785,32242.8,7203.333333333333,18.35,16.2,10,10
confianza,voz05,repeticiones emparejadas,ollama,ollama,26b_4b_np8,09,gemma4:26b,embed,docs_rag_qwen3,2026-07-04 04:33:53,confianza/ollama/26b_4b_np8/run_09/sweep.json,15,188653,357078,36382.066666666666,16698.714285714286,10.48,22.0,15,15
confianza,voz05,repeticiones emparejadas,ollama,ollama,26b_4b_np8,09,gemma4:26b,embed,docs_rag_qwen3,2026-07-04 04:33:53,confianza/ollama/26b_4b_np8/run_09/sweep.json,20,191850,597047,39444.85,20936.473684210527,9.715,31.1,20,20
confianza,voz05,repeticiones emparejadas,ollama,ollama,26b_4b_np8,09,gemma4:26b,embed,docs_rag_qwen3,2026-07-04 04:33:53,confianza/ollama/26b_4b_np8/run_09/sweep.json,25,48814,786759,33422.92,23517.76,8.552,148.6,25,25
confianza,voz05,repeticiones emparejadas,ollama,ollama,26b_4b_np8,08,gemma4:26b,embed,docs_rag_qwen3,2026-07-04 04:28:02,confianza/ollama/26b_4b_np8/run_08/sweep.json,1,4716,0,4716,2467,72.1,72.1,1,1
confianza,voz05,repeticiones emparejadas,ollama,ollama,26b_4b_np8,08,gemma4:26b,embed,docs_rag_qwen3,2026-07-04 04:28:02,confianza/ollama/26b_4b_np8/run_08/sweep.json,5,11767,41880,10729.4,5199.6,24.18,111.8,5,5
confianza,voz05,repeticiones emparejadas,ollama,ollama,26b_4b_np8,08,gemma4:26b,embed,docs_rag_qwen3,2026-07-04 04:28:02,confianza/ollama/26b_4b_np8/run_08/sweep.json,10,17834,133223,15105.7,8084.4,17.21,149.0,10,10
confianza,voz05,repeticiones emparejadas,ollama,ollama,26b_4b_np8,08,gemma4:26b,embed,docs_rag_qwen3,2026-07-04 04:28:02,confianza/ollama/26b_4b_np8/run_08/sweep.json,15,31139,314344,23032.2,13620.4,12.653333333333334,141.8,15,15
confianza,voz05,repeticiones emparejadas,ollama,ollama,26b_4b_np8,08,gemma4:26b,embed,docs_rag_qwen3,2026-07-04 04:28:02,confianza/ollama/26b_4b_np8/run_08/sweep.json,20,36563,498638,26760.05,17801.7,10.64,155.8,20,20
confianza,voz05,repeticiones emparejadas,ollama,ollama,26b_4b_np8,08,gemma4:26b,embed,docs_rag_qwen3,2026-07-04 04:28:02,confianza/ollama/26b_4b_np8/run_08/sweep.json,25,187365,801002,39534.68,23857.291666666668,8.608,36.4,25,25
confianza,voz05,repeticiones emparejadas,ollama,ollama,26b_4b_np8,03,gemma4:26b,embed,docs_rag_qwen3,2026-07-04 03:56:25,confianza/ollama/26b_4b_np8/run_03/sweep.json,1,8376,-1,8375,8060,6.6,6.6,1,1
confianza,voz05,repeticiones emparejadas,ollama,ollama,26b_4b_np8,03,gemma4:26b,embed,docs_rag_qwen3,2026-07-04 03:56:25,confianza/ollama/26b_4b_np8/run_03/sweep.json,5,20303,61019,16264.4,10959.8,19.78,89.6,5,5
confianza,voz05,repeticiones emparejadas,ollama,ollama,26b_4b_np8,03,gemma4:26b,embed,docs_rag_qwen3,2026-07-04 03:56:25,confianza/ollama/26b_4b_np8/run_03/sweep.json,10,183090,147002,33009.2,7399.444444444444,19.28,17.8,10,10
confianza,voz05,repeticiones emparejadas,ollama,ollama,26b_4b_np8,03,gemma4:26b,embed,docs_rag_qwen3,2026-07-04 03:56:25,confianza/ollama/26b_4b_np8/run_03/sweep.json,15,184163,494124,45219.13333333333,14803.461538461539,12.826666666666666,25.3,15,15
confianza,voz05,repeticiones emparejadas,ollama,ollama,26b_4b_np8,03,gemma4:26b,embed,docs_rag_qwen3,2026-07-04 03:56:25,confianza/ollama/26b_4b_np8/run_03/sweep.json,20,184683,560997,37284,20193.263157894737,10.685,33.3,20,20
confianza,voz05,repeticiones emparejadas,ollama,ollama,26b_4b_np8,03,gemma4:26b,embed,docs_rag_qwen3,2026-07-04 03:56:25,confianza/ollama/26b_4b_np8/run_03/sweep.json,25,184741,816975,40068.64,23419.583333333332,9.776,44.1,25,25
confianza,voz05,repeticiones emparejadas,ollama,ollama,26b_4b_np8,02,gemma4:26b,embed,docs_rag_qwen3,2026-07-04 03:48:09,confianza/ollama/26b_4b_np8/run_02/sweep.json,1,3246,-1,3245,2585,17.6,17.6,1,1
confianza,voz05,repeticiones emparejadas,ollama,ollama,26b_4b_np8,02,gemma4:26b,embed,docs_rag_qwen3,2026-07-04 03:48:09,confianza/ollama/26b_4b_np8/run_02/sweep.json,5,12200,40492,10538.4,4996.2,21.12,96.6,5,5
confianza,voz05,repeticiones emparejadas,ollama,ollama,26b_4b_np8,02,gemma4:26b,embed,docs_rag_qwen3,2026-07-04 03:48:09,confianza/ollama/26b_4b_np8/run_02/sweep.json,10,16178,127599,14377.7,8442.7,15.39,138.2,10,10
confianza,voz05,repeticiones emparejadas,ollama,ollama,26b_4b_np8,02,gemma4:26b,embed,docs_rag_qwen3,2026-07-04 03:48:09,confianza/ollama/26b_4b_np8/run_02/sweep.json,15,26511,290325,21122.4,12735.933333333332,12.773333333333333,154.6,15,15
confianza,voz05,repeticiones emparejadas,ollama,ollama,26b_4b_np8,02,gemma4:26b,embed,docs_rag_qwen3,2026-07-04 03:48:09,confianza/ollama/26b_4b_np8/run_02/sweep.json,20,187144,524183,35566.35,18422.105263157893,9.5,27.7,20,20
confianza,voz05,repeticiones emparejadas,ollama,ollama,26b_4b_np8,02,gemma4:26b,embed,docs_rag_qwen3,2026-07-04 03:48:09,confianza/ollama/26b_4b_np8/run_02/sweep.json,25,191057,765774,38273.24,22633.958333333332,8.192,33.0,25,25
confianza,voz05,repeticiones emparejadas,ollama,ollama,12b_4b_np8,04,gemma4:12b,embed,docs_rag_qwen3,2026-07-04 05:47:27,confianza/ollama/12b_4b_np8/run_04/sweep.json,1,4677,-1,4676,3300,25.2,25.2,1,1
confianza,voz05,repeticiones emparejadas,ollama,ollama,12b_4b_np8,04,gemma4:12b,embed,docs_rag_qwen3,2026-07-04 05:47:27,confianza/ollama/12b_4b_np8/run_04/sweep.json,5,18676,54552,14645.6,7026.2,17.8,76.2,5,5
confianza,voz05,repeticiones emparejadas,ollama,ollama,12b_4b_np8,04,gemma4:12b,embed,docs_rag_qwen3,2026-07-04 05:47:27,confianza/ollama/12b_4b_np8/run_04/sweep.json,10,28709,212526,24123.5,11869.1,14.61,130.1,10,10
confianza,voz05,repeticiones emparejadas,ollama,ollama,12b_4b_np8,04,gemma4:12b,embed,docs_rag_qwen3,2026-07-04 05:47:27,confianza/ollama/12b_4b_np8/run_04/sweep.json,15,44924,473918,34589.46666666667,20328.066666666666,8.626666666666667,105.5,15,15
confianza,voz05,repeticiones emparejadas,ollama,ollama,12b_4b_np8,04,gemma4:12b,embed,docs_rag_qwen3,2026-07-04 05:47:27,confianza/ollama/12b_4b_np8/run_04/sweep.json,20,59106,754318,40671.2,26702.4,7.43,107.3,20,20
confianza,voz05,repeticiones emparejadas,ollama,ollama,12b_4b_np8,04,gemma4:12b,embed,docs_rag_qwen3,2026-07-04 05:47:27,confianza/ollama/12b_4b_np8/run_04/sweep.json,25,72912,1192943,50634.2,35722.28,6.08,105.2,25,25
confianza,voz05,repeticiones emparejadas,ollama,ollama,12b_4b_np8,01,gemma4:12b,embed,docs_rag_qwen3,2026-07-04 05:33:23,confianza/ollama/12b_4b_np8/run_01/sweep.json,1,4799,0,4799,2501,53.3,53.3,1,1
confianza,voz05,repeticiones emparejadas,ollama,ollama,12b_4b_np8,01,gemma4:12b,embed,docs_rag_qwen3,2026-07-04 05:33:23,confianza/ollama/12b_4b_np8/run_01/sweep.json,5,21599,69338,18187.4,7159,23.06,99.8,5,5
confianza,voz05,repeticiones emparejadas,ollama,ollama,12b_4b_np8,01,gemma4:12b,embed,docs_rag_qwen3,2026-07-04 05:33:23,confianza/ollama/12b_4b_np8/run_01/sweep.json,10,29591,218034,24762.5,11600.1,16.07,135.8,10,10
confianza,voz05,repeticiones emparejadas,ollama,ollama,12b_4b_np8,01,gemma4:12b,embed,docs_rag_qwen3,2026-07-04 05:33:23,confianza/ollama/12b_4b_np8/run_01/sweep.json,15,56990,571091,41872.066666666666,23481.533333333333,10.76,119.1,15,15
confianza,voz05,repeticiones emparejadas,ollama,ollama,12b_4b_np8,01,gemma4:12b,embed,docs_rag_qwen3,2026-07-04 05:33:23,confianza/ollama/12b_4b_np8/run_01/sweep.json,20,64591,898304,48144.75,31116.65,8.745,126.0,20,20
confianza,voz05,repeticiones emparejadas,ollama,ollama,12b_4b_np8,01,gemma4:12b,embed,docs_rag_qwen3,2026-07-04 05:33:23,confianza/ollama/12b_4b_np8/run_01/sweep.json,25,79414,1345991,57016.2,39739.6,6.9719999999999995,119.6,25,25
confianza,voz05,repeticiones emparejadas,ollama,ollama,12b_4b_np8,05,gemma4:12b,embed,docs_rag_qwen3,2026-07-04 05:51:47,confianza/ollama/12b_4b_np8/run_05/sweep.json,1,4782,0,4782,3328,26.1,26.1,1,1
confianza,voz05,repeticiones emparejadas,ollama,ollama,12b_4b_np8,05,gemma4:12b,embed,docs_rag_qwen3,2026-07-04 05:51:47,confianza/ollama/12b_4b_np8/run_05/sweep.json,5,17421,60201,15524.4,7814.6,15.26,70.1,5,5
confianza,voz05,repeticiones emparejadas,ollama,ollama,12b_4b_np8,05,gemma4:12b,embed,docs_rag_qwen3,2026-07-04 05:51:47,confianza/ollama/12b_4b_np8/run_05/sweep.json,10,29949,229158,25910.7,13377.3,10.59,93.9,10,10
confianza,voz05,repeticiones emparejadas,ollama,ollama,12b_4b_np8,05,gemma4:12b,embed,docs_rag_qwen3,2026-07-04 05:51:47,confianza/ollama/12b_4b_np8/run_05/sweep.json,15,47822,525088,38194,22484.6,8.493333333333334,105.2,15,15
confianza,voz05,repeticiones emparejadas,ollama,ollama,12b_4b_np8,05,gemma4:12b,embed,docs_rag_qwen3,2026-07-04 05:51:47,confianza/ollama/12b_4b_np8/run_05/sweep.json,20,65114,879291,47220.25,30803.1,7.58,108.3,20,20
confianza,voz05,repeticiones emparejadas,ollama,ollama,12b_4b_np8,05,gemma4:12b,embed,docs_rag_qwen3,2026-07-04 05:51:47,confianza/ollama/12b_4b_np8/run_05/sweep.json,25,75606,1271365,53878.84,37725.12,6.296,111.1,25,25
confianza,voz05,repeticiones emparejadas,ollama,ollama,12b_4b_np8,07,gemma4:12b,embed,docs_rag_qwen3,2026-07-04 06:00:54,confianza/ollama/12b_4b_np8/run_07/sweep.json,1,8371,0,8371,2298,77.8,77.8,1,1
confianza,voz05,repeticiones emparejadas,ollama,ollama,12b_4b_np8,07,gemma4:12b,embed,docs_rag_qwen3,2026-07-04 06:00:54,confianza/ollama/12b_4b_np8/run_07/sweep.json,5,15357,55296,14130.6,7108.4,21.8,105.0,5,5
confianza,voz05,repeticiones emparejadas,ollama,ollama,12b_4b_np8,07,gemma4:12b,embed,docs_rag_qwen3,2026-07-04 06:00:54,confianza/ollama/12b_4b_np8/run_07/sweep.json,10,29974,220151,25012.5,11114.6,14.13,124.0,10,10
confianza,voz05,repeticiones emparejadas,ollama,ollama,12b_4b_np8,07,gemma4:12b,embed,docs_rag_qwen3,2026-07-04 06:00:54,confianza/ollama/12b_4b_np8/run_07/sweep.json,15,50506,517340,37856.4,22808.933333333334,8.546666666666667,99.9,15,15
confianza,voz05,repeticiones emparejadas,ollama,ollama,12b_4b_np8,07,gemma4:12b,embed,docs_rag_qwen3,2026-07-04 06:00:54,confianza/ollama/12b_4b_np8/run_07/sweep.json,20,63830,868113,46597.15,30808.6,7.15,105.1,20,20
confianza,voz05,repeticiones emparejadas,ollama,ollama,12b_4b_np8,07,gemma4:12b,embed,docs_rag_qwen3,2026-07-04 06:00:54,confianza/ollama/12b_4b_np8/run_07/sweep.json,25,75849,1246786,52905.4,37144.56,6.228,107.9,25,25
confianza,voz05,repeticiones emparejadas,ollama,ollama,12b_4b_np8,06,gemma4:12b,embed,docs_rag_qwen3,2026-07-04 05:56:20,confianza/ollama/12b_4b_np8/run_06/sweep.json,1,3396,0,3396,2419,26.8,26.8,1,1
confianza,voz05,repeticiones emparejadas,ollama,ollama,12b_4b_np8,06,gemma4:12b,embed,docs_rag_qwen3,2026-07-04 05:56:20,confianza/ollama/12b_4b_np8/run_06/sweep.json,5,21560,70758,18463.6,7363.8,17.5,79.1,5,5
confianza,voz05,repeticiones emparejadas,ollama,ollama,12b_4b_np8,06,gemma4:12b,embed,docs_rag_qwen3,2026-07-04 05:56:20,confianza/ollama/12b_4b_np8/run_06/sweep.json,10,29985,222711,25269.6,13577.7,10.9,98.3,10,10
confianza,voz05,repeticiones emparejadas,ollama,ollama,12b_4b_np8,06,gemma4:12b,embed,docs_rag_qwen3,2026-07-04 05:56:20,confianza/ollama/12b_4b_np8/run_06/sweep.json,15,47172,497250,36294.8,22303.2,7.4799999999999995,90.0,15,15
confianza,voz05,repeticiones emparejadas,ollama,ollama,12b_4b_np8,06,gemma4:12b,embed,docs_rag_qwen3,2026-07-04 05:56:20,confianza/ollama/12b_4b_np8/run_06/sweep.json,20,63688,855452,45957,30162.7,6.6,98.2,20,20
confianza,voz05,repeticiones emparejadas,ollama,ollama,12b_4b_np8,06,gemma4:12b,embed,docs_rag_qwen3,2026-07-04 05:56:20,confianza/ollama/12b_4b_np8/run_06/sweep.json,25,78307,1264302,53704.36,36933.8,6.164,107.8,25,25
confianza,voz05,repeticiones emparejadas,ollama,ollama,12b_4b_np8,10,gemma4:12b,embed,docs_rag_qwen3,2026-07-04 06:14:28,confianza/ollama/12b_4b_np8/run_10/sweep.json,1,6194,0,6194,3229,48.1,48.1,1,1
confianza,voz05,repeticiones emparejadas,ollama,ollama,12b_4b_np8,10,gemma4:12b,embed,docs_rag_qwen3,2026-07-04 06:14:28,confianza/ollama/12b_4b_np8/run_10/sweep.json,5,15649,51866,13503,7109.4,14.56,66.0,5,5
confianza,voz05,repeticiones emparejadas,ollama,ollama,12b_4b_np8,10,gemma4:12b,embed,docs_rag_qwen3,2026-07-04 06:14:28,confianza/ollama/12b_4b_np8/run_10/sweep.json,10,26860,190658,21751.8,11902.9,10.36,87.5,10,10
confianza,voz05,repeticiones emparejadas,ollama,ollama,12b_4b_np8,10,gemma4:12b,embed,docs_rag_qwen3,2026-07-04 06:14:28,confianza/ollama/12b_4b_np8/run_10/sweep.json,15,44639,481148,35052.46666666667,20870.933333333334,9.22,109.8,15,15
confianza,voz05,repeticiones emparejadas,ollama,ollama,12b_4b_np8,10,gemma4:12b,embed,docs_rag_qwen3,2026-07-04 06:14:28,confianza/ollama/12b_4b_np8/run_10/sweep.json,20,63932,866661,46529.65,29754.75,7.76,111.9,20,20
confianza,voz05,repeticiones emparejadas,ollama,ollama,12b_4b_np8,10,gemma4:12b,embed,docs_rag_qwen3,2026-07-04 06:14:28,confianza/ollama/12b_4b_np8/run_10/sweep.json,25,78866,1299877,55149.72,38373.4,6.528,112.6,25,25
confianza,voz05,repeticiones emparejadas,ollama,ollama,12b_4b_np8,09,gemma4:12b,embed,docs_rag_qwen3,2026-07-04 06:09:54,confianza/ollama/12b_4b_np8/run_09/sweep.json,1,7572,0,7572,3301,55.9,55.9,1,1
confianza,voz05,repeticiones emparejadas,ollama,ollama,12b_4b_np8,09,gemma4:12b,embed,docs_rag_qwen3,2026-07-04 06:09:54,confianza/ollama/12b_4b_np8/run_09/sweep.json,5,22857,77424,20056.2,7780.6,15.88,74.6,5,5
confianza,voz05,repeticiones emparejadas,ollama,ollama,12b_4b_np8,09,gemma4:12b,embed,docs_rag_qwen3,2026-07-04 06:09:54,confianza/ollama/12b_4b_np8/run_09/sweep.json,10,28870,202293,23116.3,11387.8,12.42,107.5,10,10
confianza,voz05,repeticiones emparejadas,ollama,ollama,12b_4b_np8,09,gemma4:12b,embed,docs_rag_qwen3,2026-07-04 06:09:54,confianza/ollama/12b_4b_np8/run_09/sweep.json,15,48595,490330,35928.333333333336,21232.733333333334,8.053333333333333,93.3,15,15
confianza,voz05,repeticiones emparejadas,ollama,ollama,12b_4b_np8,09,gemma4:12b,embed,docs_rag_qwen3,2026-07-04 06:09:54,confianza/ollama/12b_4b_np8/run_09/sweep.json,20,61039,854390,45771.45,30590.05,6.59,99.8,20,20
confianza,voz05,repeticiones emparejadas,ollama,ollama,12b_4b_np8,09,gemma4:12b,embed,docs_rag_qwen3,2026-07-04 06:09:54,confianza/ollama/12b_4b_np8/run_09/sweep.json,25,73772,1315143,55556.6,40024.48,5.884,103.6,25,25
confianza,voz05,repeticiones emparejadas,ollama,ollama,12b_4b_np8,08,gemma4:12b,embed,docs_rag_qwen3,2026-07-04 06:05:29,confianza/ollama/12b_4b_np8/run_08/sweep.json,1,6212,0,6212,3200,46.2,46.2,1,1
confianza,voz05,repeticiones emparejadas,ollama,ollama,12b_4b_np8,08,gemma4:12b,embed,docs_rag_qwen3,2026-07-04 06:05:29,confianza/ollama/12b_4b_np8/run_08/sweep.json,5,17487,63595,16216.4,8183,15.66,73.6,5,5
confianza,voz05,repeticiones emparejadas,ollama,ollama,12b_4b_np8,08,gemma4:12b,embed,docs_rag_qwen3,2026-07-04 06:05:29,confianza/ollama/12b_4b_np8/run_08/sweep.json,10,30015,213720,24373.5,12232.5,11.51,97.1,10,10
confianza,voz05,repeticiones emparejadas,ollama,ollama,12b_4b_np8,08,gemma4:12b,embed,docs_rag_qwen3,2026-07-04 06:05:29,confianza/ollama/12b_4b_np8/run_08/sweep.json,15,46920,478187,35007.13333333333,20667.866666666665,8.52,100.4,15,15
confianza,voz05,repeticiones emparejadas,ollama,ollama,12b_4b_np8,08,gemma4:12b,embed,docs_rag_qwen3,2026-07-04 06:05:29,confianza/ollama/12b_4b_np8/run_08/sweep.json,20,60670,838723,44969.65,30445.65,6.28,92.7,20,20
confianza,voz05,repeticiones emparejadas,ollama,ollama,12b_4b_np8,08,gemma4:12b,embed,docs_rag_qwen3,2026-07-04 06:05:29,confianza/ollama/12b_4b_np8/run_08/sweep.json,25,71228,1212048,51331.04,36608.68,5.644,100.5,25,25
confianza,voz05,repeticiones emparejadas,ollama,ollama,12b_4b_np8,03,gemma4:12b,embed,docs_rag_qwen3,2026-07-04 05:42:31,confianza/ollama/12b_4b_np8/run_03/sweep.json,1,7164,0,7164,2882,62.0,62.0,1,1
confianza,voz05,repeticiones emparejadas,ollama,ollama,12b_4b_np8,03,gemma4:12b,embed,docs_rag_qwen3,2026-07-04 05:42:31,confianza/ollama/12b_4b_np8/run_03/sweep.json,5,23687,75201,19777.6,7501.4,22.2,95.4,5,5
confianza,voz05,repeticiones emparejadas,ollama,ollama,12b_4b_np8,03,gemma4:12b,embed,docs_rag_qwen3,2026-07-04 05:42:31,confianza/ollama/12b_4b_np8/run_03/sweep.json,10,34759,249976,28473.5,13719.6,14.0,114.8,10,10
confianza,voz05,repeticiones emparejadas,ollama,ollama,12b_4b_np8,03,gemma4:12b,embed,docs_rag_qwen3,2026-07-04 05:42:31,confianza/ollama/12b_4b_np8/run_03/sweep.json,15,51587,539310,39393.13333333333,22568.4,10.373333333333333,117.2,15,15
confianza,voz05,repeticiones emparejadas,ollama,ollama,12b_4b_np8,03,gemma4:12b,embed,docs_rag_qwen3,2026-07-04 05:42:31,confianza/ollama/12b_4b_np8/run_03/sweep.json,20,66115,903655,48488.5,31346.7,8.695,122.3,20,20
confianza,voz05,repeticiones emparejadas,ollama,ollama,12b_4b_np8,03,gemma4:12b,embed,docs_rag_qwen3,2026-07-04 05:42:31,confianza/ollama/12b_4b_np8/run_03/sweep.json,25,81043,1356528,57502.84,40167.76,6.936,119.6,25,25
confianza,voz05,repeticiones emparejadas,ollama,ollama,12b_4b_np8,02,gemma4:12b,embed,docs_rag_qwen3,2026-07-04 05:38:12,confianza/ollama/12b_4b_np8/run_02/sweep.json,1,4192,0,4192,3221,15.5,15.5,1,1
confianza,voz05,repeticiones emparejadas,ollama,ollama,12b_4b_np8,02,gemma4:12b,embed,docs_rag_qwen3,2026-07-04 05:38:12,confianza/ollama/12b_4b_np8/run_02/sweep.json,5,19831,63503,16666.8,7188.6,17.62,79.8,5,5
confianza,voz05,repeticiones emparejadas,ollama,ollama,12b_4b_np8,02,gemma4:12b,embed,docs_rag_qwen3,2026-07-04 05:38:12,confianza/ollama/12b_4b_np8/run_02/sweep.json,10,29653,207502,23715.5,12575.1,10.73,89.9,10,10
confianza,voz05,repeticiones emparejadas,ollama,ollama,12b_4b_np8,02,gemma4:12b,embed,docs_rag_qwen3,2026-07-04 05:38:12,confianza/ollama/12b_4b_np8/run_02/sweep.json,15,47949,516317,37617.73333333333,22634.533333333333,9.046666666666667,108.1,15,15
confianza,voz05,repeticiones emparejadas,ollama,ollama,12b_4b_np8,02,gemma4:12b,embed,docs_rag_qwen3,2026-07-04 05:38:12,confianza/ollama/12b_4b_np8/run_02/sweep.json,20,58443,792721,42558.2,28047.6,7.755,108.7,20,20
confianza,voz05,repeticiones emparejadas,ollama,ollama,12b_4b_np8,02,gemma4:12b,embed,docs_rag_qwen3,2026-07-04 05:38:12,confianza/ollama/12b_4b_np8/run_02/sweep.json,25,67224,1107787,47000.44,33753.12,5.868,102.0,25,25
confianza,voz05,repeticiones emparejadas,ollama,ollama,26b_06b_np1,04,gemma4:26b,embed,docs_rag_qwen3_06b,2026-07-04 10:03:31,confianza/ollama/26b_06b_np1/run_04/sweep.json,1,3208,0,3208,2734,17.8,17.8,1,1
confianza,voz05,repeticiones emparejadas,ollama,ollama,26b_06b_np1,04,gemma4:26b,embed,docs_rag_qwen3_06b,2026-07-04 10:03:31,confianza/ollama/26b_06b_np1/run_04/sweep.json,5,14793,35046,9967.8,7851.8,37.2,120.0,5,5
confianza,voz05,repeticiones emparejadas,ollama,ollama,26b_06b_np1,04,gemma4:26b,embed,docs_rag_qwen3_06b,2026-07-04 10:03:31,confianza/ollama/26b_06b_np1/run_04/sweep.json,10,27316,150844,17816,15961,20.55,114.1,10,10
confianza,voz05,repeticiones emparejadas,ollama,ollama,26b_06b_np1,04,gemma4:26b,embed,docs_rag_qwen3_06b,2026-07-04 10:03:31,confianza/ollama/26b_06b_np1/run_04/sweep.json,15,39134,347475,25773.933333333334,24033.866666666665,13.153333333333332,108.1,15,15
confianza,voz05,repeticiones emparejadas,ollama,ollama,26b_06b_np1,04,gemma4:26b,embed,docs_rag_qwen3_06b,2026-07-04 10:03:31,confianza/ollama/26b_06b_np1/run_04/sweep.json,20,190975,637784,41437.95,31614.157894736843,10.505,31.3,20,20
confianza,voz05,repeticiones emparejadas,ollama,ollama,26b_06b_np1,04,gemma4:26b,embed,docs_rag_qwen3_06b,2026-07-04 10:03:31,confianza/ollama/26b_06b_np1/run_04/sweep.json,25,186597,966415,46120.48,38384,7.84,35.8,25,25
confianza,voz05,repeticiones emparejadas,ollama,ollama,26b_06b_np1,01,gemma4:26b,embed,docs_rag_qwen3_06b,2026-07-04 09:36:47,confianza/ollama/26b_06b_np1/run_01/sweep.json,1,5023,0,5023,2941,65.9,65.9,1,1
confianza,voz05,repeticiones emparejadas,ollama,ollama,26b_06b_np1,01,gemma4:26b,embed,docs_rag_qwen3_06b,2026-07-04 09:36:47,confianza/ollama/26b_06b_np1/run_01/sweep.json,5,17843,46744,12917.4,10373.8,38.28,117.1,5,5
confianza,voz05,repeticiones emparejadas,ollama,ollama,26b_06b_np1,01,gemma4:26b,embed,docs_rag_qwen3_06b,2026-07-04 09:36:47,confianza/ollama/26b_06b_np1/run_01/sweep.json,10,29831,152769,18260,16136.6,21.58,119.3,10,10
confianza,voz05,repeticiones emparejadas,ollama,ollama,26b_06b_np1,01,gemma4:26b,embed,docs_rag_qwen3_06b,2026-07-04 09:36:47,confianza/ollama/26b_06b_np1/run_01/sweep.json,15,46067,359236,27020.2,24803.333333333332,15.64,121.9,15,15
confianza,voz05,repeticiones emparejadas,ollama,ollama,26b_06b_np1,01,gemma4:26b,embed,docs_rag_qwen3_06b,2026-07-04 09:36:47,confianza/ollama/26b_06b_np1/run_01/sweep.json,20,65199,779126,42216.25,39859.5,12.13,120.6,20,20
confianza,voz05,repeticiones emparejadas,ollama,ollama,26b_06b_np1,01,gemma4:26b,embed,docs_rag_qwen3_06b,2026-07-04 09:36:47,confianza/ollama/26b_06b_np1/run_01/sweep.json,25,77679,1050425,45124.16,42969.28,8.904,113.6,25,25
confianza,voz05,repeticiones emparejadas,ollama,ollama,26b_06b_np1,05,gemma4:26b,embed,docs_rag_qwen3_06b,2026-07-04 10:12:14,confianza/ollama/26b_06b_np1/run_05/sweep.json,1,3341,-1,3340,2461,36.8,36.8,1,1
confianza,voz05,repeticiones emparejadas,ollama,ollama,26b_06b_np1,05,gemma4:26b,embed,docs_rag_qwen3_06b,2026-07-04 10:12:14,confianza/ollama/26b_06b_np1/run_05/sweep.json,5,12430,31915,8869,7334.6,26.58,93.2,5,5
confianza,voz05,repeticiones emparejadas,ollama,ollama,26b_06b_np1,05,gemma4:26b,embed,docs_rag_qwen3_06b,2026-07-04 10:12:14,confianza/ollama/26b_06b_np1/run_05/sweep.json,10,25456,143105,16856.1,15177.7,16.86,100.0,10,10
confianza,voz05,repeticiones emparejadas,ollama,ollama,26b_06b_np1,05,gemma4:26b,embed,docs_rag_qwen3_06b,2026-07-04 10:12:14,confianza/ollama/26b_06b_np1/run_05/sweep.json,15,39776,351307,26072.2,24359,12.466666666666667,100.5,15,15
confianza,voz05,repeticiones emparejadas,ollama,ollama,26b_06b_np1,05,gemma4:26b,embed,docs_rag_qwen3_06b,2026-07-04 10:12:14,confianza/ollama/26b_06b_np1/run_05/sweep.json,20,57596,651433,35451.45,33517.3,10.205,105.4,20,20
confianza,voz05,repeticiones emparejadas,ollama,ollama,26b_06b_np1,05,gemma4:26b,embed,docs_rag_qwen3_06b,2026-07-04 10:12:14,confianza/ollama/26b_06b_np1/run_05/sweep.json,25,69636,1033874,44140.4,42281.44,8.04,104.5,25,25
confianza,voz05,repeticiones emparejadas,ollama,ollama,26b_06b_np1,07,gemma4:26b,embed,docs_rag_qwen3_06b,2026-07-04 10:20:14,confianza/ollama/26b_06b_np1/run_07/sweep.json,1,6322,-1,6321,2085,120.9,120.8,1,1
confianza,voz05,repeticiones emparejadas,ollama,ollama,26b_06b_np1,07,gemma4:26b,embed,docs_rag_qwen3_06b,2026-07-04 10:20:14,confianza/ollama/26b_06b_np1/run_07/sweep.json,5,16102,42639,11748.2,9531.2,36.1,113.1,5,5
confianza,voz05,repeticiones emparejadas,ollama,ollama,26b_06b_np1,07,gemma4:26b,embed,docs_rag_qwen3_06b,2026-07-04 10:20:14,confianza/ollama/26b_06b_np1/run_07/sweep.json,10,30319,157684,18800.3,16616.7,21.43,117.1,10,10
confianza,voz05,repeticiones emparejadas,ollama,ollama,26b_06b_np1,07,gemma4:26b,embed,docs_rag_qwen3_06b,2026-07-04 10:20:14,confianza/ollama/26b_06b_np1/run_07/sweep.json,15,43942,366369,27354.066666666666,25277.666666666668,13.706666666666667,112.1,15,15
confianza,voz05,repeticiones emparejadas,ollama,ollama,26b_06b_np1,07,gemma4:26b,embed,docs_rag_qwen3_06b,2026-07-04 10:20:14,confianza/ollama/26b_06b_np1/run_07/sweep.json,20,61141,669465,36530.3,34415.55,10.6,109.5,20,20
confianza,voz05,repeticiones emparejadas,ollama,ollama,26b_06b_np1,07,gemma4:26b,embed,docs_rag_qwen3_06b,2026-07-04 10:20:14,confianza/ollama/26b_06b_np1/run_07/sweep.json,25,73281,1043365,44665.84,42623.96,8.644,110.1,25,25
confianza,voz05,repeticiones emparejadas,ollama,ollama,26b_06b_np1,06,gemma4:26b,embed,docs_rag_qwen3_06b,2026-07-04 10:16:14,confianza/ollama/26b_06b_np1/run_06/sweep.json,1,2605,0,2605,2155,21.1,21.1,1,1
confianza,voz05,repeticiones emparejadas,ollama,ollama,26b_06b_np1,06,gemma4:26b,embed,docs_rag_qwen3_06b,2026-07-04 10:16:14,confianza/ollama/26b_06b_np1/run_06/sweep.json,5,13886,38547,10486.6,8756.8,27.979999999999997,91.8,5,5
confianza,voz05,repeticiones emparejadas,ollama,ollama,26b_06b_np1,06,gemma4:26b,embed,docs_rag_qwen3_06b,2026-07-04 10:16:14,confianza/ollama/26b_06b_np1/run_06/sweep.json,10,26223,153815,18003.8,16379.2,16.18,92.9,10,10
confianza,voz05,repeticiones emparejadas,ollama,ollama,26b_06b_np1,06,gemma4:26b,embed,docs_rag_qwen3_06b,2026-07-04 10:16:14,confianza/ollama/26b_06b_np1/run_06/sweep.json,15,36841,328560,24360.066666666666,22792.866666666665,11.68,95.9,15,15
confianza,voz05,repeticiones emparejadas,ollama,ollama,26b_06b_np1,06,gemma4:26b,embed,docs_rag_qwen3_06b,2026-07-04 10:16:14,confianza/ollama/26b_06b_np1/run_06/sweep.json,20,55243,599328,32728.55,30818.75,10.29,106.6,20,20
confianza,voz05,repeticiones emparejadas,ollama,ollama,26b_06b_np1,06,gemma4:26b,embed,docs_rag_qwen3_06b,2026-07-04 10:16:14,confianza/ollama/26b_06b_np1/run_06/sweep.json,25,72612,1028965,44063.08,42083.96,8.34,105.9,25,25
confianza,voz05,repeticiones emparejadas,ollama,ollama,26b_06b_np1,10,gemma4:26b,embed,docs_rag_qwen3_06b,2026-07-04 10:35:01,confianza/ollama/26b_06b_np1/run_10/sweep.json,1,3867,0,3867,2265,67.0,67.0,1,1
confianza,voz05,repeticiones emparejadas,ollama,ollama,26b_06b_np1,10,gemma4:26b,embed,docs_rag_qwen3_06b,2026-07-04 10:35:01,confianza/ollama/26b_06b_np1/run_10/sweep.json,5,11885,26203,7617.6,6228.8,26.98,92.4,5,5
confianza,voz05,repeticiones emparejadas,ollama,ollama,26b_06b_np1,10,gemma4:26b,embed,docs_rag_qwen3_06b,2026-07-04 10:35:01,confianza/ollama/26b_06b_np1/run_10/sweep.json,10,25211,152905,17811.6,16186.5,16.91,98.2,10,10
confianza,voz05,repeticiones emparejadas,ollama,ollama,26b_06b_np1,10,gemma4:26b,embed,docs_rag_qwen3_06b,2026-07-04 10:35:01,confianza/ollama/26b_06b_np1/run_10/sweep.json,15,42602,353793,26426.333333333332,24381.666666666668,14.086666666666666,114.6,15,15
confianza,voz05,repeticiones emparejadas,ollama,ollama,26b_06b_np1,10,gemma4:26b,embed,docs_rag_qwen3_06b,2026-07-04 10:35:01,confianza/ollama/26b_06b_np1/run_10/sweep.json,20,57537,669629,36358.3,34338.3,10.565,109.8,20,20
confianza,voz05,repeticiones emparejadas,ollama,ollama,26b_06b_np1,10,gemma4:26b,embed,docs_rag_qwen3_06b,2026-07-04 10:35:01,confianza/ollama/26b_06b_np1/run_10/sweep.json,25,76221,1076909,46125.2,44032.52,8.688,108.7,25,25
confianza,voz05,repeticiones emparejadas,ollama,ollama,26b_06b_np1,09,gemma4:26b,embed,docs_rag_qwen3_06b,2026-07-04 10:31:00,confianza/ollama/26b_06b_np1/run_09/sweep.json,1,5605,0,5605,2767,78.9,78.9,1,1
confianza,voz05,repeticiones emparejadas,ollama,ollama,26b_06b_np1,09,gemma4:26b,embed,docs_rag_qwen3_06b,2026-07-04 10:31:00,confianza/ollama/26b_06b_np1/run_09/sweep.json,5,14931,36394,10265,8374,30.86,99.4,5,5
confianza,voz05,repeticiones emparejadas,ollama,ollama,26b_06b_np1,09,gemma4:26b,embed,docs_rag_qwen3_06b,2026-07-04 10:31:00,confianza/ollama/26b_06b_np1/run_09/sweep.json,10,26738,136840,16357.8,14515.5,19.22,111.1,10,10
confianza,voz05,repeticiones emparejadas,ollama,ollama,26b_06b_np1,09,gemma4:26b,embed,docs_rag_qwen3_06b,2026-07-04 10:31:00,confianza/ollama/26b_06b_np1/run_09/sweep.json,15,42303,344909,25814.133333333335,23908.733333333334,13.393333333333333,106.5,15,15
confianza,voz05,repeticiones emparejadas,ollama,ollama,26b_06b_np1,09,gemma4:26b,embed,docs_rag_qwen3_06b,2026-07-04 10:31:00,confianza/ollama/26b_06b_np1/run_09/sweep.json,20,54968,619932,33745,31932.2,10.02,104.5,20,20
confianza,voz05,repeticiones emparejadas,ollama,ollama,26b_06b_np1,09,gemma4:26b,embed,docs_rag_qwen3_06b,2026-07-04 10:31:00,confianza/ollama/26b_06b_np1/run_09/sweep.json,25,64433,869986,37376.76,35722.84,11.512,104.3,25,25
confianza,voz05,repeticiones emparejadas,ollama,ollama,26b_06b_np1,08,gemma4:26b,embed,docs_rag_qwen3_06b,2026-07-04 10:24:36,confianza/ollama/26b_06b_np1/run_08/sweep.json,1,4765,-1,4764,2388,77.9,77.9,1,1
confianza,voz05,repeticiones emparejadas,ollama,ollama,26b_06b_np1,08,gemma4:26b,embed,docs_rag_qwen3_06b,2026-07-04 10:24:36,confianza/ollama/26b_06b_np1/run_08/sweep.json,5,14689,38940,10725.8,8728.2,33.5,109.1,5,5
confianza,voz05,repeticiones emparejadas,ollama,ollama,26b_06b_np1,08,gemma4:26b,embed,docs_rag_qwen3_06b,2026-07-04 10:24:36,confianza/ollama/26b_06b_np1/run_08/sweep.json,10,26926,145747,17267.3,15412.4,18.9,109.8,10,10
confianza,voz05,repeticiones emparejadas,ollama,ollama,26b_06b_np1,08,gemma4:26b,embed,docs_rag_qwen3_06b,2026-07-04 10:24:36,confianza/ollama/26b_06b_np1/run_08/sweep.json,15,40182,326845,24468.466666666667,22671.733333333334,13.306666666666667,105.8,15,15
confianza,voz05,repeticiones emparejadas,ollama,ollama,26b_06b_np1,08,gemma4:26b,embed,docs_rag_qwen3_06b,2026-07-04 10:24:36,confianza/ollama/26b_06b_np1/run_08/sweep.json,20,51289,600266,32577.75,30942.95,9.275,99.8,20,20
confianza,voz05,repeticiones emparejadas,ollama,ollama,26b_06b_np1,08,gemma4:26b,embed,docs_rag_qwen3_06b,2026-07-04 10:24:36,confianza/ollama/26b_06b_np1/run_08/sweep.json,25,184989,1030648,48625.48,41126.083333333336,8.008000000000001,37.3,25,25
confianza,voz05,repeticiones emparejadas,ollama,ollama,26b_06b_np1,03,gemma4:26b,embed,docs_rag_qwen3_06b,2026-07-04 09:49:44,confianza/ollama/26b_06b_np1/run_03/sweep.json,1,4478,-1,4477,1867,100.7,100.7,1,1
confianza,voz05,repeticiones emparejadas,ollama,ollama,26b_06b_np1,03,gemma4:26b,embed,docs_rag_qwen3_06b,2026-07-04 09:49:44,confianza/ollama/26b_06b_np1/run_03/sweep.json,5,16935,43227,12032.4,9554.2,38.14,117.6,5,5
confianza,voz05,repeticiones emparejadas,ollama,ollama,26b_06b_np1,03,gemma4:26b,embed,docs_rag_qwen3_06b,2026-07-04 09:49:44,confianza/ollama/26b_06b_np1/run_03/sweep.json,10,182918,170243,35316.1,16724,20.38,17.4,10,10
confianza,voz05,repeticiones emparejadas,ollama,ollama,26b_06b_np1,03,gemma4:26b,embed,docs_rag_qwen3_06b,2026-07-04 09:49:44,confianza/ollama/26b_06b_np1/run_03/sweep.json,15,188356,351216,35971.46666666667,22926.928571428572,13.446666666666667,23.7,15,15
confianza,voz05,repeticiones emparejadas,ollama,ollama,26b_06b_np1,03,gemma4:26b,embed,docs_rag_qwen3_06b,2026-07-04 09:49:44,confianza/ollama/26b_06b_np1/run_03/sweep.json,20,185753,593256,38950.45,29263,10.49,30.5,20,20
confianza,voz05,repeticiones emparejadas,ollama,ollama,26b_06b_np1,03,gemma4:26b,embed,docs_rag_qwen3_06b,2026-07-04 09:49:44,confianza/ollama/26b_06b_np1/run_03/sweep.json,25,187926,1019735,48306.44,40265.875,9.112,43.6,25,25
confianza,voz05,repeticiones emparejadas,ollama,ollama,26b_06b_np1,02,gemma4:26b,embed,docs_rag_qwen3_06b,2026-07-04 09:41:20,confianza/ollama/26b_06b_np1/run_02/sweep.json,1,3068,0,3068,2456,18.6,18.6,1,1
confianza,voz05,repeticiones emparejadas,ollama,ollama,26b_06b_np1,02,gemma4:26b,embed,docs_rag_qwen3_06b,2026-07-04 09:41:20,confianza/ollama/26b_06b_np1/run_02/sweep.json,5,11667,32285,8790.4,7475.8,28.06,91.1,5,5
confianza,voz05,repeticiones emparejadas,ollama,ollama,26b_06b_np1,02,gemma4:26b,embed,docs_rag_qwen3_06b,2026-07-04 09:41:20,confianza/ollama/26b_06b_np1/run_02/sweep.json,10,24649,129260,15390.9,13840.8,16.71,99.7,10,10
confianza,voz05,repeticiones emparejadas,ollama,ollama,26b_06b_np1,02,gemma4:26b,embed,docs_rag_qwen3_06b,2026-07-04 09:41:20,confianza/ollama/26b_06b_np1/run_02/sweep.json,15,36260,312483,23249.533333333333,21684.333333333332,12.466666666666667,102.9,15,15
confianza,voz05,repeticiones emparejadas,ollama,ollama,26b_06b_np1,02,gemma4:26b,embed,docs_rag_qwen3_06b,2026-07-04 09:41:20,confianza/ollama/26b_06b_np1/run_02/sweep.json,20,187257,555156,37120.65,27548.894736842107,9.445,26.7,20,20
confianza,voz05,repeticiones emparejadas,ollama,ollama,26b_06b_np1,02,gemma4:26b,embed,docs_rag_qwen3_06b,2026-07-04 09:41:20,confianza/ollama/26b_06b_np1/run_02/sweep.json,25,181438,938264,44788.08,37328.333333333336,7.588,34.4,25,25
confianza,voz05,repeticiones emparejadas,vllm,vllm,12b_06b,04,gemma4:12b,embed,docs_rag_qwen3_06b,2026-07-04 22:53:50,confianza/vllm/12b_06b/run_04/sweep.json,1,2949,0,2949,1611,38.7,38.7,1,1
confianza,voz05,repeticiones emparejadas,vllm,vllm,12b_06b,04,gemma4:12b,embed,docs_rag_qwen3_06b,2026-07-04 22:53:50,confianza/vllm/12b_06b/run_04/sweep.json,5,7939,21786,5945,1654.6,59.1,232.8,5,5
confianza,voz05,repeticiones emparejadas,vllm,vllm,12b_06b,04,gemma4:12b,embed,docs_rag_qwen3_06b,2026-07-04 22:53:50,confianza/vllm/12b_06b/run_04/sweep.json,10,10350,57067,6741.7,2527.7,40.83,294.5,10,10
confianza,voz05,repeticiones emparejadas,vllm,vllm,12b_06b,04,gemma4:12b,embed,docs_rag_qwen3_06b,2026-07-04 22:53:50,confianza/vllm/12b_06b/run_04/sweep.json,15,11636,91155,7174.571428571428,2652.5,37.67142857142857,366.9,14,15
confianza,voz05,repeticiones emparejadas,vllm,vllm,12b_06b,04,gemma4:12b,embed,docs_rag_qwen3_06b,2026-07-04 22:53:50,confianza/vllm/12b_06b/run_04/sweep.json,20,14904,171798,9335.1,3331.05,31.815,438.7,20,20
confianza,voz05,repeticiones emparejadas,vllm,vllm,12b_06b,04,gemma4:12b,embed,docs_rag_qwen3_06b,2026-07-04 22:53:50,confianza/vllm/12b_06b/run_04/sweep.json,25,13856,221049,9641.958333333334,3942.7916666666665,29.316666666666666,528.7,24,25
confianza,voz05,repeticiones emparejadas,vllm,vllm,12b_06b,01,gemma4:12b,embed,docs_rag_qwen3_06b,2026-07-04 22:49:15,confianza/vllm/12b_06b/run_01/sweep.json,1,4792,0,4792,2062,49.7,49.7,1,1
confianza,voz05,repeticiones emparejadas,vllm,vllm,12b_06b,01,gemma4:12b,embed,docs_rag_qwen3_06b,2026-07-04 22:49:15,confianza/vllm/12b_06b/run_01/sweep.json,5,11731,26613,7668.8,3321.6,44.58,154.0,5,5
confianza,voz05,repeticiones emparejadas,vllm,vllm,12b_06b,01,gemma4:12b,embed,docs_rag_qwen3_06b,2026-07-04 22:49:15,confianza/vllm/12b_06b/run_01/sweep.json,10,11072,73053,8412.5,2944.4,46.49,361.9,10,10
confianza,voz05,repeticiones emparejadas,vllm,vllm,12b_06b,01,gemma4:12b,embed,docs_rag_qwen3_06b,2026-07-04 22:49:15,confianza/vllm/12b_06b/run_01/sweep.json,15,14099,135792,9992.733333333334,3018.8,40.7,448.5,15,15
confianza,voz05,repeticiones emparejadas,vllm,vllm,12b_06b,01,gemma4:12b,embed,docs_rag_qwen3_06b,2026-07-04 22:49:15,confianza/vllm/12b_06b/run_01/sweep.json,20,15367,227965,12166.6,3396.8,36.4,590.5,20,20
confianza,voz05,repeticiones emparejadas,vllm,vllm,12b_06b,01,gemma4:12b,embed,docs_rag_qwen3_06b,2026-07-04 22:49:15,confianza/vllm/12b_06b/run_01/sweep.json,25,17005,281784,12261.208333333334,4238.5,30.141666666666666,552.1,24,25
confianza,voz05,repeticiones emparejadas,vllm,vllm,12b_06b,05,gemma4:12b,embed,docs_rag_qwen3_06b,2026-07-04 22:54:53,confianza/vllm/12b_06b/run_05/sweep.json,1,3723,0,3723,1629,48.3,48.3,1,1
confianza,voz05,repeticiones emparejadas,vllm,vllm,12b_06b,05,gemma4:12b,embed,docs_rag_qwen3_06b,2026-07-04 22:54:53,confianza/vllm/12b_06b/run_05/sweep.json,5,7501,20289,5558,2836.4,35.44,144.2,5,5
confianza,voz05,repeticiones emparejadas,vllm,vllm,12b_06b,05,gemma4:12b,embed,docs_rag_qwen3_06b,2026-07-04 22:54:53,confianza/vllm/12b_06b/run_05/sweep.json,10,9851,64602,7445.3,3374.9,31.87,258.0,10,10
confianza,voz05,repeticiones emparejadas,vllm,vllm,12b_06b,05,gemma4:12b,embed,docs_rag_qwen3_06b,2026-07-04 22:54:53,confianza/vllm/12b_06b/run_05/sweep.json,15,11886,96814,7246.666666666667,2241.3333333333335,39.6,392.6,15,15
confianza,voz05,repeticiones emparejadas,vllm,vllm,12b_06b,05,gemma4:12b,embed,docs_rag_qwen3_06b,2026-07-04 22:54:53,confianza/vllm/12b_06b/run_05/sweep.json,20,14991,203234,10911.25,4091.75,28.195,435.7,20,20
confianza,voz05,repeticiones emparejadas,vllm,vllm,12b_06b,05,gemma4:12b,embed,docs_rag_qwen3_06b,2026-07-04 22:54:53,confianza/vllm/12b_06b/run_05/sweep.json,25,15050,245570,10424.8,3679.88,28.36,528.2,25,25
confianza,voz05,repeticiones emparejadas,vllm,vllm,12b_06b,07,gemma4:12b,embed,docs_rag_qwen3_06b,2026-07-04 22:56:51,confianza/vllm/12b_06b/run_07/sweep.json,1,8769,-1,8768,1239,85.8,85.8,1,1
confianza,voz05,repeticiones emparejadas,vllm,vllm,12b_06b,07,gemma4:12b,embed,docs_rag_qwen3_06b,2026-07-04 22:56:51,confianza/vllm/12b_06b/run_07/sweep.json,5,9981,21849,6366,2394.4,44.8,172.5,5,5
confianza,voz05,repeticiones emparejadas,vllm,vllm,12b_06b,07,gemma4:12b,embed,docs_rag_qwen3_06b,2026-07-04 22:56:51,confianza/vllm/12b_06b/run_07/sweep.json,10,12321,66181,7850.2,3118.2,36.07,255.6,10,10
confianza,voz05,repeticiones emparejadas,vllm,vllm,12b_06b,07,gemma4:12b,embed,docs_rag_qwen3_06b,2026-07-04 22:56:51,confianza/vllm/12b_06b/run_07/sweep.json,15,12050,106762,7920.8,2601.2,37.1,392.4,15,15
confianza,voz05,repeticiones emparejadas,vllm,vllm,12b_06b,07,gemma4:12b,embed,docs_rag_qwen3_06b,2026-07-04 22:56:51,confianza/vllm/12b_06b/run_07/sweep.json,20,13916,184614,9926.5,3519.2,31.695,484.3,20,20
confianza,voz05,repeticiones emparejadas,vllm,vllm,12b_06b,07,gemma4:12b,embed,docs_rag_qwen3_06b,2026-07-04 22:56:51,confianza/vllm/12b_06b/run_07/sweep.json,25,14532,235172,9988.16,4221.56,30.928,555.4,25,25
confianza,voz05,repeticiones emparejadas,vllm,vllm,12b_06b,06,gemma4:12b,embed,docs_rag_qwen3_06b,2026-07-04 22:55:56,confianza/vllm/12b_06b/run_06/sweep.json,1,1548,0,1548,1299,5.8,5.8,1,1
confianza,voz05,repeticiones emparejadas,vllm,vllm,12b_06b,06,gemma4:12b,embed,docs_rag_qwen3_06b,2026-07-04 22:55:56,confianza/vllm/12b_06b/run_06/sweep.json,5,7272,21750,5804.4,2375.8,41.5,179.5,5,5
confianza,voz05,repeticiones emparejadas,vllm,vllm,12b_06b,06,gemma4:12b,embed,docs_rag_qwen3_06b,2026-07-04 22:55:56,confianza/vllm/12b_06b/run_06/sweep.json,10,9949,66591,7654,3721.8,32.23,269.6,10,10
confianza,voz05,repeticiones emparejadas,vllm,vllm,12b_06b,06,gemma4:12b,embed,docs_rag_qwen3_06b,2026-07-04 22:55:56,confianza/vllm/12b_06b/run_06/sweep.json,15,11407,106474,7858.733333333334,3685.0666666666666,28.48,328.8,15,15
confianza,voz05,repeticiones emparejadas,vllm,vllm,12b_06b,06,gemma4:12b,embed,docs_rag_qwen3_06b,2026-07-04 22:55:56,confianza/vllm/12b_06b/run_06/sweep.json,20,11096,143672,7738.4,3085.15,32.955,500.0,20,20
confianza,voz05,repeticiones emparejadas,vllm,vllm,12b_06b,06,gemma4:12b,embed,docs_rag_qwen3_06b,2026-07-04 22:55:56,confianza/vllm/12b_06b/run_06/sweep.json,25,13750,258262,10880.48,4048.24,26.648,559.1,25,25
confianza,voz05,repeticiones emparejadas,vllm,vllm,12b_06b,10,gemma4:12b,embed,docs_rag_qwen3_06b,2026-07-04 23:00:02,confianza/vllm/12b_06b/run_10/sweep.json,1,4817,-1,4816,1374,66.6,66.6,1,1
confianza,voz05,repeticiones emparejadas,vllm,vllm,12b_06b,10,gemma4:12b,embed,docs_rag_qwen3_06b,2026-07-04 23:00:02,confianza/vllm/12b_06b/run_10/sweep.json,5,7068,17955,5004.6,1575.4,54.78,216.8,5,5
confianza,voz05,repeticiones emparejadas,vllm,vllm,12b_06b,10,gemma4:12b,embed,docs_rag_qwen3_06b,2026-07-04 23:00:02,confianza/vllm/12b_06b/run_10/sweep.json,10,9496,62372,7186.8,2648.1,37.02,311.2,10,10
confianza,voz05,repeticiones emparejadas,vllm,vllm,12b_06b,10,gemma4:12b,embed,docs_rag_qwen3_06b,2026-07-04 23:00:02,confianza/vllm/12b_06b/run_10/sweep.json,15,11335,116259,8506.266666666666,3023.0666666666666,37.64,459.0,15,15
confianza,voz05,repeticiones emparejadas,vllm,vllm,12b_06b,10,gemma4:12b,embed,docs_rag_qwen3_06b,2026-07-04 23:00:02,confianza/vllm/12b_06b/run_10/sweep.json,20,14865,205844,11035.45,3615.55,29.83,467.6,20,20
confianza,voz05,repeticiones emparejadas,vllm,vllm,12b_06b,10,gemma4:12b,embed,docs_rag_qwen3_06b,2026-07-04 23:00:02,confianza/vllm/12b_06b/run_10/sweep.json,25,15450,272268,11508.72,3580.4,29.824,595.9,25,25
confianza,voz05,repeticiones emparejadas,vllm,vllm,12b_06b,09,gemma4:12b,embed,docs_rag_qwen3_06b,2026-07-04 22:59:00,confianza/vllm/12b_06b/run_09/sweep.json,1,6439,0,6439,1672,71.9,71.9,1,1
confianza,voz05,repeticiones emparejadas,vllm,vllm,12b_06b,09,gemma4:12b,embed,docs_rag_qwen3_06b,2026-07-04 22:59:00,confianza/vllm/12b_06b/run_09/sweep.json,5,7664,23591,6251,2214,47.5,202.4,5,5
confianza,voz05,repeticiones emparejadas,vllm,vllm,12b_06b,09,gemma4:12b,embed,docs_rag_qwen3_06b,2026-07-04 22:59:00,confianza/vllm/12b_06b/run_09/sweep.json,10,9388,65142,7453,2716.6,46.03,378.9,10,10
confianza,voz05,repeticiones emparejadas,vllm,vllm,12b_06b,09,gemma4:12b,embed,docs_rag_qwen3_06b,2026-07-04 22:59:00,confianza/vllm/12b_06b/run_09/sweep.json,15,11709,121864,9296.07142857143,2728,34.95,406.3,14,15
confianza,voz05,repeticiones emparejadas,vllm,vllm,12b_06b,09,gemma4:12b,embed,docs_rag_qwen3_06b,2026-07-04 22:59:00,confianza/vllm/12b_06b/run_09/sweep.json,20,12951,208267,11060.9,3903.35,27.855,494.4,20,20
confianza,voz05,repeticiones emparejadas,vllm,vllm,12b_06b,09,gemma4:12b,embed,docs_rag_qwen3_06b,2026-07-04 22:59:00,confianza/vllm/12b_06b/run_09/sweep.json,25,13635,257897,11124.208333333334,3624.5833333333335,28.441666666666666,582.0,24,25
confianza,voz05,repeticiones emparejadas,vllm,vllm,12b_06b,08,gemma4:12b,embed,docs_rag_qwen3_06b,2026-07-04 22:58:03,confianza/vllm/12b_06b/run_08/sweep.json,1,4897,0,4897,1881,52.9,52.9,1,1
confianza,voz05,repeticiones emparejadas,vllm,vllm,12b_06b,08,gemma4:12b,embed,docs_rag_qwen3_06b,2026-07-04 22:58:03,confianza/vllm/12b_06b/run_08/sweep.json,5,7250,23578,6165.6,2292.2,45.8,198.1,5,5
confianza,voz05,repeticiones emparejadas,vllm,vllm,12b_06b,08,gemma4:12b,embed,docs_rag_qwen3_06b,2026-07-04 22:58:03,confianza/vllm/12b_06b/run_08/sweep.json,10,9382,63054,7243.6,3388.6,34.38,275.8,10,10
confianza,voz05,repeticiones emparejadas,vllm,vllm,12b_06b,08,gemma4:12b,embed,docs_rag_qwen3_06b,2026-07-04 22:58:03,confianza/vllm/12b_06b/run_08/sweep.json,15,8720,89521,6549.4,2520.3333333333335,37.66,439.0,15,15
confianza,voz05,repeticiones emparejadas,vllm,vllm,12b_06b,08,gemma4:12b,embed,docs_rag_qwen3_06b,2026-07-04 22:58:03,confianza/vllm/12b_06b/run_08/sweep.json,20,12707,164312,8850.95,3453.7,28.08,408.0,20,20
confianza,voz05,repeticiones emparejadas,vllm,vllm,12b_06b,08,gemma4:12b,embed,docs_rag_qwen3_06b,2026-07-04 22:58:03,confianza/vllm/12b_06b/run_08/sweep.json,25,12909,225636,9541.8,3976.32,27.448,525.1,25,25
confianza,voz05,repeticiones emparejadas,vllm,vllm,12b_06b,03,gemma4:12b,embed,docs_rag_qwen3_06b,2026-07-04 22:51:26,confianza/vllm/12b_06b/run_03/sweep.json,1,5474,0,5474,1418,73.6,73.6,1,1
confianza,voz05,repeticiones emparejadas,vllm,vllm,12b_06b,03,gemma4:12b,embed,docs_rag_qwen3_06b,2026-07-04 22:51:26,confianza/vllm/12b_06b/run_03/sweep.json,5,9264,26538,7160.4,2003,56.94,228.0,5,5
confianza,voz05,repeticiones emparejadas,vllm,vllm,12b_06b,03,gemma4:12b,embed,docs_rag_qwen3_06b,2026-07-04 22:51:26,confianza/vllm/12b_06b/run_03/sweep.json,10,11974,82547,9452.1,3924.5,38.03,305.0,10,10
confianza,voz05,repeticiones emparejadas,vllm,vllm,12b_06b,03,gemma4:12b,embed,docs_rag_qwen3_06b,2026-07-04 22:51:26,confianza/vllm/12b_06b/run_03/sweep.json,15,12312,117803,8674.333333333334,3207.8,40.5,458.1,15,15
confianza,voz05,repeticiones emparejadas,vllm,vllm,12b_06b,03,gemma4:12b,embed,docs_rag_qwen3_06b,2026-07-04 22:51:26,confianza/vllm/12b_06b/run_03/sweep.json,20,13599,193462,10353.05,3577,31.57,507.0,20,20
confianza,voz05,repeticiones emparejadas,vllm,vllm,12b_06b,03,gemma4:12b,embed,docs_rag_qwen3_06b,2026-07-04 22:51:26,confianza/vllm/12b_06b/run_03/sweep.json,25,91462,276167,14705.16,6544.28,28.072,94.5,25,25
confianza,voz05,repeticiones emparejadas,vllm,vllm,12b_06b,02,gemma4:12b,embed,docs_rag_qwen3_06b,2026-07-04 22:50:30,confianza/vllm/12b_06b/run_02/sweep.json,1,2067,0,2067,1109,32.4,32.4,1,1
confianza,voz05,repeticiones emparejadas,vllm,vllm,12b_06b,02,gemma4:12b,embed,docs_rag_qwen3_06b,2026-07-04 22:50:30,confianza/vllm/12b_06b/run_02/sweep.json,5,5981,18788,4953.8,2148,45.82,200.6,5,5
confianza,voz05,repeticiones emparejadas,vllm,vllm,12b_06b,02,gemma4:12b,embed,docs_rag_qwen3_06b,2026-07-04 22:50:30,confianza/vllm/12b_06b/run_02/sweep.json,10,9450,61079,7052.9,2882.3,37.93,298.5,10,10
confianza,voz05,repeticiones emparejadas,vllm,vllm,12b_06b,02,gemma4:12b,embed,docs_rag_qwen3_06b,2026-07-04 22:50:30,confianza/vllm/12b_06b/run_02/sweep.json,15,11054,113377,8295.4,3285.2,32.513333333333335,392.2,15,15
confianza,voz05,repeticiones emparejadas,vllm,vllm,12b_06b,02,gemma4:12b,embed,docs_rag_qwen3_06b,2026-07-04 22:50:30,confianza/vllm/12b_06b/run_02/sweep.json,20,13188,171425,9230.65,3140.05,31.93,479.1,20,20
confianza,voz05,repeticiones emparejadas,vllm,vllm,12b_06b,02,gemma4:12b,embed,docs_rag_qwen3_06b,2026-07-04 22:50:30,confianza/vllm/12b_06b/run_02/sweep.json,25,14136,239426,10142.48,3672.44,27.796,527.9,25,25
confianza,voz05,repeticiones emparejadas,vllm,vllm,26b_4b,04,gemma4:26b,embed,docs_rag_qwen3,2026-07-04 22:28:49,confianza/vllm/26b_4b/run_04/sweep.json,1,2346,0,2346,1222,60.5,60.5,1,1
confianza,voz05,repeticiones emparejadas,vllm,vllm,26b_4b,04,gemma4:26b,embed,docs_rag_qwen3,2026-07-04 22:28:49,confianza/vllm/26b_4b/run_04/sweep.json,5,5420,10270,3138,882.6,192.88,308.1,5,5
confianza,voz05,repeticiones emparejadas,vllm,vllm,26b_4b,04,gemma4:26b,embed,docs_rag_qwen3,2026-07-04 22:28:49,confianza/vllm/26b_4b/run_04/sweep.json,10,8304,40935,4923.9,1992.6,105.44,389.1,10,10
confianza,voz05,repeticiones emparejadas,vllm,vllm,26b_4b,04,gemma4:26b,embed,docs_rag_qwen3,2026-07-04 22:28:49,confianza/vllm/26b_4b/run_04/sweep.json,15,9391,80754,6009.666666666667,2223.0666666666666,74.08666666666666,500.2,15,15
confianza,voz05,repeticiones emparejadas,vllm,vllm,26b_4b,04,gemma4:26b,embed,docs_rag_qwen3,2026-07-04 22:28:49,confianza/vllm/26b_4b/run_04/sweep.json,20,10873,113341,6210.7,2735.45,63.285000000000004,570.9,20,20
confianza,voz05,repeticiones emparejadas,vllm,vllm,26b_4b,04,gemma4:26b,embed,docs_rag_qwen3,2026-07-04 22:28:49,confianza/vllm/26b_4b/run_04/sweep.json,25,13813,196521,8413.36,5630.6,48.992,550.6,25,25
confianza,voz05,repeticiones emparejadas,vllm,vllm,26b_4b,01,gemma4:26b,embed,docs_rag_qwen3,2026-07-04 22:26:24,confianza/vllm/26b_4b/run_01/sweep.json,1,3195,-1,3194,1023,117.4,117.4,1,1
confianza,voz05,repeticiones emparejadas,vllm,vllm,26b_4b,01,gemma4:26b,embed,docs_rag_qwen3,2026-07-04 22:26:24,confianza/vllm/26b_4b/run_01/sweep.json,5,7737,23602,6267.8,1917.6,70.62,293.4,5,5
confianza,voz05,repeticiones emparejadas,vllm,vllm,26b_4b,01,gemma4:26b,embed,docs_rag_qwen3,2026-07-04 22:26:24,confianza/vllm/26b_4b/run_01/sweep.json,10,8139,60909,6904.8,2545.7,60.38,516.0,10,10
confianza,voz05,repeticiones emparejadas,vllm,vllm,26b_4b,01,gemma4:26b,embed,docs_rag_qwen3,2026-07-04 22:26:24,confianza/vllm/26b_4b/run_01/sweep.json,15,10264,100117,7358.733333333334,2925.2,54.9,608.5,15,15
confianza,voz05,repeticiones emparejadas,vllm,vllm,26b_4b,01,gemma4:26b,embed,docs_rag_qwen3,2026-07-04 22:26:24,confianza/vllm/26b_4b/run_01/sweep.json,20,13388,181790,9758.9,4087.2,43.77,634.2,20,20
confianza,voz05,repeticiones emparejadas,vllm,vllm,26b_4b,01,gemma4:26b,embed,docs_rag_qwen3,2026-07-04 22:26:24,confianza/vllm/26b_4b/run_01/sweep.json,25,14078,231603,9827.24,4038.24,39.46,695.3,25,25
confianza,voz05,repeticiones emparejadas,vllm,vllm,26b_4b,05,gemma4:26b,embed,docs_rag_qwen3,2026-07-04 22:29:40,confianza/vllm/26b_4b/run_05/sweep.json,1,2166,0,2166,1271,44.8,44.8,1,1
confianza,voz05,repeticiones emparejadas,vllm,vllm,26b_4b,05,gemma4:26b,embed,docs_rag_qwen3,2026-07-04 22:29:40,confianza/vllm/26b_4b/run_05/sweep.json,5,5420,12139,3511.8,1685.8,54.3,196.1,5,5
confianza,voz05,repeticiones emparejadas,vllm,vllm,26b_4b,05,gemma4:26b,embed,docs_rag_qwen3,2026-07-04 22:29:40,confianza/vllm/26b_4b/run_05/sweep.json,10,6973,43447,5042,2191.5,47.75,369.0,10,10
confianza,voz05,repeticiones emparejadas,vllm,vllm,26b_4b,05,gemma4:26b,embed,docs_rag_qwen3,2026-07-04 22:29:40,confianza/vllm/26b_4b/run_05/sweep.json,15,7847,76065,5594.133333333333,2057.4,49.473333333333336,560.6,15,15
confianza,voz05,repeticiones emparejadas,vllm,vllm,26b_4b,05,gemma4:26b,embed,docs_rag_qwen3,2026-07-04 22:29:40,confianza/vllm/26b_4b/run_05/sweep.json,20,9624,125066,6734.5,3033.85,41.2,607.2,20,20
confianza,voz05,repeticiones emparejadas,vllm,vllm,26b_4b,05,gemma4:26b,embed,docs_rag_qwen3,2026-07-04 22:29:40,confianza/vllm/26b_4b/run_05/sweep.json,25,11466,189477,8037.72,4421.76,34.536,623.8,25,25
confianza,voz05,repeticiones emparejadas,vllm,vllm,26b_4b,07,gemma4:26b,embed,docs_rag_qwen3,2026-07-04 22:31:11,confianza/vllm/26b_4b/run_07/sweep.json,1,4957,0,4957,514,152.7,152.7,1,1
confianza,voz05,repeticiones emparejadas,vllm,vllm,26b_4b,07,gemma4:26b,embed,docs_rag_qwen3,2026-07-04 22:31:11,confianza/vllm/26b_4b/run_07/sweep.json,5,6273,14857,4226,1234,78.22,282.2,5,5
confianza,voz05,repeticiones emparejadas,vllm,vllm,26b_4b,07,gemma4:26b,embed,docs_rag_qwen3,2026-07-04 22:31:11,confianza/vllm/26b_4b/run_07/sweep.json,10,8071,51612,5968.3,2304.3,53.23,401.1,10,10
confianza,voz05,repeticiones emparejadas,vllm,vllm,26b_4b,07,gemma4:26b,embed,docs_rag_qwen3,2026-07-04 22:31:11,confianza/vllm/26b_4b/run_07/sweep.json,15,8773,84439,6214.133333333333,2138.3333333333335,48.373333333333335,547.8,15,15
confianza,voz05,repeticiones emparejadas,vllm,vllm,26b_4b,07,gemma4:26b,embed,docs_rag_qwen3,2026-07-04 22:31:11,confianza/vllm/26b_4b/run_07/sweep.json,20,10361,128167,6926.4,3005.5,45.11,629.2,20,20
confianza,voz05,repeticiones emparejadas,vllm,vllm,26b_4b,07,gemma4:26b,embed,docs_rag_qwen3,2026-07-04 22:31:11,confianza/vllm/26b_4b/run_07/sweep.json,25,11610,187012,7944.88,4016.4,37.516,659.1,25,25
confianza,voz05,repeticiones emparejadas,vllm,vllm,26b_4b,06,gemma4:26b,embed,docs_rag_qwen3,2026-07-04 22:30:24,confianza/vllm/26b_4b/run_06/sweep.json,1,2198,0,2198,729,103.3,103.3,1,1
confianza,voz05,repeticiones emparejadas,vllm,vllm,26b_4b,06,gemma4:26b,embed,docs_rag_qwen3,2026-07-04 22:30:24,confianza/vllm/26b_4b/run_06/sweep.json,5,6263,16169,4486.4,1555.6,65.82,247.6,5,5
confianza,voz05,repeticiones emparejadas,vllm,vllm,26b_4b,06,gemma4:26b,embed,docs_rag_qwen3,2026-07-04 22:30:24,confianza/vllm/26b_4b/run_06/sweep.json,10,9327,56208,6553.5,3104.4,45.4,332.2,10,10
confianza,voz05,repeticiones emparejadas,vllm,vllm,26b_4b,06,gemma4:26b,embed,docs_rag_qwen3,2026-07-04 22:30:24,confianza/vllm/26b_4b/run_06/sweep.json,15,8679,83767,6163.066666666667,2595.8,43.8,491.8,15,15
confianza,voz05,repeticiones emparejadas,vllm,vllm,26b_4b,06,gemma4:26b,embed,docs_rag_qwen3,2026-07-04 22:30:24,confianza/vllm/26b_4b/run_06/sweep.json,20,10106,136297,7320.15,3047.6,42.14,625.7,20,20
confianza,voz05,repeticiones emparejadas,vllm,vllm,26b_4b,06,gemma4:26b,embed,docs_rag_qwen3,2026-07-04 22:30:24,confianza/vllm/26b_4b/run_06/sweep.json,25,10760,178326,7563.44,3146.12,38.24,698.8,25,25
confianza,voz05,repeticiones emparejadas,vllm,vllm,26b_4b,10,gemma4:26b,embed,docs_rag_qwen3,2026-07-04 22:33:36,confianza/vllm/26b_4b/run_10/sweep.json,1,3921,-1,3920,1204,112.0,112.0,1,1
confianza,voz05,repeticiones emparejadas,vllm,vllm,26b_4b,10,gemma4:26b,embed,docs_rag_qwen3,2026-07-04 22:33:36,confianza/vllm/26b_4b/run_10/sweep.json,5,5532,12272,3560.8,1250.4,70.5,245.1,5,5
confianza,voz05,repeticiones emparejadas,vllm,vllm,26b_4b,10,gemma4:26b,embed,docs_rag_qwen3,2026-07-04 22:33:36,confianza/vllm/26b_4b/run_10/sweep.json,10,6956,43384,5034,1995,54.82,411.2,10,10
confianza,voz05,repeticiones emparejadas,vllm,vllm,26b_4b,10,gemma4:26b,embed,docs_rag_qwen3,2026-07-04 22:33:36,confianza/vllm/26b_4b/run_10/sweep.json,15,8760,90667,6628.466666666666,2719.133333333333,48.28666666666667,562.0,15,15
confianza,voz05,repeticiones emparejadas,vllm,vllm,26b_4b,10,gemma4:26b,embed,docs_rag_qwen3,2026-07-04 22:33:36,confianza/vllm/26b_4b/run_10/sweep.json,20,10082,142821,7645.15,2629.15,43.55,690.0,20,20
confianza,voz05,repeticiones emparejadas,vllm,vllm,26b_4b,10,gemma4:26b,embed,docs_rag_qwen3,2026-07-04 22:33:36,confianza/vllm/26b_4b/run_10/sweep.json,25,13015,214730,9109.8,4328.16,38.04,665.3,25,25
confianza,voz05,repeticiones emparejadas,vllm,vllm,26b_4b,09,gemma4:26b,embed,docs_rag_qwen3,2026-07-04 22:32:50,confianza/vllm/26b_4b/run_09/sweep.json,1,4444,0,4444,1253,108.2,108.2,1,1
confianza,voz05,repeticiones emparejadas,vllm,vllm,26b_4b,09,gemma4:26b,embed,docs_rag_qwen3,2026-07-04 22:32:50,confianza/vllm/26b_4b/run_09/sweep.json,5,5697,16630,4465.4,1494.8,65.3,268.0,5,5
confianza,voz05,repeticiones emparejadas,vllm,vllm,26b_4b,09,gemma4:26b,embed,docs_rag_qwen3,2026-07-04 22:32:50,confianza/vllm/26b_4b/run_09/sweep.json,10,7088,40637,4772.5,1531.3,109.27,482.8,10,10
confianza,voz05,repeticiones emparejadas,vllm,vllm,26b_4b,09,gemma4:26b,embed,docs_rag_qwen3,2026-07-04 22:32:50,confianza/vllm/26b_4b/run_09/sweep.json,15,8114,80260,5891.6,2223.6666666666665,73.46000000000001,553.5,15,15
confianza,voz05,repeticiones emparejadas,vllm,vllm,26b_4b,09,gemma4:26b,embed,docs_rag_qwen3,2026-07-04 22:32:50,confianza/vllm/26b_4b/run_09/sweep.json,20,9771,138884,7432.75,2598.75,59.755,687.7,20,20
confianza,voz05,repeticiones emparejadas,vllm,vllm,26b_4b,09,gemma4:26b,embed,docs_rag_qwen3,2026-07-04 22:32:50,confianza/vllm/26b_4b/run_09/sweep.json,25,11368,199432,8432,3283.84,47.316,694.8,25,25
confianza,voz05,repeticiones emparejadas,vllm,vllm,26b_4b,08,gemma4:26b,embed,docs_rag_qwen3,2026-07-04 22:32:02,confianza/vllm/26b_4b/run_08/sweep.json,1,3730,0,3730,1147,100.3,100.3,1,1
confianza,voz05,repeticiones emparejadas,vllm,vllm,26b_4b,08,gemma4:26b,embed,docs_rag_qwen3,2026-07-04 22:32:02,confianza/vllm/26b_4b/run_08/sweep.json,5,7051,19133,5236.8,2141.6,68.0,253.2,5,5
confianza,voz05,repeticiones emparejadas,vllm,vllm,26b_4b,08,gemma4:26b,embed,docs_rag_qwen3,2026-07-04 22:32:02,confianza/vllm/26b_4b/run_08/sweep.json,10,7858,50516,5837.4,3221.7,49.0,356.3,10,10
confianza,voz05,repeticiones emparejadas,vllm,vllm,26b_4b,08,gemma4:26b,embed,docs_rag_qwen3,2026-07-04 22:32:02,confianza/vllm/26b_4b/run_08/sweep.json,15,8474,74968,5562.8,2286.4,51.446666666666665,522.7,15,15
confianza,voz05,repeticiones emparejadas,vllm,vllm,26b_4b,08,gemma4:26b,embed,docs_rag_qwen3,2026-07-04 22:32:02,confianza/vllm/26b_4b/run_08/sweep.json,20,10151,138688,7441.95,3859.1,36.035000000000004,528.5,20,20
confianza,voz05,repeticiones emparejadas,vllm,vllm,26b_4b,08,gemma4:26b,embed,docs_rag_qwen3,2026-07-04 22:32:02,confianza/vllm/26b_4b/run_08/sweep.json,25,10095,169010,7164.2,3542.44,39.416,712.1,25,25
confianza,voz05,repeticiones emparejadas,vllm,vllm,26b_4b,03,gemma4:26b,embed,docs_rag_qwen3,2026-07-04 22:28:04,confianza/vllm/26b_4b/run_03/sweep.json,1,301,0,301,299,905.0,903.7,1,1
confianza,voz05,repeticiones emparejadas,vllm,vllm,26b_4b,03,gemma4:26b,embed,docs_rag_qwen3,2026-07-04 22:28:04,confianza/vllm/26b_4b/run_03/sweep.json,5,5874,14729,4120.6,1151.2,193.7,336.4,5,5
confianza,voz05,repeticiones emparejadas,vllm,vllm,26b_4b,03,gemma4:26b,embed,docs_rag_qwen3,2026-07-04 22:28:04,confianza/vllm/26b_4b/run_03/sweep.json,10,9140,48497,5763.7,2643.4,95.39,340.7,10,10
confianza,voz05,repeticiones emparejadas,vllm,vllm,26b_4b,03,gemma4:26b,embed,docs_rag_qwen3,2026-07-04 22:28:04,confianza/vllm/26b_4b/run_03/sweep.json,15,8134,75851,5599,2124.8,78.86,588.1,15,15
confianza,voz05,repeticiones emparejadas,vllm,vllm,26b_4b,03,gemma4:26b,embed,docs_rag_qwen3,2026-07-04 22:28:04,confianza/vllm/26b_4b/run_03/sweep.json,20,9427,126312,6786.95,2580.75,60.714999999999996,649.8,20,20
confianza,voz05,repeticiones emparejadas,vllm,vllm,26b_4b,03,gemma4:26b,embed,docs_rag_qwen3,2026-07-04 22:28:04,confianza/vllm/26b_4b/run_03/sweep.json,25,11490,194846,8253.44,4214.16,46.908,639.0,25,25
confianza,voz05,repeticiones emparejadas,vllm,vllm,26b_4b,02,gemma4:26b,embed,docs_rag_qwen3,2026-07-04 22:27:22,confianza/vllm/26b_4b/run_02/sweep.json,1,1483,0,1483,786,43.2,43.2,1,1
confianza,voz05,repeticiones emparejadas,vllm,vllm,26b_4b,02,gemma4:26b,embed,docs_rag_qwen3,2026-07-04 22:27:22,confianza/vllm/26b_4b/run_02/sweep.json,5,4771,14883,3930.8,1760.8,60.44,263.0,5,5
confianza,voz05,repeticiones emparejadas,vllm,vllm,26b_4b,02,gemma4:26b,embed,docs_rag_qwen3,2026-07-04 22:27:22,confianza/vllm/26b_4b/run_02/sweep.json,10,7704,46217,5392.1,2240.9,53.87,393.7,10,10
confianza,voz05,repeticiones emparejadas,vllm,vllm,26b_4b,02,gemma4:26b,embed,docs_rag_qwen3,2026-07-04 22:27:22,confianza/vllm/26b_4b/run_02/sweep.json,15,8358,83015,6091.533333333334,2886.0666666666666,43.93333333333333,503.0,15,15
confianza,voz05,repeticiones emparejadas,vllm,vllm,26b_4b,02,gemma4:26b,embed,docs_rag_qwen3,2026-07-04 22:27:22,confianza/vllm/26b_4b/run_02/sweep.json,20,9471,125411,6744.1,3541.7,37.065,526.1,20,20
confianza,voz05,repeticiones emparejadas,vllm,vllm,26b_4b,02,gemma4:26b,embed,docs_rag_qwen3,2026-07-04 22:27:22,confianza/vllm/26b_4b/run_02/sweep.json,25,10624,171174,7271.92,3982.4,35.196,604.0,25,25
confianza,voz05,repeticiones emparejadas,vllm,vllm,12b_4b,04,gemma4:12b,embed,docs_rag_qwen3,2026-07-04 22:41:34,confianza/vllm/12b_4b/run_04/sweep.json,1,2934,0,2934,1686,35.5,35.4,1,1
confianza,voz05,repeticiones emparejadas,vllm,vllm,12b_4b,04,gemma4:12b,embed,docs_rag_qwen3,2026-07-04 22:41:34,confianza/vllm/12b_4b/run_04/sweep.json,5,8984,22162,6229.2,1953.2,53.58,197.4,5,5
confianza,voz05,repeticiones emparejadas,vllm,vllm,12b_4b,04,gemma4:12b,embed,docs_rag_qwen3,2026-07-04 22:41:34,confianza/vllm/12b_4b/run_04/sweep.json,10,10755,63320,7407.5,2942.1,42.21,309.0,10,10
confianza,voz05,repeticiones emparejadas,vllm,vllm,12b_4b,04,gemma4:12b,embed,docs_rag_qwen3,2026-07-04 22:41:34,confianza/vllm/12b_4b/run_04/sweep.json,15,13036,128978,9467.6,3550.5333333333333,32.053333333333335,375.0,15,15
confianza,voz05,repeticiones emparejadas,vllm,vllm,12b_4b,04,gemma4:12b,embed,docs_rag_qwen3,2026-07-04 22:41:34,confianza/vllm/12b_4b/run_04/sweep.json,20,13747,184333,9904,3961.9,31.715,488.8,20,20
confianza,voz05,repeticiones emparejadas,vllm,vllm,12b_4b,04,gemma4:12b,embed,docs_rag_qwen3,2026-07-04 22:41:34,confianza/vllm/12b_4b/run_04/sweep.json,25,16106,247986,10563.68,4648.76,28.628,491.1,25,25
confianza,voz05,repeticiones emparejadas,vllm,vllm,12b_4b,01,gemma4:12b,embed,docs_rag_qwen3,2026-07-04 22:37:54,confianza/vllm/12b_4b/run_01/sweep.json,1,7187,-1,7186,1393,79.2,79.2,1,1
confianza,voz05,repeticiones emparejadas,vllm,vllm,12b_4b,01,gemma4:12b,embed,docs_rag_qwen3,2026-07-04 22:37:54,confianza/vllm/12b_4b/run_01/sweep.json,5,11338,29311,8129.8,2936.4,49.620000000000005,184.3,5,5
confianza,voz05,repeticiones emparejadas,vllm,vllm,12b_4b,01,gemma4:12b,embed,docs_rag_qwen3,2026-07-04 22:37:54,confianza/vllm/12b_4b/run_01/sweep.json,10,12359,80879,9323.8,2754.2,46.6,363.1,10,10
confianza,voz05,repeticiones emparejadas,vllm,vllm,12b_4b,01,gemma4:12b,embed,docs_rag_qwen3,2026-07-04 22:37:54,confianza/vllm/12b_4b/run_01/sweep.json,15,13857,139383,10216,3296,41.96666666666667,477.4,15,15
confianza,voz05,repeticiones emparejadas,vllm,vllm,12b_4b,01,gemma4:12b,embed,docs_rag_qwen3,2026-07-04 22:37:54,confianza/vllm/12b_4b/run_01/sweep.json,20,16309,239852,12808.05,4258.7,34.205,552.2,20,20
confianza,voz05,repeticiones emparejadas,vllm,vllm,12b_4b,01,gemma4:12b,embed,docs_rag_qwen3,2026-07-04 22:37:54,confianza/vllm/12b_4b/run_01/sweep.json,25,19657,353827,14939.36,5066.48,25.624,506.0,25,25
confianza,voz05,repeticiones emparejadas,vllm,vllm,12b_4b,05,gemma4:12b,embed,docs_rag_qwen3,2026-07-04 22:42:40,confianza/vllm/12b_4b/run_05/sweep.json,1,3790,-1,3789,2077,35.9,35.9,1,1
confianza,voz05,repeticiones emparejadas,vllm,vllm,12b_4b,05,gemma4:12b,embed,docs_rag_qwen3,2026-07-04 22:42:40,confianza/vllm/12b_4b/run_05/sweep.json,5,7483,19218,5340.2,2082.2,44.12,165.0,5,5
confianza,voz05,repeticiones emparejadas,vllm,vllm,12b_4b,05,gemma4:12b,embed,docs_rag_qwen3,2026-07-04 22:42:40,confianza/vllm/12b_4b/run_05/sweep.json,10,10555,71533,8208.8,3876.3,32.18,261.2,10,10
confianza,voz05,repeticiones emparejadas,vllm,vllm,12b_4b,05,gemma4:12b,embed,docs_rag_qwen3,2026-07-04 22:42:40,confianza/vllm/12b_4b/run_05/sweep.json,15,11595,110438,8135.533333333334,2507.4,40.586666666666666,449.8,15,15
confianza,voz05,repeticiones emparejadas,vllm,vllm,12b_4b,05,gemma4:12b,embed,docs_rag_qwen3,2026-07-04 22:42:40,confianza/vllm/12b_4b/run_05/sweep.json,20,15414,197426,10642,3797,31.445,464.3,20,20
confianza,voz05,repeticiones emparejadas,vllm,vllm,12b_4b,05,gemma4:12b,embed,docs_rag_qwen3,2026-07-04 22:42:40,confianza/vllm/12b_4b/run_05/sweep.json,25,15399,255337,10829.44,4192.08,28.044,523.7,25,25
confianza,voz05,repeticiones emparejadas,vllm,vllm,12b_4b,07,gemma4:12b,embed,docs_rag_qwen3,2026-07-04 22:44:44,confianza/vllm/12b_4b/run_07/sweep.json,1,9059,0,9059,1505,83.8,83.8,1,1
confianza,voz05,repeticiones emparejadas,vllm,vllm,12b_4b,07,gemma4:12b,embed,docs_rag_qwen3,2026-07-04 22:44:44,confianza/vllm/12b_4b/run_07/sweep.json,5,9804,21260,6212.8,2167.6,49.06,182.1,5,5
confianza,voz05,repeticiones emparejadas,vllm,vllm,12b_4b,07,gemma4:12b,embed,docs_rag_qwen3,2026-07-04 22:44:44,confianza/vllm/12b_4b/run_07/sweep.json,10,12257,69738,8199.5,2797.9,40.269999999999996,284.1,10,10
confianza,voz05,repeticiones emparejadas,vllm,vllm,12b_4b,07,gemma4:12b,embed,docs_rag_qwen3,2026-07-04 22:44:44,confianza/vllm/12b_4b/run_07/sweep.json,15,12907,131620,9635.133333333333,4019.866666666667,35.86666666666667,408.8,15,15
confianza,voz05,repeticiones emparejadas,vllm,vllm,12b_4b,07,gemma4:12b,embed,docs_rag_qwen3,2026-07-04 22:44:44,confianza/vllm/12b_4b/run_07/sweep.json,20,13984,192399,10319.15,3588.8,33.045,506.4,20,20
confianza,voz05,repeticiones emparejadas,vllm,vllm,12b_4b,07,gemma4:12b,embed,docs_rag_qwen3,2026-07-04 22:44:44,confianza/vllm/12b_4b/run_07/sweep.json,25,14941,254932,10794.92,4375.04,31.088,578.1,25,25
confianza,voz05,repeticiones emparejadas,vllm,vllm,12b_4b,06,gemma4:12b,embed,docs_rag_qwen3,2026-07-04 22:43:44,confianza/vllm/12b_4b/run_06/sweep.json,1,1540,0,1540,1188,16.2,16.2,1,1
confianza,voz05,repeticiones emparejadas,vllm,vllm,12b_4b,06,gemma4:12b,embed,docs_rag_qwen3,2026-07-04 22:43:44,confianza/vllm/12b_4b/run_06/sweep.json,5,7921,22954,6175,2339.6,39.64,174.3,5,5
confianza,voz05,repeticiones emparejadas,vllm,vllm,12b_4b,06,gemma4:12b,embed,docs_rag_qwen3,2026-07-04 22:43:44,confianza/vllm/12b_4b/run_06/sweep.json,10,10045,72601,8264.6,3199,32.13,273.8,10,10
confianza,voz05,repeticiones emparejadas,vllm,vllm,12b_4b,06,gemma4:12b,embed,docs_rag_qwen3,2026-07-04 22:43:44,confianza/vllm/12b_4b/run_06/sweep.json,15,11564,112502,8271.066666666668,3354.3333333333335,31.446666666666665,355.3,15,15
confianza,voz05,repeticiones emparejadas,vllm,vllm,12b_4b,06,gemma4:12b,embed,docs_rag_qwen3,2026-07-04 22:43:44,confianza/vllm/12b_4b/run_06/sweep.json,20,13792,165296,8954.4,4103.85,29.515,405.1,20,20
confianza,voz05,repeticiones emparejadas,vllm,vllm,12b_4b,06,gemma4:12b,embed,docs_rag_qwen3,2026-07-04 22:43:44,confianza/vllm/12b_4b/run_06/sweep.json,25,14035,248418,10498.12,4446.76,27.188,533.9,25,25
confianza,voz05,repeticiones emparejadas,vllm,vllm,12b_4b,10,gemma4:12b,embed,docs_rag_qwen3,2026-07-04 22:48:01,confianza/vllm/12b_4b/run_10/sweep.json,1,6037,0,6037,1996,60.3,60.3,1,1
confianza,voz05,repeticiones emparejadas,vllm,vllm,12b_4b,10,gemma4:12b,embed,docs_rag_qwen3,2026-07-04 22:48:01,confianza/vllm/12b_4b/run_10/sweep.json,5,6002,15502,4300.8,1489,55.5,201.6,5,5
confianza,voz05,repeticiones emparejadas,vllm,vllm,12b_4b,10,gemma4:12b,embed,docs_rag_qwen3,2026-07-04 22:48:01,confianza/vllm/12b_4b/run_10/sweep.json,10,8819,61349,7016.8,2933.4,38.26,318.5,10,10
confianza,voz05,repeticiones emparejadas,vllm,vllm,12b_4b,10,gemma4:12b,embed,docs_rag_qwen3,2026-07-04 22:48:01,confianza/vllm/12b_4b/run_10/sweep.json,15,10614,105130,7716.266666666666,2834.4666666666667,39.413333333333334,449.5,15,15
confianza,voz05,repeticiones emparejadas,vllm,vllm,12b_4b,10,gemma4:12b,embed,docs_rag_qwen3,2026-07-04 22:48:01,confianza/vllm/12b_4b/run_10/sweep.json,20,13690,181986,9783.8,3121.1,34.015,509.1,20,20
confianza,voz05,repeticiones emparejadas,vllm,vllm,12b_4b,10,gemma4:12b,embed,docs_rag_qwen3,2026-07-04 22:48:01,confianza/vllm/12b_4b/run_10/sweep.json,25,16207,276891,11723.92,4778.56,28.676,526.9,25,25
confianza,voz05,repeticiones emparejadas,vllm,vllm,12b_4b,09,gemma4:12b,embed,docs_rag_qwen3,2026-07-04 22:46:56,confianza/vllm/12b_4b/run_09/sweep.json,1,6681,0,6681,1719,72.3,72.3,1,1
confianza,voz05,repeticiones emparejadas,vllm,vllm,12b_4b,09,gemma4:12b,embed,docs_rag_qwen3,2026-07-04 22:46:56,confianza/vllm/12b_4b/run_09/sweep.json,5,8488,23296,6356.8,2279.8,48.28,197.8,5,5
confianza,voz05,repeticiones emparejadas,vllm,vllm,12b_4b,09,gemma4:12b,embed,docs_rag_qwen3,2026-07-04 22:46:56,confianza/vllm/12b_4b/run_09/sweep.json,10,9370,65098,7446.8,2617,42.379999999999995,357.3,10,10
confianza,voz05,repeticiones emparejadas,vllm,vllm,12b_4b,09,gemma4:12b,embed,docs_rag_qwen3,2026-07-04 22:46:56,confianza/vllm/12b_4b/run_09/sweep.json,15,11078,117161,8549.266666666666,3402.733333333333,34.13333333333333,414.5,15,15
confianza,voz05,repeticiones emparejadas,vllm,vllm,12b_4b,09,gemma4:12b,embed,docs_rag_qwen3,2026-07-04 22:46:56,confianza/vllm/12b_4b/run_09/sweep.json,20,13770,200319,10704.45,4390.6,29.47,474.9,20,20
confianza,voz05,repeticiones emparejadas,vllm,vllm,12b_4b,09,gemma4:12b,embed,docs_rag_qwen3,2026-07-04 22:46:56,confianza/vllm/12b_4b/run_09/sweep.json,25,15521,299886,12616.28,4915.8,24.232,510.1,25,25
confianza,voz05,repeticiones emparejadas,vllm,vllm,12b_4b,08,gemma4:12b,embed,docs_rag_qwen3,2026-07-04 22:45:57,confianza/vllm/12b_4b/run_08/sweep.json,1,5220,0,5220,1877,55.9,55.9,1,1
confianza,voz05,repeticiones emparejadas,vllm,vllm,12b_4b,08,gemma4:12b,embed,docs_rag_qwen3,2026-07-04 22:45:57,confianza/vllm/12b_4b/run_08/sweep.json,5,7058,21900,5791.6,2333.4,47.34,197.2,5,5
confianza,voz05,repeticiones emparejadas,vllm,vllm,12b_4b,08,gemma4:12b,embed,docs_rag_qwen3,2026-07-04 22:45:57,confianza/vllm/12b_4b/run_08/sweep.json,10,9683,57842,6752.5,2798.8,39.05,289.1,10,10
confianza,voz05,repeticiones emparejadas,vllm,vllm,12b_4b,08,gemma4:12b,embed,docs_rag_qwen3,2026-07-04 22:45:57,confianza/vllm/12b_4b/run_08/sweep.json,15,9881,95838,7047.933333333333,2805.733333333333,37.44,422.7,15,15
confianza,voz05,repeticiones emparejadas,vllm,vllm,12b_4b,08,gemma4:12b,embed,docs_rag_qwen3,2026-07-04 22:45:57,confianza/vllm/12b_4b/run_08/sweep.json,20,12925,150448,8168.65,3065.85,31.855,427.7,20,20
confianza,voz05,repeticiones emparejadas,vllm,vllm,12b_4b,08,gemma4:12b,embed,docs_rag_qwen3,2026-07-04 22:45:57,confianza/vllm/12b_4b/run_08/sweep.json,25,13323,228797,9684.8,4256.08,26.944,511.3,25,25
confianza,voz05,repeticiones emparejadas,vllm,vllm,12b_4b,03,gemma4:12b,embed,docs_rag_qwen3,2026-07-04 22:40:22,confianza/vllm/12b_4b/run_03/sweep.json,1,5066,0,5066,1698,63.4,63.4,1,1
confianza,voz05,repeticiones emparejadas,vllm,vllm,12b_4b,03,gemma4:12b,embed,docs_rag_qwen3,2026-07-04 22:40:22,confianza/vllm/12b_4b/run_03/sweep.json,5,8619,25241,6772,2188.6,54.58,219.7,5,5
confianza,voz05,repeticiones emparejadas,vllm,vllm,12b_4b,03,gemma4:12b,embed,docs_rag_qwen3,2026-07-04 22:40:22,confianza/vllm/12b_4b/run_03/sweep.json,10,13661,89320,10298.1,5084.1,33.910000000000004,263.1,10,10
confianza,voz05,repeticiones emparejadas,vllm,vllm,12b_4b,03,gemma4:12b,embed,docs_rag_qwen3,2026-07-04 22:40:22,confianza/vllm/12b_4b/run_03/sweep.json,15,12540,120960,8900,3107.6,38.66,436.6,15,15
confianza,voz05,repeticiones emparejadas,vllm,vllm,12b_4b,03,gemma4:12b,embed,docs_rag_qwen3,2026-07-04 22:40:22,confianza/vllm/12b_4b/run_03/sweep.json,20,16354,232036,12419.5,5193.75,27.9,439.7,20,20
confianza,voz05,repeticiones emparejadas,vllm,vllm,12b_4b,03,gemma4:12b,embed,docs_rag_qwen3,2026-07-04 22:40:22,confianza/vllm/12b_4b/run_03/sweep.json,25,15311,260932,11049.72,5093.72,31.796,592.1,25,25
confianza,voz05,repeticiones emparejadas,vllm,vllm,12b_4b,02,gemma4:12b,embed,docs_rag_qwen3,2026-07-04 22:39:15,confianza/vllm/12b_4b/run_02/sweep.json,1,2740,-1,2739,1384,37.2,37.2,1,1
confianza,voz05,repeticiones emparejadas,vllm,vllm,12b_4b,02,gemma4:12b,embed,docs_rag_qwen3,2026-07-04 22:39:15,confianza/vllm/12b_4b/run_02/sweep.json,5,7420,17963,5076.6,2068,46.74,176.7,5,5
confianza,voz05,repeticiones emparejadas,vllm,vllm,12b_4b,02,gemma4:12b,embed,docs_rag_qwen3,2026-07-04 22:39:15,confianza/vllm/12b_4b/run_02/sweep.json,10,10185,67816,7800.1,3663.3,36.18,277.7,10,10
confianza,voz05,repeticiones emparejadas,vllm,vllm,12b_4b,02,gemma4:12b,embed,docs_rag_qwen3,2026-07-04 22:39:15,confianza/vllm/12b_4b/run_02/sweep.json,15,12459,117609,8671.2,4008.733333333333,34.93333333333334,360.4,15,15
confianza,voz05,repeticiones emparejadas,vllm,vllm,12b_4b,02,gemma4:12b,embed,docs_rag_qwen3,2026-07-04 22:39:15,confianza/vllm/12b_4b/run_02/sweep.json,20,15868,196355,10611.15,4676.15,27.555,379.3,20,20
confianza,voz05,repeticiones emparejadas,vllm,vllm,12b_4b,02,gemma4:12b,embed,docs_rag_qwen3,2026-07-04 22:39:15,confianza/vllm/12b_4b/run_02/sweep.json,25,17511,259847,11094.32,5639.4,26.724,424.8,25,25
confianza,voz05,repeticiones emparejadas,vllm,vllm,26b_06b,04,gemma4:26b,embed,docs_rag_qwen3_06b,2026-07-04 01:07:21,confianza/vllm/26b_06b/run_04/sweep.json,1,1449,0,1449,1096,43.5,43.5,1,1
confianza,voz05,repeticiones emparejadas,vllm,vllm,26b_06b,04,gemma4:26b,embed,docs_rag_qwen3_06b,2026-07-04 01:07:21,confianza/vllm/26b_06b/run_04/sweep.json,5,4471,10691,3032.4,981.8,179.32,308.9,5,5
confianza,voz05,repeticiones emparejadas,vllm,vllm,26b_06b,04,gemma4:26b,embed,docs_rag_qwen3_06b,2026-07-04 01:07:21,confianza/vllm/26b_06b/run_04/sweep.json,10,8451,46657,5510.8,2275.3,53.82,384.8,10,10
confianza,voz05,repeticiones emparejadas,vllm,vllm,26b_06b,04,gemma4:26b,embed,docs_rag_qwen3_06b,2026-07-04 01:07:21,confianza/vllm/26b_06b/run_04/sweep.json,15,8317,70483,5253.333333333333,1819.1333333333334,74.32666666666667,500.2,15,15
confianza,voz05,repeticiones emparejadas,vllm,vllm,26b_06b,04,gemma4:26b,embed,docs_rag_qwen3_06b,2026-07-04 01:07:21,confianza/vllm/26b_06b/run_04/sweep.json,20,9966,106546,5825.6,2641.05,61.72,584.3,20,20
confianza,voz05,repeticiones emparejadas,vllm,vllm,26b_06b,04,gemma4:26b,embed,docs_rag_qwen3_06b,2026-07-04 01:07:21,confianza/vllm/26b_06b/run_04/sweep.json,25,10146,154406,6582.08,2649.44,49.668,686.4,25,25
confianza,voz05,repeticiones emparejadas,vllm,vllm,26b_06b,01,gemma4:26b,embed,docs_rag_qwen3_06b,2026-07-04 01:04:20,confianza/vllm/26b_06b/run_01/sweep.json,1,4893,0,4893,3294,45.0,45.0,1,1
confianza,voz05,repeticiones emparejadas,vllm,vllm,26b_06b,01,gemma4:26b,embed,docs_rag_qwen3_06b,2026-07-04 01:04:20,confianza/vllm/26b_06b/run_01/sweep.json,5,6938,18853,5158.2,1976.2,70.6,273.9,5,5
confianza,voz05,repeticiones emparejadas,vllm,vllm,26b_06b,01,gemma4:26b,embed,docs_rag_qwen3_06b,2026-07-04 01:04:20,confianza/vllm/26b_06b/run_01/sweep.json,10,7743,50018,5776.1,1933,62.19,478.9,10,10
confianza,voz05,repeticiones emparejadas,vllm,vllm,26b_06b,01,gemma4:26b,embed,docs_rag_qwen3_06b,2026-07-04 01:04:20,confianza/vllm/26b_06b/run_01/sweep.json,15,9228,87710,6462.533333333334,2110.6666666666665,54.333333333333336,596.6,15,15
confianza,voz05,repeticiones emparejadas,vllm,vllm,26b_06b,01,gemma4:26b,embed,docs_rag_qwen3_06b,2026-07-04 01:04:20,confianza/vllm/26b_06b/run_01/sweep.json,20,10983,157230,8410.65,3292.6,44.115,686.7,20,20
confianza,voz05,repeticiones emparejadas,vllm,vllm,26b_06b,01,gemma4:26b,embed,docs_rag_qwen3_06b,2026-07-04 01:04:20,confianza/vllm/26b_06b/run_01/sweep.json,25,11936,213884,9032.8,3276.8,37.26,738.9,25,25
confianza,voz05,repeticiones emparejadas,vllm,vllm,26b_06b,05,gemma4:26b,embed,docs_rag_qwen3_06b,2026-07-04 01:08:04,confianza/vllm/26b_06b/run_05/sweep.json,1,2167,0,2167,1242,56.3,56.3,1,1
confianza,voz05,repeticiones emparejadas,vllm,vllm,26b_06b,05,gemma4:26b,embed,docs_rag_qwen3_06b,2026-07-04 01:08:04,confianza/vllm/26b_06b/run_05/sweep.json,5,4778,11208,3197.2,1446.4,60.08,213.3,5,5
confianza,voz05,repeticiones emparejadas,vllm,vllm,26b_06b,05,gemma4:26b,embed,docs_rag_qwen3_06b,2026-07-04 01:08:04,confianza/vllm/26b_06b/run_05/sweep.json,10,6973,39109,4608.2,1813.6,49.56,356.8,10,10
confianza,voz05,repeticiones emparejadas,vllm,vllm,26b_06b,05,gemma4:26b,embed,docs_rag_qwen3_06b,2026-07-04 01:08:04,confianza/vllm/26b_06b/run_05/sweep.json,15,7913,75266,5545.266666666666,2104.4666666666667,47.29333333333334,522.6,15,15
confianza,voz05,repeticiones emparejadas,vllm,vllm,26b_06b,05,gemma4:26b,embed,docs_rag_qwen3_06b,2026-07-04 01:08:04,confianza/vllm/26b_06b/run_05/sweep.json,20,9073,120217,6464.5,2262.9,42.519999999999996,648.6,20,20
confianza,voz05,repeticiones emparejadas,vllm,vllm,26b_06b,05,gemma4:26b,embed,docs_rag_qwen3_06b,2026-07-04 01:08:04,confianza/vllm/26b_06b/run_05/sweep.json,25,9704,155976,6627.2,2724.08,39.984,725.4,25,25
confianza,voz05,repeticiones emparejadas,vllm,vllm,26b_06b,07,gemma4:26b,embed,docs_rag_qwen3_06b,2026-07-04 01:09:25,confianza/vllm/26b_06b/run_07/sweep.json,1,5175,0,5175,742,145.9,145.9,1,1
confianza,voz05,repeticiones emparejadas,vllm,vllm,26b_06b,07,gemma4:26b,embed,docs_rag_qwen3_06b,2026-07-04 01:09:25,confianza/vllm/26b_06b/run_07/sweep.json,5,6947,14548,4299,1495.2,71.2,250.3,5,5
confianza,voz05,repeticiones emparejadas,vllm,vllm,26b_06b,07,gemma4:26b,embed,docs_rag_qwen3_06b,2026-07-04 01:09:25,confianza/vllm/26b_06b/run_07/sweep.json,10,8151,50921,5907.2,2240.2,51.339999999999996,404.6,10,10
confianza,voz05,repeticiones emparejadas,vllm,vllm,26b_06b,07,gemma4:26b,embed,docs_rag_qwen3_06b,2026-07-04 01:09:25,confianza/vllm/26b_06b/run_07/sweep.json,15,8809,78806,5841,1951.8,51.36666666666667,547.7,15,15
confianza,voz05,repeticiones emparejadas,vllm,vllm,26b_06b,07,gemma4:26b,embed,docs_rag_qwen3_06b,2026-07-04 01:09:25,confianza/vllm/26b_06b/run_07/sweep.json,20,9915,135844,7287.95,2597.95,42.964999999999996,672.9,20,20
confianza,voz05,repeticiones emparejadas,vllm,vllm,26b_06b,07,gemma4:26b,embed,docs_rag_qwen3_06b,2026-07-04 01:09:25,confianza/vllm/26b_06b/run_07/sweep.json,25,10106,171253,7254.36,2989.72,41.312,774.4,25,25
confianza,voz05,repeticiones emparejadas,vllm,vllm,26b_06b,06,gemma4:26b,embed,docs_rag_qwen3_06b,2026-07-04 01:08:45,confianza/vllm/26b_06b/run_06/sweep.json,1,1295,0,1295,843,40.9,40.9,1,1
confianza,voz05,repeticiones emparejadas,vllm,vllm,26b_06b,06,gemma4:26b,embed,docs_rag_qwen3_06b,2026-07-04 01:08:45,confianza/vllm/26b_06b/run_06/sweep.json,5,5634,16231,4373,1469,59.88,249.9,5,5
confianza,voz05,repeticiones emparejadas,vllm,vllm,26b_06b,06,gemma4:26b,embed,docs_rag_qwen3_06b,2026-07-04 01:08:45,confianza/vllm/26b_06b/run_06/sweep.json,10,6365,41656,4802.1,1666.1,51.03,414.0,10,10
confianza,voz05,repeticiones emparejadas,vllm,vllm,26b_06b,06,gemma4:26b,embed,docs_rag_qwen3_06b,2026-07-04 01:08:45,confianza/vllm/26b_06b/run_06/sweep.json,15,7269,75023,5486.133333333333,2014.6,41.75333333333333,507.5,15,15
confianza,voz05,repeticiones emparejadas,vllm,vllm,26b_06b,06,gemma4:26b,embed,docs_rag_qwen3_06b,2026-07-04 01:08:45,confianza/vllm/26b_06b/run_06/sweep.json,20,8534,116119,6232.65,2280.2,43.02,667.1,20,20
confianza,voz05,repeticiones emparejadas,vllm,vllm,26b_06b,06,gemma4:26b,embed,docs_rag_qwen3_06b,2026-07-04 01:08:45,confianza/vllm/26b_06b/run_06/sweep.json,25,9855,176590,7457.8,2739.36,39.312,784.0,25,25
confianza,voz05,repeticiones emparejadas,vllm,vllm,26b_06b,10,gemma4:26b,embed,docs_rag_qwen3_06b,2026-07-04 01:12:07,confianza/vllm/26b_06b/run_10/sweep.json,1,2763,0,2763,923,103.1,103.1,1,1
confianza,voz05,repeticiones emparejadas,vllm,vllm,26b_06b,10,gemma4:26b,embed,docs_rag_qwen3_06b,2026-07-04 01:12:07,confianza/vllm/26b_06b/run_10/sweep.json,5,5101,10702,3160.6,1148,74.02,252.3,5,5
confianza,voz05,repeticiones emparejadas,vllm,vllm,26b_06b,10,gemma4:26b,embed,docs_rag_qwen3_06b,2026-07-04 01:12:07,confianza/vllm/26b_06b/run_10/sweep.json,10,7009,42175,4918.4,2232.6,46.31,344.7,10,10
confianza,voz05,repeticiones emparejadas,vllm,vllm,26b_06b,10,gemma4:26b,embed,docs_rag_qwen3_06b,2026-07-04 01:12:07,confianza/vllm/26b_06b/run_10/sweep.json,15,9345,84454,6253.266666666666,2123.3333333333335,50.986666666666665,540.3,15,15
confianza,voz05,repeticiones emparejadas,vllm,vllm,26b_06b,10,gemma4:26b,embed,docs_rag_qwen3_06b,2026-07-04 01:12:07,confianza/vllm/26b_06b/run_10/sweep.json,20,10916,152674,8179.5,3011.65,40.315,636.2,20,20
confianza,voz05,repeticiones emparejadas,vllm,vllm,26b_06b,10,gemma4:26b,embed,docs_rag_qwen3_06b,2026-07-04 01:12:07,confianza/vllm/26b_06b/run_10/sweep.json,25,11490,199933,8456.92,2815.56,39.0,755.7,25,25
confianza,voz05,repeticiones emparejadas,vllm,vllm,26b_06b,09,gemma4:26b,embed,docs_rag_qwen3_06b,2026-07-04 01:11:19,confianza/vllm/26b_06b/run_09/sweep.json,1,5001,0,5001,1246,114.8,114.8,1,1
confianza,voz05,repeticiones emparejadas,vllm,vllm,26b_06b,09,gemma4:26b,embed,docs_rag_qwen3_06b,2026-07-04 01:11:19,confianza/vllm/26b_06b/run_09/sweep.json,5,6543,21021,5512.8,1639.4,63.879999999999995,275.1,5,5
confianza,voz05,repeticiones emparejadas,vllm,vllm,26b_06b,09,gemma4:26b,embed,docs_rag_qwen3_06b,2026-07-04 01:11:19,confianza/vllm/26b_06b/run_09/sweep.json,10,7028,49804,5683.2,1831.3,60.870000000000005,505.4,10,10
confianza,voz05,repeticiones emparejadas,vllm,vllm,26b_06b,09,gemma4:26b,embed,docs_rag_qwen3_06b,2026-07-04 01:11:19,confianza/vllm/26b_06b/run_09/sweep.json,15,7689,75901,5572.666666666667,1822.7333333333333,77.26,585.1,15,15
confianza,voz05,repeticiones emparejadas,vllm,vllm,26b_06b,09,gemma4:26b,embed,docs_rag_qwen3_06b,2026-07-04 01:11:19,confianza/vllm/26b_06b/run_09/sweep.json,20,10240,144859,7754.95,2503.7,39.785,627.8,20,20
confianza,voz05,repeticiones emparejadas,vllm,vllm,26b_06b,09,gemma4:26b,embed,docs_rag_qwen3_06b,2026-07-04 01:11:19,confianza/vllm/26b_06b/run_09/sweep.json,25,11136,186994,7925.2,2996.16,37.04,693.4,25,25
confianza,voz05,repeticiones emparejadas,vllm,vllm,26b_06b,08,gemma4:26b,embed,docs_rag_qwen3_06b,2026-07-04 01:10:14,confianza/vllm/26b_06b/run_08/sweep.json,1,3419,0,3419,1151,93.6,93.6,1,1
confianza,voz05,repeticiones emparejadas,vllm,vllm,26b_06b,08,gemma4:26b,embed,docs_rag_qwen3_06b,2026-07-04 01:10:14,confianza/vllm/26b_06b/run_08/sweep.json,5,5990,16855,4569,1885.2,69.3,265.9,5,5
confianza,voz05,repeticiones emparejadas,vllm,vllm,26b_06b,08,gemma4:26b,embed,docs_rag_qwen3_06b,2026-07-04 01:10:14,confianza/vllm/26b_06b/run_08/sweep.json,10,6691,45343,5203.4,1947.8,51.85,424.2,10,10
confianza,voz05,repeticiones emparejadas,vllm,vllm,26b_06b,08,gemma4:26b,embed,docs_rag_qwen3_06b,2026-07-04 01:10:14,confianza/vllm/26b_06b/run_08/sweep.json,15,7025,71588,5240.866666666667,1939.6666666666667,50.02,581.8,15,15
confianza,voz05,repeticiones emparejadas,vllm,vllm,26b_06b,08,gemma4:26b,embed,docs_rag_qwen3_06b,2026-07-04 01:10:14,confianza/vllm/26b_06b/run_08/sweep.json,20,8898,124767,6683.25,2665.3,37.755,583.6,20,20
confianza,voz05,repeticiones emparejadas,vllm,vllm,26b_06b,08,gemma4:26b,embed,docs_rag_qwen3_06b,2026-07-04 01:10:14,confianza/vllm/26b_06b/run_08/sweep.json,25,32276,176004,8331.2,4051.48,37.78,224.4,25,25
confianza,voz05,repeticiones emparejadas,vllm,vllm,26b_06b,03,gemma4:26b,embed,docs_rag_qwen3_06b,2026-07-04 01:05:54,confianza/vllm/26b_06b/run_03/sweep.json,1,4929,0,4929,879,134.3,134.3,1,1
confianza,voz05,repeticiones emparejadas,vllm,vllm,26b_06b,03,gemma4:26b,embed,docs_rag_qwen3_06b,2026-07-04 01:05:54,confianza/vllm/26b_06b/run_03/sweep.json,5,5483,14111,3918.8,1094.6,194.51999999999998,342.5,5,5
confianza,voz05,repeticiones emparejadas,vllm,vllm,26b_06b,03,gemma4:26b,embed,docs_rag_qwen3_06b,2026-07-04 01:05:54,confianza/vllm/26b_06b/run_03/sweep.json,10,43015,55799,9881.4,4959.6,54.81,81.8,10,10
confianza,voz05,repeticiones emparejadas,vllm,vllm,26b_06b,03,gemma4:26b,embed,docs_rag_qwen3_06b,2026-07-04 01:05:54,confianza/vllm/26b_06b/run_03/sweep.json,15,7963,76578,5636.066666666667,1932.0666666666666,78.24666666666667,610.3,15,15
confianza,voz05,repeticiones emparejadas,vllm,vllm,26b_06b,03,gemma4:26b,embed,docs_rag_qwen3_06b,2026-07-04 01:05:54,confianza/vllm/26b_06b/run_03/sweep.json,20,9274,120940,6510.7,2556.45,61.485,654.3,20,20
confianza,voz05,repeticiones emparejadas,vllm,vllm,26b_06b,03,gemma4:26b,embed,docs_rag_qwen3_06b,2026-07-04 01:05:54,confianza/vllm/26b_06b/run_03/sweep.json,25,16114,183249,7974.52,3264.48,51.044,495.7,25,25
confianza,voz05,repeticiones emparejadas,vllm,vllm,26b_06b,02,gemma4:26b,embed,docs_rag_qwen3_06b,2026-07-04 01:05:13,confianza/vllm/26b_06b/run_02/sweep.json,1,1433,-1,1432,807,53.8,53.7,1,1
confianza,voz05,repeticiones emparejadas,vllm,vllm,26b_06b,02,gemma4:26b,embed,docs_rag_qwen3_06b,2026-07-04 01:05:13,confianza/vllm/26b_06b/run_02/sweep.json,5,4693,14754,3889.4,1350.4,68.52,303.2,5,5
confianza,voz05,repeticiones emparejadas,vllm,vllm,26b_06b,02,gemma4:26b,embed,docs_rag_qwen3_06b,2026-07-04 01:05:13,confianza/vllm/26b_06b/run_02/sweep.json,10,6302,44299,5060.1,1848.1,55.86,467.8,10,10
confianza,voz05,repeticiones emparejadas,vllm,vllm,26b_06b,02,gemma4:26b,embed,docs_rag_qwen3_06b,2026-07-04 01:05:13,confianza/vllm/26b_06b/run_02/sweep.json,15,8579,89783,6557.466666666666,2688.5333333333333,45.88,549.2,15,15
confianza,voz05,repeticiones emparejadas,vllm,vllm,26b_06b,02,gemma4:26b,embed,docs_rag_qwen3_06b,2026-07-04 01:05:13,confianza/vllm/26b_06b/run_02/sweep.json,20,9362,130820,7009.1,2747,40.28,611.3,20,20
confianza,voz05,repeticiones emparejadas,vllm,vllm,26b_06b,02,gemma4:26b,embed,docs_rag_qwen3_06b,2026-07-04 01:05:13,confianza/vllm/26b_06b/run_02/sweep.json,25,10390,164891,7011.24,3668.6,38.4,648.3,25,25
confianza_5090,gtc2pc4,repeticiones emparejadas,saturacion_noPC,,,,gemma4:26b,embed,docs_rag_qwen3,2026-07-16 18:46:09,confianza_5090/saturacion_noPC/sweep_saturacion.json,10,11680,83767,9544.7,4516.5,43.68,369.9,10,10
confianza_5090,gtc2pc4,repeticiones emparejadas,saturacion_noPC,,,,gemma4:26b,embed,docs_rag_qwen3,2026-07-16 18:46:09,confianza_5090/saturacion_noPC/sweep_saturacion.json,25,23232,440553,18551.4,11606.04,20.628,410.3,25,25
confianza_5090,gtc2pc4,repeticiones emparejadas,saturacion_noPC,,,,gemma4:26b,embed,docs_rag_qwen3,2026-07-16 18:46:09,confianza_5090/saturacion_noPC/sweep_saturacion.json,50,40844,1440247,29621.82,21451.68,11.524,400.0,50,50
confianza_5090,gtc2pc4,repeticiones emparejadas,saturacion_noPC,,,,gemma4:26b,embed,docs_rag_qwen3,2026-07-16 18:46:09,confianza_5090/saturacion_noPC/sweep_saturacion.json,75,61262,3318242,45060.05333333334,33211.28,8.018666666666666,407.5,75,75
confianza_5090,gtc2pc4,repeticiones emparejadas,saturacion_noPC,,,,gemma4:26b,embed,docs_rag_qwen3,2026-07-16 18:46:09,confianza_5090/saturacion_noPC/sweep_saturacion.json,100,79723,5755709,58354.32,43711.11,6.071,385.2,100,100
confianza_5090,gtc2pc4,repeticiones emparejadas,saturacion_noPC,,,,gemma4:26b,embed,docs_rag_qwen3,2026-07-16 18:46:09,confianza_5090/saturacion_noPC/sweep_saturacion.json,150,114609,12045388,81066.64666666667,65754.88666666667,4.092666666666666,390.0,150,150
confianza_5090,gtc2pc4,repeticiones emparejadas,saturacion_noPC,,,,gemma4:26b,embed,docs_rag_qwen3,2026-07-16 18:46:09,confianza_5090/saturacion_noPC/sweep_saturacion.json,200,154744,20425031,102898.875,84064.25,3.373,389.3,200,200
confianza_5090,gtc2pc4,repeticiones emparejadas,llamacpp,llamacpp,26b_4b_np4,04,gemma4:26b,embed,docs_rag_qwen3,2026-07-16 21:21:44,confianza_5090/llamacpp/26b_4b_np4/run_04/sweep.json,1,3169,0,3169,2430,33.8,33.8,1,1
confianza_5090,gtc2pc4,repeticiones emparejadas,llamacpp,llamacpp,26b_4b_np4,04,gemma4:26b,embed,docs_rag_qwen3,2026-07-16 21:21:44,confianza_5090/llamacpp/26b_4b_np4/run_04/sweep.json,5,11633,29550,8236.6,4930.4,23.64,88.6,5,5
confianza_5090,gtc2pc4,repeticiones emparejadas,llamacpp,llamacpp,26b_4b_np4,04,gemma4:26b,embed,docs_rag_qwen3,2026-07-16 21:21:44,confianza_5090/llamacpp/26b_4b_np4/run_04/sweep.json,10,21969,134027,15599.6,11107.3,18.39,139.1,10,10
confianza_5090,gtc2pc4,repeticiones emparejadas,llamacpp,llamacpp,26b_4b_np4,04,gemma4:26b,embed,docs_rag_qwen3,2026-07-16 21:21:44,confianza_5090/llamacpp/26b_4b_np4/run_04/sweep.json,15,33838,327680,24101.2,18954.4,11.82,121.6,15,15
confianza_5090,gtc2pc4,repeticiones emparejadas,llamacpp,llamacpp,26b_4b_np4,04,gemma4:26b,embed,docs_rag_qwen3,2026-07-16 21:21:44,confianza_5090/llamacpp/26b_4b_np4/run_04/sweep.json,20,44126,570946,30753.6,25285.2,10.91,139.6,20,20
confianza_5090,gtc2pc4,repeticiones emparejadas,llamacpp,llamacpp,26b_4b_np4,04,gemma4:26b,embed,docs_rag_qwen3,2026-07-16 21:21:44,confianza_5090/llamacpp/26b_4b_np4/run_04/sweep.json,25,57934,879480,37496.56,31796.52,8.864,132.3,25,25
confianza_5090,gtc2pc4,repeticiones emparejadas,llamacpp,llamacpp,26b_4b_np4,01,gemma4:26b,embed,docs_rag_qwen3,2026-07-16 21:12:44,confianza_5090/llamacpp/26b_4b_np4/run_01/sweep.json,1,3349,-1,3348,1967,89.3,89.3,1,1
confianza_5090,gtc2pc4,repeticiones emparejadas,llamacpp,llamacpp,26b_4b_np4,01,gemma4:26b,embed,docs_rag_qwen3,2026-07-16 21:12:44,confianza_5090/llamacpp/26b_4b_np4/run_01/sweep.json,5,14185,47184,12273.8,6582.6,23.86,99.5,5,5
confianza_5090,gtc2pc4,repeticiones emparejadas,llamacpp,llamacpp,26b_4b_np4,01,gemma4:26b,embed,docs_rag_qwen3,2026-07-16 21:12:44,confianza_5090/llamacpp/26b_4b_np4/run_01/sweep.json,10,23574,168488,19206.2,13758.4,16.77,130.7,10,10
confianza_5090,gtc2pc4,repeticiones emparejadas,llamacpp,llamacpp,26b_4b_np4,01,gemma4:26b,embed,docs_rag_qwen3,2026-07-16 21:12:44,confianza_5090/llamacpp/26b_4b_np4/run_01/sweep.json,15,37957,384691,28176.533333333333,21802.733333333334,14.7,151.7,15,15
confianza_5090,gtc2pc4,repeticiones emparejadas,llamacpp,llamacpp,26b_4b_np4,01,gemma4:26b,embed,docs_rag_qwen3,2026-07-16 21:12:44,confianza_5090/llamacpp/26b_4b_np4/run_01/sweep.json,20,51944,642700,34732.2,28073.9,12.69,157.8,20,20
confianza_5090,gtc2pc4,repeticiones emparejadas,llamacpp,llamacpp,26b_4b_np4,01,gemma4:26b,embed,docs_rag_qwen3,2026-07-16 21:12:44,confianza_5090/llamacpp/26b_4b_np4/run_01/sweep.json,25,61943,1028374,43612.68,37184.12,10.328,157.6,25,25
confianza_5090,gtc2pc4,repeticiones emparejadas,llamacpp,llamacpp,26b_4b_np4,05,gemma4:26b,embed,docs_rag_qwen3,2026-07-16 21:24:43,confianza_5090/llamacpp/26b_4b_np4/run_05/sweep.json,1,3367,0,3367,2423,35.6,35.6,1,1
confianza_5090,gtc2pc4,repeticiones emparejadas,llamacpp,llamacpp,26b_4b_np4,05,gemma4:26b,embed,docs_rag_qwen3,2026-07-16 21:24:43,confianza_5090/llamacpp/26b_4b_np4/run_05/sweep.json,5,11200,37360,9712,5939,26.34,117.6,5,5
confianza_5090,gtc2pc4,repeticiones emparejadas,llamacpp,llamacpp,26b_4b_np4,05,gemma4:26b,embed,docs_rag_qwen3,2026-07-16 21:24:43,confianza_5090/llamacpp/26b_4b_np4/run_05/sweep.json,10,23699,161250,18494.9,13431.7,15.1,118.5,10,10
confianza_5090,gtc2pc4,repeticiones emparejadas,llamacpp,llamacpp,26b_4b_np4,05,gemma4:26b,embed,docs_rag_qwen3,2026-07-16 21:24:43,confianza_5090/llamacpp/26b_4b_np4/run_05/sweep.json,15,35422,344160,25305.466666666667,19632.466666666667,13.233333333333334,140.3,15,15
confianza_5090,gtc2pc4,repeticiones emparejadas,llamacpp,llamacpp,26b_4b_np4,05,gemma4:26b,embed,docs_rag_qwen3,2026-07-16 21:24:43,confianza_5090/llamacpp/26b_4b_np4/run_05/sweep.json,20,47556,588620,31808.8,25917.95,10.879999999999999,139.3,20,20
confianza_5090,gtc2pc4,repeticiones emparejadas,llamacpp,llamacpp,26b_4b_np4,05,gemma4:26b,embed,docs_rag_qwen3,2026-07-16 21:24:43,confianza_5090/llamacpp/26b_4b_np4/run_05/sweep.json,25,57460,923006,39218.64,33459.28,8.608,139.7,25,25
confianza_5090,gtc2pc4,repeticiones emparejadas,llamacpp,llamacpp,26b_4b_np4,07,gemma4:26b,embed,docs_rag_qwen3,2026-07-16 21:30:57,confianza_5090/llamacpp/26b_4b_np4/run_07/sweep.json,1,5686,0,5686,2193,14.6,14.6,1,1
confianza_5090,gtc2pc4,repeticiones emparejadas,llamacpp,llamacpp,26b_4b_np4,07,gemma4:26b,embed,docs_rag_qwen3,2026-07-16 21:30:57,confianza_5090/llamacpp/26b_4b_np4/run_07/sweep.json,5,12664,42866,11106,6148.4,32.56,144.5,5,5
confianza_5090,gtc2pc4,repeticiones emparejadas,llamacpp,llamacpp,26b_4b_np4,07,gemma4:26b,embed,docs_rag_qwen3,2026-07-16 21:30:57,confianza_5090/llamacpp/26b_4b_np4/run_07/sweep.json,10,23992,155704,17969.6,12898.7,16.34,129.3,10,10
confianza_5090,gtc2pc4,repeticiones emparejadas,llamacpp,llamacpp,26b_4b_np4,07,gemma4:26b,embed,docs_rag_qwen3,2026-07-16 21:30:57,confianza_5090/llamacpp/26b_4b_np4/run_07/sweep.json,15,33923,338891,24854.266666666666,19316,12.273333333333333,131.9,15,15
confianza_5090,gtc2pc4,repeticiones emparejadas,llamacpp,llamacpp,26b_4b_np4,07,gemma4:26b,embed,docs_rag_qwen3,2026-07-16 21:30:57,confianza_5090/llamacpp/26b_4b_np4/run_07/sweep.json,20,46545,602624,32458.45,26558.9,10.3,135.8,20,20
confianza_5090,gtc2pc4,repeticiones emparejadas,llamacpp,llamacpp,26b_4b_np4,07,gemma4:26b,embed,docs_rag_qwen3,2026-07-16 21:30:57,confianza_5090/llamacpp/26b_4b_np4/run_07/sweep.json,25,57758,943660,40056.72,34214.48,7.452,124.3,25,25
confianza_5090,gtc2pc4,repeticiones emparejadas,llamacpp,llamacpp,26b_4b_np4,06,gemma4:26b,embed,docs_rag_qwen3,2026-07-16 21:27:47,confianza_5090/llamacpp/26b_4b_np4/run_06/sweep.json,1,2389,0,2389,1904,28.9,28.9,1,1
confianza_5090,gtc2pc4,repeticiones emparejadas,llamacpp,llamacpp,26b_4b_np4,06,gemma4:26b,embed,docs_rag_qwen3,2026-07-16 21:27:47,confianza_5090/llamacpp/26b_4b_np4/run_06/sweep.json,5,12708,41715,10884.6,6399.6,23.060000000000002,104.2,5,5
confianza_5090,gtc2pc4,repeticiones emparejadas,llamacpp,llamacpp,26b_4b_np4,06,gemma4:26b,embed,docs_rag_qwen3,2026-07-16 21:27:47,confianza_5090/llamacpp/26b_4b_np4/run_06/sweep.json,10,25838,166373,19221.1,13372.7,14.52,108.1,10,10
confianza_5090,gtc2pc4,repeticiones emparejadas,llamacpp,llamacpp,26b_4b_np4,06,gemma4:26b,embed,docs_rag_qwen3,2026-07-16 21:27:47,confianza_5090/llamacpp/26b_4b_np4/run_06/sweep.json,15,36545,341210,25183.666666666668,19820.866666666665,10.766666666666667,112.6,15,15
confianza_5090,gtc2pc4,repeticiones emparejadas,llamacpp,llamacpp,26b_4b_np4,06,gemma4:26b,embed,docs_rag_qwen3,2026-07-16 21:27:47,confianza_5090/llamacpp/26b_4b_np4/run_06/sweep.json,20,46980,610777,32887.85,26906.3,9.095,125.7,20,20
confianza_5090,gtc2pc4,repeticiones emparejadas,llamacpp,llamacpp,26b_4b_np4,06,gemma4:26b,embed,docs_rag_qwen3,2026-07-16 21:27:47,confianza_5090/llamacpp/26b_4b_np4/run_06/sweep.json,25,59011,943956,40118.68,34151.16,7.956,129.3,25,25
confianza_5090,gtc2pc4,repeticiones emparejadas,llamacpp,llamacpp,26b_4b_np4,10,gemma4:26b,embed,docs_rag_qwen3,2026-07-16 21:39:56,confianza_5090/llamacpp/26b_4b_np4/run_10/sweep.json,1,4553,0,4553,2926,65.9,65.9,1,1
confianza_5090,gtc2pc4,repeticiones emparejadas,llamacpp,llamacpp,26b_4b_np4,10,gemma4:26b,embed,docs_rag_qwen3,2026-07-16 21:39:56,confianza_5090/llamacpp/26b_4b_np4/run_10/sweep.json,5,10544,35918,9292.4,5488.6,23.06,107.2,5,5
confianza_5090,gtc2pc4,repeticiones emparejadas,llamacpp,llamacpp,26b_4b_np4,10,gemma4:26b,embed,docs_rag_qwen3,2026-07-16 21:39:56,confianza_5090/llamacpp/26b_4b_np4/run_10/sweep.json,10,22174,149376,17155,12669.1,15.02,115.0,10,10
confianza_5090,gtc2pc4,repeticiones emparejadas,llamacpp,llamacpp,26b_4b_np4,10,gemma4:26b,embed,docs_rag_qwen3,2026-07-16 21:39:56,confianza_5090/llamacpp/26b_4b_np4/run_10/sweep.json,15,34275,328105,24158.666666666668,18978.933333333334,12.78,134.1,15,15
confianza_5090,gtc2pc4,repeticiones emparejadas,llamacpp,llamacpp,26b_4b_np4,10,gemma4:26b,embed,docs_rag_qwen3,2026-07-16 21:39:56,confianza_5090/llamacpp/26b_4b_np4/run_10/sweep.json,20,45753,593714,31973.35,26232.6,9.755,133.5,20,20
confianza_5090,gtc2pc4,repeticiones emparejadas,llamacpp,llamacpp,26b_4b_np4,10,gemma4:26b,embed,docs_rag_qwen3,2026-07-16 21:39:56,confianza_5090/llamacpp/26b_4b_np4/run_10/sweep.json,25,61406,952988,40575.76,34256.96,8.863999999999999,144.0,25,25
confianza_5090,gtc2pc4,repeticiones emparejadas,llamacpp,llamacpp,26b_4b_np4,09,gemma4:26b,embed,docs_rag_qwen3,2026-07-16 21:36:59,confianza_5090/llamacpp/26b_4b_np4/run_09/sweep.json,1,4800,0,4800,2473,92.7,92.7,1,1
confianza_5090,gtc2pc4,repeticiones emparejadas,llamacpp,llamacpp,26b_4b_np4,09,gemma4:26b,embed,docs_rag_qwen3,2026-07-16 21:36:59,confianza_5090/llamacpp/26b_4b_np4/run_09/sweep.json,5,12654,45791,11689,7180.2,23.64,109.2,5,5
confianza_5090,gtc2pc4,repeticiones emparejadas,llamacpp,llamacpp,26b_4b_np4,09,gemma4:26b,embed,docs_rag_qwen3,2026-07-16 21:36:59,confianza_5090/llamacpp/26b_4b_np4/run_09/sweep.json,10,21195,137141,15833.6,11134.9,18.58,146.1,10,10
confianza_5090,gtc2pc4,repeticiones emparejadas,llamacpp,llamacpp,26b_4b_np4,09,gemma4:26b,embed,docs_rag_qwen3,2026-07-16 21:36:59,confianza_5090/llamacpp/26b_4b_np4/run_09/sweep.json,15,32872,324439,23820.733333333334,18709.133333333335,12.313333333333333,123.5,15,15
confianza_5090,gtc2pc4,repeticiones emparejadas,llamacpp,llamacpp,26b_4b_np4,09,gemma4:26b,embed,docs_rag_qwen3,2026-07-16 21:36:59,confianza_5090/llamacpp/26b_4b_np4/run_09/sweep.json,20,43617,566481,30504.9,25351.8,10.06,130.5,20,20
confianza_5090,gtc2pc4,repeticiones emparejadas,llamacpp,llamacpp,26b_4b_np4,09,gemma4:26b,embed,docs_rag_qwen3,2026-07-16 21:36:59,confianza_5090/llamacpp/26b_4b_np4/run_09/sweep.json,25,57007,886274,37731.24,32114.52,8.068,126.8,25,25
confianza_5090,gtc2pc4,repeticiones emparejadas,llamacpp,llamacpp,26b_4b_np4,08,gemma4:26b,embed,docs_rag_qwen3,2026-07-16 21:34:04,confianza_5090/llamacpp/26b_4b_np4/run_08/sweep.json,1,4463,0,4463,2482,79.3,79.3,1,1
confianza_5090,gtc2pc4,repeticiones emparejadas,llamacpp,llamacpp,26b_4b_np4,08,gemma4:26b,embed,docs_rag_qwen3,2026-07-16 21:34:04,confianza_5090/llamacpp/26b_4b_np4/run_08/sweep.json,5,12310,42278,10917.6,6644.8,29.4,133.8,5,5
confianza_5090,gtc2pc4,repeticiones emparejadas,llamacpp,llamacpp,26b_4b_np4,08,gemma4:26b,embed,docs_rag_qwen3,2026-07-16 21:34:04,confianza_5090/llamacpp/26b_4b_np4/run_08/sweep.json,10,22705,151606,17431.1,12814.3,15.78,119.4,10,10
confianza_5090,gtc2pc4,repeticiones emparejadas,llamacpp,llamacpp,26b_4b_np4,08,gemma4:26b,embed,docs_rag_qwen3,2026-07-16 21:34:04,confianza_5090/llamacpp/26b_4b_np4/run_08/sweep.json,15,33380,332013,24359.533333333333,19303,11.813333333333333,123.0,15,15
confianza_5090,gtc2pc4,repeticiones emparejadas,llamacpp,llamacpp,26b_4b_np4,08,gemma4:26b,embed,docs_rag_qwen3,2026-07-16 21:34:04,confianza_5090/llamacpp/26b_4b_np4/run_08/sweep.json,20,43327,593104,31821.55,26624.95,9.58,128.2,20,20
confianza_5090,gtc2pc4,repeticiones emparejadas,llamacpp,llamacpp,26b_4b_np4,08,gemma4:26b,embed,docs_rag_qwen3,2026-07-16 21:34:04,confianza_5090/llamacpp/26b_4b_np4/run_08/sweep.json,25,53609,863455,36682.56,31363.64,7.964,129.6,25,25
confianza_5090,gtc2pc4,repeticiones emparejadas,llamacpp,llamacpp,26b_4b_np4,03,gemma4:26b,embed,docs_rag_qwen3,2026-07-16 21:18:52,confianza_5090/llamacpp/26b_4b_np4/run_03/sweep.json,1,1515,0,1515,1171,37.0,37.0,1,1
confianza_5090,gtc2pc4,repeticiones emparejadas,llamacpp,llamacpp,26b_4b_np4,03,gemma4:26b,embed,docs_rag_qwen3,2026-07-16 21:18:52,confianza_5090/llamacpp/26b_4b_np4/run_03/sweep.json,5,10864,31884,8549.6,5256.4,33.88,144.2,5,5
confianza_5090,gtc2pc4,repeticiones emparejadas,llamacpp,llamacpp,26b_4b_np4,03,gemma4:26b,embed,docs_rag_qwen3,2026-07-16 21:18:52,confianza_5090/llamacpp/26b_4b_np4/run_03/sweep.json,10,23684,148120,17180.4,12039.9,17.91,128.4,10,10
confianza_5090,gtc2pc4,repeticiones emparejadas,llamacpp,llamacpp,26b_4b_np4,03,gemma4:26b,embed,docs_rag_qwen3,2026-07-16 21:18:52,confianza_5090/llamacpp/26b_4b_np4/run_03/sweep.json,15,30505,281763,20817.866666666665,15949.533333333333,14.626666666666667,145.7,15,15
confianza_5090,gtc2pc4,repeticiones emparejadas,llamacpp,llamacpp,26b_4b_np4,03,gemma4:26b,embed,docs_rag_qwen3,2026-07-16 21:18:52,confianza_5090/llamacpp/26b_4b_np4/run_03/sweep.json,20,45004,515847,28042.55,22778.5,10.89,128.9,20,20
confianza_5090,gtc2pc4,repeticiones emparejadas,llamacpp,llamacpp,26b_4b_np4,03,gemma4:26b,embed,docs_rag_qwen3,2026-07-16 21:18:52,confianza_5090/llamacpp/26b_4b_np4/run_03/sweep.json,25,54994,832446,35497.6,29949.12,9.9,147.9,25,25
confianza_5090,gtc2pc4,repeticiones emparejadas,llamacpp,llamacpp,26b_4b_np4,02,gemma4:26b,embed,docs_rag_qwen3,2026-07-16 21:16:03,confianza_5090/llamacpp/26b_4b_np4/run_02/sweep.json,1,2721,-1,2720,1965,23.5,23.5,1,1
confianza_5090,gtc2pc4,repeticiones emparejadas,llamacpp,llamacpp,26b_4b_np4,02,gemma4:26b,embed,docs_rag_qwen3,2026-07-16 21:16:03,confianza_5090/llamacpp/26b_4b_np4/run_02/sweep.json,5,10717,35821,9307.6,5847.8,22.86,104.9,5,5
confianza_5090,gtc2pc4,repeticiones emparejadas,llamacpp,llamacpp,26b_4b_np4,02,gemma4:26b,embed,docs_rag_qwen3,2026-07-16 21:16:03,confianza_5090/llamacpp/26b_4b_np4/run_02/sweep.json,10,22198,153823,17602.1,12973.4,14.15,112.5,10,10
confianza_5090,gtc2pc4,repeticiones emparejadas,llamacpp,llamacpp,26b_4b_np4,02,gemma4:26b,embed,docs_rag_qwen3,2026-07-16 21:16:03,confianza_5090/llamacpp/26b_4b_np4/run_02/sweep.json,15,32442,308368,22720.666666666668,17820.8,12.266666666666667,128.4,15,15
confianza_5090,gtc2pc4,repeticiones emparejadas,llamacpp,llamacpp,26b_4b_np4,02,gemma4:26b,embed,docs_rag_qwen3,2026-07-16 21:16:03,confianza_5090/llamacpp/26b_4b_np4/run_02/sweep.json,20,41990,538411,29020.05,23933.9,9.745,129.1,20,20
confianza_5090,gtc2pc4,repeticiones emparejadas,llamacpp,llamacpp,26b_4b_np4,02,gemma4:26b,embed,docs_rag_qwen3,2026-07-16 21:16:03,confianza_5090/llamacpp/26b_4b_np4/run_02/sweep.json,25,52664,874918,37103.28,32054.4,7.968,129.5,25,25
confianza_5090,gtc2pc4,repeticiones emparejadas,llamacpp,llamacpp,26b_06b_np4,04,gemma4:26b,embed,docs_rag_qwen3_06b,2026-07-16 20:51:41,confianza_5090/llamacpp/26b_06b_np4/run_04/sweep.json,1,2697,0,2697,2297,19.7,19.7,1,1
confianza_5090,gtc2pc4,repeticiones emparejadas,llamacpp,llamacpp,26b_06b_np4,04,gemma4:26b,embed,docs_rag_qwen3_06b,2026-07-16 20:51:41,confianza_5090/llamacpp/26b_06b_np4/run_04/sweep.json,5,12687,30273,8592,4416.8,49.58,124.7,5,5
confianza_5090,gtc2pc4,repeticiones emparejadas,llamacpp,llamacpp,26b_06b_np4,04,gemma4:26b,embed,docs_rag_qwen3_06b,2026-07-16 20:51:41,confianza_5090/llamacpp/26b_06b_np4/run_04/sweep.json,10,20931,126817,14774.8,10215.8,18.29,141.0,10,10
confianza_5090,gtc2pc4,repeticiones emparejadas,llamacpp,llamacpp,26b_06b_np4,04,gemma4:26b,embed,docs_rag_qwen3_06b,2026-07-16 20:51:41,confianza_5090/llamacpp/26b_06b_np4/run_04/sweep.json,15,33891,335997,24659.2,19219.6,12.086666666666666,127.7,15,15
confianza_5090,gtc2pc4,repeticiones emparejadas,llamacpp,llamacpp,26b_06b_np4,04,gemma4:26b,embed,docs_rag_qwen3_06b,2026-07-16 20:51:41,confianza_5090/llamacpp/26b_06b_np4/run_04/sweep.json,20,45081,603411,32424.6,26808.15,10.82,141.1,20,20
confianza_5090,gtc2pc4,repeticiones emparejadas,llamacpp,llamacpp,26b_06b_np4,04,gemma4:26b,embed,docs_rag_qwen3_06b,2026-07-16 20:51:41,confianza_5090/llamacpp/26b_06b_np4/run_04/sweep.json,25,53520,828215,35269.4,29973.88,8.444,125.3,25,25
confianza_5090,gtc2pc4,repeticiones emparejadas,llamacpp,llamacpp,26b_06b_np4,01,gemma4:26b,embed,docs_rag_qwen3_06b,2026-07-16 20:42:49,confianza_5090/llamacpp/26b_06b_np4/run_01/sweep.json,1,3537,0,3537,2198,81.7,81.7,1,1
confianza_5090,gtc2pc4,repeticiones emparejadas,llamacpp,llamacpp,26b_06b_np4,01,gemma4:26b,embed,docs_rag_qwen3_06b,2026-07-16 20:42:49,confianza_5090/llamacpp/26b_06b_np4/run_01/sweep.json,5,13115,43308,11284.6,6256.6,24.66,104.4,5,5
confianza_5090,gtc2pc4,repeticiones emparejadas,llamacpp,llamacpp,26b_06b_np4,01,gemma4:26b,embed,docs_rag_qwen3_06b,2026-07-16 20:42:49,confianza_5090/llamacpp/26b_06b_np4/run_01/sweep.json,10,24068,164518,18858.6,13433.5,16.02,118.9,10,10
confianza_5090,gtc2pc4,repeticiones emparejadas,llamacpp,llamacpp,26b_06b_np4,01,gemma4:26b,embed,docs_rag_qwen3_06b,2026-07-16 20:42:49,confianza_5090/llamacpp/26b_06b_np4/run_01/sweep.json,15,35644,338857,24966.733333333334,18948.4,14.413333333333334,148.0,15,15
confianza_5090,gtc2pc4,repeticiones emparejadas,llamacpp,llamacpp,26b_06b_np4,01,gemma4:26b,embed,docs_rag_qwen3_06b,2026-07-16 20:42:49,confianza_5090/llamacpp/26b_06b_np4/run_01/sweep.json,20,49070,619795,33443.25,26891.1,14.13,174.9,20,20
confianza_5090,gtc2pc4,repeticiones emparejadas,llamacpp,llamacpp,26b_06b_np4,01,gemma4:26b,embed,docs_rag_qwen3_06b,2026-07-16 20:42:49,confianza_5090/llamacpp/26b_06b_np4/run_01/sweep.json,25,60498,947290,40311.52,33953.2,10.276,148.8,25,25
confianza_5090,gtc2pc4,repeticiones emparejadas,llamacpp,llamacpp,26b_06b_np4,05,gemma4:26b,embed,docs_rag_qwen3_06b,2026-07-16 20:54:35,confianza_5090/llamacpp/26b_06b_np4/run_05/sweep.json,1,3288,0,3288,2504,36.8,36.8,1,1
confianza_5090,gtc2pc4,repeticiones emparejadas,llamacpp,llamacpp,26b_06b_np4,05,gemma4:26b,embed,docs_rag_qwen3_06b,2026-07-16 20:54:35,confianza_5090/llamacpp/26b_06b_np4/run_05/sweep.json,5,11978,37990,9993.6,6115.6,19.7,86.5,5,5
confianza_5090,gtc2pc4,repeticiones emparejadas,llamacpp,llamacpp,26b_06b_np4,05,gemma4:26b,embed,docs_rag_qwen3_06b,2026-07-16 20:54:35,confianza_5090/llamacpp/26b_06b_np4/run_05/sweep.json,10,23024,159940,18296.4,13209.1,13.21,104.0,10,10
confianza_5090,gtc2pc4,repeticiones emparejadas,llamacpp,llamacpp,26b_06b_np4,05,gemma4:26b,embed,docs_rag_qwen3_06b,2026-07-16 20:54:35,confianza_5090/llamacpp/26b_06b_np4/run_05/sweep.json,15,32187,316203,23226,18197.2,11.853333333333333,128.5,15,15
confianza_5090,gtc2pc4,repeticiones emparejadas,llamacpp,llamacpp,26b_06b_np4,05,gemma4:26b,embed,docs_rag_qwen3_06b,2026-07-16 20:54:35,confianza_5090/llamacpp/26b_06b_np4/run_05/sweep.json,20,45792,587019,31640.55,25884.5,9.5,131.3,20,20
confianza_5090,gtc2pc4,repeticiones emparejadas,llamacpp,llamacpp,26b_06b_np4,05,gemma4:26b,embed,docs_rag_qwen3_06b,2026-07-16 20:54:35,confianza_5090/llamacpp/26b_06b_np4/run_05/sweep.json,25,58115,920880,39159.8,33194.76,8.408,134.6,25,25
confianza_5090,gtc2pc4,repeticiones emparejadas,llamacpp,llamacpp,26b_06b_np4,07,gemma4:26b,embed,docs_rag_qwen3_06b,2026-07-16 21:00:36,confianza_5090/llamacpp/26b_06b_np4/run_07/sweep.json,1,5636,-1,5635,2153,17.0,17.0,1,1
confianza_5090,gtc2pc4,repeticiones emparejadas,llamacpp,llamacpp,26b_06b_np4,07,gemma4:26b,embed,docs_rag_qwen3_06b,2026-07-16 21:00:36,confianza_5090/llamacpp/26b_06b_np4/run_07/sweep.json,5,12509,37785,10058.8,5405,20.7,86.4,5,5
confianza_5090,gtc2pc4,repeticiones emparejadas,llamacpp,llamacpp,26b_06b_np4,07,gemma4:26b,embed,docs_rag_qwen3_06b,2026-07-16 21:00:36,confianza_5090/llamacpp/26b_06b_np4/run_07/sweep.json,10,24447,158870,18331.7,13059.1,14.03,106.8,10,10
confianza_5090,gtc2pc4,repeticiones emparejadas,llamacpp,llamacpp,26b_06b_np4,07,gemma4:26b,embed,docs_rag_qwen3_06b,2026-07-16 21:00:36,confianza_5090/llamacpp/26b_06b_np4/run_07/sweep.json,15,35368,350504,25724.8,19873.666666666668,12.7,125.9,15,15
confianza_5090,gtc2pc4,repeticiones emparejadas,llamacpp,llamacpp,26b_06b_np4,07,gemma4:26b,embed,docs_rag_qwen3_06b,2026-07-16 21:00:36,confianza_5090/llamacpp/26b_06b_np4/run_07/sweep.json,20,45886,602904,32439.5,26468.75,10.86,144.3,20,20
confianza_5090,gtc2pc4,repeticiones emparejadas,llamacpp,llamacpp,26b_06b_np4,07,gemma4:26b,embed,docs_rag_qwen3_06b,2026-07-16 21:00:36,confianza_5090/llamacpp/26b_06b_np4/run_07/sweep.json,25,55800,902871,38346.84,32697.32,7.872,125.9,25,25
confianza_5090,gtc2pc4,repeticiones emparejadas,llamacpp,llamacpp,26b_06b_np4,06,gemma4:26b,embed,docs_rag_qwen3_06b,2026-07-16 20:57:34,confianza_5090/llamacpp/26b_06b_np4/run_06/sweep.json,1,2477,0,2477,2070,25.0,25.0,1,1
confianza_5090,gtc2pc4,repeticiones emparejadas,llamacpp,llamacpp,26b_06b_np4,06,gemma4:26b,embed,docs_rag_qwen3_06b,2026-07-16 20:57:34,confianza_5090/llamacpp/26b_06b_np4/run_06/sweep.json,5,12681,42918,11119.8,5887.8,26.16,122.5,5,5
confianza_5090,gtc2pc4,repeticiones emparejadas,llamacpp,llamacpp,26b_06b_np4,06,gemma4:26b,embed,docs_rag_qwen3_06b,2026-07-16 20:57:34,confianza_5090/llamacpp/26b_06b_np4/run_06/sweep.json,10,23326,156801,18012.7,12891.9,13.129999999999999,109.4,10,10
confianza_5090,gtc2pc4,repeticiones emparejadas,llamacpp,llamacpp,26b_06b_np4,06,gemma4:26b,embed,docs_rag_qwen3_06b,2026-07-16 20:57:34,confianza_5090/llamacpp/26b_06b_np4/run_06/sweep.json,15,34852,326427,24085.266666666666,19086,10.113333333333333,109.2,15,15
confianza_5090,gtc2pc4,repeticiones emparejadas,llamacpp,llamacpp,26b_06b_np4,06,gemma4:26b,embed,docs_rag_qwen3_06b,2026-07-16 20:57:34,confianza_5090/llamacpp/26b_06b_np4/run_06/sweep.json,20,45440,562416,30392.8,24664.25,9.57,130.9,20,20
confianza_5090,gtc2pc4,repeticiones emparejadas,llamacpp,llamacpp,26b_06b_np4,06,gemma4:26b,embed,docs_rag_qwen3_06b,2026-07-16 20:57:34,confianza_5090/llamacpp/26b_06b_np4/run_06/sweep.json,25,58590,908374,38678.56,32834.52,7.892,131.9,25,25
confianza_5090,gtc2pc4,repeticiones emparejadas,llamacpp,llamacpp,26b_06b_np4,10,gemma4:26b,embed,docs_rag_qwen3_06b,2026-07-16 21:09:37,confianza_5090/llamacpp/26b_06b_np4/run_10/sweep.json,1,3395,0,3395,2240,61.9,61.9,1,1
confianza_5090,gtc2pc4,repeticiones emparejadas,llamacpp,llamacpp,26b_06b_np4,10,gemma4:26b,embed,docs_rag_qwen3_06b,2026-07-16 21:09:37,confianza_5090/llamacpp/26b_06b_np4/run_10/sweep.json,5,11509,32777,8857.2,5565.8,24.32,102.4,5,5
confianza_5090,gtc2pc4,repeticiones emparejadas,llamacpp,llamacpp,26b_06b_np4,10,gemma4:26b,embed,docs_rag_qwen3_06b,2026-07-16 21:09:37,confianza_5090/llamacpp/26b_06b_np4/run_10/sweep.json,10,23608,155491,17909.9,13126.3,13.91,107.5,10,10
confianza_5090,gtc2pc4,repeticiones emparejadas,llamacpp,llamacpp,26b_06b_np4,10,gemma4:26b,embed,docs_rag_qwen3_06b,2026-07-16 21:09:37,confianza_5090/llamacpp/26b_06b_np4/run_10/sweep.json,15,35937,326701,24175.866666666665,18364.2,13.953333333333333,142.6,15,15
confianza_5090,gtc2pc4,repeticiones emparejadas,llamacpp,llamacpp,26b_06b_np4,10,gemma4:26b,embed,docs_rag_qwen3_06b,2026-07-16 21:09:37,confianza_5090/llamacpp/26b_06b_np4/run_10/sweep.json,20,47060,608772,32791.6,26825.55,11.209999999999999,143.7,20,20
confianza_5090,gtc2pc4,repeticiones emparejadas,llamacpp,llamacpp,26b_06b_np4,10,gemma4:26b,embed,docs_rag_qwen3_06b,2026-07-16 21:09:37,confianza_5090/llamacpp/26b_06b_np4/run_10/sweep.json,25,59641,915232,38994.92,32710.32,9.236,148.1,25,25
confianza_5090,gtc2pc4,repeticiones emparejadas,llamacpp,llamacpp,26b_06b_np4,09,gemma4:26b,embed,docs_rag_qwen3_06b,2026-07-16 21:06:39,confianza_5090/llamacpp/26b_06b_np4/run_09/sweep.json,1,5089,0,5089,2659,77.6,77.6,1,1
confianza_5090,gtc2pc4,repeticiones emparejadas,llamacpp,llamacpp,26b_06b_np4,09,gemma4:26b,embed,docs_rag_qwen3_06b,2026-07-16 21:06:39,confianza_5090/llamacpp/26b_06b_np4/run_09/sweep.json,5,12674,43328,11200.4,6424.6,28.0,129.1,5,5
confianza_5090,gtc2pc4,repeticiones emparejadas,llamacpp,llamacpp,26b_06b_np4,09,gemma4:26b,embed,docs_rag_qwen3_06b,2026-07-16 21:06:39,confianza_5090/llamacpp/26b_06b_np4/run_09/sweep.json,10,21430,136626,15805.6,11377.3,16.6,128.8,10,10
confianza_5090,gtc2pc4,repeticiones emparejadas,llamacpp,llamacpp,26b_06b_np4,09,gemma4:26b,embed,docs_rag_qwen3_06b,2026-07-16 21:06:39,confianza_5090/llamacpp/26b_06b_np4/run_09/sweep.json,15,33728,319342,23538,18229.666666666668,12.013333333333334,121.9,15,15
confianza_5090,gtc2pc4,repeticiones emparejadas,llamacpp,llamacpp,26b_06b_np4,09,gemma4:26b,embed,docs_rag_qwen3_06b,2026-07-16 21:06:39,confianza_5090/llamacpp/26b_06b_np4/run_09/sweep.json,20,47664,640322,34399.3,28516.55,10.03,129.7,20,20
confianza_5090,gtc2pc4,repeticiones emparejadas,llamacpp,llamacpp,26b_06b_np4,09,gemma4:26b,embed,docs_rag_qwen3_06b,2026-07-16 21:06:39,confianza_5090/llamacpp/26b_06b_np4/run_09/sweep.json,25,53360,846185,35981.8,30579.2,8.088,128.7,25,25
confianza_5090,gtc2pc4,repeticiones emparejadas,llamacpp,llamacpp,26b_06b_np4,08,gemma4:26b,embed,docs_rag_qwen3_06b,2026-07-16 21:03:40,confianza_5090/llamacpp/26b_06b_np4/run_08/sweep.json,1,4411,0,4411,2342,86.6,86.6,1,1
confianza_5090,gtc2pc4,repeticiones emparejadas,llamacpp,llamacpp,26b_06b_np4,08,gemma4:26b,embed,docs_rag_qwen3_06b,2026-07-16 21:03:40,confianza_5090/llamacpp/26b_06b_np4/run_08/sweep.json,5,13240,41509,10949.8,6000.4,30.98,130.5,5,5
confianza_5090,gtc2pc4,repeticiones emparejadas,llamacpp,llamacpp,26b_06b_np4,08,gemma4:26b,embed,docs_rag_qwen3_06b,2026-07-16 21:03:40,confianza_5090/llamacpp/26b_06b_np4/run_08/sweep.json,10,22431,147627,17005.8,12601.9,14.45,118.0,10,10
confianza_5090,gtc2pc4,repeticiones emparejadas,llamacpp,llamacpp,26b_06b_np4,08,gemma4:26b,embed,docs_rag_qwen3_06b,2026-07-16 21:03:40,confianza_5090/llamacpp/26b_06b_np4/run_08/sweep.json,15,36548,346557,25540.333333333332,19983.933333333334,11.813333333333334,119.0,15,15
confianza_5090,gtc2pc4,repeticiones emparejadas,llamacpp,llamacpp,26b_06b_np4,08,gemma4:26b,embed,docs_rag_qwen3_06b,2026-07-16 21:03:40,confianza_5090/llamacpp/26b_06b_np4/run_08/sweep.json,20,42534,563814,30317.4,25223.25,9.05,118.6,20,20
confianza_5090,gtc2pc4,repeticiones emparejadas,llamacpp,llamacpp,26b_06b_np4,08,gemma4:26b,embed,docs_rag_qwen3_06b,2026-07-16 21:03:40,confianza_5090/llamacpp/26b_06b_np4/run_08/sweep.json,25,55295,861733,36681.12,31375.2,7.92,124.8,25,25
confianza_5090,gtc2pc4,repeticiones emparejadas,llamacpp,llamacpp,26b_06b_np4,03,gemma4:26b,embed,docs_rag_qwen3_06b,2026-07-16 20:48:47,confianza_5090/llamacpp/26b_06b_np4/run_03/sweep.json,1,1494,-1,1493,1185,32.8,32.8,1,1
confianza_5090,gtc2pc4,repeticiones emparejadas,llamacpp,llamacpp,26b_06b_np4,03,gemma4:26b,embed,docs_rag_qwen3_06b,2026-07-16 20:48:47,confianza_5090/llamacpp/26b_06b_np4/run_03/sweep.json,5,14335,46152,12097.4,6092,29.88,127.5,5,5
confianza_5090,gtc2pc4,repeticiones emparejadas,llamacpp,llamacpp,26b_06b_np4,03,gemma4:26b,embed,docs_rag_qwen3_06b,2026-07-16 20:48:47,confianza_5090/llamacpp/26b_06b_np4/run_03/sweep.json,10,21787,125583,14737,10094.7,19.52,138.5,10,10
confianza_5090,gtc2pc4,repeticiones emparejadas,llamacpp,llamacpp,26b_06b_np4,03,gemma4:26b,embed,docs_rag_qwen3_06b,2026-07-16 20:48:47,confianza_5090/llamacpp/26b_06b_np4/run_03/sweep.json,15,32657,285951,21240.533333333333,16023.733333333334,15.426666666666666,148.6,15,15
confianza_5090,gtc2pc4,repeticiones emparejadas,llamacpp,llamacpp,26b_06b_np4,03,gemma4:26b,embed,docs_rag_qwen3_06b,2026-07-16 20:48:47,confianza_5090/llamacpp/26b_06b_np4/run_03/sweep.json,20,42657,521757,28220.7,23022.5,10.98,138.0,20,20
confianza_5090,gtc2pc4,repeticiones emparejadas,llamacpp,llamacpp,26b_06b_np4,03,gemma4:26b,embed,docs_rag_qwen3_06b,2026-07-16 20:48:47,confianza_5090/llamacpp/26b_06b_np4/run_03/sweep.json,25,56397,855939,36493.44,30711.52,9.972,149.6,25,25
confianza_5090,gtc2pc4,repeticiones emparejadas,llamacpp,llamacpp,26b_06b_np4,02,gemma4:26b,embed,docs_rag_qwen3_06b,2026-07-16 20:46:00,confianza_5090/llamacpp/26b_06b_np4/run_02/sweep.json,1,3044,0,3044,2414,19.1,19.1,1,1
confianza_5090,gtc2pc4,repeticiones emparejadas,llamacpp,llamacpp,26b_06b_np4,02,gemma4:26b,embed,docs_rag_qwen3_06b,2026-07-16 20:46:00,confianza_5090/llamacpp/26b_06b_np4/run_02/sweep.json,5,10126,36664,9358,5660,26.04,124.0,5,5
confianza_5090,gtc2pc4,repeticiones emparejadas,llamacpp,llamacpp,26b_06b_np4,02,gemma4:26b,embed,docs_rag_qwen3_06b,2026-07-16 20:46:00,confianza_5090/llamacpp/26b_06b_np4/run_02/sweep.json,10,22299,148148,17044.7,12280.1,16.04,123.3,10,10
confianza_5090,gtc2pc4,repeticiones emparejadas,llamacpp,llamacpp,26b_06b_np4,02,gemma4:26b,embed,docs_rag_qwen3_06b,2026-07-16 20:46:00,confianza_5090/llamacpp/26b_06b_np4/run_02/sweep.json,15,32714,307367,22672.066666666666,17548.4,13.273333333333333,136.3,15,15
confianza_5090,gtc2pc4,repeticiones emparejadas,llamacpp,llamacpp,26b_06b_np4,02,gemma4:26b,embed,docs_rag_qwen3_06b,2026-07-16 20:46:00,confianza_5090/llamacpp/26b_06b_np4/run_02/sweep.json,20,42236,543676,29295.6,24057.4,9.89,125.9,20,20
confianza_5090,gtc2pc4,repeticiones emparejadas,llamacpp,llamacpp,26b_06b_np4,02,gemma4:26b,embed,docs_rag_qwen3_06b,2026-07-16 20:46:00,confianza_5090/llamacpp/26b_06b_np4/run_02/sweep.json,25,52775,831646,35376.84,30147.44,7.944,124.0,25,25
confianza_5090,gtc2pc4,repeticiones emparejadas,llamacpp,llamacpp,12b_06b_np8,04,gemma4:12b,embed,docs_rag_qwen3_06b,2026-07-31 12:25:24,confianza_5090/llamacpp/12b_06b_np8/run_04/sweep.json,1,8546,0,8546,7400,12.5,12.5,1,1
confianza_5090,gtc2pc4,repeticiones emparejadas,llamacpp,llamacpp,12b_06b_np8,04,gemma4:12b,embed,docs_rag_qwen3_06b,2026-07-31 12:25:24,confianza_5090/llamacpp/12b_06b_np8/run_04/sweep.json,5,30099,108741,27768,18818.2,12.34,58.6,5,5
confianza_5090,gtc2pc4,repeticiones emparejadas,llamacpp,llamacpp,12b_06b_np8,04,gemma4:12b,embed,docs_rag_qwen3_06b,2026-07-31 12:25:24,confianza_5090/llamacpp/12b_06b_np8/run_04/sweep.json,10,37098,270624,30772.2,16336.6,12.19,105.6,10,10
confianza_5090,gtc2pc4,repeticiones emparejadas,llamacpp,llamacpp,12b_06b_np8,04,gemma4:12b,embed,docs_rag_qwen3_06b,2026-07-31 12:25:24,confianza_5090/llamacpp/12b_06b_np8/run_04/sweep.json,15,53846,603644,43832.666666666664,29862.866666666665,7.3,93.3,15,15
confianza_5090,gtc2pc4,repeticiones emparejadas,llamacpp,llamacpp,12b_06b_np8,04,gemma4:12b,embed,docs_rag_qwen3_06b,2026-07-31 12:25:24,confianza_5090/llamacpp/12b_06b_np8/run_04/sweep.json,20,70903,1052094,56149.85,41213.2,5.8549999999999995,93.7,20,20
confianza_5090,gtc2pc4,repeticiones emparejadas,llamacpp,llamacpp,12b_06b_np8,04,gemma4:12b,embed,docs_rag_qwen3_06b,2026-07-31 12:25:24,confianza_5090/llamacpp/12b_06b_np8/run_04/sweep.json,25,81337,1473937,62210.96,47660.56,4.92,92.2,25,25
confianza_5090,gtc2pc4,repeticiones emparejadas,llamacpp,llamacpp,12b_06b_np8,01,gemma4:12b,embed,docs_rag_qwen3_06b,2026-07-31 12:10:49,confianza_5090/llamacpp/12b_06b_np8/run_01/sweep.json,1,4967,0,4967,2966,51.7,51.7,1,1
confianza_5090,gtc2pc4,repeticiones emparejadas,llamacpp,llamacpp,12b_06b_np8,01,gemma4:12b,embed,docs_rag_qwen3_06b,2026-07-31 12:10:49,confianza_5090/llamacpp/12b_06b_np8/run_01/sweep.json,5,21353,72050,18680.6,9659.4,21.38,96.0,5,5
confianza_5090,gtc2pc4,repeticiones emparejadas,llamacpp,llamacpp,12b_06b_np8,01,gemma4:12b,embed,docs_rag_qwen3_06b,2026-07-31 12:10:49,confianza_5090/llamacpp/12b_06b_np8/run_01/sweep.json,10,34152,258959,29311.1,16667.5,12.78,112.8,10,10
confianza_5090,gtc2pc4,repeticiones emparejadas,llamacpp,llamacpp,12b_06b_np8,01,gemma4:12b,embed,docs_rag_qwen3_06b,2026-07-31 12:10:49,confianza_5090/llamacpp/12b_06b_np8/run_01/sweep.json,15,52768,586745,42634.2,27866,9.653333333333334,118.3,15,15
confianza_5090,gtc2pc4,repeticiones emparejadas,llamacpp,llamacpp,12b_06b_np8,01,gemma4:12b,embed,docs_rag_qwen3_06b,2026-07-31 12:10:49,confianza_5090/llamacpp/12b_06b_np8/run_01/sweep.json,20,71613,1000746,53617.95,37808.45,7.405,110.2,20,20
confianza_5090,gtc2pc4,repeticiones emparejadas,llamacpp,llamacpp,12b_06b_np8,01,gemma4:12b,embed,docs_rag_qwen3_06b,2026-07-31 12:10:49,confianza_5090/llamacpp/12b_06b_np8/run_01/sweep.json,25,85646,1506086,63669.28,47751.08,5.832,104.7,25,25
confianza_5090,gtc2pc4,repeticiones emparejadas,llamacpp,llamacpp,12b_06b_np8,05,gemma4:12b,embed,docs_rag_qwen3_06b,2026-07-31 12:30:19,confianza_5090/llamacpp/12b_06b_np8/run_05/sweep.json,1,11151,0,11151,10068,9.5,9.5,1,1
confianza_5090,gtc2pc4,repeticiones emparejadas,llamacpp,llamacpp,12b_06b_np8,05,gemma4:12b,embed,docs_rag_qwen3_06b,2026-07-31 12:30:19,confianza_5090/llamacpp/12b_06b_np8/run_05/sweep.json,5,24797,93845,23728.4,17689.6,9.08,43.9,5,5
confianza_5090,gtc2pc4,repeticiones emparejadas,llamacpp,llamacpp,12b_06b_np8,05,gemma4:12b,embed,docs_rag_qwen3_06b,2026-07-31 12:30:19,confianza_5090/llamacpp/12b_06b_np8/run_05/sweep.json,10,36688,280247,31693.5,19614.7,7.68,68.6,10,10
confianza_5090,gtc2pc4,repeticiones emparejadas,llamacpp,llamacpp,12b_06b_np8,05,gemma4:12b,embed,docs_rag_qwen3_06b,2026-07-31 12:30:19,confianza_5090/llamacpp/12b_06b_np8/run_05/sweep.json,15,54387,607117,44100.26666666667,29675.6,6.84,87.1,15,15
confianza_5090,gtc2pc4,repeticiones emparejadas,llamacpp,llamacpp,12b_06b_np8,05,gemma4:12b,embed,docs_rag_qwen3_06b,2026-07-31 12:30:19,confianza_5090/llamacpp/12b_06b_np8/run_05/sweep.json,20,70151,1018329,54424,39234,5.865,90.7,20,20
confianza_5090,gtc2pc4,repeticiones emparejadas,llamacpp,llamacpp,12b_06b_np8,05,gemma4:12b,embed,docs_rag_qwen3_06b,2026-07-31 12:30:19,confianza_5090/llamacpp/12b_06b_np8/run_05/sweep.json,25,83641,1469784,62137,47211,4.94,92.6,25,25
confianza_5090,gtc2pc4,repeticiones emparejadas,llamacpp,llamacpp,12b_06b_np8,07,gemma4:12b,embed,docs_rag_qwen3_06b,2026-07-31 12:40:00,confianza_5090/llamacpp/12b_06b_np8/run_07/sweep.json,1,9407,0,9407,6869,34.8,34.8,1,1
confianza_5090,gtc2pc4,repeticiones emparejadas,llamacpp,llamacpp,12b_06b_np8,07,gemma4:12b,embed,docs_rag_qwen3_06b,2026-07-31 12:40:00,confianza_5090/llamacpp/12b_06b_np8/run_07/sweep.json,5,34855,114810,29933,16268,13.5,62.1,5,5
confianza_5090,gtc2pc4,repeticiones emparejadas,llamacpp,llamacpp,12b_06b_np8,07,gemma4:12b,embed,docs_rag_qwen3_06b,2026-07-31 12:40:00,confianza_5090/llamacpp/12b_06b_np8/run_07/sweep.json,10,36525,280051,31657.6,17164.3,11.24,101.9,10,10
confianza_5090,gtc2pc4,repeticiones emparejadas,llamacpp,llamacpp,12b_06b_np8,07,gemma4:12b,embed,docs_rag_qwen3_06b,2026-07-31 12:40:00,confianza_5090/llamacpp/12b_06b_np8/run_07/sweep.json,15,57058,637601,46310.6,31054.4,7.026666666666666,86.6,15,15
confianza_5090,gtc2pc4,repeticiones emparejadas,llamacpp,llamacpp,12b_06b_np8,07,gemma4:12b,embed,docs_rag_qwen3_06b,2026-07-31 12:40:00,confianza_5090/llamacpp/12b_06b_np8/run_07/sweep.json,20,68694,1013686,54119,39000.05,6.155,98.0,20,20
confianza_5090,gtc2pc4,repeticiones emparejadas,llamacpp,llamacpp,12b_06b_np8,07,gemma4:12b,embed,docs_rag_qwen3_06b,2026-07-31 12:40:00,confianza_5090/llamacpp/12b_06b_np8/run_07/sweep.json,25,87542,1552940,65619.28,49730.92,5.172,96.5,25,25
confianza_5090,gtc2pc4,repeticiones emparejadas,llamacpp,llamacpp,12b_06b_np8,06,gemma4:12b,embed,docs_rag_qwen3_06b,2026-07-31 12:35:11,confianza_5090/llamacpp/12b_06b_np8/run_06/sweep.json,1,9470,0,9470,9033,2.4,2.4,1,1
confianza_5090,gtc2pc4,repeticiones emparejadas,llamacpp,llamacpp,12b_06b_np8,06,gemma4:12b,embed,docs_rag_qwen3_06b,2026-07-31 12:35:11,confianza_5090/llamacpp/12b_06b_np8/run_06/sweep.json,5,25979,94302,24056.2,16457.6,10.56,51.3,5,5
confianza_5090,gtc2pc4,repeticiones emparejadas,llamacpp,llamacpp,12b_06b_np8,06,gemma4:12b,embed,docs_rag_qwen3_06b,2026-07-31 12:35:11,confianza_5090/llamacpp/12b_06b_np8/run_06/sweep.json,10,33773,250056,28382.9,16923.8,7.87,72.0,10,10
confianza_5090,gtc2pc4,repeticiones emparejadas,llamacpp,llamacpp,12b_06b_np8,06,gemma4:12b,embed,docs_rag_qwen3_06b,2026-07-31 12:35:11,confianza_5090/llamacpp/12b_06b_np8/run_06/sweep.json,15,52690,596609,43286.6,29787.8,5.866666666666667,77.0,15,15
confianza_5090,gtc2pc4,repeticiones emparejadas,llamacpp,llamacpp,12b_06b_np8,06,gemma4:12b,embed,docs_rag_qwen3_06b,2026-07-31 12:35:11,confianza_5090/llamacpp/12b_06b_np8/run_06/sweep.json,20,70024,1017766,54389.5,40229.85,5.24,83.6,20,20
confianza_5090,gtc2pc4,repeticiones emparejadas,llamacpp,llamacpp,12b_06b_np8,06,gemma4:12b,embed,docs_rag_qwen3_06b,2026-07-31 12:35:11,confianza_5090/llamacpp/12b_06b_np8/run_06/sweep.json,25,84718,1485207,62797,47557,4.824,92.4,25,25
confianza_5090,gtc2pc4,repeticiones emparejadas,llamacpp,llamacpp,12b_06b_np8,10,gemma4:12b,embed,docs_rag_qwen3_06b,2026-07-31 12:54:58,confianza_5090/llamacpp/12b_06b_np8/run_10/sweep.json,1,9245,-1,9244,7587,23.6,23.6,1,1
confianza_5090,gtc2pc4,repeticiones emparejadas,llamacpp,llamacpp,12b_06b_np8,10,gemma4:12b,embed,docs_rag_qwen3_06b,2026-07-31 12:54:58,confianza_5090/llamacpp/12b_06b_np8/run_10/sweep.json,5,21850,76739,19717.8,13370,10.020000000000001,48.3,5,5
confianza_5090,gtc2pc4,repeticiones emparejadas,llamacpp,llamacpp,12b_06b_np8,10,gemma4:12b,embed,docs_rag_qwen3_06b,2026-07-31 12:54:58,confianza_5090/llamacpp/12b_06b_np8/run_10/sweep.json,10,34203,255620,28982.3,18651.4,7.6899999999999995,68.9,10,10
confianza_5090,gtc2pc4,repeticiones emparejadas,llamacpp,llamacpp,12b_06b_np8,10,gemma4:12b,embed,docs_rag_qwen3_06b,2026-07-31 12:54:58,confianza_5090/llamacpp/12b_06b_np8/run_10/sweep.json,15,53662,595754,43294.4,29504.8,6.746666666666667,86.8,15,15
confianza_5090,gtc2pc4,repeticiones emparejadas,llamacpp,llamacpp,12b_06b_np8,10,gemma4:12b,embed,docs_rag_qwen3_06b,2026-07-31 12:54:58,confianza_5090/llamacpp/12b_06b_np8/run_10/sweep.json,20,68514,979718,52411.6,36716,6.575,103.1,20,20
confianza_5090,gtc2pc4,repeticiones emparejadas,llamacpp,llamacpp,12b_06b_np8,10,gemma4:12b,embed,docs_rag_qwen3_06b,2026-07-31 12:54:58,confianza_5090/llamacpp/12b_06b_np8/run_10/sweep.json,25,90380,1598230,67544.4,51075.56,5.8,108.0,25,25
confianza_5090,gtc2pc4,repeticiones emparejadas,llamacpp,llamacpp,12b_06b_np8,09,gemma4:12b,embed,docs_rag_qwen3_06b,2026-07-31 12:49:51,confianza_5090/llamacpp/12b_06b_np8/run_09/sweep.json,1,15646,-1,15645,11397,30.4,30.4,1,1
confianza_5090,gtc2pc4,repeticiones emparejadas,llamacpp,llamacpp,12b_06b_np8,09,gemma4:12b,embed,docs_rag_qwen3_06b,2026-07-31 12:49:51,confianza_5090/llamacpp/12b_06b_np8/run_09/sweep.json,5,35109,124171,31856,22823.8,9.0,42.6,5,5
confianza_5090,gtc2pc4,repeticiones emparejadas,llamacpp,llamacpp,12b_06b_np8,09,gemma4:12b,embed,docs_rag_qwen3_06b,2026-07-31 12:49:51,confianza_5090/llamacpp/12b_06b_np8/run_09/sweep.json,10,35037,269123,30416,17827.2,9.98,90.6,10,10
confianza_5090,gtc2pc4,repeticiones emparejadas,llamacpp,llamacpp,12b_06b_np8,09,gemma4:12b,embed,docs_rag_qwen3_06b,2026-07-31 12:49:51,confianza_5090/llamacpp/12b_06b_np8/run_09/sweep.json,15,53821,601490,43687.4,28855.733333333334,6.913333333333333,85.9,15,15
confianza_5090,gtc2pc4,repeticiones emparejadas,llamacpp,llamacpp,12b_06b_np8,09,gemma4:12b,embed,docs_rag_qwen3_06b,2026-07-31 12:49:51,confianza_5090/llamacpp/12b_06b_np8/run_09/sweep.json,20,69488,1045791,55763.95,40944,5.485,88.5,20,20
confianza_5090,gtc2pc4,repeticiones emparejadas,llamacpp,llamacpp,12b_06b_np8,09,gemma4:12b,embed,docs_rag_qwen3_06b,2026-07-31 12:49:51,confianza_5090/llamacpp/12b_06b_np8/run_09/sweep.json,25,83719,1526325,64401.76,49437.24,4.692,88.5,25,25
confianza_5090,gtc2pc4,repeticiones emparejadas,llamacpp,llamacpp,12b_06b_np8,08,gemma4:12b,embed,docs_rag_qwen3_06b,2026-07-31 12:45:08,confianza_5090/llamacpp/12b_06b_np8/run_08/sweep.json,1,9186,0,9186,6195,35.4,35.4,1,1
confianza_5090,gtc2pc4,repeticiones emparejadas,llamacpp,llamacpp,12b_06b_np8,08,gemma4:12b,embed,docs_rag_qwen3_06b,2026-07-31 12:45:08,confianza_5090/llamacpp/12b_06b_np8/run_08/sweep.json,5,28704,107994,27339.6,18719.8,9.4,45.2,5,5
confianza_5090,gtc2pc4,repeticiones emparejadas,llamacpp,llamacpp,12b_06b_np8,08,gemma4:12b,embed,docs_rag_qwen3_06b,2026-07-31 12:45:08,confianza_5090/llamacpp/12b_06b_np8/run_08/sweep.json,10,32391,254259,28665,16777.8,9.74,89.3,10,10
confianza_5090,gtc2pc4,repeticiones emparejadas,llamacpp,llamacpp,12b_06b_np8,08,gemma4:12b,embed,docs_rag_qwen3_06b,2026-07-31 12:45:08,confianza_5090/llamacpp/12b_06b_np8/run_08/sweep.json,15,52327,603485,43720.8,29395.733333333334,7.12,91.6,15,15
confianza_5090,gtc2pc4,repeticiones emparejadas,llamacpp,llamacpp,12b_06b_np8,08,gemma4:12b,embed,docs_rag_qwen3_06b,2026-07-31 12:45:08,confianza_5090/llamacpp/12b_06b_np8/run_08/sweep.json,20,62861,952896,50787.85,36761.35,5.465,89.9,20,20
confianza_5090,gtc2pc4,repeticiones emparejadas,llamacpp,llamacpp,12b_06b_np8,08,gemma4:12b,embed,docs_rag_qwen3_06b,2026-07-31 12:45:08,confianza_5090/llamacpp/12b_06b_np8/run_08/sweep.json,25,84495,1539619,64964.56,49700.2,5.008,96.0,25,25
confianza_5090,gtc2pc4,repeticiones emparejadas,llamacpp,llamacpp,12b_06b_np8,03,gemma4:12b,embed,docs_rag_qwen3_06b,2026-07-31 12:20:11,confianza_5090/llamacpp/12b_06b_np8/run_03/sweep.json,1,10498,0,10498,6912,38.1,38.1,1,1
confianza_5090,gtc2pc4,repeticiones emparejadas,llamacpp,llamacpp,12b_06b_np8,03,gemma4:12b,embed,docs_rag_qwen3_06b,2026-07-31 12:20:11,confianza_5090/llamacpp/12b_06b_np8/run_03/sweep.json,5,28882,99738,25724,13997.6,15.6,71.3,5,5
confianza_5090,gtc2pc4,repeticiones emparejadas,llamacpp,llamacpp,12b_06b_np8,03,gemma4:12b,embed,docs_rag_qwen3_06b,2026-07-31 12:20:11,confianza_5090/llamacpp/12b_06b_np8/run_03/sweep.json,10,39234,302178,34141.2,19386.5,12.15,106.6,10,10
confianza_5090,gtc2pc4,repeticiones emparejadas,llamacpp,llamacpp,12b_06b_np8,03,gemma4:12b,embed,docs_rag_qwen3_06b,2026-07-31 12:20:11,confianza_5090/llamacpp/12b_06b_np8/run_03/sweep.json,15,56757,639055,46387.46666666667,30227.6,9.046666666666667,111.7,15,15
confianza_5090,gtc2pc4,repeticiones emparejadas,llamacpp,llamacpp,12b_06b_np8,03,gemma4:12b,embed,docs_rag_qwen3_06b,2026-07-31 12:20:11,confianza_5090/llamacpp/12b_06b_np8/run_03/sweep.json,20,71658,1078440,57504.9,41414.25,6.765000000000001,107.6,20,20
confianza_5090,gtc2pc4,repeticiones emparejadas,llamacpp,llamacpp,12b_06b_np8,03,gemma4:12b,embed,docs_rag_qwen3_06b,2026-07-31 12:20:11,confianza_5090/llamacpp/12b_06b_np8/run_03/sweep.json,25,95000,1648301,69732.04,51630.36,6.124,107.9,25,25
confianza_5090,gtc2pc4,repeticiones emparejadas,llamacpp,llamacpp,12b_06b_np8,02,gemma4:12b,embed,docs_rag_qwen3_06b,2026-07-31 12:15:31,confianza_5090/llamacpp/12b_06b_np8/run_02/sweep.json,1,9914,-1,9913,9127,4.9,4.9,1,1
confianza_5090,gtc2pc4,repeticiones emparejadas,llamacpp,llamacpp,12b_06b_np8,02,gemma4:12b,embed,docs_rag_qwen3_06b,2026-07-31 12:15:31,confianza_5090/llamacpp/12b_06b_np8/run_02/sweep.json,5,28689,101102,25958.2,18268.6,10.08,47.4,5,5
confianza_5090,gtc2pc4,repeticiones emparejadas,llamacpp,llamacpp,12b_06b_np8,02,gemma4:12b,embed,docs_rag_qwen3_06b,2026-07-31 12:15:31,confianza_5090/llamacpp/12b_06b_np8/run_02/sweep.json,10,33022,257086,29010.8,18539.3,9.0,81.7,10,10
confianza_5090,gtc2pc4,repeticiones emparejadas,llamacpp,llamacpp,12b_06b_np8,02,gemma4:12b,embed,docs_rag_qwen3_06b,2026-07-31 12:15:31,confianza_5090/llamacpp/12b_06b_np8/run_02/sweep.json,15,51447,584575,42401.46666666667,28431.266666666666,7.233333333333333,89.2,15,15
confianza_5090,gtc2pc4,repeticiones emparejadas,llamacpp,llamacpp,12b_06b_np8,02,gemma4:12b,embed,docs_rag_qwen3_06b,2026-07-31 12:15:31,confianza_5090/llamacpp/12b_06b_np8/run_02/sweep.json,20,64239,948569,50640.4,37287.95,5.375,84.4,20,20
confianza_5090,gtc2pc4,repeticiones emparejadas,llamacpp,llamacpp,12b_06b_np8,02,gemma4:12b,embed,docs_rag_qwen3_06b,2026-07-31 12:15:31,confianza_5090/llamacpp/12b_06b_np8/run_02/sweep.json,25,79236,1425841,60203.08,46521.68,4.332,82.6,25,25
confianza_5090,gtc2pc4,repeticiones emparejadas,llamacpp,llamacpp,12b_06b_np4,04,gemma4:12b,embed,docs_rag_qwen3_06b,2026-07-27 11:17:13,confianza_5090/llamacpp/12b_06b_np4/run_04/sweep.json,1,4982,0,4982,3724,20.9,20.9,1,1
confianza_5090,gtc2pc4,repeticiones emparejadas,llamacpp,llamacpp,12b_06b_np4,04,gemma4:12b,embed,docs_rag_qwen3_06b,2026-07-27 11:17:13,confianza_5090/llamacpp/12b_06b_np4/run_04/sweep.json,5,19574,58947,15704.2,8658.8,18.46,79.6,5,5
confianza_5090,gtc2pc4,repeticiones emparejadas,llamacpp,llamacpp,12b_06b_np4,04,gemma4:12b,embed,docs_rag_qwen3_06b,2026-07-27 11:17:13,confianza_5090/llamacpp/12b_06b_np4/run_04/sweep.json,10,41692,281062,32275.4,22459.1,11.78,91.1,10,10
confianza_5090,gtc2pc4,repeticiones emparejadas,llamacpp,llamacpp,12b_06b_np4,04,gemma4:12b,embed,docs_rag_qwen3_06b,2026-07-27 11:17:13,confianza_5090/llamacpp/12b_06b_np4/run_04/sweep.json,15,54746,555810,40703.73333333333,32024.2,8.013333333333334,81.2,15,15
confianza_5090,gtc2pc4,repeticiones emparejadas,llamacpp,llamacpp,12b_06b_np4,04,gemma4:12b,embed,docs_rag_qwen3_06b,2026-07-27 11:17:13,confianza_5090/llamacpp/12b_06b_np4/run_04/sweep.json,20,75586,944220,50990.3,41316.1,6.575,85.0,20,20
confianza_5090,gtc2pc4,repeticiones emparejadas,llamacpp,llamacpp,12b_06b_np4,04,gemma4:12b,embed,docs_rag_qwen3_06b,2026-07-27 11:17:13,confianza_5090/llamacpp/12b_06b_np4/run_04/sweep.json,25,91977,1508891,64034.72,54787.92,5.552,84.2,25,25
confianza_5090,gtc2pc4,repeticiones emparejadas,llamacpp,llamacpp,12b_06b_np4,01,gemma4:12b,embed,docs_rag_qwen3_06b,2026-07-27 11:01:48,confianza_5090/llamacpp/12b_06b_np4/run_01/sweep.json,1,5937,-1,5936,3206,47.5,47.5,1,1
confianza_5090,gtc2pc4,repeticiones emparejadas,llamacpp,llamacpp,12b_06b_np4,01,gemma4:12b,embed,docs_rag_qwen3_06b,2026-07-27 11:01:48,confianza_5090/llamacpp/12b_06b_np4/run_01/sweep.json,5,35812,110500,29262.4,16078.2,14.12,55.6,5,5
confianza_5090,gtc2pc4,repeticiones emparejadas,llamacpp,llamacpp,12b_06b_np4,01,gemma4:12b,embed,docs_rag_qwen3_06b,2026-07-27 11:01:48,confianza_5090/llamacpp/12b_06b_np4/run_01/sweep.json,10,42174,274229,31640.3,21870.3,13.14,94.8,10,10
confianza_5090,gtc2pc4,repeticiones emparejadas,llamacpp,llamacpp,12b_06b_np4,01,gemma4:12b,embed,docs_rag_qwen3_06b,2026-07-27 11:01:48,confianza_5090/llamacpp/12b_06b_np4/run_01/sweep.json,15,58784,550569,40623.53333333333,31240.533333333333,10.233333333333334,102.5,15,15
confianza_5090,gtc2pc4,repeticiones emparejadas,llamacpp,llamacpp,12b_06b_np4,01,gemma4:12b,embed,docs_rag_qwen3_06b,2026-07-27 11:01:48,confianza_5090/llamacpp/12b_06b_np4/run_01/sweep.json,20,82414,1037816,56011.5,45206.05,8.59,109.9,20,20
confianza_5090,gtc2pc4,repeticiones emparejadas,llamacpp,llamacpp,12b_06b_np4,01,gemma4:12b,embed,docs_rag_qwen3_06b,2026-07-27 11:01:48,confianza_5090/llamacpp/12b_06b_np4/run_01/sweep.json,25,92769,1492799,63422.72,53733.24,6.668,99.9,25,25
confianza_5090,gtc2pc4,repeticiones emparejadas,llamacpp,llamacpp,12b_06b_np4,05,gemma4:12b,embed,docs_rag_qwen3_06b,2026-07-27 11:22:09,confianza_5090/llamacpp/12b_06b_np4/run_05/sweep.json,1,4866,0,4866,3509,23.0,23.0,1,1
confianza_5090,gtc2pc4,repeticiones emparejadas,llamacpp,llamacpp,12b_06b_np4,05,gemma4:12b,embed,docs_rag_qwen3_06b,2026-07-27 11:22:09,confianza_5090/llamacpp/12b_06b_np4/run_05/sweep.json,5,16951,54827,14355.6,9347,15.16,65.4,5,5
confianza_5090,gtc2pc4,repeticiones emparejadas,llamacpp,llamacpp,12b_06b_np4,05,gemma4:12b,embed,docs_rag_qwen3_06b,2026-07-27 11:22:09,confianza_5090/llamacpp/12b_06b_np4/run_05/sweep.json,10,33639,226878,26051.7,18750,9.9,77.1,10,10
confianza_5090,gtc2pc4,repeticiones emparejadas,llamacpp,llamacpp,12b_06b_np4,05,gemma4:12b,embed,docs_rag_qwen3_06b,2026-07-27 11:22:09,confianza_5090/llamacpp/12b_06b_np4/run_05/sweep.json,15,54084,514587,37911.4,29370.8,9.146666666666667,95.0,15,15
confianza_5090,gtc2pc4,repeticiones emparejadas,llamacpp,llamacpp,12b_06b_np4,05,gemma4:12b,embed,docs_rag_qwen3_06b,2026-07-27 11:22:09,confianza_5090/llamacpp/12b_06b_np4/run_05/sweep.json,20,66778,862309,46454.35,38144.05,7.5,100.1,20,20
confianza_5090,gtc2pc4,repeticiones emparejadas,llamacpp,llamacpp,12b_06b_np4,05,gemma4:12b,embed,docs_rag_qwen3_06b,2026-07-27 11:22:09,confianza_5090/llamacpp/12b_06b_np4/run_05/sweep.json,25,83193,1354297,57499.6,48801,5.936,95.0,25,25
confianza_5090,gtc2pc4,repeticiones emparejadas,llamacpp,llamacpp,12b_06b_np4,07,gemma4:12b,embed,docs_rag_qwen3_06b,2026-07-27 11:34:01,confianza_5090/llamacpp/12b_06b_np4/run_07/sweep.json,1,12205,-1,12204,4722,27.8,27.8,1,1
confianza_5090,gtc2pc4,repeticiones emparejadas,llamacpp,llamacpp,12b_06b_np4,07,gemma4:12b,embed,docs_rag_qwen3_06b,2026-07-27 11:34:01,confianza_5090/llamacpp/12b_06b_np4/run_07/sweep.json,5,27540,100797,25667.4,13516,11.06,51.7,5,5
confianza_5090,gtc2pc4,repeticiones emparejadas,llamacpp,llamacpp,12b_06b_np4,07,gemma4:12b,embed,docs_rag_qwen3_06b,2026-07-27 11:34:01,confianza_5090/llamacpp/12b_06b_np4/run_07/sweep.json,10,59618,366966,42658.4,28933.1,7.53,55.3,10,10
confianza_5090,gtc2pc4,repeticiones emparejadas,llamacpp,llamacpp,12b_06b_np4,07,gemma4:12b,embed,docs_rag_qwen3_06b,2026-07-27 11:34:01,confianza_5090/llamacpp/12b_06b_np4/run_07/sweep.json,15,75375,755966,55422.73333333333,43251.26666666667,6.3533333333333335,66.8,15,15
confianza_5090,gtc2pc4,repeticiones emparejadas,llamacpp,llamacpp,12b_06b_np4,07,gemma4:12b,embed,docs_rag_qwen3_06b,2026-07-27 11:34:01,confianza_5090/llamacpp/12b_06b_np4/run_07/sweep.json,20,93906,1172454,63318,51412.15,5.65,73.5,20,20
confianza_5090,gtc2pc4,repeticiones emparejadas,llamacpp,llamacpp,12b_06b_np4,07,gemma4:12b,embed,docs_rag_qwen3_06b,2026-07-27 11:34:01,confianza_5090/llamacpp/12b_06b_np4/run_07/sweep.json,25,116121,1863003,79164.96,65263.76,4.348,68.2,25,25
confianza_5090,gtc2pc4,repeticiones emparejadas,llamacpp,llamacpp,12b_06b_np4,06,gemma4:12b,embed,docs_rag_qwen3_06b,2026-07-27 11:26:37,confianza_5090/llamacpp/12b_06b_np4/run_06/sweep.json,1,4140,0,4140,3558,5.6,5.6,1,1
confianza_5090,gtc2pc4,repeticiones emparejadas,llamacpp,llamacpp,12b_06b_np4,06,gemma4:12b,embed,docs_rag_qwen3_06b,2026-07-27 11:26:37,confianza_5090/llamacpp/12b_06b_np4/run_06/sweep.json,5,29975,108106,27616.2,15362.4,10.14,47.3,5,5
confianza_5090,gtc2pc4,repeticiones emparejadas,llamacpp,llamacpp,12b_06b_np4,06,gemma4:12b,embed,docs_rag_qwen3_06b,2026-07-27 11:26:37,confianza_5090/llamacpp/12b_06b_np4/run_06/sweep.json,10,57465,364666,42213.1,28799.4,6.11,45.4,10,10
confianza_5090,gtc2pc4,repeticiones emparejadas,llamacpp,llamacpp,12b_06b_np4,06,gemma4:12b,embed,docs_rag_qwen3_06b,2026-07-27 11:26:37,confianza_5090/llamacpp/12b_06b_np4/run_06/sweep.json,15,81540,806761,59220.066666666666,45735.4,4.82,48.8,15,15
confianza_5090,gtc2pc4,repeticiones emparejadas,llamacpp,llamacpp,12b_06b_np4,06,gemma4:12b,embed,docs_rag_qwen3_06b,2026-07-27 11:26:37,confianza_5090/llamacpp/12b_06b_np4/run_06/sweep.json,20,109444,1318963,71420.35,57667.4,3.82,49.9,20,20
confianza_5090,gtc2pc4,repeticiones emparejadas,llamacpp,llamacpp,12b_06b_np4,06,gemma4:12b,embed,docs_rag_qwen3_06b,2026-07-27 11:26:37,confianza_5090/llamacpp/12b_06b_np4/run_06/sweep.json,25,149152,2194919,93762.84,78372.24,3.64,54.3,25,25
confianza_5090,gtc2pc4,repeticiones emparejadas,llamacpp,llamacpp,12b_06b_np4,10,gemma4:12b,embed,docs_rag_qwen3_06b,2026-07-27 11:50:41,confianza_5090/llamacpp/12b_06b_np4/run_10/sweep.json,1,6514,0,6514,4088,36.2,36.2,1,1
confianza_5090,gtc2pc4,repeticiones emparejadas,llamacpp,llamacpp,12b_06b_np4,10,gemma4:12b,embed,docs_rag_qwen3_06b,2026-07-27 11:50:41,confianza_5090/llamacpp/12b_06b_np4/run_10/sweep.json,5,17440,52686,14025.2,8698.4,12.82,56.6,5,5
confianza_5090,gtc2pc4,repeticiones emparejadas,llamacpp,llamacpp,12b_06b_np4,10,gemma4:12b,embed,docs_rag_qwen3_06b,2026-07-27 11:50:41,confianza_5090/llamacpp/12b_06b_np4/run_10/sweep.json,10,38737,248939,28767.6,20638,8.57,64.8,10,10
confianza_5090,gtc2pc4,repeticiones emparejadas,llamacpp,llamacpp,12b_06b_np4,10,gemma4:12b,embed,docs_rag_qwen3_06b,2026-07-27 11:50:41,confianza_5090/llamacpp/12b_06b_np4/run_10/sweep.json,15,62256,579276,42768.8,32821.6,8.226666666666667,81.5,15,15
confianza_5090,gtc2pc4,repeticiones emparejadas,llamacpp,llamacpp,12b_06b_np4,10,gemma4:12b,embed,docs_rag_qwen3_06b,2026-07-27 11:50:41,confianza_5090/llamacpp/12b_06b_np4/run_10/sweep.json,20,77734,963491,52061.25,42401.4,6.17,83.7,20,20
confianza_5090,gtc2pc4,repeticiones emparejadas,llamacpp,llamacpp,12b_06b_np4,10,gemma4:12b,embed,docs_rag_qwen3_06b,2026-07-27 11:50:41,confianza_5090/llamacpp/12b_06b_np4/run_10/sweep.json,25,99148,1516716,64634.56,54599.36,5.684,89.0,25,25
confianza_5090,gtc2pc4,repeticiones emparejadas,llamacpp,llamacpp,12b_06b_np4,09,gemma4:12b,embed,docs_rag_qwen3_06b,2026-07-27 11:45:34,confianza_5090/llamacpp/12b_06b_np4/run_09/sweep.json,1,8960,0,8960,4312,45.2,45.2,1,1
confianza_5090,gtc2pc4,repeticiones emparejadas,llamacpp,llamacpp,12b_06b_np4,09,gemma4:12b,embed,docs_rag_qwen3_06b,2026-07-27 11:45:34,confianza_5090/llamacpp/12b_06b_np4/run_09/sweep.json,5,20359,72263,18524.4,10849,16.419999999999998,75.6,5,5
confianza_5090,gtc2pc4,repeticiones emparejadas,llamacpp,llamacpp,12b_06b_np4,09,gemma4:12b,embed,docs_rag_qwen3_06b,2026-07-27 11:45:34,confianza_5090/llamacpp/12b_06b_np4/run_09/sweep.json,10,42349,273715,31606.4,22256.2,10.43,77.9,10,10
confianza_5090,gtc2pc4,repeticiones emparejadas,llamacpp,llamacpp,12b_06b_np4,09,gemma4:12b,embed,docs_rag_qwen3_06b,2026-07-27 11:45:34,confianza_5090/llamacpp/12b_06b_np4/run_09/sweep.json,15,57663,582237,42660,33403.933333333334,7.573333333333333,78.9,15,15
confianza_5090,gtc2pc4,repeticiones emparejadas,llamacpp,llamacpp,12b_06b_np4,09,gemma4:12b,embed,docs_rag_qwen3_06b,2026-07-27 11:45:34,confianza_5090/llamacpp/12b_06b_np4/run_09/sweep.json,20,77602,998796,53819.9,44234.3,6.085,79.1,20,20
confianza_5090,gtc2pc4,repeticiones emparejadas,llamacpp,llamacpp,12b_06b_np4,09,gemma4:12b,embed,docs_rag_qwen3_06b,2026-07-27 11:45:34,confianza_5090/llamacpp/12b_06b_np4/run_09/sweep.json,25,91707,1397482,59567.56,50177.88,5.584,84.2,25,25
confianza_5090,gtc2pc4,repeticiones emparejadas,llamacpp,llamacpp,12b_06b_np4,08,gemma4:12b,embed,docs_rag_qwen3_06b,2026-07-27 11:40:36,confianza_5090/llamacpp/12b_06b_np4/run_08/sweep.json,1,9474,0,9474,4432,34.0,34.0,1,1
confianza_5090,gtc2pc4,repeticiones emparejadas,llamacpp,llamacpp,12b_06b_np4,08,gemma4:12b,embed,docs_rag_qwen3_06b,2026-07-27 11:40:36,confianza_5090/llamacpp/12b_06b_np4/run_08/sweep.json,5,25129,76362,20298.2,11420,14.540000000000001,59.3,5,5
confianza_5090,gtc2pc4,repeticiones emparejadas,llamacpp,llamacpp,12b_06b_np4,08,gemma4:12b,embed,docs_rag_qwen3_06b,2026-07-27 11:40:36,confianza_5090/llamacpp/12b_06b_np4/run_08/sweep.json,10,48940,292602,34154.2,23526.8,8.33,58.1,10,10
confianza_5090,gtc2pc4,repeticiones emparejadas,llamacpp,llamacpp,12b_06b_np4,08,gemma4:12b,embed,docs_rag_qwen3_06b,2026-07-27 11:40:36,confianza_5090/llamacpp/12b_06b_np4/run_08/sweep.json,15,52752,555603,40557,32566.333333333332,7.793333333333333,85.0,15,15
confianza_5090,gtc2pc4,repeticiones emparejadas,llamacpp,llamacpp,12b_06b_np4,08,gemma4:12b,embed,docs_rag_qwen3_06b,2026-07-27 11:40:36,confianza_5090/llamacpp/12b_06b_np4/run_08/sweep.json,20,66438,872759,46959.85,38593.75,6.54,82.5,20,20
confianza_5090,gtc2pc4,repeticiones emparejadas,llamacpp,llamacpp,12b_06b_np4,08,gemma4:12b,embed,docs_rag_qwen3_06b,2026-07-27 11:40:36,confianza_5090/llamacpp/12b_06b_np4/run_08/sweep.json,25,86089,1454237,61613.04,52853.92,5.608,91.7,25,25
confianza_5090,gtc2pc4,repeticiones emparejadas,llamacpp,llamacpp,12b_06b_np4,03,gemma4:12b,embed,docs_rag_qwen3_06b,2026-07-27 11:11:40,confianza_5090/llamacpp/12b_06b_np4/run_03/sweep.json,1,8050,0,8050,3896,45.6,45.6,1,1
confianza_5090,gtc2pc4,repeticiones emparejadas,llamacpp,llamacpp,12b_06b_np4,03,gemma4:12b,embed,docs_rag_qwen3_06b,2026-07-27 11:11:40,confianza_5090/llamacpp/12b_06b_np4/run_03/sweep.json,5,25456,79731,21037.4,11588.4,21.22,88.2,5,5
confianza_5090,gtc2pc4,repeticiones emparejadas,llamacpp,llamacpp,12b_06b_np4,03,gemma4:12b,embed,docs_rag_qwen3_06b,2026-07-27 11:11:40,confianza_5090/llamacpp/12b_06b_np4/run_03/sweep.json,10,42843,284355,32719.8,22239,14.19,102.8,10,10
confianza_5090,gtc2pc4,repeticiones emparejadas,llamacpp,llamacpp,12b_06b_np4,03,gemma4:12b,embed,docs_rag_qwen3_06b,2026-07-27 11:11:40,confianza_5090/llamacpp/12b_06b_np4/run_03/sweep.json,15,59422,596592,43734.26666666667,33843.86666666667,9.846666666666666,99.9,15,15
confianza_5090,gtc2pc4,repeticiones emparejadas,llamacpp,llamacpp,12b_06b_np4,03,gemma4:12b,embed,docs_rag_qwen3_06b,2026-07-27 11:11:40,confianza_5090/llamacpp/12b_06b_np4/run_03/sweep.json,20,83500,1095613,58955.65,48212.7,7.295,95.5,20,20
confianza_5090,gtc2pc4,repeticiones emparejadas,llamacpp,llamacpp,12b_06b_np4,03,gemma4:12b,embed,docs_rag_qwen3_06b,2026-07-27 11:11:40,confianza_5090/llamacpp/12b_06b_np4/run_03/sweep.json,25,104683,1614489,68766.88,57894.64,6.672,100.7,25,25
confianza_5090,gtc2pc4,repeticiones emparejadas,llamacpp,llamacpp,12b_06b_np4,02,gemma4:12b,embed,docs_rag_qwen3_06b,2026-07-27 11:07:14,confianza_5090/llamacpp/12b_06b_np4/run_02/sweep.json,1,5108,0,5108,3983,11.9,11.9,1,1
confianza_5090,gtc2pc4,repeticiones emparejadas,llamacpp,llamacpp,12b_06b_np4,02,gemma4:12b,embed,docs_rag_qwen3_06b,2026-07-27 11:07:14,confianza_5090/llamacpp/12b_06b_np4/run_02/sweep.json,5,16338,55287,14325,8858.6,15.860000000000001,71.9,5,5
confianza_5090,gtc2pc4,repeticiones emparejadas,llamacpp,llamacpp,12b_06b_np4,02,gemma4:12b,embed,docs_rag_qwen3_06b,2026-07-27 11:07:14,confianza_5090/llamacpp/12b_06b_np4/run_02/sweep.json,10,33379,226638,26001.7,19167.8,10.18,76.1,10,10
confianza_5090,gtc2pc4,repeticiones emparejadas,llamacpp,llamacpp,12b_06b_np4,02,gemma4:12b,embed,docs_rag_qwen3_06b,2026-07-27 11:07:14,confianza_5090/llamacpp/12b_06b_np4/run_02/sweep.json,15,54234,537311,39436.333333333336,30748.133333333335,8.16,85.4,15,15
confianza_5090,gtc2pc4,repeticiones emparejadas,llamacpp,llamacpp,12b_06b_np4,02,gemma4:12b,embed,docs_rag_qwen3_06b,2026-07-27 11:07:14,confianza_5090/llamacpp/12b_06b_np4/run_02/sweep.json,20,67227,873180,47020.35,38878.85,6.105,83.5,20,20
confianza_5090,gtc2pc4,repeticiones emparejadas,llamacpp,llamacpp,12b_06b_np4,02,gemma4:12b,embed,docs_rag_qwen3_06b,2026-07-27 11:07:14,confianza_5090/llamacpp/12b_06b_np4/run_02/sweep.json,25,81499,1277948,54377.88,46222.56,5.216,79.9,25,25
confianza_5090,gtc2pc4,repeticiones emparejadas,llamacpp,llamacpp,12b_4b_np4,04,gemma4:12b,embed,docs_rag_qwen3,2026-07-27 12:10:46,confianza_5090/llamacpp/12b_4b_np4/run_04/sweep.json,1,5082,0,5082,3663,28.1,28.1,1,1
confianza_5090,gtc2pc4,repeticiones emparejadas,llamacpp,llamacpp,12b_4b_np4,04,gemma4:12b,embed,docs_rag_qwen3,2026-07-27 12:10:46,confianza_5090/llamacpp/12b_4b_np4/run_04/sweep.json,5,17749,54622,14474.2,8301.4,26.02,111.3,5,5
confianza_5090,gtc2pc4,repeticiones emparejadas,llamacpp,llamacpp,12b_4b_np4,04,gemma4:12b,embed,docs_rag_qwen3,2026-07-27 12:10:46,confianza_5090/llamacpp/12b_4b_np4/run_04/sweep.json,10,35491,237791,27328.2,19588.5,12.97,95.7,10,10
confianza_5090,gtc2pc4,repeticiones emparejadas,llamacpp,llamacpp,12b_4b_np4,04,gemma4:12b,embed,docs_rag_qwen3,2026-07-27 12:10:46,confianza_5090/llamacpp/12b_4b_np4/run_04/sweep.json,15,51691,524452,38409.53333333333,30158.333333333332,9.3,96.5,15,15
confianza_5090,gtc2pc4,repeticiones emparejadas,llamacpp,llamacpp,12b_4b_np4,04,gemma4:12b,embed,docs_rag_qwen3,2026-07-27 12:10:46,confianza_5090/llamacpp/12b_4b_np4/run_04/sweep.json,20,65469,854410,45993.95,37808.5,7.965,105.1,20,20
confianza_5090,gtc2pc4,repeticiones emparejadas,llamacpp,llamacpp,12b_4b_np4,04,gemma4:12b,embed,docs_rag_qwen3,2026-07-27 12:10:46,confianza_5090/llamacpp/12b_4b_np4/run_04/sweep.json,25,81295,1325940,56289.4,48144.04,6.52,102.2,25,25
confianza_5090,gtc2pc4,repeticiones emparejadas,llamacpp,llamacpp,12b_4b_np4,01,gemma4:12b,embed,docs_rag_qwen3,2026-07-27 11:55:49,confianza_5090/llamacpp/12b_4b_np4/run_01/sweep.json,1,6721,0,6721,3348,48.2,48.2,1,1
confianza_5090,gtc2pc4,repeticiones emparejadas,llamacpp,llamacpp,12b_4b_np4,01,gemma4:12b,embed,docs_rag_qwen3,2026-07-27 11:55:49,confianza_5090/llamacpp/12b_4b_np4/run_01/sweep.json,5,22786,77162,19989.6,10415,20.84,91.2,5,5
confianza_5090,gtc2pc4,repeticiones emparejadas,llamacpp,llamacpp,12b_4b_np4,01,gemma4:12b,embed,docs_rag_qwen3,2026-07-27 11:55:49,confianza_5090/llamacpp/12b_4b_np4/run_01/sweep.json,10,45309,284841,33015,21998.6,13.83,96.8,10,10
confianza_5090,gtc2pc4,repeticiones emparejadas,llamacpp,llamacpp,12b_4b_np4,01,gemma4:12b,embed,docs_rag_qwen3,2026-07-27 11:55:49,confianza_5090/llamacpp/12b_4b_np4/run_01/sweep.json,15,62918,597047,43997.666666666664,33540.73333333333,10.313333333333333,105.1,15,15
confianza_5090,gtc2pc4,repeticiones emparejadas,llamacpp,llamacpp,12b_4b_np4,01,gemma4:12b,embed,docs_rag_qwen3,2026-07-27 11:55:49,confianza_5090/llamacpp/12b_4b_np4/run_01/sweep.json,20,83111,1064836,57397.35,46500.7,7.890000000000001,100.1,20,20
confianza_5090,gtc2pc4,repeticiones emparejadas,llamacpp,llamacpp,12b_4b_np4,01,gemma4:12b,embed,docs_rag_qwen3,2026-07-27 11:55:49,confianza_5090/llamacpp/12b_4b_np4/run_01/sweep.json,25,104277,1678955,71329.28,60263.4,6.592,99.8,25,25
confianza_5090,gtc2pc4,repeticiones emparejadas,llamacpp,llamacpp,12b_4b_np4,05,gemma4:12b,embed,docs_rag_qwen3,2026-07-27 12:15:10,confianza_5090/llamacpp/12b_4b_np4/run_05/sweep.json,1,5532,-1,5531,4034,23.5,23.5,1,1
confianza_5090,gtc2pc4,repeticiones emparejadas,llamacpp,llamacpp,12b_4b_np4,05,gemma4:12b,embed,docs_rag_qwen3,2026-07-27 12:15:10,confianza_5090/llamacpp/12b_4b_np4/run_05/sweep.json,5,18186,56186,14874.4,9593.2,16.0,67.9,5,5
confianza_5090,gtc2pc4,repeticiones emparejadas,llamacpp,llamacpp,12b_4b_np4,05,gemma4:12b,embed,docs_rag_qwen3,2026-07-27 12:15:10,confianza_5090/llamacpp/12b_4b_np4/run_05/sweep.json,10,36361,237849,27421,19584.7,10.17,77.9,10,10
confianza_5090,gtc2pc4,repeticiones emparejadas,llamacpp,llamacpp,12b_4b_np4,05,gemma4:12b,embed,docs_rag_qwen3,2026-07-27 12:15:10,confianza_5090/llamacpp/12b_4b_np4/run_05/sweep.json,15,54375,511030,37693.666666666664,29024.666666666668,9.34,96.3,15,15
confianza_5090,gtc2pc4,repeticiones emparejadas,llamacpp,llamacpp,12b_4b_np4,05,gemma4:12b,embed,docs_rag_qwen3,2026-07-27 12:15:10,confianza_5090/llamacpp/12b_4b_np4/run_05/sweep.json,20,72913,890847,48188,39459.05,7.59,95.4,20,20
confianza_5090,gtc2pc4,repeticiones emparejadas,llamacpp,llamacpp,12b_4b_np4,05,gemma4:12b,embed,docs_rag_qwen3,2026-07-27 12:15:10,confianza_5090/llamacpp/12b_4b_np4/run_05/sweep.json,25,83009,1355554,57542.52,48983.84,6.076,100.4,25,25
confianza_5090,gtc2pc4,repeticiones emparejadas,llamacpp,llamacpp,12b_4b_np4,07,gemma4:12b,embed,docs_rag_qwen3,2026-07-27 12:24:18,confianza_5090/llamacpp/12b_4b_np4/run_07/sweep.json,1,8376,-1,8375,3344,78.0,78.0,1,1
confianza_5090,gtc2pc4,repeticiones emparejadas,llamacpp,llamacpp,12b_4b_np4,07,gemma4:12b,embed,docs_rag_qwen3,2026-07-27 12:24:18,confianza_5090/llamacpp/12b_4b_np4/run_07/sweep.json,5,17015,60009,15404.8,8284.2,21.88,103.3,5,5
confianza_5090,gtc2pc4,repeticiones emparejadas,llamacpp,llamacpp,12b_4b_np4,07,gemma4:12b,embed,docs_rag_qwen3,2026-07-27 12:24:18,confianza_5090/llamacpp/12b_4b_np4/run_07/sweep.json,10,36584,239855,27643.9,20092.2,13.32,99.1,10,10
confianza_5090,gtc2pc4,repeticiones emparejadas,llamacpp,llamacpp,12b_4b_np4,07,gemma4:12b,embed,docs_rag_qwen3,2026-07-27 12:24:18,confianza_5090/llamacpp/12b_4b_np4/run_07/sweep.json,15,52541,505236,37185.13333333333,28898.133333333335,9.666666666666666,98.8,15,15
confianza_5090,gtc2pc4,repeticiones emparejadas,llamacpp,llamacpp,12b_4b_np4,07,gemma4:12b,embed,docs_rag_qwen3,2026-07-27 12:24:18,confianza_5090/llamacpp/12b_4b_np4/run_07/sweep.json,20,68157,900284,48422.05,39846.15,8.03,105.3,20,20
confianza_5090,gtc2pc4,repeticiones emparejadas,llamacpp,llamacpp,12b_4b_np4,07,gemma4:12b,embed,docs_rag_qwen3,2026-07-27 12:24:18,confianza_5090/llamacpp/12b_4b_np4/run_07/sweep.json,25,85796,1352730,57541.04,48794.8,6.584,101.0,25,25
confianza_5090,gtc2pc4,repeticiones emparejadas,llamacpp,llamacpp,12b_4b_np4,06,gemma4:12b,embed,docs_rag_qwen3,2026-07-27 12:19:46,confianza_5090/llamacpp/12b_4b_np4/run_06/sweep.json,1,4006,0,4006,2914,26.7,26.7,1,1
confianza_5090,gtc2pc4,repeticiones emparejadas,llamacpp,llamacpp,12b_4b_np4,06,gemma4:12b,embed,docs_rag_qwen3,2026-07-27 12:19:46,confianza_5090/llamacpp/12b_4b_np4/run_06/sweep.json,5,19587,66393,17196,10955.8,18.24,83.3,5,5
confianza_5090,gtc2pc4,repeticiones emparejadas,llamacpp,llamacpp,12b_4b_np4,06,gemma4:12b,embed,docs_rag_qwen3,2026-07-27 12:19:46,confianza_5090/llamacpp/12b_4b_np4/run_06/sweep.json,10,34572,233167,26773.9,19248.6,10.38,80.1,10,10
confianza_5090,gtc2pc4,repeticiones emparejadas,llamacpp,llamacpp,12b_4b_np4,06,gemma4:12b,embed,docs_rag_qwen3,2026-07-27 12:19:46,confianza_5090/llamacpp/12b_4b_np4/run_06/sweep.json,15,51593,517754,37956.46666666667,29985.8,7.9399999999999995,85.3,15,15
confianza_5090,gtc2pc4,repeticiones emparejadas,llamacpp,llamacpp,12b_4b_np4,06,gemma4:12b,embed,docs_rag_qwen3,2026-07-27 12:19:46,confianza_5090/llamacpp/12b_4b_np4/run_06/sweep.json,20,72989,910112,49155.05,40111.5,7.05,90.7,20,20
confianza_5090,gtc2pc4,repeticiones emparejadas,llamacpp,llamacpp,12b_4b_np4,06,gemma4:12b,embed,docs_rag_qwen3,2026-07-27 12:19:46,confianza_5090/llamacpp/12b_4b_np4/run_06/sweep.json,25,83772,1322294,56242.64,47642.12,5.748,93.6,25,25
confianza_5090,gtc2pc4,repeticiones emparejadas,llamacpp,llamacpp,12b_4b_np4,10,gemma4:12b,embed,docs_rag_qwen3,2026-07-27 12:37:39,confianza_5090/llamacpp/12b_4b_np4/run_10/sweep.json,1,6508,0,6508,4090,41.2,41.2,1,1
confianza_5090,gtc2pc4,repeticiones emparejadas,llamacpp,llamacpp,12b_4b_np4,10,gemma4:12b,embed,docs_rag_qwen3,2026-07-27 12:37:39,confianza_5090/llamacpp/12b_4b_np4/run_10/sweep.json,5,15704,50629,13266.6,8996.2,16.52,72.3,5,5
confianza_5090,gtc2pc4,repeticiones emparejadas,llamacpp,llamacpp,12b_4b_np4,10,gemma4:12b,embed,docs_rag_qwen3,2026-07-27 12:37:39,confianza_5090/llamacpp/12b_4b_np4/run_10/sweep.json,10,34001,229402,26340.3,19206.3,10.65,82.7,10,10
confianza_5090,gtc2pc4,repeticiones emparejadas,llamacpp,llamacpp,12b_4b_np4,10,gemma4:12b,embed,docs_rag_qwen3,2026-07-27 12:37:39,confianza_5090/llamacpp/12b_4b_np4/run_10/sweep.json,15,51667,511511,37545.2,29275.466666666667,9.113333333333333,97.2,15,15
confianza_5090,gtc2pc4,repeticiones emparejadas,llamacpp,llamacpp,12b_4b_np4,10,gemma4:12b,embed,docs_rag_qwen3,2026-07-27 12:37:39,confianza_5090/llamacpp/12b_4b_np4/run_10/sweep.json,20,70104,879417,47476.05,38649.55,7.86,102.4,20,20
confianza_5090,gtc2pc4,repeticiones emparejadas,llamacpp,llamacpp,12b_4b_np4,10,gemma4:12b,embed,docs_rag_qwen3,2026-07-27 12:37:39,confianza_5090/llamacpp/12b_4b_np4/run_10/sweep.json,25,84588,1323960,56341.92,47598.4,6.58,103.1,25,25
confianza_5090,gtc2pc4,repeticiones emparejadas,llamacpp,llamacpp,12b_4b_np4,09,gemma4:12b,embed,docs_rag_qwen3,2026-07-27 12:33:12,confianza_5090/llamacpp/12b_4b_np4/run_09/sweep.json,1,7497,0,7497,3843,55.8,55.8,1,1
confianza_5090,gtc2pc4,repeticiones emparejadas,llamacpp,llamacpp,12b_4b_np4,09,gemma4:12b,embed,docs_rag_qwen3,2026-07-27 12:33:12,confianza_5090/llamacpp/12b_4b_np4/run_09/sweep.json,5,18813,67266,17215.8,10619,18.52,86.6,5,5
confianza_5090,gtc2pc4,repeticiones emparejadas,llamacpp,llamacpp,12b_4b_np4,09,gemma4:12b,embed,docs_rag_qwen3,2026-07-27 12:33:12,confianza_5090/llamacpp/12b_4b_np4/run_09/sweep.json,10,35054,241495,27654.9,20052.3,12.15,93.3,10,10
confianza_5090,gtc2pc4,repeticiones emparejadas,llamacpp,llamacpp,12b_4b_np4,09,gemma4:12b,embed,docs_rag_qwen3,2026-07-27 12:33:12,confianza_5090/llamacpp/12b_4b_np4/run_09/sweep.json,15,49983,483883,35591.066666666666,27824.333333333332,8.033333333333333,85.6,15,15
confianza_5090,gtc2pc4,repeticiones emparejadas,llamacpp,llamacpp,12b_4b_np4,09,gemma4:12b,embed,docs_rag_qwen3,2026-07-27 12:33:12,confianza_5090/llamacpp/12b_4b_np4/run_09/sweep.json,20,66320,876323,47132.15,39087.4,7.0200000000000005,92.3,20,20
confianza_5090,gtc2pc4,repeticiones emparejadas,llamacpp,llamacpp,12b_4b_np4,09,gemma4:12b,embed,docs_rag_qwen3,2026-07-27 12:33:12,confianza_5090/llamacpp/12b_4b_np4/run_09/sweep.json,25,82299,1352201,57380,49109.76,5.836,91.6,25,25
confianza_5090,gtc2pc4,repeticiones emparejadas,llamacpp,llamacpp,12b_4b_np4,08,gemma4:12b,embed,docs_rag_qwen3,2026-07-27 12:28:52,confianza_5090/llamacpp/12b_4b_np4/run_08/sweep.json,1,6315,0,6315,3774,40.4,40.4,1,1
confianza_5090,gtc2pc4,repeticiones emparejadas,llamacpp,llamacpp,12b_4b_np4,08,gemma4:12b,embed,docs_rag_qwen3,2026-07-27 12:28:52,confianza_5090/llamacpp/12b_4b_np4/run_08/sweep.json,5,17245,59450,15339,9009,18.76,85.1,5,5
confianza_5090,gtc2pc4,repeticiones emparejadas,llamacpp,llamacpp,12b_4b_np4,08,gemma4:12b,embed,docs_rag_qwen3,2026-07-27 12:28:52,confianza_5090/llamacpp/12b_4b_np4/run_08/sweep.json,10,34147,235087,26923.4,19485.4,11.22,85.1,10,10
confianza_5090,gtc2pc4,repeticiones emparejadas,llamacpp,llamacpp,12b_4b_np4,08,gemma4:12b,embed,docs_rag_qwen3,2026-07-27 12:28:52,confianza_5090/llamacpp/12b_4b_np4/run_08/sweep.json,15,52049,500630,36845.26666666667,28797.266666666666,8.78,94.8,15,15
confianza_5090,gtc2pc4,repeticiones emparejadas,llamacpp,llamacpp,12b_4b_np4,08,gemma4:12b,embed,docs_rag_qwen3,2026-07-27 12:28:52,confianza_5090/llamacpp/12b_4b_np4/run_08/sweep.json,20,63157,822194,44267.55,36628.4,6.63,89.4,20,20
confianza_5090,gtc2pc4,repeticiones emparejadas,llamacpp,llamacpp,12b_4b_np4,08,gemma4:12b,embed,docs_rag_qwen3,2026-07-27 12:28:52,confianza_5090/llamacpp/12b_4b_np4/run_08/sweep.json,25,81122,1320045,56046.68,48082.52,5.504,88.9,25,25
confianza_5090,gtc2pc4,repeticiones emparejadas,llamacpp,llamacpp,12b_4b_np4,03,gemma4:12b,embed,docs_rag_qwen3,2026-07-27 12:06:00,confianza_5090/llamacpp/12b_4b_np4/run_03/sweep.json,1,6922,0,6922,3513,61.0,61.0,1,1
confianza_5090,gtc2pc4,repeticiones emparejadas,llamacpp,llamacpp,12b_4b_np4,03,gemma4:12b,embed,docs_rag_qwen3,2026-07-27 12:06:00,confianza_5090/llamacpp/12b_4b_np4/run_03/sweep.json,5,20031,66194,17245,9493.6,26.44,114.9,5,5
confianza_5090,gtc2pc4,repeticiones emparejadas,llamacpp,llamacpp,12b_4b_np4,03,gemma4:12b,embed,docs_rag_qwen3,2026-07-27 12:06:00,confianza_5090/llamacpp/12b_4b_np4/run_03/sweep.json,10,37122,250998,28812,20043.9,14.629999999999999,110.3,10,10
confianza_5090,gtc2pc4,repeticiones emparejadas,llamacpp,llamacpp,12b_4b_np4,03,gemma4:12b,embed,docs_rag_qwen3,2026-07-27 12:06:00,confianza_5090/llamacpp/12b_4b_np4/run_03/sweep.json,15,53939,556996,40729,31769.266666666666,10.653333333333334,109.3,15,15
confianza_5090,gtc2pc4,repeticiones emparejadas,llamacpp,llamacpp,12b_4b_np4,03,gemma4:12b,embed,docs_rag_qwen3,2026-07-27 12:06:00,confianza_5090/llamacpp/12b_4b_np4/run_03/sweep.json,20,71791,905080,48843.55,39751.95,8.91,107.5,20,20
confianza_5090,gtc2pc4,repeticiones emparejadas,llamacpp,llamacpp,12b_4b_np4,03,gemma4:12b,embed,docs_rag_qwen3,2026-07-27 12:06:00,confianza_5090/llamacpp/12b_4b_np4/run_03/sweep.json,25,88560,1412014,60022.96,50723.96,7.464,115.1,25,25
confianza_5090,gtc2pc4,repeticiones emparejadas,llamacpp,llamacpp,12b_4b_np4,02,gemma4:12b,embed,docs_rag_qwen3,2026-07-27 12:01:20,confianza_5090/llamacpp/12b_4b_np4/run_02/sweep.json,1,5575,0,5575,4337,10.9,10.9,1,1
confianza_5090,gtc2pc4,repeticiones emparejadas,llamacpp,llamacpp,12b_4b_np4,02,gemma4:12b,embed,docs_rag_qwen3,2026-07-27 12:01:20,confianza_5090/llamacpp/12b_4b_np4/run_02/sweep.json,5,18426,62965,16278.2,9769.6,17.12,80.0,5,5
confianza_5090,gtc2pc4,repeticiones emparejadas,llamacpp,llamacpp,12b_4b_np4,02,gemma4:12b,embed,docs_rag_qwen3,2026-07-27 12:01:20,confianza_5090/llamacpp/12b_4b_np4/run_02/sweep.json,10,39734,272398,31213.2,22534.9,9.95,76.4,10,10
confianza_5090,gtc2pc4,repeticiones emparejadas,llamacpp,llamacpp,12b_4b_np4,02,gemma4:12b,embed,docs_rag_qwen3,2026-07-27 12:01:20,confianza_5090/llamacpp/12b_4b_np4/run_02/sweep.json,15,56635,546295,40195.333333333336,30915.333333333332,8.08,84.9,15,15
confianza_5090,gtc2pc4,repeticiones emparejadas,llamacpp,llamacpp,12b_4b_np4,02,gemma4:12b,embed,docs_rag_qwen3,2026-07-27 12:01:20,confianza_5090/llamacpp/12b_4b_np4/run_02/sweep.json,20,72812,966584,51969.8,42851.9,6.72,89.3,20,20
confianza_5090,gtc2pc4,repeticiones emparejadas,llamacpp,llamacpp,12b_4b_np4,02,gemma4:12b,embed,docs_rag_qwen3,2026-07-27 12:01:20,confianza_5090/llamacpp/12b_4b_np4/run_02/sweep.json,25,81568,1319305,56034.92,47972.08,5.844,92.9,25,25
confianza_5090,gtc2pc4,repeticiones emparejadas,llamacpp,llamacpp,26b_4b_np1,04,gemma4:26b,embed,docs_rag_qwen3,2026-07-16 22:39:52,confianza_5090/llamacpp/26b_4b_np1/run_04/sweep.json,1,3362,0,3362,2632,33.0,33.0,1,1
confianza_5090,gtc2pc4,repeticiones emparejadas,llamacpp,llamacpp,26b_4b_np1,04,gemma4:26b,embed,docs_rag_qwen3,2026-07-16 22:39:52,confianza_5090/llamacpp/26b_4b_np1/run_04/sweep.json,5,12854,30843,8739.4,6887.6,30.819999999999997,106.4,5,5
confianza_5090,gtc2pc4,repeticiones emparejadas,llamacpp,llamacpp,26b_4b_np1,04,gemma4:26b,embed,docs_rag_qwen3,2026-07-16 22:39:52,confianza_5090/llamacpp/26b_4b_np1/run_04/sweep.json,10,27193,137237,16443,14768.4,18.37,107.1,10,10
confianza_5090,gtc2pc4,repeticiones emparejadas,llamacpp,llamacpp,26b_4b_np1,04,gemma4:26b,embed,docs_rag_qwen3,2026-07-16 22:39:52,confianza_5090/llamacpp/26b_4b_np1/run_04/sweep.json,15,41356,356881,26549.133333333335,24254,11.533333333333333,97.0,15,15
confianza_5090,gtc2pc4,repeticiones emparejadas,llamacpp,llamacpp,26b_4b_np1,04,gemma4:26b,embed,docs_rag_qwen3,2026-07-16 22:39:52,confianza_5090/llamacpp/26b_4b_np1/run_04/sweep.json,20,164980,718482,44173.1,35392.9,9.025,39.0,20,20
confianza_5090,gtc2pc4,repeticiones emparejadas,llamacpp,llamacpp,26b_4b_np1,04,gemma4:26b,embed,docs_rag_qwen3,2026-07-16 22:39:52,confianza_5090/llamacpp/26b_4b_np1/run_04/sweep.json,25,127190,1122608,49991.92,44294.2,7.351999999999999,58.9,25,25
confianza_5090,gtc2pc4,repeticiones emparejadas,llamacpp,llamacpp,26b_4b_np1,01,gemma4:26b,embed,docs_rag_qwen3,2026-07-16 22:28:11,confianza_5090/llamacpp/26b_4b_np1/run_01/sweep.json,1,4179,0,4179,2373,93.1,93.1,1,1
confianza_5090,gtc2pc4,repeticiones emparejadas,llamacpp,llamacpp,26b_4b_np1,01,gemma4:26b,embed,docs_rag_qwen3,2026-07-16 22:28:11,confianza_5090/llamacpp/26b_4b_np1/run_01/sweep.json,5,18176,43328,12300.8,10211,37.08,114.2,5,5
confianza_5090,gtc2pc4,repeticiones emparejadas,llamacpp,llamacpp,26b_4b_np1,01,gemma4:26b,embed,docs_rag_qwen3,2026-07-16 22:28:11,confianza_5090/llamacpp/26b_4b_np1/run_01/sweep.json,10,32409,180830,21323.9,19429.4,19.94,115.3,10,10
confianza_5090,gtc2pc4,repeticiones emparejadas,llamacpp,llamacpp,26b_4b_np1,01,gemma4:26b,embed,docs_rag_qwen3,2026-07-16 22:28:11,confianza_5090/llamacpp/26b_4b_np1/run_01/sweep.json,15,52043,445546,33172.6,31040.133333333335,15.113333333333333,123.0,15,15
confianza_5090,gtc2pc4,repeticiones emparejadas,llamacpp,llamacpp,26b_4b_np1,01,gemma4:26b,embed,docs_rag_qwen3,2026-07-16 22:28:11,confianza_5090/llamacpp/26b_4b_np1/run_01/sweep.json,20,69931,792587,43125.9,41018.1,10.3,109.4,20,20
confianza_5090,gtc2pc4,repeticiones emparejadas,llamacpp,llamacpp,26b_4b_np1,01,gemma4:26b,embed,docs_rag_qwen3,2026-07-16 22:28:11,confianza_5090/llamacpp/26b_4b_np1/run_01/sweep.json,25,85152,1251959,53484.44,51467.4,8.712,113.4,25,25
confianza_5090,gtc2pc4,repeticiones emparejadas,llamacpp,llamacpp,26b_4b_np1,05,gemma4:26b,embed,docs_rag_qwen3,2026-07-16 22:46:14,confianza_5090/llamacpp/26b_4b_np1/run_05/sweep.json,1,3618,-1,3617,2689,33.2,33.2,1,1
confianza_5090,gtc2pc4,repeticiones emparejadas,llamacpp,llamacpp,26b_4b_np1,05,gemma4:26b,embed,docs_rag_qwen3,2026-07-16 22:46:14,confianza_5090/llamacpp/26b_4b_np1/run_05/sweep.json,5,13899,32185,9216.8,7743.6,27.14,93.8,5,5
confianza_5090,gtc2pc4,repeticiones emparejadas,llamacpp,llamacpp,26b_4b_np1,05,gemma4:26b,embed,docs_rag_qwen3,2026-07-16 22:46:14,confianza_5090/llamacpp/26b_4b_np1/run_05/sweep.json,10,28699,157624,18632.3,17131.1,15.18,92.1,10,10
confianza_5090,gtc2pc4,repeticiones emparejadas,llamacpp,llamacpp,26b_4b_np1,05,gemma4:26b,embed,docs_rag_qwen3,2026-07-16 22:46:14,confianza_5090/llamacpp/26b_4b_np1/run_05/sweep.json,15,46438,419090,31035.2,29318.466666666667,12.906666666666666,103.9,15,15
confianza_5090,gtc2pc4,repeticiones emparejadas,llamacpp,llamacpp,26b_4b_np1,05,gemma4:26b,embed,docs_rag_qwen3,2026-07-16 22:46:14,confianza_5090/llamacpp/26b_4b_np1/run_05/sweep.json,20,64017,766278,41514.75,39672.75,9.91,106.4,20,20
confianza_5090,gtc2pc4,repeticiones emparejadas,llamacpp,llamacpp,26b_4b_np1,05,gemma4:26b,embed,docs_rag_qwen3,2026-07-16 22:46:14,confianza_5090/llamacpp/26b_4b_np1/run_05/sweep.json,25,76660,1112910,47582.8,45880.68,7.38,103.2,25,25
confianza_5090,gtc2pc4,repeticiones emparejadas,llamacpp,llamacpp,26b_4b_np1,07,gemma4:26b,embed,docs_rag_qwen3,2026-07-16 22:54:07,confianza_5090/llamacpp/26b_4b_np1/run_07/sweep.json,1,5661,0,5661,2464,123.3,123.3,1,1
confianza_5090,gtc2pc4,repeticiones emparejadas,llamacpp,llamacpp,26b_4b_np1,07,gemma4:26b,embed,docs_rag_qwen3,2026-07-16 22:54:07,confianza_5090/llamacpp/26b_4b_np1/run_07/sweep.json,5,16076,36762,10567.6,8715.6,33.1,109.8,5,5
confianza_5090,gtc2pc4,repeticiones emparejadas,llamacpp,llamacpp,26b_4b_np1,07,gemma4:26b,embed,docs_rag_qwen3,2026-07-16 22:54:07,confianza_5090/llamacpp/26b_4b_np1/run_07/sweep.json,10,29228,173673,20290.1,18661.8,17.33,100.5,10,10
confianza_5090,gtc2pc4,repeticiones emparejadas,llamacpp,llamacpp,26b_4b_np1,07,gemma4:26b,embed,docs_rag_qwen3,2026-07-16 22:54:07,confianza_5090/llamacpp/26b_4b_np1/run_07/sweep.json,15,45523,396004,29435.133333333335,27722.066666666666,11.886666666666667,97.9,15,15
confianza_5090,gtc2pc4,repeticiones emparejadas,llamacpp,llamacpp,26b_4b_np1,07,gemma4:26b,embed,docs_rag_qwen3,2026-07-16 22:54:07,confianza_5090/llamacpp/26b_4b_np1/run_07/sweep.json,20,62033,721473,39175.3,37407.65,9.35,102.6,20,20
confianza_5090,gtc2pc4,repeticiones emparejadas,llamacpp,llamacpp,26b_4b_np1,07,gemma4:26b,embed,docs_rag_qwen3,2026-07-16 22:54:07,confianza_5090/llamacpp/26b_4b_np1/run_07/sweep.json,25,76871,1121200,47922.84,46163.6,7.456,102.6,25,25
confianza_5090,gtc2pc4,repeticiones emparejadas,llamacpp,llamacpp,26b_4b_np1,06,gemma4:26b,embed,docs_rag_qwen3,2026-07-16 22:50:12,confianza_5090/llamacpp/26b_4b_np1/run_06/sweep.json,1,2590,0,2590,2165,25.9,25.9,1,1
confianza_5090,gtc2pc4,repeticiones emparejadas,llamacpp,llamacpp,26b_4b_np1,06,gemma4:26b,embed,docs_rag_qwen3,2026-07-16 22:50:12,confianza_5090/llamacpp/26b_4b_np1/run_06/sweep.json,5,15596,40008,11120.8,9469.6,26.779999999999998,88.9,5,5
confianza_5090,gtc2pc4,repeticiones emparejadas,llamacpp,llamacpp,26b_4b_np1,06,gemma4:26b,embed,docs_rag_qwen3,2026-07-16 22:50:12,confianza_5090/llamacpp/26b_4b_np1/run_06/sweep.json,10,29799,161900,19169.9,17593.7,14.58,87.9,10,10
confianza_5090,gtc2pc4,repeticiones emparejadas,llamacpp,llamacpp,26b_4b_np1,06,gemma4:26b,embed,docs_rag_qwen3,2026-07-16 22:50:12,confianza_5090/llamacpp/26b_4b_np1/run_06/sweep.json,15,42601,374523,27808.266666666666,26269.266666666666,10.379999999999999,91.7,15,15
confianza_5090,gtc2pc4,repeticiones emparejadas,llamacpp,llamacpp,26b_4b_np1,06,gemma4:26b,embed,docs_rag_qwen3,2026-07-16 22:50:12,confianza_5090/llamacpp/26b_4b_np1/run_06/sweep.json,20,62081,685847,37396.4,35636.1,8.55,98.9,20,20
confianza_5090,gtc2pc4,repeticiones emparejadas,llamacpp,llamacpp,26b_4b_np1,06,gemma4:26b,embed,docs_rag_qwen3,2026-07-16 22:50:12,confianza_5090/llamacpp/26b_4b_np1/run_06/sweep.json,25,77656,1133232,48435.52,46668.84,7.304,100.6,25,25
confianza_5090,gtc2pc4,repeticiones emparejadas,llamacpp,llamacpp,26b_4b_np1,10,gemma4:26b,embed,docs_rag_qwen3,2026-07-16 23:07:04,confianza_5090/llamacpp/26b_4b_np1/run_10/sweep.json,1,4712,0,4712,3148,63.0,63.0,1,1
confianza_5090,gtc2pc4,repeticiones emparejadas,llamacpp,llamacpp,26b_4b_np1,10,gemma4:26b,embed,docs_rag_qwen3,2026-07-16 23:07:04,confianza_5090/llamacpp/26b_4b_np1/run_10/sweep.json,5,13417,35885,9860.4,8543.6,24.92,86.4,5,5
confianza_5090,gtc2pc4,repeticiones emparejadas,llamacpp,llamacpp,26b_4b_np1,10,gemma4:26b,embed,docs_rag_qwen3,2026-07-16 23:07:04,confianza_5090/llamacpp/26b_4b_np1/run_10/sweep.json,10,27371,147159,17453,16042.2,14.620000000000001,90.8,10,10
confianza_5090,gtc2pc4,repeticiones emparejadas,llamacpp,llamacpp,26b_4b_np1,10,gemma4:26b,embed,docs_rag_qwen3,2026-07-16 23:07:04,confianza_5090/llamacpp/26b_4b_np1/run_10/sweep.json,15,45352,373209,27904.066666666666,26198.933333333334,11.966666666666667,103.5,15,15
confianza_5090,gtc2pc4,repeticiones emparejadas,llamacpp,llamacpp,26b_4b_np1,10,gemma4:26b,embed,docs_rag_qwen3,2026-07-16 23:07:04,confianza_5090/llamacpp/26b_4b_np1/run_10/sweep.json,20,60647,699272,37995.95,36291.25,9.035,100.9,20,20
confianza_5090,gtc2pc4,repeticiones emparejadas,llamacpp,llamacpp,26b_4b_np1,10,gemma4:26b,embed,docs_rag_qwen3,2026-07-16 23:07:04,confianza_5090/llamacpp/26b_4b_np1/run_10/sweep.json,25,80168,1118907,47963,46139.4,7.392,102.0,25,25
confianza_5090,gtc2pc4,repeticiones emparejadas,llamacpp,llamacpp,26b_4b_np1,09,gemma4:26b,embed,docs_rag_qwen3,2026-07-16 23:01:44,confianza_5090/llamacpp/26b_4b_np1/run_09/sweep.json,1,5051,0,5051,2682,92.5,92.5,1,1
confianza_5090,gtc2pc4,repeticiones emparejadas,llamacpp,llamacpp,26b_4b_np1,09,gemma4:26b,embed,docs_rag_qwen3,2026-07-16 23:01:44,confianza_5090/llamacpp/26b_4b_np1/run_09/sweep.json,5,16133,42812,11789,10097.2,30.62,96.2,5,5
confianza_5090,gtc2pc4,repeticiones emparejadas,llamacpp,llamacpp,26b_4b_np1,09,gemma4:26b,embed,docs_rag_qwen3,2026-07-16 23:01:44,confianza_5090/llamacpp/26b_4b_np1/run_09/sweep.json,10,77541,165687,24322.8,16145.4,16.84,35.5,10,10
confianza_5090,gtc2pc4,repeticiones emparejadas,llamacpp,llamacpp,26b_4b_np1,09,gemma4:26b,embed,docs_rag_qwen3,2026-07-16 23:01:44,confianza_5090/llamacpp/26b_4b_np1/run_09/sweep.json,15,43063,368316,27425.266666666666,25620.933333333334,11.786666666666667,97.0,15,15
confianza_5090,gtc2pc4,repeticiones emparejadas,llamacpp,llamacpp,26b_4b_np1,09,gemma4:26b,embed,docs_rag_qwen3,2026-07-16 23:01:44,confianza_5090/llamacpp/26b_4b_np1/run_09/sweep.json,20,59459,709207,38433.3,35826.45,8.94,99.1,20,20
confianza_5090,gtc2pc4,repeticiones emparejadas,llamacpp,llamacpp,26b_4b_np1,09,gemma4:26b,embed,docs_rag_qwen3,2026-07-16 23:01:44,confianza_5090/llamacpp/26b_4b_np1/run_09/sweep.json,25,113391,1128192,49663.32,43942.64,7.176,63.5,25,25
confianza_5090,gtc2pc4,repeticiones emparejadas,llamacpp,llamacpp,26b_4b_np1,08,gemma4:26b,embed,docs_rag_qwen3,2026-07-16 22:58:06,confianza_5090/llamacpp/26b_4b_np1/run_08/sweep.json,1,4635,0,4635,2760,71.4,71.4,1,1
confianza_5090,gtc2pc4,repeticiones emparejadas,llamacpp,llamacpp,26b_4b_np1,08,gemma4:26b,embed,docs_rag_qwen3,2026-07-16 22:58:06,confianza_5090/llamacpp/26b_4b_np1/run_08/sweep.json,5,14302,37448,10350,8864.4,27.740000000000002,92.5,5,5
confianza_5090,gtc2pc4,repeticiones emparejadas,llamacpp,llamacpp,26b_4b_np1,08,gemma4:26b,embed,docs_rag_qwen3,2026-07-16 22:58:06,confianza_5090/llamacpp/26b_4b_np1/run_08/sweep.json,10,27290,159047,18633.7,17195.8,15.15,95.5,10,10
confianza_5090,gtc2pc4,repeticiones emparejadas,llamacpp,llamacpp,26b_4b_np1,08,gemma4:26b,embed,docs_rag_qwen3,2026-07-16 22:58:06,confianza_5090/llamacpp/26b_4b_np1/run_08/sweep.json,15,43081,357756,26722.466666666667,25147.266666666666,11.686666666666667,99.0,15,15
confianza_5090,gtc2pc4,repeticiones emparejadas,llamacpp,llamacpp,26b_4b_np1,08,gemma4:26b,embed,docs_rag_qwen3,2026-07-16 22:58:06,confianza_5090/llamacpp/26b_4b_np1/run_08/sweep.json,20,55733,629109,34242.1,32811.55,7.88,92.3,20,20
confianza_5090,gtc2pc4,repeticiones emparejadas,llamacpp,llamacpp,26b_4b_np1,08,gemma4:26b,embed,docs_rag_qwen3,2026-07-16 22:58:06,confianza_5090/llamacpp/26b_4b_np1/run_08/sweep.json,25,68508,1016092,43384,41892.16,6.604,94.8,25,25
confianza_5090,gtc2pc4,repeticiones emparejadas,llamacpp,llamacpp,26b_4b_np1,03,gemma4:26b,embed,docs_rag_qwen3,2026-07-16 22:36:10,confianza_5090/llamacpp/26b_4b_np1/run_03/sweep.json,1,9973,0,9973,7382,4.8,4.8,1,1
confianza_5090,gtc2pc4,repeticiones emparejadas,llamacpp,llamacpp,26b_4b_np1,03,gemma4:26b,embed,docs_rag_qwen3,2026-07-16 22:36:10,confianza_5090/llamacpp/26b_4b_np1/run_03/sweep.json,5,13196,32032,9045.6,7016.8,33.52,110.6,5,5
confianza_5090,gtc2pc4,repeticiones emparejadas,llamacpp,llamacpp,26b_4b_np1,03,gemma4:26b,embed,docs_rag_qwen3,2026-07-16 22:36:10,confianza_5090/llamacpp/26b_4b_np1/run_03/sweep.json,10,25841,142485,16832.6,14097.5,17.5,105.5,10,10
confianza_5090,gtc2pc4,repeticiones emparejadas,llamacpp,llamacpp,26b_4b_np1,03,gemma4:26b,embed,docs_rag_qwen3,2026-07-16 22:36:10,confianza_5090/llamacpp/26b_4b_np1/run_03/sweep.json,15,41408,320349,24117.133333333335,22161.066666666666,13.066666666666666,109.7,15,15
confianza_5090,gtc2pc4,repeticiones emparejadas,llamacpp,llamacpp,26b_4b_np1,03,gemma4:26b,embed,docs_rag_qwen3,2026-07-16 22:36:10,confianza_5090/llamacpp/26b_4b_np1/run_03/sweep.json,20,56726,647832,35227.9,33344.4,9.91,107.4,20,20
confianza_5090,gtc2pc4,repeticiones emparejadas,llamacpp,llamacpp,26b_4b_np1,03,gemma4:26b,embed,docs_rag_qwen3,2026-07-16 22:36:10,confianza_5090/llamacpp/26b_4b_np1/run_03/sweep.json,25,70900,1075233,45845.32,42857.08,7.68,102.2,25,25
confianza_5090,gtc2pc4,repeticiones emparejadas,llamacpp,llamacpp,26b_4b_np1,02,gemma4:26b,embed,docs_rag_qwen3,2026-07-16 22:32:38,confianza_5090/llamacpp/26b_4b_np1/run_02/sweep.json,1,3567,0,3567,2860,16.0,16.0,1,1
confianza_5090,gtc2pc4,repeticiones emparejadas,llamacpp,llamacpp,26b_4b_np1,02,gemma4:26b,embed,docs_rag_qwen3,2026-07-16 22:32:38,confianza_5090/llamacpp/26b_4b_np1/run_02/sweep.json,5,12801,30725,8705.2,7515.4,24.18,85.1,5,5
confianza_5090,gtc2pc4,repeticiones emparejadas,llamacpp,llamacpp,26b_4b_np1,02,gemma4:26b,embed,docs_rag_qwen3,2026-07-16 22:32:38,confianza_5090/llamacpp/26b_4b_np1/run_02/sweep.json,10,26794,151793,17858.7,16508.8,14.28,88.3,10,10
confianza_5090,gtc2pc4,repeticiones emparejadas,llamacpp,llamacpp,26b_4b_np1,02,gemma4:26b,embed,docs_rag_qwen3,2026-07-16 22:32:38,confianza_5090/llamacpp/26b_4b_np1/run_02/sweep.json,15,41494,348056,25970,24478.866666666665,11.053333333333333,98.9,15,15
confianza_5090,gtc2pc4,repeticiones emparejadas,llamacpp,llamacpp,26b_4b_np1,02,gemma4:26b,embed,docs_rag_qwen3,2026-07-16 22:32:38,confianza_5090/llamacpp/26b_4b_np1/run_02/sweep.json,20,53103,649749,35142.6,33723.25,7.735,90.7,20,20
confianza_5090,gtc2pc4,repeticiones emparejadas,llamacpp,llamacpp,26b_4b_np1,02,gemma4:26b,embed,docs_rag_qwen3,2026-07-16 22:32:38,confianza_5090/llamacpp/26b_4b_np1/run_02/sweep.json,25,69544,1026138,43827.28,42101.24,6.648,94.2,25,25
confianza_5090,gtc2pc4,repeticiones emparejadas,llamacpp,llamacpp,12b_06b_np1,01,gemma4:12b,embed,docs_rag_qwen3_06b,2026-07-27 12:44:59,confianza_5090/llamacpp/12b_06b_np1/run_01/sweep.json,1,5494,0,5494,3407,48.6,48.6,1,1
confianza_5090,gtc2pc4,repeticiones emparejadas,llamacpp,llamacpp,12b_06b_np1,01,gemma4:12b,embed,docs_rag_qwen3_06b,2026-07-27 12:44:59,confianza_5090/llamacpp/12b_06b_np1/run_01/sweep.json,5,23722,56298,16004,13430.8,19.26,62.0,5,5
confianza_5090,gtc2pc4,repeticiones emparejadas,llamacpp,llamacpp,12b_06b_np1,01,gemma4:12b,embed,docs_rag_qwen3_06b,2026-07-27 12:44:59,confianza_5090/llamacpp/12b_06b_np1/run_01/sweep.json,10,50304,283173,33347.7,30368.2,12.48,70.1,10,10
confianza_5090,gtc2pc4,repeticiones emparejadas,llamacpp,llamacpp,12b_06b_np1,01,gemma4:12b,embed,docs_rag_qwen3_06b,2026-07-27 12:44:59,confianza_5090/llamacpp/12b_06b_np1/run_01/sweep.json,15,84206,711844,53070,49464.8,9.553333333333333,76.1,15,15
confianza_5090,gtc2pc4,repeticiones emparejadas,llamacpp,llamacpp,12b_06b_np1,01,gemma4:12b,embed,docs_rag_qwen3_06b,2026-07-27 12:44:59,confianza_5090/llamacpp/12b_06b_np1/run_01/sweep.json,20,113139,1254543,68384.1,64747.15,7.3,75.8,20,20
confianza_5090,gtc2pc4,repeticiones emparejadas,llamacpp,llamacpp,12b_06b_np1,01,gemma4:12b,embed,docs_rag_qwen3_06b,2026-07-27 12:44:59,confianza_5090/llamacpp/12b_06b_np1/run_01/sweep.json,25,134522,1971916,84257.52,80956.2,5.616,71.3,25,25
confianza_5090,gtc2pc4,repeticiones emparejadas,llamacpp,llamacpp,12b_06b_np1,07,gemma4:12b,embed,docs_rag_qwen3_06b,2026-07-27 13:44:59,confianza_5090/llamacpp/12b_06b_np1/run_07/sweep.json,1,20768,0,20768,7579,15.9,15.9,1,1
confianza_5090,gtc2pc4,repeticiones emparejadas,llamacpp,llamacpp,12b_06b_np1,07,gemma4:12b,embed,docs_rag_qwen3_06b,2026-07-27 13:44:59,confianza_5090/llamacpp/12b_06b_np1/run_07/sweep.json,5,92974,252521,69099,49667.6,4.42,15.7,5,5
confianza_5090,gtc2pc4,repeticiones emparejadas,llamacpp,llamacpp,12b_06b_np1,07,gemma4:12b,embed,docs_rag_qwen3_06b,2026-07-27 13:44:59,confianza_5090/llamacpp/12b_06b_np1/run_07/sweep.json,10,206202,1088615,129481.7,107031,2.73,15.4,10,10
confianza_5090,gtc2pc4,repeticiones emparejadas,llamacpp,llamacpp,12b_06b_np1,07,gemma4:12b,embed,docs_rag_qwen3_06b,2026-07-27 13:44:59,confianza_5090/llamacpp/12b_06b_np1/run_07/sweep.json,15,246385,2555312,186779.8,142871.72727272726,1.4733333333333334,14.0,15,15
confianza_5090,gtc2pc4,repeticiones emparejadas,llamacpp,llamacpp,12b_06b_np1,07,gemma4:12b,embed,docs_rag_qwen3_06b,2026-07-27 13:44:59,confianza_5090/llamacpp/12b_06b_np1/run_07/sweep.json,20,353873,5551919,295289.6,229485.33333333334,0.535,7.8,20,20
confianza_5090,gtc2pc4,repeticiones emparejadas,llamacpp,llamacpp,12b_06b_np1,07,gemma4:12b,embed,docs_rag_qwen3_06b,2026-07-27 13:44:59,confianza_5090/llamacpp/12b_06b_np1/run_07/sweep.json,25,191424,3391566,143319.6,135284.6,2.36,41.6,25,25
confianza_5090,gtc2pc4,repeticiones emparejadas,llamacpp,llamacpp,12b_06b_np1,06,gemma4:12b,embed,docs_rag_qwen3_06b,2026-07-27 13:23:45,confianza_5090/llamacpp/12b_06b_np1/run_06/sweep.json,1,45549,0,45549,36790,0.4,0.4,1,1
confianza_5090,gtc2pc4,repeticiones emparejadas,llamacpp,llamacpp,12b_06b_np1,06,gemma4:12b,embed,docs_rag_qwen3_06b,2026-07-27 13:23:45,confianza_5090/llamacpp/12b_06b_np1/run_06/sweep.json,5,125033,389661,102938.8,68827.6,3.12,11.9,5,5
confianza_5090,gtc2pc4,repeticiones emparejadas,llamacpp,llamacpp,12b_06b_np1,06,gemma4:12b,embed,docs_rag_qwen3_06b,2026-07-27 13:23:45,confianza_5090/llamacpp/12b_06b_np1/run_06/sweep.json,10,225034,1347706,157274,126167.7,1.83,11.3,10,10
confianza_5090,gtc2pc4,repeticiones emparejadas,llamacpp,llamacpp,12b_06b_np1,06,gemma4:12b,embed,docs_rag_qwen3_06b,2026-07-27 13:23:45,confianza_5090/llamacpp/12b_06b_np1/run_06/sweep.json,15,257460,2856534,207599.6,151840.2,1.1,11.1,15,15
confianza_5090,gtc2pc4,repeticiones emparejadas,llamacpp,llamacpp,12b_06b_np1,06,gemma4:12b,embed,docs_rag_qwen3_06b,2026-07-27 13:23:45,confianza_5090/llamacpp/12b_06b_np1/run_06/sweep.json,20,328412,5104750,271658.1,210434,0.56,8.1,20,20
confianza_5090,gtc2pc4,repeticiones emparejadas,llamacpp,llamacpp,12b_06b_np1,06,gemma4:12b,embed,docs_rag_qwen3_06b,2026-07-27 13:23:45,confianza_5090/llamacpp/12b_06b_np1/run_06/sweep.json,25,268335,4467652,189439.48,172203.04,1.66,28.8,25,25
confianza_5090,gtc2pc4,repeticiones emparejadas,llamacpp,llamacpp,12b_06b_np1,10,gemma4:12b,embed,docs_rag_qwen3_06b,2026-07-27 14:17:47,confianza_5090/llamacpp/12b_06b_np1/run_10/sweep.json,1,7880,0,7880,4305,36.5,36.5,1,1
confianza_5090,gtc2pc4,repeticiones emparejadas,llamacpp,llamacpp,12b_06b_np1,10,gemma4:12b,embed,docs_rag_qwen3_06b,2026-07-27 14:17:47,confianza_5090/llamacpp/12b_06b_np1/run_10/sweep.json,5,22081,55840,15584.2,12113.4,12.38,47.2,5,5
confianza_5090,gtc2pc4,repeticiones emparejadas,llamacpp,llamacpp,12b_06b_np1,10,gemma4:12b,embed,docs_rag_qwen3_06b,2026-07-27 14:17:47,confianza_5090/llamacpp/12b_06b_np1/run_10/sweep.json,10,50482,269534,32001.6,26964,8.46,47.6,10,10
confianza_5090,gtc2pc4,repeticiones emparejadas,llamacpp,llamacpp,12b_06b_np1,10,gemma4:12b,embed,docs_rag_qwen3_06b,2026-07-27 14:17:47,confianza_5090/llamacpp/12b_06b_np1/run_10/sweep.json,15,76822,644413,48082.333333333336,40989.066666666666,5.913333333333333,57.5,15,15
confianza_5090,gtc2pc4,repeticiones emparejadas,llamacpp,llamacpp,12b_06b_np1,10,gemma4:12b,embed,docs_rag_qwen3_06b,2026-07-27 14:17:47,confianza_5090/llamacpp/12b_06b_np1/run_10/sweep.json,20,111802,1250617,68120.95,60840.55,5.495,58.9,20,20
confianza_5090,gtc2pc4,repeticiones emparejadas,llamacpp,llamacpp,12b_06b_np1,10,gemma4:12b,embed,docs_rag_qwen3_06b,2026-07-27 14:17:47,confianza_5090/llamacpp/12b_06b_np1/run_10/sweep.json,25,145613,2090233,89433.84,81108.48,4.556,61.6,25,25
confianza_5090,gtc2pc4,repeticiones emparejadas,llamacpp,llamacpp,12b_06b_np1,09,gemma4:12b,embed,docs_rag_qwen3_06b,2026-07-27 14:10:32,confianza_5090/llamacpp/12b_06b_np1/run_09/sweep.json,1,15087,0,15087,4754,28.8,28.8,1,1
confianza_5090,gtc2pc4,repeticiones emparejadas,llamacpp,llamacpp,12b_06b_np1,09,gemma4:12b,embed,docs_rag_qwen3_06b,2026-07-27 14:10:32,confianza_5090/llamacpp/12b_06b_np1/run_09/sweep.json,5,35063,97241,26460.8,15809.6,14.040000000000001,40.2,5,5
confianza_5090,gtc2pc4,repeticiones emparejadas,llamacpp,llamacpp,12b_06b_np1,09,gemma4:12b,embed,docs_rag_qwen3_06b,2026-07-27 14:10:32,confianza_5090/llamacpp/12b_06b_np1/run_09/sweep.json,10,50760,325382,37614.2,30371.6,8.87,62.1,10,10
confianza_5090,gtc2pc4,repeticiones emparejadas,llamacpp,llamacpp,12b_06b_np1,09,gemma4:12b,embed,docs_rag_qwen3_06b,2026-07-27 14:10:32,confianza_5090/llamacpp/12b_06b_np1/run_09/sweep.json,15,84178,759908,56272.4,49278,6.266666666666667,55.3,15,15
confianza_5090,gtc2pc4,repeticiones emparejadas,llamacpp,llamacpp,12b_06b_np1,09,gemma4:12b,embed,docs_rag_qwen3_06b,2026-07-27 14:10:32,confianza_5090/llamacpp/12b_06b_np1/run_09/sweep.json,20,113224,1329209,72121.65,64686.7,5.065,57.4,20,20
confianza_5090,gtc2pc4,repeticiones emparejadas,llamacpp,llamacpp,12b_06b_np1,09,gemma4:12b,embed,docs_rag_qwen3_06b,2026-07-27 14:10:32,confianza_5090/llamacpp/12b_06b_np1/run_09/sweep.json,25,129163,1993310,84898.92,78867.52,4.0200000000000005,56.7,25,25
confianza_5090,gtc2pc4,repeticiones emparejadas,llamacpp,llamacpp,12b_06b_np1,08,gemma4:12b,embed,docs_rag_qwen3_06b,2026-07-27 14:03:38,confianza_5090/llamacpp/12b_06b_np1/run_08/sweep.json,1,9832,0,9832,4106,32.5,32.5,1,1
confianza_5090,gtc2pc4,repeticiones emparejadas,llamacpp,llamacpp,12b_06b_np1,08,gemma4:12b,embed,docs_rag_qwen3_06b,2026-07-27 14:03:38,confianza_5090/llamacpp/12b_06b_np1/run_08/sweep.json,5,24590,77185,20355,14589,13.1,52.9,5,5
confianza_5090,gtc2pc4,repeticiones emparejadas,llamacpp,llamacpp,12b_06b_np1,08,gemma4:12b,embed,docs_rag_qwen3_06b,2026-07-27 14:03:38,confianza_5090/llamacpp/12b_06b_np1/run_08/sweep.json,10,48041,281968,33000.9,28083.7,9.16,55.5,10,10
confianza_5090,gtc2pc4,repeticiones emparejadas,llamacpp,llamacpp,12b_06b_np1,08,gemma4:12b,embed,docs_rag_qwen3_06b,2026-07-27 14:03:38,confianza_5090/llamacpp/12b_06b_np1/run_08/sweep.json,15,86494,722560,53936.933333333334,46110,6.8533333333333335,58.5,15,15
confianza_5090,gtc2pc4,repeticiones emparejadas,llamacpp,llamacpp,12b_06b_np1,08,gemma4:12b,embed,docs_rag_qwen3_06b,2026-07-27 14:03:38,confianza_5090/llamacpp/12b_06b_np1/run_08/sweep.json,20,103332,1273978,68865.5,60667.2,4.59,56.7,20,20
confianza_5090,gtc2pc4,repeticiones emparejadas,llamacpp,llamacpp,12b_06b_np1,08,gemma4:12b,embed,docs_rag_qwen3_06b,2026-07-27 14:03:38,confianza_5090/llamacpp/12b_06b_np1/run_08/sweep.json,25,133457,2046708,87206.6,79299.56,4.036,58.4,25,25
confianza_5090,gtc2pc4,repeticiones emparejadas,llamacpp,llamacpp,12b_06b_np1,02,gemma4:12b,embed,docs_rag_qwen3_06b,2026-07-27 12:51:56,confianza_5090/llamacpp/12b_06b_np1/run_02/sweep.json,1,5016,0,5016,3968,13.4,13.4,1,1
confianza_5090,gtc2pc4,repeticiones emparejadas,llamacpp,llamacpp,12b_06b_np1,02,gemma4:12b,embed,docs_rag_qwen3_06b,2026-07-27 12:51:56,confianza_5090/llamacpp/12b_06b_np1/run_02/sweep.json,5,21757,51768,14705,12439.8,16.98,58.7,5,5
confianza_5090,gtc2pc4,repeticiones emparejadas,llamacpp,llamacpp,12b_06b_np1,02,gemma4:12b,embed,docs_rag_qwen3_06b,2026-07-27 12:51:56,confianza_5090/llamacpp/12b_06b_np1/run_02/sweep.json,10,44809,251620,29642.9,27285.9,9.89,57.9,10,10
confianza_5090,gtc2pc4,repeticiones emparejadas,llamacpp,llamacpp,12b_06b_np1,02,gemma4:12b,embed,docs_rag_qwen3_06b,2026-07-27 12:51:56,confianza_5090/llamacpp/12b_06b_np1/run_02/sweep.json,15,71854,595511,44491,41723.73333333333,7.466666666666667,63.9,15,15
confianza_5090,gtc2pc4,repeticiones emparejadas,llamacpp,llamacpp,12b_06b_np1,02,gemma4:12b,embed,docs_rag_qwen3_06b,2026-07-27 12:51:56,confianza_5090/llamacpp/12b_06b_np1/run_02/sweep.json,20,98345,1117401,60787.3,57909.8,6.05,64.7,20,20
confianza_5090,gtc2pc4,repeticiones emparejadas,llamacpp,llamacpp,12b_06b_np1,02,gemma4:12b,embed,docs_rag_qwen3_06b,2026-07-27 12:51:56,confianza_5090/llamacpp/12b_06b_np1/run_02/sweep.json,25,117784,1718155,73437.56,70735.68,4.644,62.8,25,25
confianza_5090,gtc2pc4,repeticiones emparejadas,llamacpp,llamacpp,26b_06b_np8,04,gemma4:26b,embed,docs_rag_qwen3_06b,2026-07-31 11:11:42,confianza_5090/llamacpp/26b_06b_np8/run_04/sweep.json,1,3179,0,3179,2625,18.2,18.2,1,1
confianza_5090,gtc2pc4,repeticiones emparejadas,llamacpp,llamacpp,26b_06b_np8,04,gemma4:26b,embed,docs_rag_qwen3_06b,2026-07-31 11:11:42,confianza_5090/llamacpp/26b_06b_np8/run_04/sweep.json,5,16912,57459,14874.2,7975.6,16.58,76.4,5,5
confianza_5090,gtc2pc4,repeticiones emparejadas,llamacpp,llamacpp,26b_06b_np8,04,gemma4:26b,embed,docs_rag_qwen3_06b,2026-07-31 11:11:42,confianza_5090/llamacpp/26b_06b_np8/run_04/sweep.json,10,22752,147453,17020.5,9302.6,12.98,108.1,10,10
confianza_5090,gtc2pc4,repeticiones emparejadas,llamacpp,llamacpp,26b_06b_np8,04,gemma4:26b,embed,docs_rag_qwen3_06b,2026-07-31 11:11:42,confianza_5090/llamacpp/26b_06b_np8/run_04/sweep.json,15,36010,394081,28672.733333333334,18365.4,9.633333333333333,123.1,15,15
confianza_5090,gtc2pc4,repeticiones emparejadas,llamacpp,llamacpp,26b_06b_np8,04,gemma4:26b,embed,docs_rag_qwen3_06b,2026-07-31 11:11:42,confianza_5090/llamacpp/26b_06b_np8/run_04/sweep.json,20,47726,680833,36427.95,25766.65,9.065,142.7,20,20
confianza_5090,gtc2pc4,repeticiones emparejadas,llamacpp,llamacpp,26b_06b_np8,04,gemma4:26b,embed,docs_rag_qwen3_06b,2026-07-31 11:11:42,confianza_5090/llamacpp/26b_06b_np8/run_04/sweep.json,25,55170,935880,39642,29133.2,6.792,123.4,25,25
confianza_5090,gtc2pc4,repeticiones emparejadas,llamacpp,llamacpp,26b_06b_np8,01,gemma4:26b,embed,docs_rag_qwen3_06b,2026-07-31 11:02:34,confianza_5090/llamacpp/26b_06b_np8/run_01/sweep.json,1,4129,0,4129,2404,89.8,89.9,1,1
confianza_5090,gtc2pc4,repeticiones emparejadas,llamacpp,llamacpp,26b_06b_np8,01,gemma4:26b,embed,docs_rag_qwen3_06b,2026-07-31 11:02:34,confianza_5090/llamacpp/26b_06b_np8/run_01/sweep.json,5,16516,56632,14629.6,8426,14.64,63.6,5,5
confianza_5090,gtc2pc4,repeticiones emparejadas,llamacpp,llamacpp,26b_06b_np8,01,gemma4:26b,embed,docs_rag_qwen3_06b,2026-07-31 11:02:34,confianza_5090/llamacpp/26b_06b_np8/run_01/sweep.json,10,24518,172214,19673.2,11001.8,14.18,113.1,10,10
confianza_5090,gtc2pc4,repeticiones emparejadas,llamacpp,llamacpp,26b_06b_np8,01,gemma4:26b,embed,docs_rag_qwen3_06b,2026-07-31 11:02:34,confianza_5090/llamacpp/26b_06b_np8/run_01/sweep.json,15,36224,408455,29645.266666666666,19455.333333333332,12.72,157.5,15,15
confianza_5090,gtc2pc4,repeticiones emparejadas,llamacpp,llamacpp,26b_06b_np8,01,gemma4:26b,embed,docs_rag_qwen3_06b,2026-07-31 11:02:34,confianza_5090/llamacpp/26b_06b_np8/run_01/sweep.json,20,48586,689506,36904.6,25176.95,10.02,150.1,20,20
confianza_5090,gtc2pc4,repeticiones emparejadas,llamacpp,llamacpp,26b_06b_np8,01,gemma4:26b,embed,docs_rag_qwen3_06b,2026-07-31 11:02:34,confianza_5090/llamacpp/26b_06b_np8/run_01/sweep.json,25,57621,1026574,43367.8,31982.12,7.968,143.8,25,25
confianza_5090,gtc2pc4,repeticiones emparejadas,llamacpp,llamacpp,26b_06b_np8,05,gemma4:26b,embed,docs_rag_qwen3_06b,2026-07-31 11:14:49,confianza_5090/llamacpp/26b_06b_np8/run_05/sweep.json,1,3391,0,3391,2670,21.5,21.5,1,1
confianza_5090,gtc2pc4,repeticiones emparejadas,llamacpp,llamacpp,26b_06b_np8,05,gemma4:26b,embed,docs_rag_qwen3_06b,2026-07-31 11:14:49,confianza_5090/llamacpp/26b_06b_np8/run_05/sweep.json,5,12907,44026,11386.6,8634,17.22,79.4,5,5
confianza_5090,gtc2pc4,repeticiones emparejadas,llamacpp,llamacpp,26b_06b_np8,05,gemma4:26b,embed,docs_rag_qwen3_06b,2026-07-31 11:14:49,confianza_5090/llamacpp/26b_06b_np8/run_05/sweep.json,10,23697,175865,19956.2,12650,10.87,96.8,10,10
confianza_5090,gtc2pc4,repeticiones emparejadas,llamacpp,llamacpp,26b_06b_np8,05,gemma4:26b,embed,docs_rag_qwen3_06b,2026-07-31 11:14:49,confianza_5090/llamacpp/26b_06b_np8/run_05/sweep.json,15,36877,414443,30088,19651.6,8.7,111.6,15,15
confianza_5090,gtc2pc4,repeticiones emparejadas,llamacpp,llamacpp,26b_06b_np8,05,gemma4:26b,embed,docs_rag_qwen3_06b,2026-07-31 11:14:49,confianza_5090/llamacpp/26b_06b_np8/run_05/sweep.json,20,48086,714595,38134.05,27245.1,7.99,128.9,20,20
confianza_5090,gtc2pc4,repeticiones emparejadas,llamacpp,llamacpp,26b_06b_np8,05,gemma4:26b,embed,docs_rag_qwen3_06b,2026-07-31 11:14:49,confianza_5090/llamacpp/26b_06b_np8/run_05/sweep.json,25,57136,1023327,43218.52,32256.12,7.0,131.4,25,25
confianza_5090,gtc2pc4,repeticiones emparejadas,llamacpp,llamacpp,26b_06b_np8,07,gemma4:26b,embed,docs_rag_qwen3_06b,2026-07-31 11:21:07,confianza_5090/llamacpp/26b_06b_np8/run_07/sweep.json,1,5863,-1,5862,2369,16.4,16.4,1,1
confianza_5090,gtc2pc4,repeticiones emparejadas,llamacpp,llamacpp,26b_06b_np8,07,gemma4:26b,embed,docs_rag_qwen3_06b,2026-07-31 11:21:07,confianza_5090/llamacpp/26b_06b_np8/run_07/sweep.json,5,16441,51782,13644.6,7212.8,17.34,73.8,5,5
confianza_5090,gtc2pc4,repeticiones emparejadas,llamacpp,llamacpp,26b_06b_np8,07,gemma4:26b,embed,docs_rag_qwen3_06b,2026-07-31 11:21:07,confianza_5090/llamacpp/26b_06b_np8/run_07/sweep.json,10,25224,185503,21072.7,11778.6,11.959999999999999,103.1,10,10
confianza_5090,gtc2pc4,repeticiones emparejadas,llamacpp,llamacpp,26b_06b_np8,07,gemma4:26b,embed,docs_rag_qwen3_06b,2026-07-31 11:21:07,confianza_5090/llamacpp/26b_06b_np8/run_07/sweep.json,15,36591,395036,28775.133333333335,18451.8,10.433333333333334,129.1,15,15
confianza_5090,gtc2pc4,repeticiones emparejadas,llamacpp,llamacpp,26b_06b_np8,07,gemma4:26b,embed,docs_rag_qwen3_06b,2026-07-31 11:21:07,confianza_5090/llamacpp/26b_06b_np8/run_07/sweep.json,20,46442,676716,36157.9,25472.55,7.865,125.2,20,20
confianza_5090,gtc2pc4,repeticiones emparejadas,llamacpp,llamacpp,26b_06b_np8,07,gemma4:26b,embed,docs_rag_qwen3_06b,2026-07-31 11:21:07,confianza_5090/llamacpp/26b_06b_np8/run_07/sweep.json,25,58544,1003877,42496.84,31489.16,6.736,123.7,25,25
confianza_5090,gtc2pc4,repeticiones emparejadas,llamacpp,llamacpp,26b_06b_np8,06,gemma4:26b,embed,docs_rag_qwen3_06b,2026-07-31 11:17:58,confianza_5090/llamacpp/26b_06b_np8/run_06/sweep.json,1,2859,0,2859,2349,21.3,21.3,1,1
confianza_5090,gtc2pc4,repeticiones emparejadas,llamacpp,llamacpp,26b_06b_np8,06,gemma4:26b,embed,docs_rag_qwen3_06b,2026-07-31 11:17:58,confianza_5090/llamacpp/26b_06b_np8/run_06/sweep.json,5,15155,53809,13792.8,8170.2,19.1,90.7,5,5
confianza_5090,gtc2pc4,repeticiones emparejadas,llamacpp,llamacpp,26b_06b_np8,06,gemma4:26b,embed,docs_rag_qwen3_06b,2026-07-31 11:17:58,confianza_5090/llamacpp/26b_06b_np8/run_06/sweep.json,10,24176,179754,20393,12864.5,11.07,99.9,10,10
confianza_5090,gtc2pc4,repeticiones emparejadas,llamacpp,llamacpp,26b_06b_np8,06,gemma4:26b,embed,docs_rag_qwen3_06b,2026-07-31 11:17:58,confianza_5090/llamacpp/26b_06b_np8/run_06/sweep.json,15,34350,372401,27116.733333333334,18172.933333333334,8.206666666666667,104.3,15,15
confianza_5090,gtc2pc4,repeticiones emparejadas,llamacpp,llamacpp,26b_06b_np8,06,gemma4:26b,embed,docs_rag_qwen3_06b,2026-07-31 11:17:58,confianza_5090/llamacpp/26b_06b_np8/run_06/sweep.json,20,47019,654873,35094.6,24934.45,7.095,113.7,20,20
confianza_5090,gtc2pc4,repeticiones emparejadas,llamacpp,llamacpp,26b_06b_np8,06,gemma4:26b,embed,docs_rag_qwen3_06b,2026-07-31 11:17:58,confianza_5090/llamacpp/26b_06b_np8/run_06/sweep.json,25,59181,1040032,43968.52,32566.32,7.148,135.5,25,25
confianza_5090,gtc2pc4,repeticiones emparejadas,llamacpp,llamacpp,26b_06b_np8,10,gemma4:26b,embed,docs_rag_qwen3_06b,2026-07-31 11:30:37,confianza_5090/llamacpp/26b_06b_np8/run_10/sweep.json,1,3768,0,3768,2356,67.1,67.1,1,1
confianza_5090,gtc2pc4,repeticiones emparejadas,llamacpp,llamacpp,26b_06b_np8,10,gemma4:26b,embed,docs_rag_qwen3_06b,2026-07-31 11:30:37,confianza_5090/llamacpp/26b_06b_np8/run_10/sweep.json,5,13080,43665,11349,7430.4,19.42,88.7,5,5
confianza_5090,gtc2pc4,repeticiones emparejadas,llamacpp,llamacpp,26b_06b_np8,10,gemma4:26b,embed,docs_rag_qwen3_06b,2026-07-31 11:30:37,confianza_5090/llamacpp/26b_06b_np8/run_10/sweep.json,10,25338,179260,20459.8,12313.6,12.19,105.3,10,10
confianza_5090,gtc2pc4,repeticiones emparejadas,llamacpp,llamacpp,26b_06b_np8,10,gemma4:26b,embed,docs_rag_qwen3_06b,2026-07-31 11:30:37,confianza_5090/llamacpp/26b_06b_np8/run_10/sweep.json,15,36668,414310,30065.2,19157.533333333333,10.94,140.2,15,15
confianza_5090,gtc2pc4,repeticiones emparejadas,llamacpp,llamacpp,26b_06b_np8,10,gemma4:26b,embed,docs_rag_qwen3_06b,2026-07-31 11:30:37,confianza_5090/llamacpp/26b_06b_np8/run_10/sweep.json,20,48704,670398,35955.1,24996.45,9.045,138.2,20,20
confianza_5090,gtc2pc4,repeticiones emparejadas,llamacpp,llamacpp,26b_06b_np8,10,gemma4:26b,embed,docs_rag_qwen3_06b,2026-07-31 11:30:37,confianza_5090/llamacpp/26b_06b_np8/run_10/sweep.json,25,59441,1048423,44314.56,32588.2,7.632,141.3,25,25
confianza_5090,gtc2pc4,repeticiones emparejadas,llamacpp,llamacpp,26b_06b_np8,09,gemma4:26b,embed,docs_rag_qwen3_06b,2026-07-31 11:27:27,confianza_5090/llamacpp/26b_06b_np8/run_09/sweep.json,1,5719,0,5719,2899,84.1,84.1,1,1
confianza_5090,gtc2pc4,repeticiones emparejadas,llamacpp,llamacpp,26b_06b_np8,09,gemma4:26b,embed,docs_rag_qwen3_06b,2026-07-31 11:27:27,confianza_5090/llamacpp/26b_06b_np8/run_09/sweep.json,5,17498,60217,15543,9353,19.580000000000002,89.7,5,5
confianza_5090,gtc2pc4,repeticiones emparejadas,llamacpp,llamacpp,26b_06b_np8,09,gemma4:26b,embed,docs_rag_qwen3_06b,2026-07-31 11:27:27,confianza_5090/llamacpp/26b_06b_np8/run_09/sweep.json,10,21887,154665,17655.2,10845.6,15.6,136.2,10,10
confianza_5090,gtc2pc4,repeticiones emparejadas,llamacpp,llamacpp,26b_06b_np8,09,gemma4:26b,embed,docs_rag_qwen3_06b,2026-07-31 11:27:27,confianza_5090/llamacpp/26b_06b_np8/run_09/sweep.json,15,37583,408906,29765.933333333334,19235.4,10.0,121.1,15,15
confianza_5090,gtc2pc4,repeticiones emparejadas,llamacpp,llamacpp,26b_06b_np8,09,gemma4:26b,embed,docs_rag_qwen3_06b,2026-07-31 11:27:27,confianza_5090/llamacpp/26b_06b_np8/run_09/sweep.json,20,47396,687018,36720.7,25950.05,8.565,129.1,20,20
confianza_5090,gtc2pc4,repeticiones emparejadas,llamacpp,llamacpp,26b_06b_np8,09,gemma4:26b,embed,docs_rag_qwen3_06b,2026-07-31 11:27:27,confianza_5090/llamacpp/26b_06b_np8/run_09/sweep.json,25,54096,988417,41700.52,31630.04,6.6,126.0,25,25
confianza_5090,gtc2pc4,repeticiones emparejadas,llamacpp,llamacpp,26b_06b_np8,08,gemma4:26b,embed,docs_rag_qwen3_06b,2026-07-31 11:24:22,confianza_5090/llamacpp/26b_06b_np8/run_08/sweep.json,1,4492,0,4492,2387,83.0,83.0,1,1
confianza_5090,gtc2pc4,repeticiones emparejadas,llamacpp,llamacpp,26b_06b_np8,08,gemma4:26b,embed,docs_rag_qwen3_06b,2026-07-31 11:24:22,confianza_5090/llamacpp/26b_06b_np8/run_08/sweep.json,5,15489,53932,13884.2,7512.4,23.6,108.5,5,5
confianza_5090,gtc2pc4,repeticiones emparejadas,llamacpp,llamacpp,26b_06b_np8,08,gemma4:26b,embed,docs_rag_qwen3_06b,2026-07-31 11:24:22,confianza_5090/llamacpp/26b_06b_np8/run_08/sweep.json,10,22065,174785,19685,11861.6,14.93,137.5,10,10
confianza_5090,gtc2pc4,repeticiones emparejadas,llamacpp,llamacpp,26b_06b_np8,08,gemma4:26b,embed,docs_rag_qwen3_06b,2026-07-31 11:24:22,confianza_5090/llamacpp/26b_06b_np8/run_08/sweep.json,15,36319,400278,29106.466666666667,18889.666666666668,10.4,123.8,15,15
confianza_5090,gtc2pc4,repeticiones emparejadas,llamacpp,llamacpp,26b_06b_np8,08,gemma4:26b,embed,docs_rag_qwen3_06b,2026-07-31 11:24:22,confianza_5090/llamacpp/26b_06b_np8/run_08/sweep.json,20,43673,653091,34838.2,24917.3,7.65,121.3,20,20
confianza_5090,gtc2pc4,repeticiones emparejadas,llamacpp,llamacpp,26b_06b_np8,08,gemma4:26b,embed,docs_rag_qwen3_06b,2026-07-31 11:24:22,confianza_5090/llamacpp/26b_06b_np8/run_08/sweep.json,25,56314,979532,41433.84,30749.88,6.996,128.8,25,25
confianza_5090,gtc2pc4,repeticiones emparejadas,llamacpp,llamacpp,26b_06b_np8,03,gemma4:26b,embed,docs_rag_qwen3_06b,2026-07-31 11:08:45,confianza_5090/llamacpp/26b_06b_np8/run_03/sweep.json,1,1540,0,1540,1175,37.7,37.7,1,1
confianza_5090,gtc2pc4,repeticiones emparejadas,llamacpp,llamacpp,26b_06b_np8,03,gemma4:26b,embed,docs_rag_qwen3_06b,2026-07-31 11:08:45,confianza_5090/llamacpp/26b_06b_np8/run_03/sweep.json,5,15451,47083,12506.8,6871.4,24.66,107.0,5,5
confianza_5090,gtc2pc4,repeticiones emparejadas,llamacpp,llamacpp,26b_06b_np8,03,gemma4:26b,embed,docs_rag_qwen3_06b,2026-07-31 11:08:45,confianza_5090/llamacpp/26b_06b_np8/run_03/sweep.json,10,21648,157541,17918.9,10084.8,15.81,139.4,10,10
confianza_5090,gtc2pc4,repeticiones emparejadas,llamacpp,llamacpp,26b_06b_np8,03,gemma4:26b,embed,docs_rag_qwen3_06b,2026-07-31 11:08:45,confianza_5090/llamacpp/26b_06b_np8/run_03/sweep.json,15,32897,336205,24606.8,16115.533333333333,11.093333333333334,130.5,15,15
confianza_5090,gtc2pc4,repeticiones emparejadas,llamacpp,llamacpp,26b_06b_np8,03,gemma4:26b,embed,docs_rag_qwen3_06b,2026-07-31 11:08:45,confianza_5090/llamacpp/26b_06b_np8/run_03/sweep.json,20,41964,576185,30907.45,21717.15,9.06,133.6,20,20
confianza_5090,gtc2pc4,repeticiones emparejadas,llamacpp,llamacpp,26b_06b_np8,03,gemma4:26b,embed,docs_rag_qwen3_06b,2026-07-31 11:08:45,confianza_5090/llamacpp/26b_06b_np8/run_03/sweep.json,25,56853,911522,38735,28103.44,7.924,137.7,25,25
confianza_5090,gtc2pc4,repeticiones emparejadas,llamacpp,llamacpp,26b_06b_np8,02,gemma4:26b,embed,docs_rag_qwen3_06b,2026-07-31 11:05:48,confianza_5090/llamacpp/26b_06b_np8/run_02/sweep.json,1,3110,0,3110,2441,19.3,19.3,1,1
confianza_5090,gtc2pc4,repeticiones emparejadas,llamacpp,llamacpp,26b_06b_np8,02,gemma4:26b,embed,docs_rag_qwen3_06b,2026-07-31 11:05:48,confianza_5090/llamacpp/26b_06b_np8/run_02/sweep.json,5,14514,51950,13292.8,8393.4,16.52,78.3,5,5
confianza_5090,gtc2pc4,repeticiones emparejadas,llamacpp,llamacpp,26b_06b_np8,02,gemma4:26b,embed,docs_rag_qwen3_06b,2026-07-31 11:05:48,confianza_5090/llamacpp/26b_06b_np8/run_02/sweep.json,10,22973,168189,19116.2,10572.9,14.75,127.7,10,10
confianza_5090,gtc2pc4,repeticiones emparejadas,llamacpp,llamacpp,26b_06b_np8,02,gemma4:26b,embed,docs_rag_qwen3_06b,2026-07-31 11:05:48,confianza_5090/llamacpp/26b_06b_np8/run_02/sweep.json,15,33389,378260,27443.266666666666,18090.333333333332,10.393333333333333,131.5,15,15
confianza_5090,gtc2pc4,repeticiones emparejadas,llamacpp,llamacpp,26b_06b_np8,02,gemma4:26b,embed,docs_rag_qwen3_06b,2026-07-31 11:05:48,confianza_5090/llamacpp/26b_06b_np8/run_02/sweep.json,20,43072,632902,33798.7,24119.45,7.53,122.0,20,20
confianza_5090,gtc2pc4,repeticiones emparejadas,llamacpp,llamacpp,26b_06b_np8,02,gemma4:26b,embed,docs_rag_qwen3_06b,2026-07-31 11:05:48,confianza_5090/llamacpp/26b_06b_np8/run_02/sweep.json,25,53228,917844,38842.88,29019.48,6.792,126.9,25,25
confianza_5090,gtc2pc4,repeticiones emparejadas,llamacpp,llamacpp,12b_4b_np1,04,gemma4:12b,embed,docs_rag_qwen3,2026-07-27 14:48:18,confianza_5090/llamacpp/12b_4b_np1/run_04/sweep.json,1,7643,0,7643,5444,10.9,10.9,1,1
confianza_5090,gtc2pc4,repeticiones emparejadas,llamacpp,llamacpp,12b_4b_np1,04,gemma4:12b,embed,docs_rag_qwen3,2026-07-27 14:48:18,confianza_5090/llamacpp/12b_4b_np1/run_04/sweep.json,5,26659,69154,19162.6,14302.8,17.12,64.6,5,5
confianza_5090,gtc2pc4,repeticiones emparejadas,llamacpp,llamacpp,12b_4b_np1,04,gemma4:12b,embed,docs_rag_qwen3,2026-07-27 14:48:18,confianza_5090/llamacpp/12b_4b_np1/run_04/sweep.json,10,56174,321592,37776.6,33173.6,10.46,66.4,10,10
confianza_5090,gtc2pc4,repeticiones emparejadas,llamacpp,llamacpp,12b_4b_np1,04,gemma4:12b,embed,docs_rag_qwen3,2026-07-27 14:48:18,confianza_5090/llamacpp/12b_4b_np1/run_04/sweep.json,15,85171,735099,54684.666666666664,49666.73333333333,6.74,54.4,15,15
confianza_5090,gtc2pc4,repeticiones emparejadas,llamacpp,llamacpp,12b_4b_np1,04,gemma4:12b,embed,docs_rag_qwen3,2026-07-27 14:48:18,confianza_5090/llamacpp/12b_4b_np1/run_04/sweep.json,20,107689,1300230,70395.95,64846.85,5.03,60.1,20,20
confianza_5090,gtc2pc4,repeticiones emparejadas,llamacpp,llamacpp,12b_4b_np1,04,gemma4:12b,embed,docs_rag_qwen3,2026-07-27 14:48:18,confianza_5090/llamacpp/12b_4b_np1/run_04/sweep.json,25,133303,2082446,88629.96,82708.48,4.028,56.4,25,25
confianza_5090,gtc2pc4,repeticiones emparejadas,llamacpp,llamacpp,12b_4b_np1,01,gemma4:12b,embed,docs_rag_qwen3,2026-07-27 14:24:47,confianza_5090/llamacpp/12b_4b_np1/run_01/sweep.json,1,5192,-1,5191,3848,32.4,32.4,1,1
confianza_5090,gtc2pc4,repeticiones emparejadas,llamacpp,llamacpp,12b_4b_np1,01,gemma4:12b,embed,docs_rag_qwen3,2026-07-27 14:24:47,confianza_5090/llamacpp/12b_4b_np1/run_01/sweep.json,5,32930,92750,25136,17295.8,17.82,66.3,5,5
confianza_5090,gtc2pc4,repeticiones emparejadas,llamacpp,llamacpp,12b_4b_np1,01,gemma4:12b,embed,docs_rag_qwen3,2026-07-27 14:24:47,confianza_5090/llamacpp/12b_4b_np1/run_01/sweep.json,10,63759,386790,45054.9,38744.3,11.54,65.9,10,10
confianza_5090,gtc2pc4,repeticiones emparejadas,llamacpp,llamacpp,12b_4b_np1,01,gemma4:12b,embed,docs_rag_qwen3,2026-07-27 14:24:47,confianza_5090/llamacpp/12b_4b_np1/run_01/sweep.json,15,96090,808578,60311.2,54379.53333333333,8.286666666666667,67.0,15,15
confianza_5090,gtc2pc4,repeticiones emparejadas,llamacpp,llamacpp,12b_4b_np1,01,gemma4:12b,embed,docs_rag_qwen3,2026-07-27 14:24:47,confianza_5090/llamacpp/12b_4b_np1/run_01/sweep.json,20,127955,1530765,82936,76120.95,6.1899999999999995,68.7,20,20
confianza_5090,gtc2pc4,repeticiones emparejadas,llamacpp,llamacpp,12b_4b_np1,01,gemma4:12b,embed,docs_rag_qwen3,2026-07-27 14:24:47,confianza_5090/llamacpp/12b_4b_np1/run_01/sweep.json,25,150466,2250731,96047.88,88639.52,4.508,62.1,25,25
confianza_5090,gtc2pc4,repeticiones emparejadas,llamacpp,llamacpp,12b_4b_np1,05,gemma4:12b,embed,docs_rag_qwen3,2026-07-27 14:55:20,confianza_5090/llamacpp/12b_4b_np1/run_05/sweep.json,1,10713,0,10713,5206,12.4,12.4,1,1
confianza_5090,gtc2pc4,repeticiones emparejadas,llamacpp,llamacpp,12b_4b_np1,05,gemma4:12b,embed,docs_rag_qwen3,2026-07-27 14:55:20,confianza_5090/llamacpp/12b_4b_np1/run_05/sweep.json,5,34025,84195,23644,16839.6,12.28,36.5,5,5
confianza_5090,gtc2pc4,repeticiones emparejadas,llamacpp,llamacpp,12b_4b_np1,05,gemma4:12b,embed,docs_rag_qwen3,2026-07-27 14:55:20,confianza_5090/llamacpp/12b_4b_np1/run_05/sweep.json,10,59045,372064,43110.9,30266.9,6.56,47.1,10,10
confianza_5090,gtc2pc4,repeticiones emparejadas,llamacpp,llamacpp,12b_4b_np1,05,gemma4:12b,embed,docs_rag_qwen3,2026-07-27 14:55:20,confianza_5090/llamacpp/12b_4b_np1/run_05/sweep.json,15,88827,775297,57608.26666666667,49665.26666666667,6.6466666666666665,58.1,15,15
confianza_5090,gtc2pc4,repeticiones emparejadas,llamacpp,llamacpp,12b_4b_np1,05,gemma4:12b,embed,docs_rag_qwen3,2026-07-27 14:55:20,confianza_5090/llamacpp/12b_4b_np1/run_05/sweep.json,20,116806,1453138,78497.2,67686.65,4.52,58.7,20,20
confianza_5090,gtc2pc4,repeticiones emparejadas,llamacpp,llamacpp,12b_4b_np1,05,gemma4:12b,embed,docs_rag_qwen3,2026-07-27 14:55:20,confianza_5090/llamacpp/12b_4b_np1/run_05/sweep.json,25,144058,2245430,95579.52,86827.84,4.028,59.7,25,25
confianza_5090,gtc2pc4,repeticiones emparejadas,llamacpp,llamacpp,12b_4b_np1,07,gemma4:12b,embed,docs_rag_qwen3,2026-07-27 15:11:00,confianza_5090/llamacpp/12b_4b_np1/run_07/sweep.json,1,10394,0,10394,4465,73.6,73.6,1,1
confianza_5090,gtc2pc4,repeticiones emparejadas,llamacpp,llamacpp,12b_4b_np1,07,gemma4:12b,embed,docs_rag_qwen3,2026-07-27 15:11:00,confianza_5090/llamacpp/12b_4b_np1/run_07/sweep.json,5,31463,82564,22805.4,17014.2,21.58,66.1,5,5
confianza_5090,gtc2pc4,repeticiones emparejadas,llamacpp,llamacpp,12b_4b_np1,07,gemma4:12b,embed,docs_rag_qwen3,2026-07-27 15:11:00,confianza_5090/llamacpp/12b_4b_np1/run_07/sweep.json,10,59163,345894,40505.7,33350.2,8.93,55.3,10,10
confianza_5090,gtc2pc4,repeticiones emparejadas,llamacpp,llamacpp,12b_4b_np1,07,gemma4:12b,embed,docs_rag_qwen3,2026-07-27 15:11:00,confianza_5090/llamacpp/12b_4b_np1/run_07/sweep.json,15,96351,803821,60011.46666666667,52472.666666666664,6.8,56.5,15,15
confianza_5090,gtc2pc4,repeticiones emparejadas,llamacpp,llamacpp,12b_4b_np1,07,gemma4:12b,embed,docs_rag_qwen3,2026-07-27 15:11:00,confianza_5090/llamacpp/12b_4b_np1/run_07/sweep.json,20,120722,1511131,81592.65,72188.4,5.24,59.4,20,20
confianza_5090,gtc2pc4,repeticiones emparejadas,llamacpp,llamacpp,12b_4b_np1,07,gemma4:12b,embed,docs_rag_qwen3,2026-07-27 15:11:00,confianza_5090/llamacpp/12b_4b_np1/run_07/sweep.json,25,144472,2201201,93826.92,86228.84,4.228,58.6,25,25
confianza_5090,gtc2pc4,repeticiones emparejadas,llamacpp,llamacpp,12b_4b_np1,06,gemma4:12b,embed,docs_rag_qwen3,2026-07-27 15:03:01,confianza_5090/llamacpp/12b_4b_np1/run_06/sweep.json,1,5563,0,5563,3753,24.3,24.3,1,1
confianza_5090,gtc2pc4,repeticiones emparejadas,llamacpp,llamacpp,12b_4b_np1,06,gemma4:12b,embed,docs_rag_qwen3,2026-07-27 15:03:01,confianza_5090/llamacpp/12b_4b_np1/run_06/sweep.json,5,34192,113386,29515.6,16547.6,10.6,45.0,5,5
confianza_5090,gtc2pc4,repeticiones emparejadas,llamacpp,llamacpp,12b_4b_np1,06,gemma4:12b,embed,docs_rag_qwen3,2026-07-27 15:03:01,confianza_5090/llamacpp/12b_4b_np1/run_06/sweep.json,10,69104,448836,51794,38936.2,6.15,43.4,10,10
confianza_5090,gtc2pc4,repeticiones emparejadas,llamacpp,llamacpp,12b_4b_np1,06,gemma4:12b,embed,docs_rag_qwen3,2026-07-27 15:03:01,confianza_5090/llamacpp/12b_4b_np1/run_06/sweep.json,15,94397,973289,71179.06666666667,51181.666666666664,4.593333333333334,47.7,15,15
confianza_5090,gtc2pc4,repeticiones emparejadas,llamacpp,llamacpp,12b_4b_np1,06,gemma4:12b,embed,docs_rag_qwen3,2026-07-27 15:03:01,confianza_5090/llamacpp/12b_4b_np1/run_06/sweep.json,20,120353,1572134,84624.35,66879.85,4.115,47.7,20,20
confianza_5090,gtc2pc4,repeticiones emparejadas,llamacpp,llamacpp,12b_4b_np1,06,gemma4:12b,embed,docs_rag_qwen3,2026-07-27 15:03:01,confianza_5090/llamacpp/12b_4b_np1/run_06/sweep.json,25,149858,2288477,97533.4,85409.32,3.604,55.2,25,25
confianza_5090,gtc2pc4,repeticiones emparejadas,llamacpp,llamacpp,12b_4b_np1,10,gemma4:12b,embed,docs_rag_qwen3,2026-07-27 15:33:29,confianza_5090/llamacpp/12b_4b_np1/run_10/sweep.json,1,12474,0,12474,7087,32.9,32.9,1,1
confianza_5090,gtc2pc4,repeticiones emparejadas,llamacpp,llamacpp,12b_4b_np1,10,gemma4:12b,embed,docs_rag_qwen3,2026-07-27 15:33:29,confianza_5090/llamacpp/12b_4b_np1/run_10/sweep.json,5,25043,69484,18905.4,14660.6,12.98,47.6,5,5
confianza_5090,gtc2pc4,repeticiones emparejadas,llamacpp,llamacpp,12b_4b_np1,10,gemma4:12b,embed,docs_rag_qwen3,2026-07-27 15:33:29,confianza_5090/llamacpp/12b_4b_np1/run_10/sweep.json,10,51038,314210,36524.8,30601.2,7.89,49.7,10,10
confianza_5090,gtc2pc4,repeticiones emparejadas,llamacpp,llamacpp,12b_4b_np1,10,gemma4:12b,embed,docs_rag_qwen3,2026-07-27 15:33:29,confianza_5090/llamacpp/12b_4b_np1/run_10/sweep.json,15,82265,741194,54897.26666666667,48306.066666666666,6.18,57.3,15,15
confianza_5090,gtc2pc4,repeticiones emparejadas,llamacpp,llamacpp,12b_4b_np1,10,gemma4:12b,embed,docs_rag_qwen3,2026-07-27 15:33:29,confianza_5090/llamacpp/12b_4b_np1/run_10/sweep.json,20,117258,1375391,74632.45,67917.2,5.535,60.4,20,20
confianza_5090,gtc2pc4,repeticiones emparejadas,llamacpp,llamacpp,12b_4b_np1,10,gemma4:12b,embed,docs_rag_qwen3,2026-07-27 15:33:29,confianza_5090/llamacpp/12b_4b_np1/run_10/sweep.json,25,155940,2151972,92316.48,84992,4.208,58.2,25,25
confianza_5090,gtc2pc4,repeticiones emparejadas,llamacpp,llamacpp,12b_4b_np1,09,gemma4:12b,embed,docs_rag_qwen3,2026-07-27 15:25:57,confianza_5090/llamacpp/12b_4b_np1/run_09/sweep.json,1,10758,0,10758,5462,41.6,41.6,1,1
confianza_5090,gtc2pc4,repeticiones emparejadas,llamacpp,llamacpp,12b_4b_np1,09,gemma4:12b,embed,docs_rag_qwen3,2026-07-27 15:25:57,confianza_5090/llamacpp/12b_4b_np1/run_09/sweep.json,5,35549,84812,24072.2,17931,17.02,48.4,5,5
confianza_5090,gtc2pc4,repeticiones emparejadas,llamacpp,llamacpp,12b_4b_np1,09,gemma4:12b,embed,docs_rag_qwen3,2026-07-27 15:25:57,confianza_5090/llamacpp/12b_4b_np1/run_09/sweep.json,10,54524,370194,42471.8,33342,7.16,55.7,10,10
confianza_5090,gtc2pc4,repeticiones emparejadas,llamacpp,llamacpp,12b_4b_np1,09,gemma4:12b,embed,docs_rag_qwen3,2026-07-27 15:25:57,confianza_5090/llamacpp/12b_4b_np1/run_09/sweep.json,15,88114,747452,55704.4,48687.666666666664,5.833333333333333,51.9,15,15
confianza_5090,gtc2pc4,repeticiones emparejadas,llamacpp,llamacpp,12b_4b_np1,09,gemma4:12b,embed,docs_rag_qwen3,2026-07-27 15:25:57,confianza_5090/llamacpp/12b_4b_np1/run_09/sweep.json,20,116463,1350515,73348.9,66053.7,4.63,54.0,20,20
confianza_5090,gtc2pc4,repeticiones emparejadas,llamacpp,llamacpp,12b_4b_np1,09,gemma4:12b,embed,docs_rag_qwen3,2026-07-27 15:25:57,confianza_5090/llamacpp/12b_4b_np1/run_09/sweep.json,25,139684,2113097,90111.24,81865.96,3.684,53.3,25,25
confianza_5090,gtc2pc4,repeticiones emparejadas,llamacpp,llamacpp,12b_4b_np1,08,gemma4:12b,embed,docs_rag_qwen3,2026-07-27 15:18:49,confianza_5090/llamacpp/12b_4b_np1/run_08/sweep.json,1,10264,0,10264,4954,27.8,27.8,1,1
confianza_5090,gtc2pc4,repeticiones emparejadas,llamacpp,llamacpp,12b_4b_np1,08,gemma4:12b,embed,docs_rag_qwen3,2026-07-27 15:18:49,confianza_5090/llamacpp/12b_4b_np1/run_08/sweep.json,5,25810,82643,21690.6,16205.8,13.879999999999999,54.9,5,5
confianza_5090,gtc2pc4,repeticiones emparejadas,llamacpp,llamacpp,12b_4b_np1,08,gemma4:12b,embed,docs_rag_qwen3,2026-07-27 15:18:49,confianza_5090/llamacpp/12b_4b_np1/run_08/sweep.json,10,52280,309018,36129.8,29853.2,8.23,53.4,10,10
confianza_5090,gtc2pc4,repeticiones emparejadas,llamacpp,llamacpp,12b_4b_np1,08,gemma4:12b,embed,docs_rag_qwen3,2026-07-27 15:18:49,confianza_5090/llamacpp/12b_4b_np1/run_08/sweep.json,15,83732,752224,55730.4,47847.53333333333,6.56,56.7,15,15
confianza_5090,gtc2pc4,repeticiones emparejadas,llamacpp,llamacpp,12b_4b_np1,08,gemma4:12b,embed,docs_rag_qwen3,2026-07-27 15:18:49,confianza_5090/llamacpp/12b_4b_np1/run_08/sweep.json,20,111531,1300086,70580.85,64474.9,4.75,53.0,20,20
confianza_5090,gtc2pc4,repeticiones emparejadas,llamacpp,llamacpp,12b_4b_np1,08,gemma4:12b,embed,docs_rag_qwen3,2026-07-27 15:18:49,confianza_5090/llamacpp/12b_4b_np1/run_08/sweep.json,25,138123,2178424,92661.88,81727.32,3.464,53.0,25,25
confianza_5090,gtc2pc4,repeticiones emparejadas,llamacpp,llamacpp,12b_4b_np1,03,gemma4:12b,embed,docs_rag_qwen3,2026-07-27 14:40:08,confianza_5090/llamacpp/12b_4b_np1/run_03/sweep.json,1,9058,0,9058,5637,47.3,47.3,1,1
confianza_5090,gtc2pc4,repeticiones emparejadas,llamacpp,llamacpp,12b_4b_np1,03,gemma4:12b,embed,docs_rag_qwen3,2026-07-27 14:40:08,confianza_5090/llamacpp/12b_4b_np1/run_03/sweep.json,5,32929,97512,26088.2,18613,17.88,69.3,5,5
confianza_5090,gtc2pc4,repeticiones emparejadas,llamacpp,llamacpp,12b_4b_np1,03,gemma4:12b,embed,docs_rag_qwen3,2026-07-27 14:40:08,confianza_5090/llamacpp/12b_4b_np1/run_03/sweep.json,10,69406,370779,44018.5,36776.4,10.77,60.8,10,10
confianza_5090,gtc2pc4,repeticiones emparejadas,llamacpp,llamacpp,12b_4b_np1,03,gemma4:12b,embed,docs_rag_qwen3,2026-07-27 14:40:08,confianza_5090/llamacpp/12b_4b_np1/run_03/sweep.json,15,92360,834478,61789.2,53355.13333333333,6.833333333333333,62.9,15,15
confianza_5090,gtc2pc4,repeticiones emparejadas,llamacpp,llamacpp,12b_4b_np1,03,gemma4:12b,embed,docs_rag_qwen3,2026-07-27 14:40:08,confianza_5090/llamacpp/12b_4b_np1/run_03/sweep.json,20,122567,1485529,80404.8,72714.1,5.72,64.6,20,20
confianza_5090,gtc2pc4,repeticiones emparejadas,llamacpp,llamacpp,12b_4b_np1,03,gemma4:12b,embed,docs_rag_qwen3,2026-07-27 14:40:08,confianza_5090/llamacpp/12b_4b_np1/run_03/sweep.json,25,157489,2396964,102178.12,94866.6,4.936,66.2,25,25
confianza_5090,gtc2pc4,repeticiones emparejadas,llamacpp,llamacpp,12b_4b_np1,02,gemma4:12b,embed,docs_rag_qwen3,2026-07-27 14:32:51,confianza_5090/llamacpp/12b_4b_np1/run_02/sweep.json,1,11313,0,11313,5512,5.7,5.7,1,1
confianza_5090,gtc2pc4,repeticiones emparejadas,llamacpp,llamacpp,12b_4b_np1,02,gemma4:12b,embed,docs_rag_qwen3,2026-07-27 14:32:51,confianza_5090/llamacpp/12b_4b_np1/run_02/sweep.json,5,27596,83051,22129.4,16891.6,12.28,50.2,5,5
confianza_5090,gtc2pc4,repeticiones emparejadas,llamacpp,llamacpp,12b_4b_np1,02,gemma4:12b,embed,docs_rag_qwen3,2026-07-27 14:32:51,confianza_5090/llamacpp/12b_4b_np1/run_02/sweep.json,10,56022,335999,39202.1,30272.2,8.13,52.9,10,10
confianza_5090,gtc2pc4,repeticiones emparejadas,llamacpp,llamacpp,12b_4b_np1,02,gemma4:12b,embed,docs_rag_qwen3,2026-07-27 14:32:51,confianza_5090/llamacpp/12b_4b_np1/run_02/sweep.json,15,85799,746837,55509.066666666666,48057.4,6.4799999999999995,56.3,15,15
confianza_5090,gtc2pc4,repeticiones emparejadas,llamacpp,llamacpp,12b_4b_np1,02,gemma4:12b,embed,docs_rag_qwen3,2026-07-27 14:32:51,confianza_5090/llamacpp/12b_4b_np1/run_02/sweep.json,20,115029,1346047,73053.8,63728.25,4.71,56.7,20,20
confianza_5090,gtc2pc4,repeticiones emparejadas,llamacpp,llamacpp,12b_4b_np1,02,gemma4:12b,embed,docs_rag_qwen3,2026-07-27 14:32:51,confianza_5090/llamacpp/12b_4b_np1/run_02/sweep.json,25,135184,2191429,93064.52,82379.84,3.504,55.5,25,25
confianza_5090,gtc2pc4,repeticiones emparejadas,llamacpp,llamacpp,26b_4b_np8,04,gemma4:26b,embed,docs_rag_qwen3,2026-07-31 11:43:23,confianza_5090/llamacpp/26b_4b_np8/run_04/sweep.json,1,3509,0,3509,2624,30.8,30.8,1,1
confianza_5090,gtc2pc4,repeticiones emparejadas,llamacpp,llamacpp,26b_4b_np8,04,gemma4:26b,embed,docs_rag_qwen3,2026-07-31 11:43:23,confianza_5090/llamacpp/26b_4b_np8/run_04/sweep.json,5,14304,47406,12342,7985.2,27.46,123.5,5,5
confianza_5090,gtc2pc4,repeticiones emparejadas,llamacpp,llamacpp,26b_4b_np8,04,gemma4:26b,embed,docs_rag_qwen3,2026-07-31 11:43:23,confianza_5090/llamacpp/26b_4b_np8/run_04/sweep.json,10,25297,185465,21076.2,11381.3,16.15,140.1,10,10
confianza_5090,gtc2pc4,repeticiones emparejadas,llamacpp,llamacpp,26b_4b_np8,04,gemma4:26b,embed,docs_rag_qwen3,2026-07-31 11:43:23,confianza_5090/llamacpp/26b_4b_np8/run_04/sweep.json,15,33419,364897,26554.4,17294.533333333333,10.4,132.8,15,15
confianza_5090,gtc2pc4,repeticiones emparejadas,llamacpp,llamacpp,26b_4b_np8,04,gemma4:26b,embed,docs_rag_qwen3,2026-07-31 11:43:23,confianza_5090/llamacpp/26b_4b_np8/run_04/sweep.json,20,47875,665830,35685.25,25120.2,7.98,122.6,20,20
confianza_5090,gtc2pc4,repeticiones emparejadas,llamacpp,llamacpp,26b_4b_np8,04,gemma4:26b,embed,docs_rag_qwen3,2026-07-31 11:43:23,confianza_5090/llamacpp/26b_4b_np8/run_04/sweep.json,25,58939,1017543,43059.28,31758.12,7.196,130.3,25,25
confianza_5090,gtc2pc4,repeticiones emparejadas,llamacpp,llamacpp,26b_4b_np8,01,gemma4:26b,embed,docs_rag_qwen3,2026-07-31 11:33:55,confianza_5090/llamacpp/26b_4b_np8/run_01/sweep.json,1,3558,0,3558,2136,86.9,86.8,1,1
confianza_5090,gtc2pc4,repeticiones emparejadas,llamacpp,llamacpp,26b_4b_np8,01,gemma4:26b,embed,docs_rag_qwen3,2026-07-31 11:33:55,confianza_5090/llamacpp/26b_4b_np8/run_01/sweep.json,5,16824,56590,14682.8,8251.8,24.84,111.9,5,5
confianza_5090,gtc2pc4,repeticiones emparejadas,llamacpp,llamacpp,26b_4b_np8,01,gemma4:26b,embed,docs_rag_qwen3,2026-07-31 11:33:55,confianza_5090/llamacpp/26b_4b_np8/run_01/sweep.json,10,25933,183228,20916.1,11115,15.08,120.6,10,10
confianza_5090,gtc2pc4,repeticiones emparejadas,llamacpp,llamacpp,26b_4b_np8,01,gemma4:26b,embed,docs_rag_qwen3,2026-07-31 11:33:55,confianza_5090/llamacpp/26b_4b_np8/run_01/sweep.json,15,40599,449355,32663.6,20929.066666666666,13.02,159.5,15,15
confianza_5090,gtc2pc4,repeticiones emparejadas,llamacpp,llamacpp,26b_4b_np8,01,gemma4:26b,embed,docs_rag_qwen3,2026-07-31 11:33:55,confianza_5090/llamacpp/26b_4b_np8/run_01/sweep.json,20,50665,730643,39065.4,27013.05,9.775,148.4,20,20
confianza_5090,gtc2pc4,repeticiones emparejadas,llamacpp,llamacpp,26b_4b_np8,01,gemma4:26b,embed,docs_rag_qwen3,2026-07-31 11:33:55,confianza_5090/llamacpp/26b_4b_np8/run_01/sweep.json,25,62905,1120670,47343,34479.76,8.376,150.7,25,25
confianza_5090,gtc2pc4,repeticiones emparejadas,llamacpp,llamacpp,26b_4b_np8,05,gemma4:26b,embed,docs_rag_qwen3,2026-07-31 11:46:35,confianza_5090/llamacpp/26b_4b_np8/run_05/sweep.json,1,3638,0,3638,2558,35.5,35.5,1,1
confianza_5090,gtc2pc4,repeticiones emparejadas,llamacpp,llamacpp,26b_4b_np8,05,gemma4:26b,embed,docs_rag_qwen3,2026-07-31 11:46:35,confianza_5090/llamacpp/26b_4b_np8/run_05/sweep.json,5,14505,49989,12898.8,7775.8,20.7,94.9,5,5
confianza_5090,gtc2pc4,repeticiones emparejadas,llamacpp,llamacpp,26b_4b_np8,05,gemma4:26b,embed,docs_rag_qwen3,2026-07-31 11:46:35,confianza_5090/llamacpp/26b_4b_np8/run_05/sweep.json,10,24641,175705,20034.6,11605.3,13.56,114.7,10,10
confianza_5090,gtc2pc4,repeticiones emparejadas,llamacpp,llamacpp,26b_4b_np8,05,gemma4:26b,embed,docs_rag_qwen3,2026-07-31 11:46:35,confianza_5090/llamacpp/26b_4b_np8/run_05/sweep.json,15,38161,420557,30581.2,20094.8,10.16,127.0,15,15
confianza_5090,gtc2pc4,repeticiones emparejadas,llamacpp,llamacpp,26b_4b_np8,05,gemma4:26b,embed,docs_rag_qwen3,2026-07-31 11:46:35,confianza_5090/llamacpp/26b_4b_np8/run_05/sweep.json,20,51718,711471,38159.45,26732.85,9.235,139.2,20,20
confianza_5090,gtc2pc4,repeticiones emparejadas,llamacpp,llamacpp,26b_4b_np8,05,gemma4:26b,embed,docs_rag_qwen3,2026-07-31 11:46:35,confianza_5090/llamacpp/26b_4b_np8/run_05/sweep.json,25,57486,1027276,43390.48,32378.28,7.396,137.7,25,25
confianza_5090,gtc2pc4,repeticiones emparejadas,llamacpp,llamacpp,26b_4b_np8,07,gemma4:26b,embed,docs_rag_qwen3,2026-07-31 11:53:06,confianza_5090/llamacpp/26b_4b_np8/run_07/sweep.json,1,5698,0,5698,2198,132.5,132.5,1,1
confianza_5090,gtc2pc4,repeticiones emparejadas,llamacpp,llamacpp,26b_4b_np8,07,gemma4:26b,embed,docs_rag_qwen3,2026-07-31 11:53:06,confianza_5090/llamacpp/26b_4b_np8/run_07/sweep.json,5,16450,54400,14170,7736.8,15.6,68.6,5,5
confianza_5090,gtc2pc4,repeticiones emparejadas,llamacpp,llamacpp,26b_4b_np8,07,gemma4:26b,embed,docs_rag_qwen3,2026-07-31 11:53:06,confianza_5090/llamacpp/26b_4b_np8/run_07/sweep.json,10,23150,178543,20169.3,12484.4,12.13,107.4,10,10
confianza_5090,gtc2pc4,repeticiones emparejadas,llamacpp,llamacpp,26b_4b_np8,07,gemma4:26b,embed,docs_rag_qwen3,2026-07-31 11:53:06,confianza_5090/llamacpp/26b_4b_np8/run_07/sweep.json,15,40491,444910,32360.066666666666,21466.866666666665,8.113333333333333,99.1,15,15
confianza_5090,gtc2pc4,repeticiones emparejadas,llamacpp,llamacpp,26b_4b_np8,07,gemma4:26b,embed,docs_rag_qwen3,2026-07-31 11:53:06,confianza_5090/llamacpp/26b_4b_np8/run_07/sweep.json,20,49230,700518,37487.4,26030.35,8.405,131.4,20,20
confianza_5090,gtc2pc4,repeticiones emparejadas,llamacpp,llamacpp,26b_4b_np8,07,gemma4:26b,embed,docs_rag_qwen3,2026-07-31 11:53:06,confianza_5090/llamacpp/26b_4b_np8/run_07/sweep.json,25,59172,1025189,43374.44,32271.28,7.036,129.1,25,25
confianza_5090,gtc2pc4,repeticiones emparejadas,llamacpp,llamacpp,26b_4b_np8,06,gemma4:26b,embed,docs_rag_qwen3,2026-07-31 11:49:52,confianza_5090/llamacpp/26b_4b_np8/run_06/sweep.json,1,2652,0,2652,2004,26.8,26.8,1,1
confianza_5090,gtc2pc4,repeticiones emparejadas,llamacpp,llamacpp,26b_4b_np8,06,gemma4:26b,embed,docs_rag_qwen3,2026-07-31 11:49:52,confianza_5090/llamacpp/26b_4b_np8/run_06/sweep.json,5,15599,51334,13386.6,7468.2,21.86,100.4,5,5
confianza_5090,gtc2pc4,repeticiones emparejadas,llamacpp,llamacpp,26b_4b_np8,06,gemma4:26b,embed,docs_rag_qwen3,2026-07-31 11:49:52,confianza_5090/llamacpp/26b_4b_np8/run_06/sweep.json,10,25490,174143,19963.3,10393.1,12.52,107.3,10,10
confianza_5090,gtc2pc4,repeticiones emparejadas,llamacpp,llamacpp,26b_4b_np8,06,gemma4:26b,embed,docs_rag_qwen3,2026-07-31 11:49:52,confianza_5090/llamacpp/26b_4b_np8/run_06/sweep.json,15,36005,375468,27431.533333333333,17635.133333333335,9.193333333333333,114.1,15,15
confianza_5090,gtc2pc4,repeticiones emparejadas,llamacpp,llamacpp,26b_4b_np8,06,gemma4:26b,embed,docs_rag_qwen3,2026-07-31 11:49:52,confianza_5090/llamacpp/26b_4b_np8/run_06/sweep.json,20,46067,681194,36363.05,25663.05,8.26,130.5,20,20
confianza_5090,gtc2pc4,repeticiones emparejadas,llamacpp,llamacpp,26b_4b_np8,06,gemma4:26b,embed,docs_rag_qwen3,2026-07-31 11:49:52,confianza_5090/llamacpp/26b_4b_np8/run_06/sweep.json,25,60642,1089723,46014.6,34645.68,6.96,134.3,25,25
confianza_5090,gtc2pc4,repeticiones emparejadas,llamacpp,llamacpp,26b_4b_np8,10,gemma4:26b,embed,docs_rag_qwen3,2026-07-31 12:02:50,confianza_5090/llamacpp/26b_4b_np8/run_10/sweep.json,1,5106,0,5106,3288,60.9,60.9,1,1
confianza_5090,gtc2pc4,repeticiones emparejadas,llamacpp,llamacpp,26b_4b_np8,10,gemma4:26b,embed,docs_rag_qwen3,2026-07-31 12:02:50,confianza_5090/llamacpp/26b_4b_np8/run_10/sweep.json,5,14072,45985,12011.4,6764.2,19.98,90.2,5,5
confianza_5090,gtc2pc4,repeticiones emparejadas,llamacpp,llamacpp,26b_4b_np8,10,gemma4:26b,embed,docs_rag_qwen3,2026-07-31 12:02:50,confianza_5090/llamacpp/26b_4b_np8/run_10/sweep.json,10,21611,164321,18593.2,11650.4,12.62,112.9,10,10
confianza_5090,gtc2pc4,repeticiones emparejadas,llamacpp,llamacpp,26b_4b_np8,10,gemma4:26b,embed,docs_rag_qwen3,2026-07-31 12:02:50,confianza_5090/llamacpp/26b_4b_np8/run_10/sweep.json,15,38955,416594,30369.933333333334,19977.2,9.266666666666667,113.5,15,15
confianza_5090,gtc2pc4,repeticiones emparejadas,llamacpp,llamacpp,26b_4b_np8,10,gemma4:26b,embed,docs_rag_qwen3,2026-07-31 12:02:50,confianza_5090/llamacpp/26b_4b_np8/run_10/sweep.json,20,48321,671898,36010.95,25408.85,8.475,127.7,20,20
confianza_5090,gtc2pc4,repeticiones emparejadas,llamacpp,llamacpp,26b_4b_np8,10,gemma4:26b,embed,docs_rag_qwen3,2026-07-31 12:02:50,confianza_5090/llamacpp/26b_4b_np8/run_10/sweep.json,25,61830,1050640,44498.8,32627.48,6.992,126.4,25,25
confianza_5090,gtc2pc4,repeticiones emparejadas,llamacpp,llamacpp,26b_4b_np8,09,gemma4:26b,embed,docs_rag_qwen3,2026-07-31 11:59:38,confianza_5090/llamacpp/26b_4b_np8/run_09/sweep.json,1,4907,0,4907,2683,81.7,81.7,1,1
confianza_5090,gtc2pc4,repeticiones emparejadas,llamacpp,llamacpp,26b_4b_np8,09,gemma4:26b,embed,docs_rag_qwen3,2026-07-31 11:59:38,confianza_5090/llamacpp/26b_4b_np8/run_09/sweep.json,5,15195,53615,13762,7298.8,19.18,92.3,5,5
confianza_5090,gtc2pc4,repeticiones emparejadas,llamacpp,llamacpp,26b_4b_np8,09,gemma4:26b,embed,docs_rag_qwen3,2026-07-31 11:59:38,confianza_5090/llamacpp/26b_4b_np8/run_09/sweep.json,10,24678,178406,20308.4,11308.4,13.41,118.1,10,10
confianza_5090,gtc2pc4,repeticiones emparejadas,llamacpp,llamacpp,26b_4b_np8,09,gemma4:26b,embed,docs_rag_qwen3,2026-07-31 11:59:38,confianza_5090/llamacpp/26b_4b_np8/run_09/sweep.json,15,36039,373359,27293.2,17373.066666666666,8.953333333333333,109.6,15,15
confianza_5090,gtc2pc4,repeticiones emparejadas,llamacpp,llamacpp,26b_4b_np8,09,gemma4:26b,embed,docs_rag_qwen3,2026-07-31 11:59:38,confianza_5090/llamacpp/26b_4b_np8/run_09/sweep.json,20,45210,617486,33134.8,23007.75,8.045,118.0,20,20
confianza_5090,gtc2pc4,repeticiones emparejadas,llamacpp,llamacpp,26b_4b_np8,09,gemma4:26b,embed,docs_rag_qwen3,2026-07-31 11:59:38,confianza_5090/llamacpp/26b_4b_np8/run_09/sweep.json,25,58895,1070917,45192.48,33775.84,6.804,126.4,25,25
confianza_5090,gtc2pc4,repeticiones emparejadas,llamacpp,llamacpp,26b_4b_np8,08,gemma4:26b,embed,docs_rag_qwen3,2026-07-31 11:56:28,confianza_5090/llamacpp/26b_4b_np8/run_08/sweep.json,1,4800,0,4800,2675,73.1,73.1,1,1
confianza_5090,gtc2pc4,repeticiones emparejadas,llamacpp,llamacpp,26b_4b_np8,08,gemma4:26b,embed,docs_rag_qwen3,2026-07-31 11:56:28,confianza_5090/llamacpp/26b_4b_np8/run_08/sweep.json,5,13702,48901,12520.6,6794.4,25.14,117.3,5,5
confianza_5090,gtc2pc4,repeticiones emparejadas,llamacpp,llamacpp,26b_4b_np8,08,gemma4:26b,embed,docs_rag_qwen3,2026-07-31 11:56:28,confianza_5090/llamacpp/26b_4b_np8/run_08/sweep.json,10,25611,183971,20958.2,11487,14.38,125.8,10,10
confianza_5090,gtc2pc4,repeticiones emparejadas,llamacpp,llamacpp,26b_4b_np8,08,gemma4:26b,embed,docs_rag_qwen3,2026-07-31 11:56:28,confianza_5090/llamacpp/26b_4b_np8/run_08/sweep.json,15,37807,399466,29151.533333333333,18863.133333333335,9.533333333333333,116.7,15,15
confianza_5090,gtc2pc4,repeticiones emparejadas,llamacpp,llamacpp,26b_4b_np8,08,gemma4:26b,embed,docs_rag_qwen3,2026-07-31 11:56:28,confianza_5090/llamacpp/26b_4b_np8/run_08/sweep.json,20,46173,669929,35805.1,25664.25,7.665,121.9,20,20
confianza_5090,gtc2pc4,repeticiones emparejadas,llamacpp,llamacpp,26b_4b_np8,08,gemma4:26b,embed,docs_rag_qwen3,2026-07-31 11:56:28,confianza_5090/llamacpp/26b_4b_np8/run_08/sweep.json,25,54704,956553,40450.28,29992.16,6.608,126.5,25,25
confianza_5090,gtc2pc4,repeticiones emparejadas,llamacpp,llamacpp,26b_4b_np8,03,gemma4:26b,embed,docs_rag_qwen3,2026-07-31 11:40:24,confianza_5090/llamacpp/26b_4b_np8/run_03/sweep.json,1,1525,-1,1524,1214,32.1,32.1,1,1
confianza_5090,gtc2pc4,repeticiones emparejadas,llamacpp,llamacpp,26b_4b_np8,03,gemma4:26b,embed,docs_rag_qwen3,2026-07-31 11:40:24,confianza_5090/llamacpp/26b_4b_np8/run_03/sweep.json,5,16156,46261,12483.4,5778,25.52,106.5,5,5
confianza_5090,gtc2pc4,repeticiones emparejadas,llamacpp,llamacpp,26b_4b_np8,03,gemma4:26b,embed,docs_rag_qwen3,2026-07-31 11:40:24,confianza_5090/llamacpp/26b_4b_np8/run_03/sweep.json,10,21536,142603,16413.9,9465.1,16.9,140.7,10,10
confianza_5090,gtc2pc4,repeticiones emparejadas,llamacpp,llamacpp,26b_4b_np8,03,gemma4:26b,embed,docs_rag_qwen3,2026-07-31 11:40:24,confianza_5090/llamacpp/26b_4b_np8/run_03/sweep.json,15,34026,353244,25818,16379.266666666666,11.8,138.0,15,15
confianza_5090,gtc2pc4,repeticiones emparejadas,llamacpp,llamacpp,26b_4b_np8,03,gemma4:26b,embed,docs_rag_qwen3,2026-07-31 11:40:24,confianza_5090/llamacpp/26b_4b_np8/run_03/sweep.json,20,42727,617176,32995.15,22778.55,9.795,151.8,20,20
confianza_5090,gtc2pc4,repeticiones emparejadas,llamacpp,llamacpp,26b_4b_np8,03,gemma4:26b,embed,docs_rag_qwen3,2026-07-31 11:40:24,confianza_5090/llamacpp/26b_4b_np8/run_03/sweep.json,25,56212,934645,39634.28,29158.84,8.168,140.5,25,25
confianza_5090,gtc2pc4,repeticiones emparejadas,llamacpp,llamacpp,26b_4b_np8,02,gemma4:26b,embed,docs_rag_qwen3,2026-07-31 11:37:22,confianza_5090/llamacpp/26b_4b_np8/run_02/sweep.json,1,3714,-1,3713,2894,15.3,15.3,1,1
confianza_5090,gtc2pc4,repeticiones emparejadas,llamacpp,llamacpp,26b_4b_np8,02,gemma4:26b,embed,docs_rag_qwen3,2026-07-31 11:37:22,confianza_5090/llamacpp/26b_4b_np8/run_02/sweep.json,5,13833,48556,12477.8,7830,17.939999999999998,84.2,5,5
confianza_5090,gtc2pc4,repeticiones emparejadas,llamacpp,llamacpp,26b_4b_np8,02,gemma4:26b,embed,docs_rag_qwen3,2026-07-31 11:37:22,confianza_5090/llamacpp/26b_4b_np8/run_02/sweep.json,10,22353,172289,19464.2,12477.3,12.32,110.3,10,10
confianza_5090,gtc2pc4,repeticiones emparejadas,llamacpp,llamacpp,26b_4b_np8,02,gemma4:26b,embed,docs_rag_qwen3,2026-07-31 11:37:22,confianza_5090/llamacpp/26b_4b_np8/run_02/sweep.json,15,33850,373333,27145.533333333333,18465.466666666667,9.473333333333333,116.5,15,15
confianza_5090,gtc2pc4,repeticiones emparejadas,llamacpp,llamacpp,26b_4b_np8,02,gemma4:26b,embed,docs_rag_qwen3,2026-07-31 11:37:22,confianza_5090/llamacpp/26b_4b_np8/run_02/sweep.json,20,45219,626985,33610.2,23828.1,7.955,121.6,20,20
confianza_5090,gtc2pc4,repeticiones emparejadas,llamacpp,llamacpp,26b_4b_np8,02,gemma4:26b,embed,docs_rag_qwen3,2026-07-31 11:37:22,confianza_5090/llamacpp/26b_4b_np8/run_02/sweep.json,25,54621,963996,40744.68,30915.68,6.648,124.5,25,25
confianza_5090,gtc2pc4,repeticiones emparejadas,llamacpp,llamacpp,12b_4b_np8,04,gemma4:12b,embed,docs_rag_qwen3,2026-07-31 13:15:37,confianza_5090/llamacpp/12b_4b_np8/run_04/sweep.json,1,9426,0,9426,8047,15.2,15.2,1,1
confianza_5090,gtc2pc4,repeticiones emparejadas,llamacpp,llamacpp,12b_4b_np8,04,gemma4:12b,embed,docs_rag_qwen3,2026-07-31 13:15:37,confianza_5090/llamacpp/12b_4b_np8/run_04/sweep.json,5,31972,106666,27727.6,19709.2,12.5,56.6,5,5
confianza_5090,gtc2pc4,repeticiones emparejadas,llamacpp,llamacpp,12b_4b_np8,04,gemma4:12b,embed,docs_rag_qwen3,2026-07-31 13:15:37,confianza_5090/llamacpp/12b_4b_np8/run_04/sweep.json,10,37573,280317,31789,19112.4,10.67,94.3,10,10
confianza_5090,gtc2pc4,repeticiones emparejadas,llamacpp,llamacpp,12b_4b_np8,04,gemma4:12b,embed,docs_rag_qwen3,2026-07-31 13:15:37,confianza_5090/llamacpp/12b_4b_np8/run_04/sweep.json,15,53588,597287,43391.666666666664,28436.8,7.246666666666667,93.1,15,15
confianza_5090,gtc2pc4,repeticiones emparejadas,llamacpp,llamacpp,12b_4b_np8,04,gemma4:12b,embed,docs_rag_qwen3,2026-07-31 13:15:37,confianza_5090/llamacpp/12b_4b_np8/run_04/sweep.json,20,70949,1023648,54729.85,38674.3,6.37,99.9,20,20
confianza_5090,gtc2pc4,repeticiones emparejadas,llamacpp,llamacpp,12b_4b_np8,04,gemma4:12b,embed,docs_rag_qwen3,2026-07-31 13:15:37,confianza_5090/llamacpp/12b_4b_np8/run_04/sweep.json,25,85349,1535304,64826.12,49269.72,4.904,94.1,25,25
confianza_5090,gtc2pc4,repeticiones emparejadas,llamacpp,llamacpp,12b_4b_np8,01,gemma4:12b,embed,docs_rag_qwen3,2026-07-31 12:59:49,confianza_5090/llamacpp/12b_4b_np8/run_01/sweep.json,1,11627,-1,11626,10094,16.7,16.7,1,1
confianza_5090,gtc2pc4,repeticiones emparejadas,llamacpp,llamacpp,12b_4b_np8,01,gemma4:12b,embed,docs_rag_qwen3,2026-07-31 12:59:49,confianza_5090/llamacpp/12b_4b_np8/run_01/sweep.json,5,33648,125459,31821.4,20563.2,10.64,51.2,5,5
confianza_5090,gtc2pc4,repeticiones emparejadas,llamacpp,llamacpp,12b_4b_np8,01,gemma4:12b,embed,docs_rag_qwen3,2026-07-31 12:59:49,confianza_5090/llamacpp/12b_4b_np8/run_01/sweep.json,10,41541,294007,33554.8,19545.9,12.14,101.3,10,10
confianza_5090,gtc2pc4,repeticiones emparejadas,llamacpp,llamacpp,12b_4b_np8,01,gemma4:12b,embed,docs_rag_qwen3,2026-07-31 12:59:49,confianza_5090/llamacpp/12b_4b_np8/run_01/sweep.json,15,62339,681236,49571.666666666664,33595.73333333333,8.606666666666667,103.9,15,15
confianza_5090,gtc2pc4,repeticiones emparejadas,llamacpp,llamacpp,12b_4b_np8,01,gemma4:12b,embed,docs_rag_qwen3,2026-07-31 12:59:49,confianza_5090/llamacpp/12b_4b_np8/run_01/sweep.json,20,73773,1079767,57677,40642.55,7.635,117.2,20,20
confianza_5090,gtc2pc4,repeticiones emparejadas,llamacpp,llamacpp,12b_4b_np8,01,gemma4:12b,embed,docs_rag_qwen3,2026-07-31 12:59:49,confianza_5090/llamacpp/12b_4b_np8/run_01/sweep.json,25,95092,1682644,71109.44,53425.96,6.032,108.5,25,25
confianza_5090,gtc2pc4,repeticiones emparejadas,llamacpp,llamacpp,12b_4b_np8,05,gemma4:12b,embed,docs_rag_qwen3,2026-07-31 13:20:37,confianza_5090/llamacpp/12b_4b_np8/run_05/sweep.json,1,12296,0,12296,10766,10.5,10.5,1,1
confianza_5090,gtc2pc4,repeticiones emparejadas,llamacpp,llamacpp,12b_4b_np8,05,gemma4:12b,embed,docs_rag_qwen3,2026-07-31 13:20:37,confianza_5090/llamacpp/12b_4b_np8/run_05/sweep.json,5,26148,94445,24118.6,17231.2,10.0,47.1,5,5
confianza_5090,gtc2pc4,repeticiones emparejadas,llamacpp,llamacpp,12b_4b_np8,05,gemma4:12b,embed,docs_rag_qwen3,2026-07-31 13:20:37,confianza_5090/llamacpp/12b_4b_np8/run_05/sweep.json,10,36681,273418,31009.9,18167.6,8.46,73.5,10,10
confianza_5090,gtc2pc4,repeticiones emparejadas,llamacpp,llamacpp,12b_4b_np8,05,gemma4:12b,embed,docs_rag_qwen3,2026-07-31 13:20:37,confianza_5090/llamacpp/12b_4b_np8/run_05/sweep.json,15,60500,680561,49404.066666666666,33921.26666666667,6.753333333333333,85.9,15,15
confianza_5090,gtc2pc4,repeticiones emparejadas,llamacpp,llamacpp,12b_4b_np8,05,gemma4:12b,embed,docs_rag_qwen3,2026-07-31 13:20:37,confianza_5090/llamacpp/12b_4b_np8/run_05/sweep.json,20,69858,996765,53331.15,37016.1,6.295,96.6,20,20
confianza_5090,gtc2pc4,repeticiones emparejadas,llamacpp,llamacpp,12b_4b_np8,05,gemma4:12b,embed,docs_rag_qwen3,2026-07-31 13:20:37,confianza_5090/llamacpp/12b_4b_np8/run_05/sweep.json,25,85420,1551875,65491.8,49803.8,5.068,97.9,25,25
confianza_5090,gtc2pc4,repeticiones emparejadas,llamacpp,llamacpp,12b_4b_np8,07,gemma4:12b,embed,docs_rag_qwen3,2026-07-31 13:30:51,confianza_5090/llamacpp/12b_4b_np8/run_07/sweep.json,1,13435,-1,13434,7514,56.9,56.9,1,1
confianza_5090,gtc2pc4,repeticiones emparejadas,llamacpp,llamacpp,12b_4b_np8,07,gemma4:12b,embed,docs_rag_qwen3,2026-07-31 13:30:51,confianza_5090/llamacpp/12b_4b_np8/run_07/sweep.json,5,28119,101350,25893.8,14618.6,12.66,60.5,5,5
confianza_5090,gtc2pc4,repeticiones emparejadas,llamacpp,llamacpp,12b_4b_np8,07,gemma4:12b,embed,docs_rag_qwen3,2026-07-31 13:30:51,confianza_5090/llamacpp/12b_4b_np8/run_07/sweep.json,10,37388,299529,33691.7,20032,9.69,89.7,10,10
confianza_5090,gtc2pc4,repeticiones emparejadas,llamacpp,llamacpp,12b_4b_np8,07,gemma4:12b,embed,docs_rag_qwen3,2026-07-31 13:30:51,confianza_5090/llamacpp/12b_4b_np8/run_07/sweep.json,15,55810,627700,45567.333333333336,29883.6,7.713333333333333,96.1,15,15
confianza_5090,gtc2pc4,repeticiones emparejadas,llamacpp,llamacpp,12b_4b_np8,07,gemma4:12b,embed,docs_rag_qwen3,2026-07-31 13:30:51,confianza_5090/llamacpp/12b_4b_np8/run_07/sweep.json,20,72385,1041900,55714.25,39011,6.67,103.8,20,20
confianza_5090,gtc2pc4,repeticiones emparejadas,llamacpp,llamacpp,12b_4b_np8,07,gemma4:12b,embed,docs_rag_qwen3,2026-07-31 13:30:51,confianza_5090/llamacpp/12b_4b_np8/run_07/sweep.json,25,84184,1537784,64878.72,48962.56,5.472,103.0,25,25
confianza_5090,gtc2pc4,repeticiones emparejadas,llamacpp,llamacpp,12b_4b_np8,06,gemma4:12b,embed,docs_rag_qwen3,2026-07-31 13:25:39,confianza_5090/llamacpp/12b_4b_np8/run_06/sweep.json,1,7773,0,7773,6628,13.8,13.8,1,1
confianza_5090,gtc2pc4,repeticiones emparejadas,llamacpp,llamacpp,12b_4b_np8,06,gemma4:12b,embed,docs_rag_qwen3,2026-07-31 13:25:39,confianza_5090/llamacpp/12b_4b_np8/run_06/sweep.json,5,27316,92652,23993.6,16389.2,11.88,54.0,5,5
confianza_5090,gtc2pc4,repeticiones emparejadas,llamacpp,llamacpp,12b_4b_np8,06,gemma4:12b,embed,docs_rag_qwen3,2026-07-31 13:25:39,confianza_5090/llamacpp/12b_4b_np8/run_06/sweep.json,10,40612,306667,34727.9,21081.6,8.2,73.9,10,10
confianza_5090,gtc2pc4,repeticiones emparejadas,llamacpp,llamacpp,12b_4b_np8,06,gemma4:12b,embed,docs_rag_qwen3,2026-07-31 13:25:39,confianza_5090/llamacpp/12b_4b_np8/run_06/sweep.json,15,59196,636511,46380.46666666667,31867,6.3533333333333335,77.7,15,15
confianza_5090,gtc2pc4,repeticiones emparejadas,llamacpp,llamacpp,12b_4b_np8,06,gemma4:12b,embed,docs_rag_qwen3,2026-07-31 13:25:39,confianza_5090/llamacpp/12b_4b_np8/run_06/sweep.json,20,74608,1086914,58076.1,42680.55,5.33,84.5,20,20
confianza_5090,gtc2pc4,repeticiones emparejadas,llamacpp,llamacpp,12b_4b_np8,06,gemma4:12b,embed,docs_rag_qwen3,2026-07-31 13:25:39,confianza_5090/llamacpp/12b_4b_np8/run_06/sweep.json,25,88721,1614606,68133.08,52069.24,4.784,93.1,25,25
confianza_5090,gtc2pc4,repeticiones emparejadas,llamacpp,llamacpp,12b_4b_np8,10,gemma4:12b,embed,docs_rag_qwen3,2026-07-31 13:45:49,confianza_5090/llamacpp/12b_4b_np8/run_10/sweep.json,1,14768,0,14768,10867,31.0,31.0,1,1
confianza_5090,gtc2pc4,repeticiones emparejadas,llamacpp,llamacpp,12b_4b_np8,10,gemma4:12b,embed,docs_rag_qwen3,2026-07-31 13:45:49,confianza_5090/llamacpp/12b_4b_np8/run_10/sweep.json,5,24694,93876,23714,16926.8,7.2,34.9,5,5
confianza_5090,gtc2pc4,repeticiones emparejadas,llamacpp,llamacpp,12b_4b_np8,10,gemma4:12b,embed,docs_rag_qwen3,2026-07-31 13:45:49,confianza_5090/llamacpp/12b_4b_np8/run_10/sweep.json,10,36980,285716,32269.6,20936.4,7.91,70.7,10,10
confianza_5090,gtc2pc4,repeticiones emparejadas,llamacpp,llamacpp,12b_4b_np8,10,gemma4:12b,embed,docs_rag_qwen3,2026-07-31 13:45:49,confianza_5090/llamacpp/12b_4b_np8/run_10/sweep.json,15,53201,589270,42831.4,28883.933333333334,7.633333333333334,94.3,15,15
confianza_5090,gtc2pc4,repeticiones emparejadas,llamacpp,llamacpp,12b_4b_np8,10,gemma4:12b,embed,docs_rag_qwen3,2026-07-31 13:45:49,confianza_5090/llamacpp/12b_4b_np8/run_10/sweep.json,20,74906,1071005,57295.55,41239.95,5.965,91.9,20,20
confianza_5090,gtc2pc4,repeticiones emparejadas,llamacpp,llamacpp,12b_4b_np8,10,gemma4:12b,embed,docs_rag_qwen3,2026-07-31 13:45:49,confianza_5090/llamacpp/12b_4b_np8/run_10/sweep.json,25,89372,1549574,65557.84,49138.28,5.404,98.7,25,25
confianza_5090,gtc2pc4,repeticiones emparejadas,llamacpp,llamacpp,12b_4b_np8,09,gemma4:12b,embed,docs_rag_qwen3,2026-07-31 13:40:51,confianza_5090/llamacpp/12b_4b_np8/run_09/sweep.json,1,14666,0,14666,10598,31.2,31.2,1,1
confianza_5090,gtc2pc4,repeticiones emparejadas,llamacpp,llamacpp,12b_4b_np8,09,gemma4:12b,embed,docs_rag_qwen3,2026-07-31 13:40:51,confianza_5090/llamacpp/12b_4b_np8/run_09/sweep.json,5,24842,86673,22303,13545.4,15.24,71.9,5,5
confianza_5090,gtc2pc4,repeticiones emparejadas,llamacpp,llamacpp,12b_4b_np8,09,gemma4:12b,embed,docs_rag_qwen3,2026-07-31 13:40:51,confianza_5090/llamacpp/12b_4b_np8/run_09/sweep.json,10,33397,271770,30516.7,17767.5,10.08,95.6,10,10
confianza_5090,gtc2pc4,repeticiones emparejadas,llamacpp,llamacpp,12b_4b_np8,09,gemma4:12b,embed,docs_rag_qwen3,2026-07-31 13:40:51,confianza_5090/llamacpp/12b_4b_np8/run_09/sweep.json,15,55242,612150,44492.8,29734.8,6.733333333333333,83.7,15,15
confianza_5090,gtc2pc4,repeticiones emparejadas,llamacpp,llamacpp,12b_4b_np8,09,gemma4:12b,embed,docs_rag_qwen3,2026-07-31 13:40:51,confianza_5090/llamacpp/12b_4b_np8/run_09/sweep.json,20,70546,1045365,55795.55,40465.6,5.425,87.2,20,20
confianza_5090,gtc2pc4,repeticiones emparejadas,llamacpp,llamacpp,12b_4b_np8,09,gemma4:12b,embed,docs_rag_qwen3,2026-07-31 13:40:51,confianza_5090/llamacpp/12b_4b_np8/run_09/sweep.json,25,85736,1539582,65012.72,49173.44,4.816,87.9,25,25
confianza_5090,gtc2pc4,repeticiones emparejadas,llamacpp,llamacpp,12b_4b_np8,08,gemma4:12b,embed,docs_rag_qwen3,2026-07-31 13:35:55,confianza_5090/llamacpp/12b_4b_np8/run_08/sweep.json,1,11267,0,11267,8731,22.6,22.6,1,1
confianza_5090,gtc2pc4,repeticiones emparejadas,llamacpp,llamacpp,12b_4b_np8,08,gemma4:12b,embed,docs_rag_qwen3,2026-07-31 13:35:55,confianza_5090/llamacpp/12b_4b_np8/run_08/sweep.json,5,25648,93696,23868.8,15166.8,12.18,57.5,5,5
confianza_5090,gtc2pc4,repeticiones emparejadas,llamacpp,llamacpp,12b_4b_np8,08,gemma4:12b,embed,docs_rag_qwen3,2026-07-31 13:35:55,confianza_5090/llamacpp/12b_4b_np8/run_08/sweep.json,10,36359,276817,31317.6,18874.2,9.31,83.6,10,10
confianza_5090,gtc2pc4,repeticiones emparejadas,llamacpp,llamacpp,12b_4b_np8,08,gemma4:12b,embed,docs_rag_qwen3,2026-07-31 13:35:55,confianza_5090/llamacpp/12b_4b_np8/run_08/sweep.json,15,53537,591932,43031.26666666667,28946.6,7.093333333333334,86.3,15,15
confianza_5090,gtc2pc4,repeticiones emparejadas,llamacpp,llamacpp,12b_4b_np8,08,gemma4:12b,embed,docs_rag_qwen3,2026-07-31 13:35:55,confianza_5090/llamacpp/12b_4b_np8/run_08/sweep.json,20,70912,1040563,55573.75,40774.9,5.225,81.9,20,20
confianza_5090,gtc2pc4,repeticiones emparejadas,llamacpp,llamacpp,12b_4b_np8,08,gemma4:12b,embed,docs_rag_qwen3,2026-07-31 13:35:55,confianza_5090/llamacpp/12b_4b_np8/run_08/sweep.json,25,84469,1508379,63713.92,48495.56,4.668,87.1,25,25
confianza_5090,gtc2pc4,repeticiones emparejadas,llamacpp,llamacpp,12b_4b_np8,03,gemma4:12b,embed,docs_rag_qwen3,2026-07-31 13:10:14,confianza_5090/llamacpp/12b_4b_np8/run_03/sweep.json,1,13874,0,13874,10586,29.7,29.7,1,1
confianza_5090,gtc2pc4,repeticiones emparejadas,llamacpp,llamacpp,12b_4b_np8,03,gemma4:12b,embed,docs_rag_qwen3,2026-07-31 13:10:14,confianza_5090/llamacpp/12b_4b_np8/run_03/sweep.json,5,32056,115699,29551,16808.8,14.219999999999999,66.3,5,5
confianza_5090,gtc2pc4,repeticiones emparejadas,llamacpp,llamacpp,12b_4b_np8,03,gemma4:12b,embed,docs_rag_qwen3,2026-07-31 13:10:14,confianza_5090/llamacpp/12b_4b_np8/run_03/sweep.json,10,40646,306451,34709.7,20368.4,11.81,100.9,10,10
confianza_5090,gtc2pc4,repeticiones emparejadas,llamacpp,llamacpp,12b_4b_np8,03,gemma4:12b,embed,docs_rag_qwen3,2026-07-31 13:10:14,confianza_5090/llamacpp/12b_4b_np8/run_03/sweep.json,15,56135,635231,46091.066666666666,30144.266666666666,9.073333333333334,111.1,15,15
confianza_5090,gtc2pc4,repeticiones emparejadas,llamacpp,llamacpp,12b_4b_np8,03,gemma4:12b,embed,docs_rag_qwen3,2026-07-31 13:10:14,confianza_5090/llamacpp/12b_4b_np8/run_03/sweep.json,20,75490,1132535,60401.25,43677.7,6.655,102.9,20,20
confianza_5090,gtc2pc4,repeticiones emparejadas,llamacpp,llamacpp,12b_4b_np8,03,gemma4:12b,embed,docs_rag_qwen3,2026-07-31 13:10:14,confianza_5090/llamacpp/12b_4b_np8/run_03/sweep.json,25,91571,1593403,67398.96,50106.52,5.84,105.5,25,25
confianza_5090,gtc2pc4,repeticiones emparejadas,llamacpp,llamacpp,12b_4b_np8,02,gemma4:12b,embed,docs_rag_qwen3,2026-07-31 13:05:19,confianza_5090/llamacpp/12b_4b_np8/run_02/sweep.json,1,11929,0,11929,10835,5.1,5.1,1,1
confianza_5090,gtc2pc4,repeticiones emparejadas,llamacpp,llamacpp,12b_4b_np8,02,gemma4:12b,embed,docs_rag_qwen3,2026-07-31 13:05:19,confianza_5090/llamacpp/12b_4b_np8/run_02/sweep.json,5,28410,103962,26474.4,20202,10.14,48.8,5,5
confianza_5090,gtc2pc4,repeticiones emparejadas,llamacpp,llamacpp,12b_4b_np8,02,gemma4:12b,embed,docs_rag_qwen3,2026-07-31 13:05:19,confianza_5090/llamacpp/12b_4b_np8/run_02/sweep.json,10,37480,301697,33917.7,21440.3,7.76,71.6,10,10
confianza_5090,gtc2pc4,repeticiones emparejadas,llamacpp,llamacpp,12b_4b_np8,02,gemma4:12b,embed,docs_rag_qwen3,2026-07-31 13:05:19,confianza_5090/llamacpp/12b_4b_np8/run_02/sweep.json,15,50101,574835,41662.4,27264.933333333334,7.293333333333333,92.9,15,15
confianza_5090,gtc2pc4,repeticiones emparejadas,llamacpp,llamacpp,12b_4b_np8,02,gemma4:12b,embed,docs_rag_qwen3,2026-07-31 13:05:19,confianza_5090/llamacpp/12b_4b_np8/run_02/sweep.json,20,73049,1038782,55591.55,40471.1,5.53,84.2,20,20
confianza_5090,gtc2pc4,repeticiones emparejadas,llamacpp,llamacpp,12b_4b_np8,02,gemma4:12b,embed,docs_rag_qwen3,2026-07-31 13:05:19,confianza_5090/llamacpp/12b_4b_np8/run_02/sweep.json,25,81817,1498111,63197.12,48308.24,4.636,88.2,25,25
confianza_5090,gtc2pc4,repeticiones emparejadas,llamacpp,llamacpp,26b_06b_np1,04,gemma4:26b,embed,docs_rag_qwen3_06b,2026-07-16 22:01:48,confianza_5090/llamacpp/26b_06b_np1/run_04/sweep.json,1,2975,0,2975,2551,19.5,19.5,1,1
confianza_5090,gtc2pc4,repeticiones emparejadas,llamacpp,llamacpp,26b_06b_np1,04,gemma4:26b,embed,docs_rag_qwen3_06b,2026-07-16 22:01:48,confianza_5090/llamacpp/26b_06b_np1/run_04/sweep.json,5,13077,26909,7997.2,6496.6,33.38,112.6,5,5
confianza_5090,gtc2pc4,repeticiones emparejadas,llamacpp,llamacpp,26b_06b_np1,04,gemma4:26b,embed,docs_rag_qwen3_06b,2026-07-16 22:01:48,confianza_5090/llamacpp/26b_06b_np1/run_04/sweep.json,10,27079,137536,16461.5,14975.4,18.1,107.4,10,10
confianza_5090,gtc2pc4,repeticiones emparejadas,llamacpp,llamacpp,26b_06b_np1,04,gemma4:26b,embed,docs_rag_qwen3_06b,2026-07-16 22:01:48,confianza_5090/llamacpp/26b_06b_np1/run_04/sweep.json,15,40394,318201,23906.333333333332,22496.2,11.18,97.0,15,15
confianza_5090,gtc2pc4,repeticiones emparejadas,llamacpp,llamacpp,26b_06b_np1,04,gemma4:26b,embed,docs_rag_qwen3_06b,2026-07-16 22:01:48,confianza_5090/llamacpp/26b_06b_np1/run_04/sweep.json,20,56224,634737,34548.05,32979.75,9.845,92.2,20,20
confianza_5090,gtc2pc4,repeticiones emparejadas,llamacpp,llamacpp,26b_06b_np1,04,gemma4:26b,embed,docs_rag_qwen3_06b,2026-07-16 22:01:48,confianza_5090/llamacpp/26b_06b_np1/run_04/sweep.json,25,67992,928300,39851.68,38400.84,7.708,89.1,25,25
confianza_5090,gtc2pc4,repeticiones emparejadas,llamacpp,llamacpp,26b_06b_np1,01,gemma4:26b,embed,docs_rag_qwen3_06b,2026-07-16 21:50:25,confianza_5090/llamacpp/26b_06b_np1/run_01/sweep.json,1,5203,0,5203,3046,78.8,78.8,1,1
confianza_5090,gtc2pc4,repeticiones emparejadas,llamacpp,llamacpp,26b_06b_np1,01,gemma4:26b,embed,docs_rag_qwen3_06b,2026-07-16 21:50:25,confianza_5090/llamacpp/26b_06b_np1/run_01/sweep.json,5,16797,39768,11313,9400,27.02,75.0,5,5
confianza_5090,gtc2pc4,repeticiones emparejadas,llamacpp,llamacpp,26b_06b_np1,01,gemma4:26b,embed,docs_rag_qwen3_06b,2026-07-16 21:50:25,confianza_5090/llamacpp/26b_06b_np1/run_01/sweep.json,10,31614,167158,19877.2,17976.7,17.48,98.3,10,10
confianza_5090,gtc2pc4,repeticiones emparejadas,llamacpp,llamacpp,26b_06b_np1,01,gemma4:26b,embed,docs_rag_qwen3_06b,2026-07-16 21:50:25,confianza_5090/llamacpp/26b_06b_np1/run_01/sweep.json,15,48483,410976,30630.6,28660.6,13.58,108.5,15,15
confianza_5090,gtc2pc4,repeticiones emparejadas,llamacpp,llamacpp,26b_06b_np1,01,gemma4:26b,embed,docs_rag_qwen3_06b,2026-07-16 21:50:25,confianza_5090/llamacpp/26b_06b_np1/run_01/sweep.json,20,66694,738340,40251.7,38210.35,9.865,106.8,20,20
confianza_5090,gtc2pc4,repeticiones emparejadas,llamacpp,llamacpp,26b_06b_np1,01,gemma4:26b,embed,docs_rag_qwen3_06b,2026-07-16 21:50:25,confianza_5090/llamacpp/26b_06b_np1/run_01/sweep.json,25,82151,1223005,52206.24,50255.96,7.54,99.6,25,25
confianza_5090,gtc2pc4,repeticiones emparejadas,llamacpp,llamacpp,26b_06b_np1,05,gemma4:26b,embed,docs_rag_qwen3_06b,2026-07-16 22:05:19,confianza_5090/llamacpp/26b_06b_np1/run_05/sweep.json,1,3503,0,3503,2725,34.3,34.3,1,1
confianza_5090,gtc2pc4,repeticiones emparejadas,llamacpp,llamacpp,26b_06b_np1,05,gemma4:26b,embed,docs_rag_qwen3_06b,2026-07-16 22:05:19,confianza_5090/llamacpp/26b_06b_np1/run_05/sweep.json,5,13195,31376,8914.2,7649.8,23.68,83.8,5,5
confianza_5090,gtc2pc4,repeticiones emparejadas,llamacpp,llamacpp,26b_06b_np1,05,gemma4:26b,embed,docs_rag_qwen3_06b,2026-07-16 22:05:19,confianza_5090/llamacpp/26b_06b_np1/run_05/sweep.json,10,27322,143531,17085.3,15667.2,14.52,88.3,10,10
confianza_5090,gtc2pc4,repeticiones emparejadas,llamacpp,llamacpp,26b_06b_np1,05,gemma4:26b,embed,docs_rag_qwen3_06b,2026-07-16 22:05:19,confianza_5090/llamacpp/26b_06b_np1/run_05/sweep.json,15,45179,386788,28797.8,27171.133333333335,12.046666666666667,98.9,15,15
confianza_5090,gtc2pc4,repeticiones emparejadas,llamacpp,llamacpp,26b_06b_np1,05,gemma4:26b,embed,docs_rag_qwen3_06b,2026-07-16 22:05:19,confianza_5090/llamacpp/26b_06b_np1/run_05/sweep.json,20,61423,713107,38726.5,37031.8,9.265,100.7,20,20
confianza_5090,gtc2pc4,repeticiones emparejadas,llamacpp,llamacpp,26b_06b_np1,05,gemma4:26b,embed,docs_rag_qwen3_06b,2026-07-16 22:05:19,confianza_5090/llamacpp/26b_06b_np1/run_05/sweep.json,25,73673,1091929,46624.08,45025.32,7.404,99.1,25,25
confianza_5090,gtc2pc4,repeticiones emparejadas,llamacpp,llamacpp,26b_06b_np1,07,gemma4:26b,embed,docs_rag_qwen3_06b,2026-07-16 22:12:53,confianza_5090/llamacpp/26b_06b_np1/run_07/sweep.json,1,5841,0,5841,2352,16.1,16.1,1,1
confianza_5090,gtc2pc4,repeticiones emparejadas,llamacpp,llamacpp,26b_06b_np1,07,gemma4:26b,embed,docs_rag_qwen3_06b,2026-07-16 22:12:53,confianza_5090/llamacpp/26b_06b_np1/run_07/sweep.json,5,16548,38571,11023.8,9105.2,19.16,70.9,5,5
confianza_5090,gtc2pc4,repeticiones emparejadas,llamacpp,llamacpp,26b_06b_np1,07,gemma4:26b,embed,docs_rag_qwen3_06b,2026-07-16 22:12:53,confianza_5090/llamacpp/26b_06b_np1/run_07/sweep.json,10,30187,169439,19962.6,18238.8,13.15,83.1,10,10
confianza_5090,gtc2pc4,repeticiones emparejadas,llamacpp,llamacpp,26b_06b_np1,07,gemma4:26b,embed,docs_rag_qwen3_06b,2026-07-16 22:12:53,confianza_5090/llamacpp/26b_06b_np1/run_07/sweep.json,15,46376,414226,30706.8,28922.333333333332,10.98,90.2,15,15
confianza_5090,gtc2pc4,repeticiones emparejadas,llamacpp,llamacpp,26b_06b_np1,07,gemma4:26b,embed,docs_rag_qwen3_06b,2026-07-16 22:12:53,confianza_5090/llamacpp/26b_06b_np1/run_07/sweep.json,20,61118,682696,37190.7,35390.8,8.15,95.9,20,20
confianza_5090,gtc2pc4,repeticiones emparejadas,llamacpp,llamacpp,26b_06b_np1,07,gemma4:26b,embed,docs_rag_qwen3_06b,2026-07-16 22:12:53,confianza_5090/llamacpp/26b_06b_np1/run_07/sweep.json,25,75958,1121700,47906.32,46167.08,6.744,95.0,25,25
confianza_5090,gtc2pc4,repeticiones emparejadas,llamacpp,llamacpp,26b_06b_np1,06,gemma4:26b,embed,docs_rag_qwen3_06b,2026-07-16 22:09:07,confianza_5090/llamacpp/26b_06b_np1/run_06/sweep.json,1,2702,0,2702,2318,21.1,21.1,1,1
confianza_5090,gtc2pc4,repeticiones emparejadas,llamacpp,llamacpp,26b_06b_np1,06,gemma4:26b,embed,docs_rag_qwen3_06b,2026-07-16 22:09:07,confianza_5090/llamacpp/26b_06b_np1/run_06/sweep.json,5,15982,35729,10342.2,8568.8,27.84,94.2,5,5
confianza_5090,gtc2pc4,repeticiones emparejadas,llamacpp,llamacpp,26b_06b_np1,06,gemma4:26b,embed,docs_rag_qwen3_06b,2026-07-16 22:09:07,confianza_5090/llamacpp/26b_06b_np1/run_06/sweep.json,10,26186,150974,17716,16320.8,14.74,88.1,10,10
confianza_5090,gtc2pc4,repeticiones emparejadas,llamacpp,llamacpp,26b_06b_np1,06,gemma4:26b,embed,docs_rag_qwen3_06b,2026-07-16 22:09:07,confianza_5090/llamacpp/26b_06b_np1/run_06/sweep.json,15,41834,376516,27890,26393.2,10.913333333333332,91.5,15,15
confianza_5090,gtc2pc4,repeticiones emparejadas,llamacpp,llamacpp,26b_06b_np1,06,gemma4:26b,embed,docs_rag_qwen3_06b,2026-07-16 22:09:07,confianza_5090/llamacpp/26b_06b_np1/run_06/sweep.json,20,59230,669756,36449.3,34802.95,8.395,91.2,20,20
confianza_5090,gtc2pc4,repeticiones emparejadas,llamacpp,llamacpp,26b_06b_np1,06,gemma4:26b,embed,docs_rag_qwen3_06b,2026-07-16 22:09:07,confianza_5090/llamacpp/26b_06b_np1/run_06/sweep.json,25,76524,1108590,47404.56,45654.92,7.296,97.3,25,25
confianza_5090,gtc2pc4,repeticiones emparejadas,llamacpp,llamacpp,26b_06b_np1,10,gemma4:26b,embed,docs_rag_qwen3_06b,2026-07-16 22:24:15,confianza_5090/llamacpp/26b_06b_np1/run_10/sweep.json,1,3597,0,3597,2386,64.5,64.5,1,1
confianza_5090,gtc2pc4,repeticiones emparejadas,llamacpp,llamacpp,26b_06b_np1,10,gemma4:26b,embed,docs_rag_qwen3_06b,2026-07-16 22:24:15,confianza_5090/llamacpp/26b_06b_np1/run_10/sweep.json,5,12742,32488,9046,7798.2,16.36,62.7,5,5
confianza_5090,gtc2pc4,repeticiones emparejadas,llamacpp,llamacpp,26b_06b_np1,10,gemma4:26b,embed,docs_rag_qwen3_06b,2026-07-16 22:24:15,confianza_5090/llamacpp/26b_06b_np1/run_10/sweep.json,10,26949,148628,17557.7,16160,11.95,80.7,10,10
confianza_5090,gtc2pc4,repeticiones emparejadas,llamacpp,llamacpp,26b_06b_np1,10,gemma4:26b,embed,docs_rag_qwen3_06b,2026-07-16 22:24:15,confianza_5090/llamacpp/26b_06b_np1/run_10/sweep.json,15,46973,398407,29692,27904,12.646666666666667,105.8,15,15
confianza_5090,gtc2pc4,repeticiones emparejadas,llamacpp,llamacpp,26b_06b_np1,10,gemma4:26b,embed,docs_rag_qwen3_06b,2026-07-16 22:24:15,confianza_5090/llamacpp/26b_06b_np1/run_10/sweep.json,20,62174,684873,37352.35,34994.35,9.11,104.3,20,20
confianza_5090,gtc2pc4,repeticiones emparejadas,llamacpp,llamacpp,26b_06b_np1,10,gemma4:26b,embed,docs_rag_qwen3_06b,2026-07-16 22:24:15,confianza_5090/llamacpp/26b_06b_np1/run_10/sweep.json,25,79043,1094225,46930.72,45089.72,7.308,102.9,25,25
confianza_5090,gtc2pc4,repeticiones emparejadas,llamacpp,llamacpp,26b_06b_np1,09,gemma4:26b,embed,docs_rag_qwen3_06b,2026-07-16 22:20:34,confianza_5090/llamacpp/26b_06b_np1/run_09/sweep.json,1,5447,0,5447,2731,95.1,95.1,1,1
confianza_5090,gtc2pc4,repeticiones emparejadas,llamacpp,llamacpp,26b_06b_np1,09,gemma4:26b,embed,docs_rag_qwen3_06b,2026-07-16 22:20:34,confianza_5090/llamacpp/26b_06b_np1/run_09/sweep.json,5,18054,43989,12408.6,10512.4,29.82,94.1,5,5
confianza_5090,gtc2pc4,repeticiones emparejadas,llamacpp,llamacpp,26b_06b_np1,09,gemma4:26b,embed,docs_rag_qwen3_06b,2026-07-16 22:20:34,confianza_5090/llamacpp/26b_06b_np1/run_09/sweep.json,10,27132,152875,18000.7,16099.2,17.19,103.1,10,10
confianza_5090,gtc2pc4,repeticiones emparejadas,llamacpp,llamacpp,26b_06b_np1,09,gemma4:26b,embed,docs_rag_qwen3_06b,2026-07-16 22:20:34,confianza_5090/llamacpp/26b_06b_np1/run_09/sweep.json,15,41196,357401,26573.133333333335,24726.266666666666,11.213333333333333,94.0,15,15
confianza_5090,gtc2pc4,repeticiones emparejadas,llamacpp,llamacpp,26b_06b_np1,09,gemma4:26b,embed,docs_rag_qwen3_06b,2026-07-16 22:20:34,confianza_5090/llamacpp/26b_06b_np1/run_09/sweep.json,20,55669,633342,34450.55,32881.8,9.075,98.0,20,20
confianza_5090,gtc2pc4,repeticiones emparejadas,llamacpp,llamacpp,26b_06b_np1,09,gemma4:26b,embed,docs_rag_qwen3_06b,2026-07-16 22:20:34,confianza_5090/llamacpp/26b_06b_np1/run_09/sweep.json,25,70159,1019776,43597.4,41900.24,7.16,96.0,25,25
confianza_5090,gtc2pc4,repeticiones emparejadas,llamacpp,llamacpp,26b_06b_np1,08,gemma4:26b,embed,docs_rag_qwen3_06b,2026-07-16 22:16:52,confianza_5090/llamacpp/26b_06b_np1/run_08/sweep.json,1,4529,0,4529,2493,82.1,82.1,1,1
confianza_5090,gtc2pc4,repeticiones emparejadas,llamacpp,llamacpp,26b_06b_np1,08,gemma4:26b,embed,docs_rag_qwen3_06b,2026-07-16 22:16:52,confianza_5090/llamacpp/26b_06b_np1/run_08/sweep.json,5,15794,40280,11214.8,9426.2,32.76,105.0,5,5
confianza_5090,gtc2pc4,repeticiones emparejadas,llamacpp,llamacpp,26b_06b_np1,08,gemma4:26b,embed,docs_rag_qwen3_06b,2026-07-16 22:16:52,confianza_5090/llamacpp/26b_06b_np1/run_08/sweep.json,10,26612,145740,17235.2,15785.9,16.2,99.8,10,10
confianza_5090,gtc2pc4,repeticiones emparejadas,llamacpp,llamacpp,26b_06b_np1,08,gemma4:26b,embed,docs_rag_qwen3_06b,2026-07-16 22:16:52,confianza_5090/llamacpp/26b_06b_np1/run_08/sweep.json,15,42122,356782,26593.6,25029.733333333334,12.18,101.4,15,15
confianza_5090,gtc2pc4,repeticiones emparejadas,llamacpp,llamacpp,26b_06b_np1,08,gemma4:26b,embed,docs_rag_qwen3_06b,2026-07-16 22:16:52,confianza_5090/llamacpp/26b_06b_np1/run_08/sweep.json,20,58033,695160,37659.65,36121.7,8.99,96.4,20,20
confianza_5090,gtc2pc4,repeticiones emparejadas,llamacpp,llamacpp,26b_06b_np1,08,gemma4:26b,embed,docs_rag_qwen3_06b,2026-07-16 22:16:52,confianza_5090/llamacpp/26b_06b_np1/run_08/sweep.json,25,70631,1074249,45795.2,44250.2,7.076,94.3,25,25
confianza_5090,gtc2pc4,repeticiones emparejadas,llamacpp,llamacpp,26b_06b_np1,03,gemma4:26b,embed,docs_rag_qwen3_06b,2026-07-16 21:58:09,confianza_5090/llamacpp/26b_06b_np1/run_03/sweep.json,1,1645,-1,1644,1331,30.4,30.4,1,1
confianza_5090,gtc2pc4,repeticiones emparejadas,llamacpp,llamacpp,26b_06b_np1,03,gemma4:26b,embed,docs_rag_qwen3_06b,2026-07-16 21:58:09,confianza_5090/llamacpp/26b_06b_np1/run_03/sweep.json,5,15158,28694,8770.4,6897,42.72,117.2,5,5
confianza_5090,gtc2pc4,repeticiones emparejadas,llamacpp,llamacpp,26b_06b_np1,03,gemma4:26b,embed,docs_rag_qwen3_06b,2026-07-16 21:58:09,confianza_5090/llamacpp/26b_06b_np1/run_03/sweep.json,10,26974,126723,15369.7,13661,23.58,116.2,10,10
confianza_5090,gtc2pc4,repeticiones emparejadas,llamacpp,llamacpp,26b_06b_np1,03,gemma4:26b,embed,docs_rag_qwen3_06b,2026-07-16 21:58:09,confianza_5090/llamacpp/26b_06b_np1/run_03/sweep.json,15,41599,301654,22883.533333333333,21179.666666666668,16.12,114.0,15,15
confianza_5090,gtc2pc4,repeticiones emparejadas,llamacpp,llamacpp,26b_06b_np1,03,gemma4:26b,embed,docs_rag_qwen3_06b,2026-07-16 21:58:09,confianza_5090/llamacpp/26b_06b_np1/run_03/sweep.json,20,55840,584887,32036.35,30383.8,12.025,111.1,20,20
confianza_5090,gtc2pc4,repeticiones emparejadas,llamacpp,llamacpp,26b_06b_np1,03,gemma4:26b,embed,docs_rag_qwen3_06b,2026-07-16 21:58:09,confianza_5090/llamacpp/26b_06b_np1/run_03/sweep.json,25,73435,948108,40861.72,38714.48,9.248,105.8,25,25
confianza_5090,gtc2pc4,repeticiones emparejadas,llamacpp,llamacpp,26b_06b_np1,02,gemma4:26b,embed,docs_rag_qwen3_06b,2026-07-16 21:54:39,confianza_5090/llamacpp/26b_06b_np1/run_02/sweep.json,1,3228,0,3228,2560,18.6,18.6,1,1
confianza_5090,gtc2pc4,repeticiones emparejadas,llamacpp,llamacpp,26b_06b_np1,02,gemma4:26b,embed,docs_rag_qwen3_06b,2026-07-16 21:54:39,confianza_5090/llamacpp/26b_06b_np1/run_02/sweep.json,5,13107,32606,9142.6,7830.2,26.54,91.8,5,5
confianza_5090,gtc2pc4,repeticiones emparejadas,llamacpp,llamacpp,26b_06b_np1,02,gemma4:26b,embed,docs_rag_qwen3_06b,2026-07-16 21:54:39,confianza_5090/llamacpp/26b_06b_np1/run_02/sweep.json,10,26985,153473,18045.8,16631.7,14.73,86.0,10,10
confianza_5090,gtc2pc4,repeticiones emparejadas,llamacpp,llamacpp,26b_06b_np1,02,gemma4:26b,embed,docs_rag_qwen3_06b,2026-07-16 21:54:39,confianza_5090/llamacpp/26b_06b_np1/run_02/sweep.json,15,43022,371752,27651.6,26076.333333333332,11.146666666666667,95.0,15,15
confianza_5090,gtc2pc4,repeticiones emparejadas,llamacpp,llamacpp,26b_06b_np1,02,gemma4:26b,embed,docs_rag_qwen3_06b,2026-07-16 21:54:39,confianza_5090/llamacpp/26b_06b_np1/run_02/sweep.json,20,53194,602709,32795.15,31354.55,8.51,93.6,20,20
confianza_5090,gtc2pc4,repeticiones emparejadas,llamacpp,llamacpp,26b_06b_np1,02,gemma4:26b,embed,docs_rag_qwen3_06b,2026-07-16 21:54:39,confianza_5090/llamacpp/26b_06b_np1/run_02/sweep.json,25,66837,998939,42631.04,41225.92,6.832,90.5,25,25
confianza_5090,gtc2pc4,repeticiones emparejadas,saturacion,,,,gemma4:26b,embed,docs_rag_qwen3,2026-07-16 18:29:42,confianza_5090/saturacion/sweep_saturacion.json,10,12141,79772,9191.3,5226.8,40.32,317.9,10,10
confianza_5090,gtc2pc4,repeticiones emparejadas,saturacion,,,,gemma4:26b,embed,docs_rag_qwen3,2026-07-16 18:29:42,confianza_5090/saturacion/sweep_saturacion.json,25,23047,412244,17411.64,11682.32,24.356,419.5,25,25
confianza_5090,gtc2pc4,repeticiones emparejadas,saturacion,,,,gemma4:26b,embed,docs_rag_qwen3,2026-07-16 18:29:42,confianza_5090/saturacion/sweep_saturacion.json,50,37969,1300237,26764.12,19346.86,13.774,435.1,50,50
confianza_5090,gtc2pc4,repeticiones emparejadas,saturacion,,,,gemma4:26b,embed,docs_rag_qwen3,2026-07-16 18:29:42,confianza_5090/saturacion/sweep_saturacion.json,75,54402,2647270,36022.293333333335,27929.586666666666,10.513333333333334,456.2,75,75
confianza_5090,gtc2pc4,repeticiones emparejadas,saturacion,,,,gemma4:26b,embed,docs_rag_qwen3,2026-07-16 18:29:42,confianza_5090/saturacion/sweep_saturacion.json,100,69606,4482432,45520.38,35915.35,7.614,421.1,100,100
confianza_5090,gtc2pc4,repeticiones emparejadas,saturacion,,,,gemma4:26b,embed,docs_rag_qwen3,2026-07-16 18:29:42,confianza_5090/saturacion/sweep_saturacion.json,150,102070,10387227,69928.64666666667,54138.32666666667,5.075333333333333,433.5,150,150
confianza_5090,gtc2pc4,repeticiones emparejadas,saturacion,,,,gemma4:26b,embed,docs_rag_qwen3,2026-07-16 18:29:42,confianza_5090/saturacion/sweep_saturacion.json,200,139604,18157863,91487.335,71090.085,4.3435,433.3,200,200
confianza_5090,gtc2pc4,repeticiones emparejadas,ollama,ollama,26b_4b_np4,04,gemma4:26b,embed,docs_rag_qwen3,2026-07-31 23:28:24,confianza_5090/ollama/26b_4b_np4/run_04/sweep.json,1,5457,0,5457,3975,29.3,29.3,1,1
confianza_5090,gtc2pc4,repeticiones emparejadas,ollama,ollama,26b_4b_np4,04,gemma4:26b,embed,docs_rag_qwen3,2026-07-31 23:28:24,confianza_5090/ollama/26b_4b_np4/run_04/sweep.json,5,29310,85049,22871.8,17693.8,12.6,55.6,5,5
confianza_5090,gtc2pc4,repeticiones emparejadas,ollama,ollama,26b_4b_np4,04,gemma4:26b,embed,docs_rag_qwen3,2026-07-31 23:28:24,confianza_5090/ollama/26b_4b_np4/run_04/sweep.json,10,33439,226144,25958.3,17534,13.74,104.9,10,10
confianza_5090,gtc2pc4,repeticiones emparejadas,ollama,ollama,26b_4b_np4,04,gemma4:26b,embed,docs_rag_qwen3,2026-07-31 23:28:24,confianza_5090/ollama/26b_4b_np4/run_04/sweep.json,15,189758,456163,43061.4,24653.35714285714,9.113333333333333,23.3,15,15
confianza_5090,gtc2pc4,repeticiones emparejadas,ollama,ollama,26b_4b_np4,04,gemma4:26b,embed,docs_rag_qwen3,2026-07-31 23:28:24,confianza_5090/ollama/26b_4b_np4/run_04/sweep.json,20,65960,847423,45669.15,37276.9,7.81,101.9,20,20
confianza_5090,gtc2pc4,repeticiones emparejadas,ollama,ollama,26b_4b_np4,04,gemma4:26b,embed,docs_rag_qwen3,2026-07-31 23:28:24,confianza_5090/ollama/26b_4b_np4/run_04/sweep.json,25,80438,1301885,55292.92,46780.6,6.2,98.7,25,25
confianza_5090,gtc2pc4,repeticiones emparejadas,ollama,ollama,26b_4b_np4,01,gemma4:26b,embed,docs_rag_qwen3,2026-07-31 23:03:22,confianza_5090/ollama/26b_4b_np4/run_01/sweep.json,1,5887,0,5887,3519,59.3,59.3,1,1
confianza_5090,gtc2pc4,repeticiones emparejadas,ollama,ollama,26b_4b_np4,01,gemma4:26b,embed,docs_rag_qwen3,2026-07-31 23:03:22,confianza_5090/ollama/26b_4b_np4/run_01/sweep.json,5,19675,62997,16534.4,8564.4,22.96,97.2,5,5
confianza_5090,gtc2pc4,repeticiones emparejadas,ollama,ollama,26b_4b_np4,01,gemma4:26b,embed,docs_rag_qwen3,2026-07-31 23:03:22,confianza_5090/ollama/26b_4b_np4/run_01/sweep.json,10,34123,222208,25633.1,17644.2,14.37,105.7,10,10
confianza_5090,gtc2pc4,repeticiones emparejadas,ollama,ollama,26b_4b_np4,01,gemma4:26b,embed,docs_rag_qwen3,2026-07-31 23:03:22,confianza_5090/ollama/26b_4b_np4/run_01/sweep.json,15,55443,565940,41425.53333333333,31260.6,11.66,120.5,15,15
confianza_5090,gtc2pc4,repeticiones emparejadas,ollama,ollama,26b_4b_np4,01,gemma4:26b,embed,docs_rag_qwen3,2026-07-31 23:03:22,confianza_5090/ollama/26b_4b_np4/run_01/sweep.json,20,72335,941878,50710.65,40616.4,9.01,116.5,20,20
confianza_5090,gtc2pc4,repeticiones emparejadas,ollama,ollama,26b_4b_np4,01,gemma4:26b,embed,docs_rag_qwen3,2026-07-31 23:03:22,confianza_5090/ollama/26b_4b_np4/run_01/sweep.json,25,90777,1466579,62294.24,52181.64,7.392,112.6,25,25
confianza_5090,gtc2pc4,repeticiones emparejadas,ollama,ollama,26b_4b_np4,05,gemma4:26b,embed,docs_rag_qwen3,2026-07-31 23:35:34,confianza_5090/ollama/26b_4b_np4/run_05/sweep.json,1,5070,0,5070,3947,18.5,18.5,1,1
confianza_5090,gtc2pc4,repeticiones emparejadas,ollama,ollama,26b_4b_np4,05,gemma4:26b,embed,docs_rag_qwen3,2026-07-31 23:35:34,confianza_5090/ollama/26b_4b_np4/run_05/sweep.json,5,15458,51605,13412.6,8299.8,17.62,78.4,5,5
confianza_5090,gtc2pc4,repeticiones emparejadas,ollama,ollama,26b_4b_np4,05,gemma4:26b,embed,docs_rag_qwen3,2026-07-31 23:35:34,confianza_5090/ollama/26b_4b_np4/run_05/sweep.json,10,32224,219754,25197.8,17897.7,11.44,86.9,10,10
confianza_5090,gtc2pc4,repeticiones emparejadas,ollama,ollama,26b_4b_np4,05,gemma4:26b,embed,docs_rag_qwen3,2026-07-31 23:35:34,confianza_5090/ollama/26b_4b_np4/run_05/sweep.json,15,50020,484317,35622.46666666667,27473.2,9.393333333333333,95.4,15,15
confianza_5090,gtc2pc4,repeticiones emparejadas,ollama,ollama,26b_4b_np4,05,gemma4:26b,embed,docs_rag_qwen3,2026-07-31 23:35:34,confianza_5090/ollama/26b_4b_np4/run_05/sweep.json,20,66347,829613,44798,36194.7,7.575,98.6,20,20
confianza_5090,gtc2pc4,repeticiones emparejadas,ollama,ollama,26b_4b_np4,05,gemma4:26b,embed,docs_rag_qwen3,2026-07-31 23:35:34,confianza_5090/ollama/26b_4b_np4/run_05/sweep.json,25,79808,1228345,52326.12,44054.8,6.0280000000000005,98.5,25,25
confianza_5090,gtc2pc4,repeticiones emparejadas,ollama,ollama,26b_4b_np4,07,gemma4:26b,embed,docs_rag_qwen3,2026-07-31 23:44:34,confianza_5090/ollama/26b_4b_np4/run_07/sweep.json,1,7953,0,7953,3505,83.2,83.2,1,1
confianza_5090,gtc2pc4,repeticiones emparejadas,ollama,ollama,26b_4b_np4,07,gemma4:26b,embed,docs_rag_qwen3,2026-07-31 23:44:34,confianza_5090/ollama/26b_4b_np4/run_07/sweep.json,5,19358,56756,15222.8,7124.4,22.02,95.5,5,5
confianza_5090,gtc2pc4,repeticiones emparejadas,ollama,ollama,26b_4b_np4,07,gemma4:26b,embed,docs_rag_qwen3,2026-07-31 23:44:34,confianza_5090/ollama/26b_4b_np4/run_07/sweep.json,10,31439,207677,23911.6,16559.1,12.31,96.9,10,10
confianza_5090,gtc2pc4,repeticiones emparejadas,ollama,ollama,26b_4b_np4,07,gemma4:26b,embed,docs_rag_qwen3,2026-07-31 23:44:34,confianza_5090/ollama/26b_4b_np4/run_07/sweep.json,15,48874,491711,36039,27955.133333333335,9.0,92.6,15,15
confianza_5090,gtc2pc4,repeticiones emparejadas,ollama,ollama,26b_4b_np4,07,gemma4:26b,embed,docs_rag_qwen3,2026-07-31 23:44:34,confianza_5090/ollama/26b_4b_np4/run_07/sweep.json,20,64116,845249,45468.25,37076.8,7.36,97.7,20,20
confianza_5090,gtc2pc4,repeticiones emparejadas,ollama,ollama,26b_4b_np4,07,gemma4:26b,embed,docs_rag_qwen3,2026-07-31 23:44:34,confianza_5090/ollama/26b_4b_np4/run_07/sweep.json,25,77046,1292115,54766.44,46104.08,5.696,96.6,25,25
confianza_5090,gtc2pc4,repeticiones emparejadas,ollama,ollama,26b_4b_np4,06,gemma4:26b,embed,docs_rag_qwen3,2026-07-31 23:40:06,confianza_5090/ollama/26b_4b_np4/run_06/sweep.json,1,4038,0,4038,3314,17.1,17.1,1,1
confianza_5090,gtc2pc4,repeticiones emparejadas,ollama,ollama,26b_4b_np4,06,gemma4:26b,embed,docs_rag_qwen3,2026-07-31 23:40:06,confianza_5090/ollama/26b_4b_np4/run_06/sweep.json,5,18694,56742,15087.2,8040.8,19.46,84.7,5,5
confianza_5090,gtc2pc4,repeticiones emparejadas,ollama,ollama,26b_4b_np4,06,gemma4:26b,embed,docs_rag_qwen3,2026-07-31 23:40:06,confianza_5090/ollama/26b_4b_np4/run_06/sweep.json,10,32169,199771,23194,16288.8,11.17,84.8,10,10
confianza_5090,gtc2pc4,repeticiones emparejadas,ollama,ollama,26b_4b_np4,06,gemma4:26b,embed,docs_rag_qwen3,2026-07-31 23:40:06,confianza_5090/ollama/26b_4b_np4/run_06/sweep.json,15,49368,479925,35286.2,27176.533333333333,8.286666666666667,89.2,15,15
confianza_5090,gtc2pc4,repeticiones emparejadas,ollama,ollama,26b_4b_np4,06,gemma4:26b,embed,docs_rag_qwen3,2026-07-31 23:40:06,confianza_5090/ollama/26b_4b_np4/run_06/sweep.json,20,63903,829353,44662.8,36448.4,7.105,92.0,20,20
confianza_5090,gtc2pc4,repeticiones emparejadas,ollama,ollama,26b_4b_np4,06,gemma4:26b,embed,docs_rag_qwen3,2026-07-31 23:40:06,confianza_5090/ollama/26b_4b_np4/run_06/sweep.json,25,75597,1270868,53858.6,46017.96,5.704,92.4,25,25
confianza_5090,gtc2pc4,repeticiones emparejadas,ollama,ollama,26b_4b_np4,10,gemma4:26b,embed,docs_rag_qwen3,2026-08-01 00:03:58,confianza_5090/ollama/26b_4b_np4/run_10/sweep.json,1,7661,0,7661,5251,41.9,41.9,1,1
confianza_5090,gtc2pc4,repeticiones emparejadas,ollama,ollama,26b_4b_np4,10,gemma4:26b,embed,docs_rag_qwen3,2026-08-01 00:03:58,confianza_5090/ollama/26b_4b_np4/run_10/sweep.json,5,15274,46436,12342,7059.8,20.08,86.8,5,5
confianza_5090,gtc2pc4,repeticiones emparejadas,ollama,ollama,26b_4b_np4,10,gemma4:26b,embed,docs_rag_qwen3,2026-08-01 00:03:58,confianza_5090/ollama/26b_4b_np4/run_10/sweep.json,10,30765,212287,24305.2,17916.1,10.82,83.9,10,10
confianza_5090,gtc2pc4,repeticiones emparejadas,ollama,ollama,26b_4b_np4,10,gemma4:26b,embed,docs_rag_qwen3,2026-08-01 00:03:58,confianza_5090/ollama/26b_4b_np4/run_10/sweep.json,15,44908,453186,33206.26666666667,25726.6,8.866666666666667,93.8,15,15
confianza_5090,gtc2pc4,repeticiones emparejadas,ollama,ollama,26b_4b_np4,10,gemma4:26b,embed,docs_rag_qwen3,2026-08-01 00:03:58,confianza_5090/ollama/26b_4b_np4/run_10/sweep.json,20,61789,785881,42383.5,34215.65,7.19,95.2,20,20
confianza_5090,gtc2pc4,repeticiones emparejadas,ollama,ollama,26b_4b_np4,10,gemma4:26b,embed,docs_rag_qwen3,2026-08-01 00:03:58,confianza_5090/ollama/26b_4b_np4/run_10/sweep.json,25,82025,1302927,55398.08,46593.48,6.268,99.5,25,25
confianza_5090,gtc2pc4,repeticiones emparejadas,ollama,ollama,26b_4b_np4,09,gemma4:26b,embed,docs_rag_qwen3,2026-07-31 23:55:23,confianza_5090/ollama/26b_4b_np4/run_09/sweep.json,1,7794,0,7794,4161,59.2,59.1,1,1
confianza_5090,gtc2pc4,repeticiones emparejadas,ollama,ollama,26b_4b_np4,09,gemma4:26b,embed,docs_rag_qwen3,2026-07-31 23:55:23,confianza_5090/ollama/26b_4b_np4/run_09/sweep.json,5,17176,54071,14249.4,7794.4,20.240000000000002,89.7,5,5
confianza_5090,gtc2pc4,repeticiones emparejadas,ollama,ollama,26b_4b_np4,09,gemma4:26b,embed,docs_rag_qwen3,2026-07-31 23:55:23,confianza_5090/ollama/26b_4b_np4/run_09/sweep.json,10,29577,180596,21017.3,14331.8,16.76,103.4,10,10
confianza_5090,gtc2pc4,repeticiones emparejadas,ollama,ollama,26b_4b_np4,09,gemma4:26b,embed,docs_rag_qwen3,2026-07-31 23:55:23,confianza_5090/ollama/26b_4b_np4/run_09/sweep.json,15,187246,474008,44083.6,25674.785714285714,8.893333333333333,23.7,15,15
confianza_5090,gtc2pc4,repeticiones emparejadas,ollama,ollama,26b_4b_np4,09,gemma4:26b,embed,docs_rag_qwen3,2026-07-31 23:55:23,confianza_5090/ollama/26b_4b_np4/run_09/sweep.json,20,61059,768220,41463.95,33586.85,7.4,97.6,20,20
confianza_5090,gtc2pc4,repeticiones emparejadas,ollama,ollama,26b_4b_np4,09,gemma4:26b,embed,docs_rag_qwen3,2026-07-31 23:55:23,confianza_5090/ollama/26b_4b_np4/run_09/sweep.json,25,187431,1206481,55756.48,42406.791666666664,5.532,35.8,25,25
confianza_5090,gtc2pc4,repeticiones emparejadas,ollama,ollama,26b_4b_np4,08,gemma4:26b,embed,docs_rag_qwen3,2026-07-31 23:49:07,confianza_5090/ollama/26b_4b_np4/run_08/sweep.json,1,6405,0,6405,4069,43.1,43.1,1,1
confianza_5090,gtc2pc4,repeticiones emparejadas,ollama,ollama,26b_4b_np4,08,gemma4:26b,embed,docs_rag_qwen3,2026-07-31 23:49:07,confianza_5090/ollama/26b_4b_np4/run_08/sweep.json,5,17084,53876,14192,8254.8,19.439999999999998,83.1,5,5
confianza_5090,gtc2pc4,repeticiones emparejadas,ollama,ollama,26b_4b_np4,08,gemma4:26b,embed,docs_rag_qwen3,2026-07-31 23:49:07,confianza_5090/ollama/26b_4b_np4/run_08/sweep.json,10,31342,197678,22902,16398.9,12.03,90.4,10,10
confianza_5090,gtc2pc4,repeticiones emparejadas,ollama,ollama,26b_4b_np4,08,gemma4:26b,embed,docs_rag_qwen3,2026-07-31 23:49:07,confianza_5090/ollama/26b_4b_np4/run_08/sweep.json,15,48129,457553,33712.13333333333,25764.066666666666,8.666666666666666,90.9,15,15
confianza_5090,gtc2pc4,repeticiones emparejadas,ollama,ollama,26b_4b_np4,08,gemma4:26b,embed,docs_rag_qwen3,2026-07-31 23:49:07,confianza_5090/ollama/26b_4b_np4/run_08/sweep.json,20,58565,772526,41554.55,34192.55,6.625,90.8,20,20
confianza_5090,gtc2pc4,repeticiones emparejadas,ollama,ollama,26b_4b_np4,08,gemma4:26b,embed,docs_rag_qwen3,2026-07-31 23:49:07,confianza_5090/ollama/26b_4b_np4/run_08/sweep.json,25,190183,1248580,57550.52,44169.083333333336,5.692,35.9,25,25
confianza_5090,gtc2pc4,repeticiones emparejadas,ollama,ollama,26b_4b_np4,03,gemma4:26b,embed,docs_rag_qwen3,2026-07-31 23:14:47,confianza_5090/ollama/26b_4b_np4/run_03/sweep.json,1,5831,-1,5830,3074,67.9,67.9,1,1
confianza_5090,gtc2pc4,repeticiones emparejadas,ollama,ollama,26b_4b_np4,03,gemma4:26b,embed,docs_rag_qwen3,2026-07-31 23:14:47,confianza_5090/ollama/26b_4b_np4/run_03/sweep.json,5,31399,94520,25183.8,18417.4,12.64,56.8,5,5
confianza_5090,gtc2pc4,repeticiones emparejadas,ollama,ollama,26b_4b_np4,03,gemma4:26b,embed,docs_rag_qwen3,2026-07-31 23:14:47,confianza_5090/ollama/26b_4b_np4/run_03/sweep.json,10,189686,374170,56385.6,14906.125,12.77,16.4,10,10
confianza_5090,gtc2pc4,repeticiones emparejadas,ollama,ollama,26b_4b_np4,03,gemma4:26b,embed,docs_rag_qwen3,2026-07-31 23:14:47,confianza_5090/ollama/26b_4b_np4/run_03/sweep.json,15,184078,495781,45323.933333333334,26578.571428571428,9.793333333333333,27.7,15,15
confianza_5090,gtc2pc4,repeticiones emparejadas,ollama,ollama,26b_4b_np4,03,gemma4:26b,embed,docs_rag_qwen3,2026-07-31 23:14:47,confianza_5090/ollama/26b_4b_np4/run_03/sweep.json,20,192414,846134,51927.4,35424.63157894737,7.865,34.8,20,20
confianza_5090,gtc2pc4,repeticiones emparejadas,ollama,ollama,26b_4b_np4,03,gemma4:26b,embed,docs_rag_qwen3,2026-07-31 23:14:47,confianza_5090/ollama/26b_4b_np4/run_03/sweep.json,25,189516,1340360,61195.04,41127.782608695656,6.704,41.3,25,25
confianza_5090,gtc2pc4,repeticiones emparejadas,ollama,ollama,26b_4b_np4,02,gemma4:26b,embed,docs_rag_qwen3,2026-07-31 23:08:24,confianza_5090/ollama/26b_4b_np4/run_02/sweep.json,1,5155,0,5155,4203,11.1,11.1,1,1
confianza_5090,gtc2pc4,repeticiones emparejadas,ollama,ollama,26b_4b_np4,02,gemma4:26b,embed,docs_rag_qwen3,2026-07-31 23:08:24,confianza_5090/ollama/26b_4b_np4/run_02/sweep.json,5,14353,49023,12675.2,7552.2,16.919999999999998,78.3,5,5
confianza_5090,gtc2pc4,repeticiones emparejadas,ollama,ollama,26b_4b_np4,02,gemma4:26b,embed,docs_rag_qwen3,2026-07-31 23:08:24,confianza_5090/ollama/26b_4b_np4/run_02/sweep.json,10,29812,210917,24072.9,17584.5,11.14,87.7,10,10
confianza_5090,gtc2pc4,repeticiones emparejadas,ollama,ollama,26b_4b_np4,02,gemma4:26b,embed,docs_rag_qwen3,2026-07-31 23:08:24,confianza_5090/ollama/26b_4b_np4/run_02/sweep.json,15,44389,435372,31984.066666666666,24787.933333333334,8.453333333333333,92.1,15,15
confianza_5090,gtc2pc4,repeticiones emparejadas,ollama,ollama,26b_4b_np4,02,gemma4:26b,embed,docs_rag_qwen3,2026-07-31 23:08:24,confianza_5090/ollama/26b_4b_np4/run_02/sweep.json,20,195129,780443,48778.6,33462.63157894737,6.93,27.9,20,20
confianza_5090,gtc2pc4,repeticiones emparejadas,ollama,ollama,26b_4b_np4,02,gemma4:26b,embed,docs_rag_qwen3,2026-07-31 23:08:24,confianza_5090/ollama/26b_4b_np4/run_02/sweep.json,25,70318,1166950,49490.72,42257.4,5.536,89.5,25,25
confianza_5090,gtc2pc4,repeticiones emparejadas,ollama,ollama,26b_06b_np4,04,gemma4:26b,embed,docs_rag_qwen3_06b,2026-07-31 22:21:54,confianza_5090/ollama/26b_06b_np4/run_04/sweep.json,1,4960,0,4960,4270,11.5,11.5,1,1
confianza_5090,gtc2pc4,repeticiones emparejadas,ollama,ollama,26b_06b_np4,04,gemma4:26b,embed,docs_rag_qwen3_06b,2026-07-31 22:21:54,confianza_5090/ollama/26b_06b_np4/run_04/sweep.json,5,16204,40025,11245.8,6393.2,35.86,93.7,5,5
confianza_5090,gtc2pc4,repeticiones emparejadas,ollama,ollama,26b_06b_np4,04,gemma4:26b,embed,docs_rag_qwen3_06b,2026-07-31 22:21:54,confianza_5090/ollama/26b_06b_np4/run_04/sweep.json,10,28959,186020,21497.9,14835.3,12.68,99.7,10,10
confianza_5090,gtc2pc4,repeticiones emparejadas,ollama,ollama,26b_06b_np4,04,gemma4:26b,embed,docs_rag_qwen3_06b,2026-07-31 22:21:54,confianza_5090/ollama/26b_06b_np4/run_04/sweep.json,15,41027,369715,27382.8,20901.466666666667,8.653333333333334,92.1,15,15
confianza_5090,gtc2pc4,repeticiones emparejadas,ollama,ollama,26b_06b_np4,04,gemma4:26b,embed,docs_rag_qwen3_06b,2026-07-31 22:21:54,confianza_5090/ollama/26b_06b_np4/run_04/sweep.json,20,60462,770509,41548.55,33673.5,7.285,99.9,20,20
confianza_5090,gtc2pc4,repeticiones emparejadas,ollama,ollama,26b_06b_np4,04,gemma4:26b,embed,docs_rag_qwen3_06b,2026-07-31 22:21:54,confianza_5090/ollama/26b_06b_np4/run_04/sweep.json,25,193196,1221631,56593.08,43148.083333333336,5.792,35.4,25,25
confianza_5090,gtc2pc4,repeticiones emparejadas,ollama,ollama,26b_06b_np4,01,gemma4:26b,embed,docs_rag_qwen3_06b,2026-07-31 21:59:46,confianza_5090/ollama/26b_06b_np4/run_01/sweep.json,1,6684,-1,6683,4708,37.1,37.1,1,1
confianza_5090,gtc2pc4,repeticiones emparejadas,ollama,ollama,26b_06b_np4,01,gemma4:26b,embed,docs_rag_qwen3_06b,2026-07-31 21:59:46,confianza_5090/ollama/26b_06b_np4/run_01/sweep.json,5,19476,56521,15199.4,8484.6,24.14,98.4,5,5
confianza_5090,gtc2pc4,repeticiones emparejadas,ollama,ollama,26b_06b_np4,01,gemma4:26b,embed,docs_rag_qwen3_06b,2026-07-31 21:59:46,confianza_5090/ollama/26b_06b_np4/run_01/sweep.json,10,34356,232183,26653.9,17852.8,14.82,111.9,10,10
confianza_5090,gtc2pc4,repeticiones emparejadas,ollama,ollama,26b_06b_np4,01,gemma4:26b,embed,docs_rag_qwen3_06b,2026-07-31 21:59:46,confianza_5090/ollama/26b_06b_np4/run_01/sweep.json,15,51783,507450,37282.2,27986.866666666665,11.073333333333332,113.4,15,15
confianza_5090,gtc2pc4,repeticiones emparejadas,ollama,ollama,26b_06b_np4,01,gemma4:26b,embed,docs_rag_qwen3_06b,2026-07-31 21:59:46,confianza_5090/ollama/26b_06b_np4/run_01/sweep.json,20,69149,857423,46328.6,37014,9.025,113.9,20,20
confianza_5090,gtc2pc4,repeticiones emparejadas,ollama,ollama,26b_06b_np4,01,gemma4:26b,embed,docs_rag_qwen3_06b,2026-07-31 21:59:46,confianza_5090/ollama/26b_06b_np4/run_01/sweep.json,25,81425,1300160,55263.4,46576.4,6.596,104.9,25,25
confianza_5090,gtc2pc4,repeticiones emparejadas,ollama,ollama,26b_06b_np4,05,gemma4:26b,embed,docs_rag_qwen3_06b,2026-07-31 22:28:03,confianza_5090/ollama/26b_06b_np4/run_05/sweep.json,1,5156,0,5156,4050,21.3,21.3,1,1
confianza_5090,gtc2pc4,repeticiones emparejadas,ollama,ollama,26b_06b_np4,05,gemma4:26b,embed,docs_rag_qwen3_06b,2026-07-31 22:28:03,confianza_5090/ollama/26b_06b_np4/run_05/sweep.json,5,15742,49808,13110,8596.6,16.8,73.3,5,5
confianza_5090,gtc2pc4,repeticiones emparejadas,ollama,ollama,26b_06b_np4,05,gemma4:26b,embed,docs_rag_qwen3_06b,2026-07-31 22:28:03,confianza_5090/ollama/26b_06b_np4/run_05/sweep.json,10,29077,204243,23332,16536.4,10.14,81.3,10,10
confianza_5090,gtc2pc4,repeticiones emparejadas,ollama,ollama,26b_06b_np4,05,gemma4:26b,embed,docs_rag_qwen3_06b,2026-07-31 22:28:03,confianza_5090/ollama/26b_06b_np4/run_05/sweep.json,15,47237,451124,33224.066666666666,25507.666666666668,8.24,88.6,15,15
confianza_5090,gtc2pc4,repeticiones emparejadas,ollama,ollama,26b_06b_np4,05,gemma4:26b,embed,docs_rag_qwen3_06b,2026-07-31 22:28:03,confianza_5090/ollama/26b_06b_np4/run_05/sweep.json,20,61178,810435,43580.65,35889.4,6.83,91.2,20,20
confianza_5090,gtc2pc4,repeticiones emparejadas,ollama,ollama,26b_06b_np4,05,gemma4:26b,embed,docs_rag_qwen3_06b,2026-07-31 22:28:03,confianza_5090/ollama/26b_06b_np4/run_05/sweep.json,25,73781,1240356,52565.48,44973.68,5.692,93.1,25,25
confianza_5090,gtc2pc4,repeticiones emparejadas,ollama,ollama,26b_06b_np4,07,gemma4:26b,embed,docs_rag_qwen3_06b,2026-07-31 22:36:39,confianza_5090/ollama/26b_06b_np4/run_07/sweep.json,1,9032,0,9032,3901,83.2,83.1,1,1
confianza_5090,gtc2pc4,repeticiones emparejadas,ollama,ollama,26b_06b_np4,07,gemma4:26b,embed,docs_rag_qwen3_06b,2026-07-31 22:36:39,confianza_5090/ollama/26b_06b_np4/run_07/sweep.json,5,17531,49591,13424.4,7256.2,21.42,92.4,5,5
confianza_5090,gtc2pc4,repeticiones emparejadas,ollama,ollama,26b_06b_np4,07,gemma4:26b,embed,docs_rag_qwen3_06b,2026-07-31 22:36:39,confianza_5090/ollama/26b_06b_np4/run_07/sweep.json,10,32660,229343,26200.3,18734.9,12.559999999999999,97.1,10,10
confianza_5090,gtc2pc4,repeticiones emparejadas,ollama,ollama,26b_06b_np4,07,gemma4:26b,embed,docs_rag_qwen3_06b,2026-07-31 22:36:39,confianza_5090/ollama/26b_06b_np4/run_07/sweep.json,15,49576,477829,35160.333333333336,26911.533333333333,9.46,100.3,15,15
confianza_5090,gtc2pc4,repeticiones emparejadas,ollama,ollama,26b_06b_np4,07,gemma4:26b,embed,docs_rag_qwen3_06b,2026-07-31 22:36:39,confianza_5090/ollama/26b_06b_np4/run_07/sweep.json,20,64408,838640,45152.4,36761.95,7.84,103.3,20,20
confianza_5090,gtc2pc4,repeticiones emparejadas,ollama,ollama,26b_06b_np4,07,gemma4:26b,embed,docs_rag_qwen3_06b,2026-07-31 22:36:39,confianza_5090/ollama/26b_06b_np4/run_07/sweep.json,25,76726,1226073,52111.96,44320.12,5.82,96.4,25,25
confianza_5090,gtc2pc4,repeticiones emparejadas,ollama,ollama,26b_06b_np4,06,gemma4:26b,embed,docs_rag_qwen3_06b,2026-07-31 22:32:20,confianza_5090/ollama/26b_06b_np4/run_06/sweep.json,1,4130,0,4130,3543,12.8,12.8,1,1
confianza_5090,gtc2pc4,repeticiones emparejadas,ollama,ollama,26b_06b_np4,06,gemma4:26b,embed,docs_rag_qwen3_06b,2026-07-31 22:32:20,confianza_5090/ollama/26b_06b_np4/run_06/sweep.json,5,17321,57360,14936.2,8525.4,17.939999999999998,82.9,5,5
confianza_5090,gtc2pc4,repeticiones emparejadas,ollama,ollama,26b_06b_np4,06,gemma4:26b,embed,docs_rag_qwen3_06b,2026-07-31 22:32:20,confianza_5090/ollama/26b_06b_np4/run_06/sweep.json,10,31007,199494,23050.1,16398,10.45,82.4,10,10
confianza_5090,gtc2pc4,repeticiones emparejadas,ollama,ollama,26b_06b_np4,06,gemma4:26b,embed,docs_rag_qwen3_06b,2026-07-31 22:32:20,confianza_5090/ollama/26b_06b_np4/run_06/sweep.json,15,42319,433017,31689.066666666666,25196,7.506666666666667,81.9,15,15
confianza_5090,gtc2pc4,repeticiones emparejadas,ollama,ollama,26b_06b_np4,06,gemma4:26b,embed,docs_rag_qwen3_06b,2026-07-31 22:32:20,confianza_5090/ollama/26b_06b_np4/run_06/sweep.json,20,61421,841248,45133.45,37304.35,6.915,91.0,20,20
confianza_5090,gtc2pc4,repeticiones emparejadas,ollama,ollama,26b_06b_np4,06,gemma4:26b,embed,docs_rag_qwen3_06b,2026-07-31 22:32:20,confianza_5090/ollama/26b_06b_np4/run_06/sweep.json,25,78926,1237035,52638.44,44262.44,6.0,97.0,25,25
confianza_5090,gtc2pc4,repeticiones emparejadas,ollama,ollama,26b_06b_np4,10,gemma4:26b,embed,docs_rag_qwen3_06b,2026-07-31 22:58:54,confianza_5090/ollama/26b_06b_np4/run_10/sweep.json,1,6021,0,6021,4023,41.9,41.9,1,1
confianza_5090,gtc2pc4,repeticiones emparejadas,ollama,ollama,26b_06b_np4,10,gemma4:26b,embed,docs_rag_qwen3_06b,2026-07-31 22:58:54,confianza_5090/ollama/26b_06b_np4/run_10/sweep.json,5,13168,46122,11858,7085.6,16.5,77.5,5,5
confianza_5090,gtc2pc4,repeticiones emparejadas,ollama,ollama,26b_06b_np4,10,gemma4:26b,embed,docs_rag_qwen3_06b,2026-07-31 22:58:54,confianza_5090/ollama/26b_06b_np4/run_10/sweep.json,10,30128,205306,23543.4,17244.8,10.91,83.3,10,10
confianza_5090,gtc2pc4,repeticiones emparejadas,ollama,ollama,26b_06b_np4,10,gemma4:26b,embed,docs_rag_qwen3_06b,2026-07-31 22:58:54,confianza_5090/ollama/26b_06b_np4/run_10/sweep.json,15,48256,508446,37113.46666666667,28716.266666666666,9.5,99.5,15,15
confianza_5090,gtc2pc4,repeticiones emparejadas,ollama,ollama,26b_06b_np4,10,gemma4:26b,embed,docs_rag_qwen3_06b,2026-07-31 22:58:54,confianza_5090/ollama/26b_06b_np4/run_10/sweep.json,20,63662,848386,45602.4,37253.35,7.63,100.7,20,20
confianza_5090,gtc2pc4,repeticiones emparejadas,ollama,ollama,26b_06b_np4,10,gemma4:26b,embed,docs_rag_qwen3_06b,2026-07-31 22:58:54,confianza_5090/ollama/26b_06b_np4/run_10/sweep.json,25,82060,1318794,56034.16,47420.16,6.44,101.0,25,25
confianza_5090,gtc2pc4,repeticiones emparejadas,ollama,ollama,26b_06b_np4,09,gemma4:26b,embed,docs_rag_qwen3_06b,2026-07-31 22:47:22,confianza_5090/ollama/26b_06b_np4/run_09/sweep.json,1,8134,0,8134,4498,56.9,56.9,1,1
confianza_5090,gtc2pc4,repeticiones emparejadas,ollama,ollama,26b_06b_np4,09,gemma4:26b,embed,docs_rag_qwen3_06b,2026-07-31 22:47:22,confianza_5090/ollama/26b_06b_np4/run_09/sweep.json,5,16464,53412,13975.2,8070.6,18.6,83.2,5,5
confianza_5090,gtc2pc4,repeticiones emparejadas,ollama,ollama,26b_06b_np4,09,gemma4:26b,embed,docs_rag_qwen3_06b,2026-07-31 22:47:22,confianza_5090/ollama/26b_06b_np4/run_09/sweep.json,10,186952,214354,40130.6,15927,11.73,14.9,10,10
confianza_5090,gtc2pc4,repeticiones emparejadas,ollama,ollama,26b_06b_np4,09,gemma4:26b,embed,docs_rag_qwen3_06b,2026-07-31 22:47:22,confianza_5090/ollama/26b_06b_np4/run_09/sweep.json,15,192470,454169,43109.26666666667,24495.214285714286,8.313333333333333,20.6,15,15
confianza_5090,gtc2pc4,repeticiones emparejadas,ollama,ollama,26b_06b_np4,09,gemma4:26b,embed,docs_rag_qwen3_06b,2026-07-31 22:47:22,confianza_5090/ollama/26b_06b_np4/run_09/sweep.json,20,62069,841871,45197,37505.3,7.16,94.5,20,20
confianza_5090,gtc2pc4,repeticiones emparejadas,ollama,ollama,26b_06b_np4,09,gemma4:26b,embed,docs_rag_qwen3_06b,2026-07-31 22:47:22,confianza_5090/ollama/26b_06b_np4/run_09/sweep.json,25,201668,1223369,57001.48,43054.041666666664,5.9,34.6,25,25
confianza_5090,gtc2pc4,repeticiones emparejadas,ollama,ollama,26b_06b_np4,08,gemma4:26b,embed,docs_rag_qwen3_06b,2026-07-31 22:41:13,confianza_5090/ollama/26b_06b_np4/run_08/sweep.json,1,6532,0,6532,3734,55.1,55.1,1,1
confianza_5090,gtc2pc4,repeticiones emparejadas,ollama,ollama,26b_06b_np4,08,gemma4:26b,embed,docs_rag_qwen3_06b,2026-07-31 22:41:13,confianza_5090/ollama/26b_06b_np4/run_08/sweep.json,5,17449,61816,15853,8851.2,20.58,93.5,5,5
confianza_5090,gtc2pc4,repeticiones emparejadas,ollama,ollama,26b_06b_np4,08,gemma4:26b,embed,docs_rag_qwen3_06b,2026-07-31 22:41:13,confianza_5090/ollama/26b_06b_np4/run_08/sweep.json,10,29955,204563,23451.8,16862.9,11.51,88.8,10,10
confianza_5090,gtc2pc4,repeticiones emparejadas,ollama,ollama,26b_06b_np4,08,gemma4:26b,embed,docs_rag_qwen3_06b,2026-07-31 22:41:13,confianza_5090/ollama/26b_06b_np4/run_08/sweep.json,15,45401,432958,31890.6,24564.6,8.82,91.6,15,15
confianza_5090,gtc2pc4,repeticiones emparejadas,ollama,ollama,26b_06b_np4,08,gemma4:26b,embed,docs_rag_qwen3_06b,2026-07-31 22:41:13,confianza_5090/ollama/26b_06b_np4/run_08/sweep.json,20,60604,831419,44601.15,36833.55,6.93,93.0,20,20
confianza_5090,gtc2pc4,repeticiones emparejadas,ollama,ollama,26b_06b_np4,08,gemma4:26b,embed,docs_rag_qwen3_06b,2026-07-31 22:41:13,confianza_5090/ollama/26b_06b_np4/run_08/sweep.json,25,184502,1219595,56163.88,43120.666666666664,5.524,36.1,25,25
confianza_5090,gtc2pc4,repeticiones emparejadas,ollama,ollama,26b_06b_np4,03,gemma4:26b,embed,docs_rag_qwen3_06b,2026-07-31 22:10:44,confianza_5090/ollama/26b_06b_np4/run_03/sweep.json,1,5985,0,5985,3194,68.5,68.5,1,1
confianza_5090,gtc2pc4,repeticiones emparejadas,ollama,ollama,26b_06b_np4,03,gemma4:26b,embed,docs_rag_qwen3_06b,2026-07-31 22:10:44,confianza_5090/ollama/26b_06b_np4/run_03/sweep.json,5,18590,67790,17276,8740.4,23.66,108.0,5,5
confianza_5090,gtc2pc4,repeticiones emparejadas,ollama,ollama,26b_06b_np4,03,gemma4:26b,embed,docs_rag_qwen3_06b,2026-07-31 22:10:44,confianza_5090/ollama/26b_06b_np4/run_03/sweep.json,10,40190,232066,27225.6,19193.7,13.78,86.0,10,10
confianza_5090,gtc2pc4,repeticiones emparejadas,ollama,ollama,26b_06b_np4,03,gemma4:26b,embed,docs_rag_qwen3_06b,2026-07-31 22:10:44,confianza_5090/ollama/26b_06b_np4/run_03/sweep.json,15,199085,680414,58633.26666666667,29819.76923076923,7.486666666666666,20.8,15,15
confianza_5090,gtc2pc4,repeticiones emparejadas,ollama,ollama,26b_06b_np4,03,gemma4:26b,embed,docs_rag_qwen3_06b,2026-07-31 22:10:44,confianza_5090/ollama/26b_06b_np4/run_03/sweep.json,20,184373,867704,52603.85,37088.63157894737,7.8950000000000005,34.6,20,20
confianza_5090,gtc2pc4,repeticiones emparejadas,ollama,ollama,26b_06b_np4,03,gemma4:26b,embed,docs_rag_qwen3_06b,2026-07-31 22:10:44,confianza_5090/ollama/26b_06b_np4/run_03/sweep.json,25,197308,1249241,57861.96,43294.875,6.9799999999999995,42.3,25,25
confianza_5090,gtc2pc4,repeticiones emparejadas,ollama,ollama,26b_06b_np4,02,gemma4:26b,embed,docs_rag_qwen3_06b,2026-07-31 22:04:33,confianza_5090/ollama/26b_06b_np4/run_02/sweep.json,1,4411,0,4411,3638,12.9,12.9,1,1
confianza_5090,gtc2pc4,repeticiones emparejadas,ollama,ollama,26b_06b_np4,02,gemma4:26b,embed,docs_rag_qwen3_06b,2026-07-31 22:04:33,confianza_5090/ollama/26b_06b_np4/run_02/sweep.json,5,14175,51061,13047.2,8440.8,14.5,69.1,5,5
confianza_5090,gtc2pc4,repeticiones emparejadas,ollama,ollama,26b_06b_np4,02,gemma4:26b,embed,docs_rag_qwen3_06b,2026-07-31 22:04:33,confianza_5090/ollama/26b_06b_np4/run_02/sweep.json,10,28529,188354,21688.3,15851.2,10.84,82.7,10,10
confianza_5090,gtc2pc4,repeticiones emparejadas,ollama,ollama,26b_06b_np4,02,gemma4:26b,embed,docs_rag_qwen3_06b,2026-07-31 22:04:33,confianza_5090/ollama/26b_06b_np4/run_02/sweep.json,15,43113,448076,32745.933333333334,26118.333333333332,7.92,84.4,15,15
confianza_5090,gtc2pc4,repeticiones emparejadas,ollama,ollama,26b_06b_np4,02,gemma4:26b,embed,docs_rag_qwen3_06b,2026-07-31 22:04:33,confianza_5090/ollama/26b_06b_np4/run_02/sweep.json,20,184115,749621,46686.8,32191.052631578947,6.935,28.1,20,20
confianza_5090,gtc2pc4,repeticiones emparejadas,ollama,ollama,26b_06b_np4,02,gemma4:26b,embed,docs_rag_qwen3_06b,2026-07-31 22:04:33,confianza_5090/ollama/26b_06b_np4/run_02/sweep.json,25,71759,1158722,49219.24,42032.8,5.732,91.9,25,25
confianza_5090,gtc2pc4,repeticiones emparejadas,ollama,ollama,12b_06b_np8,04,gemma4:12b,embed,docs_rag_qwen3_06b,2026-08-01 02:47:56,confianza_5090/ollama/12b_06b_np8/run_04/sweep.json,1,5912,0,5912,4779,14.0,14.0,1,1
confianza_5090,gtc2pc4,repeticiones emparejadas,ollama,ollama,12b_06b_np8,04,gemma4:12b,embed,docs_rag_qwen3_06b,2026-08-01 02:47:56,confianza_5090/ollama/12b_06b_np8/run_04/sweep.json,5,28823,84395,22643.6,10617.2,15.780000000000001,67.5,5,5
confianza_5090,gtc2pc4,repeticiones emparejadas,ollama,ollama,12b_06b_np8,04,gemma4:12b,embed,docs_rag_qwen3_06b,2026-08-01 02:47:56,confianza_5090/ollama/12b_06b_np8/run_04/sweep.json,10,48237,355350,40358.7,20351.7,9.2,78.8,10,10
confianza_5090,gtc2pc4,repeticiones emparejadas,ollama,ollama,12b_06b_np8,04,gemma4:12b,embed,docs_rag_qwen3_06b,2026-08-01 02:47:56,confianza_5090/ollama/12b_06b_np8/run_04/sweep.json,15,74279,797577,58123.73333333333,37411.8,5.293333333333333,65.5,15,15
confianza_5090,gtc2pc4,repeticiones emparejadas,ollama,ollama,12b_06b_np8,04,gemma4:12b,embed,docs_rag_qwen3_06b,2026-08-01 02:47:56,confianza_5090/ollama/12b_06b_np8/run_04/sweep.json,20,93272,1321983,70762.75,48093.5,4.865,73.2,20,20
confianza_5090,gtc2pc4,repeticiones emparejadas,ollama,ollama,12b_06b_np8,04,gemma4:12b,embed,docs_rag_qwen3_06b,2026-08-01 02:47:56,confianza_5090/ollama/12b_06b_np8/run_04/sweep.json,25,115418,1954981,82815.96,60741.16,4.0,70.6,25,25
confianza_5090,gtc2pc4,repeticiones emparejadas,ollama,ollama,12b_06b_np8,01,gemma4:12b,embed,docs_rag_qwen3_06b,2026-08-01 02:28:07,confianza_5090/ollama/12b_06b_np8/run_01/sweep.json,1,7366,0,7366,4189,43.4,43.4,1,1
confianza_5090,gtc2pc4,repeticiones emparejadas,ollama,ollama,12b_06b_np8,01,gemma4:12b,embed,docs_rag_qwen3_06b,2026-08-01 02:28:07,confianza_5090/ollama/12b_06b_np8/run_01/sweep.json,5,25161,95972,24226.6,11268.6,12.44,60.0,5,5
confianza_5090,gtc2pc4,repeticiones emparejadas,ollama,ollama,12b_06b_np8,01,gemma4:12b,embed,docs_rag_qwen3_06b,2026-08-01 02:28:07,confianza_5090/ollama/12b_06b_np8/run_01/sweep.json,10,44974,336442,38141.6,19893.5,9.67,83.2,10,10
confianza_5090,gtc2pc4,repeticiones emparejadas,ollama,ollama,12b_06b_np8,01,gemma4:12b,embed,docs_rag_qwen3_06b,2026-08-01 02:28:07,confianza_5090/ollama/12b_06b_np8/run_01/sweep.json,15,75323,831514,60455.8,37548.73333333333,6.92,82.4,15,15
confianza_5090,gtc2pc4,repeticiones emparejadas,ollama,ollama,12b_06b_np8,01,gemma4:12b,embed,docs_rag_qwen3_06b,2026-08-01 02:28:07,confianza_5090/ollama/12b_06b_np8/run_01/sweep.json,20,96796,1401782,74928.9,51216.8,5.465,81.9,20,20
confianza_5090,gtc2pc4,repeticiones emparejadas,ollama,ollama,12b_06b_np8,01,gemma4:12b,embed,docs_rag_qwen3_06b,2026-08-01 02:28:07,confianza_5090/ollama/12b_06b_np8/run_01/sweep.json,25,119362,2166722,91443.36,68318.52,4.22,76.6,25,25
confianza_5090,gtc2pc4,repeticiones emparejadas,ollama,ollama,12b_06b_np8,05,gemma4:12b,embed,docs_rag_qwen3_06b,2026-08-01 02:54:27,confianza_5090/ollama/12b_06b_np8/run_05/sweep.json,1,6912,0,6912,5376,18.2,18.2,1,1
confianza_5090,gtc2pc4,repeticiones emparejadas,ollama,ollama,12b_06b_np8,05,gemma4:12b,embed,docs_rag_qwen3_06b,2026-08-01 02:54:27,confianza_5090/ollama/12b_06b_np8/run_05/sweep.json,5,23041,78744,20357,11770,11.78,53.9,5,5
confianza_5090,gtc2pc4,repeticiones emparejadas,ollama,ollama,12b_06b_np8,05,gemma4:12b,embed,docs_rag_qwen3_06b,2026-08-01 02:54:27,confianza_5090/ollama/12b_06b_np8/run_05/sweep.json,10,44465,334830,37929.5,20099.1,7.12,62.7,10,10
confianza_5090,gtc2pc4,repeticiones emparejadas,ollama,ollama,12b_06b_np8,05,gemma4:12b,embed,docs_rag_qwen3_06b,2026-08-01 02:54:27,confianza_5090/ollama/12b_06b_np8/run_05/sweep.json,15,73370,809736,58873.73333333333,38507.4,5.24,64.4,15,15
confianza_5090,gtc2pc4,repeticiones emparejadas,ollama,ollama,12b_06b_np8,05,gemma4:12b,embed,docs_rag_qwen3_06b,2026-08-01 02:54:27,confianza_5090/ollama/12b_06b_np8/run_05/sweep.json,20,94540,1387688,74111.4,51784.85,4.6450000000000005,70.6,20,20
confianza_5090,gtc2pc4,repeticiones emparejadas,ollama,ollama,12b_06b_np8,05,gemma4:12b,embed,docs_rag_qwen3_06b,2026-08-01 02:54:27,confianza_5090/ollama/12b_06b_np8/run_05/sweep.json,25,121595,2141158,90510.12,67624.04,3.764,69.7,25,25
confianza_5090,gtc2pc4,repeticiones emparejadas,ollama,ollama,12b_06b_np8,07,gemma4:12b,embed,docs_rag_qwen3_06b,2026-08-01 03:07:39,confianza_5090/ollama/12b_06b_np8/run_07/sweep.json,1,8282,-1,8281,4890,40.6,40.6,1,1
confianza_5090,gtc2pc4,repeticiones emparejadas,ollama,ollama,12b_06b_np8,07,gemma4:12b,embed,docs_rag_qwen3_06b,2026-08-01 03:07:39,confianza_5090/ollama/12b_06b_np8/run_07/sweep.json,5,26770,87167,22787.4,10330.6,12.4,58.3,5,5
confianza_5090,gtc2pc4,repeticiones emparejadas,ollama,ollama,12b_06b_np8,07,gemma4:12b,embed,docs_rag_qwen3_06b,2026-08-01 03:07:39,confianza_5090/ollama/12b_06b_np8/run_07/sweep.json,10,41821,304472,34629.3,18215.7,7.94,70.8,10,10
confianza_5090,gtc2pc4,repeticiones emparejadas,ollama,ollama,12b_06b_np8,07,gemma4:12b,embed,docs_rag_qwen3_06b,2026-08-01 03:07:39,confianza_5090/ollama/12b_06b_np8/run_07/sweep.json,15,74640,839852,60966.13333333333,40394.13333333333,5.026666666666666,62.7,15,15
confianza_5090,gtc2pc4,repeticiones emparejadas,ollama,ollama,12b_06b_np8,07,gemma4:12b,embed,docs_rag_qwen3_06b,2026-08-01 03:07:39,confianza_5090/ollama/12b_06b_np8/run_07/sweep.json,20,102996,1517028,81001.2,56379.25,4.63,72.7,20,20
confianza_5090,gtc2pc4,repeticiones emparejadas,ollama,ollama,12b_06b_np8,07,gemma4:12b,embed,docs_rag_qwen3_06b,2026-08-01 03:07:39,confianza_5090/ollama/12b_06b_np8/run_07/sweep.json,25,122771,2149063,90873.36,67930.44,3.868,71.0,25,25
confianza_5090,gtc2pc4,repeticiones emparejadas,ollama,ollama,12b_06b_np8,06,gemma4:12b,embed,docs_rag_qwen3_06b,2026-08-01 03:00:56,confianza_5090/ollama/12b_06b_np8/run_06/sweep.json,1,4670,0,4670,4257,3.9,3.9,1,1
confianza_5090,gtc2pc4,repeticiones emparejadas,ollama,ollama,12b_06b_np8,06,gemma4:12b,embed,docs_rag_qwen3_06b,2026-08-01 03:00:56,confianza_5090/ollama/12b_06b_np8/run_06/sweep.json,5,28351,92658,24201.8,11606.2,11.780000000000001,55.4,5,5
confianza_5090,gtc2pc4,repeticiones emparejadas,ollama,ollama,12b_06b_np8,06,gemma4:12b,embed,docs_rag_qwen3_06b,2026-08-01 03:00:56,confianza_5090/ollama/12b_06b_np8/run_06/sweep.json,10,44856,332165,37702.1,20150.5,7.17,66.2,10,10
confianza_5090,gtc2pc4,repeticiones emparejadas,ollama,ollama,12b_06b_np8,06,gemma4:12b,embed,docs_rag_qwen3_06b,2026-08-01 03:00:56,confianza_5090/ollama/12b_06b_np8/run_06/sweep.json,15,75789,802835,58574.933333333334,38530.333333333336,4.573333333333333,57.4,15,15
confianza_5090,gtc2pc4,repeticiones emparejadas,ollama,ollama,12b_06b_np8,06,gemma4:12b,embed,docs_rag_qwen3_06b,2026-08-01 03:00:56,confianza_5090/ollama/12b_06b_np8/run_06/sweep.json,20,100390,1434841,76761.55,54659.5,3.925,64.1,20,20
confianza_5090,gtc2pc4,repeticiones emparejadas,ollama,ollama,12b_06b_np8,06,gemma4:12b,embed,docs_rag_qwen3_06b,2026-08-01 03:00:56,confianza_5090/ollama/12b_06b_np8/run_06/sweep.json,25,124395,2157974,91294.76,68548.64,3.536,65.7,25,25
confianza_5090,gtc2pc4,repeticiones emparejadas,ollama,ollama,12b_06b_np8,10,gemma4:12b,embed,docs_rag_qwen3_06b,2026-08-01 03:27:17,confianza_5090/ollama/12b_06b_np8/run_10/sweep.json,1,8922,-1,8921,5321,37.0,37.0,1,1
confianza_5090,gtc2pc4,repeticiones emparejadas,ollama,ollama,12b_06b_np8,10,gemma4:12b,embed,docs_rag_qwen3_06b,2026-08-01 03:27:17,confianza_5090/ollama/12b_06b_np8/run_10/sweep.json,5,22310,74911,19444.2,10683,9.879999999999999,46.8,5,5
confianza_5090,gtc2pc4,repeticiones emparejadas,ollama,ollama,12b_06b_np8,10,gemma4:12b,embed,docs_rag_qwen3_06b,2026-08-01 03:27:17,confianza_5090/ollama/12b_06b_np8/run_10/sweep.json,10,43549,328568,37211.7,20499.8,6.86,62.2,10,10
confianza_5090,gtc2pc4,repeticiones emparejadas,ollama,ollama,12b_06b_np8,10,gemma4:12b,embed,docs_rag_qwen3_06b,2026-08-01 03:27:17,confianza_5090/ollama/12b_06b_np8/run_10/sweep.json,15,74479,791425,57726.933333333334,35782.86666666667,5.626666666666667,68.6,15,15
confianza_5090,gtc2pc4,repeticiones emparejadas,ollama,ollama,12b_06b_np8,10,gemma4:12b,embed,docs_rag_qwen3_06b,2026-08-01 03:27:17,confianza_5090/ollama/12b_06b_np8/run_10/sweep.json,20,96658,1346335,72149.65,48665.95,4.74,72.2,20,20
confianza_5090,gtc2pc4,repeticiones emparejadas,ollama,ollama,12b_06b_np8,10,gemma4:12b,embed,docs_rag_qwen3_06b,2026-08-01 03:27:17,confianza_5090/ollama/12b_06b_np8/run_10/sweep.json,25,122265,2078694,88038.36,63798.68,4.152,74.7,25,25
confianza_5090,gtc2pc4,repeticiones emparejadas,ollama,ollama,12b_06b_np8,09,gemma4:12b,embed,docs_rag_qwen3_06b,2026-08-01 03:20:49,confianza_5090/ollama/12b_06b_np8/run_09/sweep.json,1,10650,0,10650,5220,45.2,45.2,1,1
confianza_5090,gtc2pc4,repeticiones emparejadas,ollama,ollama,12b_06b_np8,09,gemma4:12b,embed,docs_rag_qwen3_06b,2026-08-01 03:20:49,confianza_5090/ollama/12b_06b_np8/run_09/sweep.json,5,29232,96982,25242.8,12078,12.28,56.0,5,5
confianza_5090,gtc2pc4,repeticiones emparejadas,ollama,ollama,12b_06b_np8,09,gemma4:12b,embed,docs_rag_qwen3_06b,2026-08-01 03:20:49,confianza_5090/ollama/12b_06b_np8/run_09/sweep.json,10,44163,354684,39884.7,21058.5,7.82,72.1,10,10
confianza_5090,gtc2pc4,repeticiones emparejadas,ollama,ollama,12b_06b_np8,09,gemma4:12b,embed,docs_rag_qwen3_06b,2026-08-01 03:20:49,confianza_5090/ollama/12b_06b_np8/run_09/sweep.json,15,70700,799812,58034.13333333333,37307.666666666664,4.993333333333333,63.9,15,15
confianza_5090,gtc2pc4,repeticiones emparejadas,ollama,ollama,12b_06b_np8,09,gemma4:12b,embed,docs_rag_qwen3_06b,2026-08-01 03:20:49,confianza_5090/ollama/12b_06b_np8/run_09/sweep.json,20,94996,1397368,74618.2,52781.15,4.18,65.0,20,20
confianza_5090,gtc2pc4,repeticiones emparejadas,ollama,ollama,12b_06b_np8,09,gemma4:12b,embed,docs_rag_qwen3_06b,2026-08-01 03:20:49,confianza_5090/ollama/12b_06b_np8/run_09/sweep.json,25,113778,1982241,83840.76,63077.48,3.364,62.3,25,25
confianza_5090,gtc2pc4,repeticiones emparejadas,ollama,ollama,12b_06b_np8,08,gemma4:12b,embed,docs_rag_qwen3_06b,2026-08-01 03:14:21,confianza_5090/ollama/12b_06b_np8/run_08/sweep.json,1,8620,0,8620,4738,38.1,38.1,1,1
confianza_5090,gtc2pc4,repeticiones emparejadas,ollama,ollama,12b_06b_np8,08,gemma4:12b,embed,docs_rag_qwen3_06b,2026-08-01 03:14:21,confianza_5090/ollama/12b_06b_np8/run_08/sweep.json,5,24507,86016,22104.6,11442,12.6,58.1,5,5
confianza_5090,gtc2pc4,repeticiones emparejadas,ollama,ollama,12b_06b_np8,08,gemma4:12b,embed,docs_rag_qwen3_06b,2026-08-01 03:14:21,confianza_5090/ollama/12b_06b_np8/run_08/sweep.json,10,42277,328501,37077.8,20971.5,6.96,63.5,10,10
confianza_5090,gtc2pc4,repeticiones emparejadas,ollama,ollama,12b_06b_np8,08,gemma4:12b,embed,docs_rag_qwen3_06b,2026-08-01 03:14:21,confianza_5090/ollama/12b_06b_np8/run_08/sweep.json,15,78579,822859,60095.86666666667,39276.066666666666,5.02,58.7,15,15
confianza_5090,gtc2pc4,repeticiones emparejadas,ollama,ollama,12b_06b_np8,08,gemma4:12b,embed,docs_rag_qwen3_06b,2026-08-01 03:14:21,confianza_5090/ollama/12b_06b_np8/run_08/sweep.json,20,94773,1342920,71884.65,51672,3.88,61.2,20,20
confianza_5090,gtc2pc4,repeticiones emparejadas,ollama,ollama,12b_06b_np8,08,gemma4:12b,embed,docs_rag_qwen3_06b,2026-08-01 03:14:21,confianza_5090/ollama/12b_06b_np8/run_08/sweep.json,25,113610,2012996,85064.24,62857.4,3.936,72.4,25,25
confianza_5090,gtc2pc4,repeticiones emparejadas,ollama,ollama,12b_06b_np8,03,gemma4:12b,embed,docs_rag_qwen3_06b,2026-08-01 02:40:58,confianza_5090/ollama/12b_06b_np8/run_03/sweep.json,1,10192,0,10192,5099,48.5,48.5,1,1
confianza_5090,gtc2pc4,repeticiones emparejadas,ollama,ollama,12b_06b_np8,03,gemma4:12b,embed,docs_rag_qwen3_06b,2026-08-01 02:40:58,confianza_5090/ollama/12b_06b_np8/run_03/sweep.json,5,30514,102337,26570.2,11235.8,16.560000000000002,73.7,5,5
confianza_5090,gtc2pc4,repeticiones emparejadas,ollama,ollama,12b_06b_np8,03,gemma4:12b,embed,docs_rag_qwen3_06b,2026-08-01 02:40:58,confianza_5090/ollama/12b_06b_np8/run_03/sweep.json,10,52118,392133,44425.1,20711.2,9.450000000000001,80.7,10,10
confianza_5090,gtc2pc4,repeticiones emparejadas,ollama,ollama,12b_06b_np8,03,gemma4:12b,embed,docs_rag_qwen3_06b,2026-08-01 02:40:58,confianza_5090/ollama/12b_06b_np8/run_03/sweep.json,15,80066,859220,62619.066666666666,37857.933333333334,6.6466666666666665,78.4,15,15
confianza_5090,gtc2pc4,repeticiones emparejadas,ollama,ollama,12b_06b_np8,03,gemma4:12b,embed,docs_rag_qwen3_06b,2026-08-01 02:40:58,confianza_5090/ollama/12b_06b_np8/run_03/sweep.json,20,97060,1396561,74681.05,51277.25,5.065,76.1,20,20
confianza_5090,gtc2pc4,repeticiones emparejadas,ollama,ollama,12b_06b_np8,03,gemma4:12b,embed,docs_rag_qwen3_06b,2026-08-01 02:40:58,confianza_5090/ollama/12b_06b_np8/run_03/sweep.json,25,123756,2046209,86798.6,62052.2,4.62,79.4,25,25
confianza_5090,gtc2pc4,repeticiones emparejadas,ollama,ollama,12b_06b_np8,02,gemma4:12b,embed,docs_rag_qwen3_06b,2026-08-01 02:34:41,confianza_5090/ollama/12b_06b_np8/run_02/sweep.json,1,5625,0,5625,4653,8.5,8.5,1,1
confianza_5090,gtc2pc4,repeticiones emparejadas,ollama,ollama,12b_06b_np8,02,gemma4:12b,embed,docs_rag_qwen3_06b,2026-08-01 02:34:41,confianza_5090/ollama/12b_06b_np8/run_02/sweep.json,5,24534,82936,21494,12360.6,11.32,52.3,5,5
confianza_5090,gtc2pc4,repeticiones emparejadas,ollama,ollama,12b_06b_np8,02,gemma4:12b,embed,docs_rag_qwen3_06b,2026-08-01 02:34:41,confianza_5090/ollama/12b_06b_np8/run_02/sweep.json,10,44630,333403,37803.3,19629.1,7.45,65.4,10,10
confianza_5090,gtc2pc4,repeticiones emparejadas,ollama,ollama,12b_06b_np8,02,gemma4:12b,embed,docs_rag_qwen3_06b,2026-08-01 02:34:41,confianza_5090/ollama/12b_06b_np8/run_02/sweep.json,15,71453,779187,56709.333333333336,36778.6,5.286666666666667,64.6,15,15
confianza_5090,gtc2pc4,repeticiones emparejadas,ollama,ollama,12b_06b_np8,02,gemma4:12b,embed,docs_rag_qwen3_06b,2026-08-01 02:34:41,confianza_5090/ollama/12b_06b_np8/run_02/sweep.json,20,92283,1353116,72269.95,50685.35,4.615,72.2,20,20
confianza_5090,gtc2pc4,repeticiones emparejadas,ollama,ollama,12b_06b_np8,02,gemma4:12b,embed,docs_rag_qwen3_06b,2026-08-01 02:34:41,confianza_5090/ollama/12b_06b_np8/run_02/sweep.json,25,113704,2004891,84743.8,63608.68,3.588,66.4,25,25
confianza_5090,gtc2pc4,repeticiones emparejadas,ollama,ollama,12b_06b_np4,04,gemma4:12b,embed,docs_rag_qwen3_06b,2026-07-27 19:25:27,confianza_5090/ollama/12b_06b_np4/run_04/sweep.json,1,6134,-1,6133,4906,13.5,13.5,1,1
confianza_5090,gtc2pc4,repeticiones emparejadas,ollama,ollama,12b_06b_np4,04,gemma4:12b,embed,docs_rag_qwen3_06b,2026-07-27 19:25:27,confianza_5090/ollama/12b_06b_np4/run_04/sweep.json,5,22478,69868,18469.2,9821.8,18.16,76.8,5,5
confianza_5090,gtc2pc4,repeticiones emparejadas,ollama,ollama,12b_06b_np4,04,gemma4:12b,embed,docs_rag_qwen3_06b,2026-07-27 19:25:27,confianza_5090/ollama/12b_06b_np4/run_04/sweep.json,10,45960,294691,34065.1,22859.7,10.43,78.8,10,10
confianza_5090,gtc2pc4,repeticiones emparejadas,ollama,ollama,12b_06b_np4,04,gemma4:12b,embed,docs_rag_qwen3_06b,2026-07-27 19:25:27,confianza_5090/ollama/12b_06b_np4/run_04/sweep.json,15,67760,639625,47159,35898.26666666667,7.6466666666666665,77.0,15,15
confianza_5090,gtc2pc4,repeticiones emparejadas,ollama,ollama,12b_06b_np4,04,gemma4:12b,embed,docs_rag_qwen3_06b,2026-07-27 19:25:27,confianza_5090/ollama/12b_06b_np4/run_04/sweep.json,20,88170,1087050,58761,47531,6.085,75.6,20,20
confianza_5090,gtc2pc4,repeticiones emparejadas,ollama,ollama,12b_06b_np4,04,gemma4:12b,embed,docs_rag_qwen3_06b,2026-07-27 19:25:27,confianza_5090/ollama/12b_06b_np4/run_04/sweep.json,25,105227,1684361,71583.52,60758.24,4.78,76.8,25,25
confianza_5090,gtc2pc4,repeticiones emparejadas,ollama,ollama,12b_06b_np4,01,gemma4:12b,embed,docs_rag_qwen3_06b,2026-07-27 19:06:35,confianza_5090/ollama/12b_06b_np4/run_01/sweep.json,1,7445,-1,7444,4321,40.8,40.8,1,1
confianza_5090,gtc2pc4,repeticiones emparejadas,ollama,ollama,12b_06b_np4,01,gemma4:12b,embed,docs_rag_qwen3_06b,2026-07-27 19:06:35,confianza_5090/ollama/12b_06b_np4/run_01/sweep.json,5,26187,81226,21482.6,10565.8,18.0,76.5,5,5
confianza_5090,gtc2pc4,repeticiones emparejadas,ollama,ollama,12b_06b_np4,01,gemma4:12b,embed,docs_rag_qwen3_06b,2026-07-27 19:06:35,confianza_5090/ollama/12b_06b_np4/run_01/sweep.json,10,46424,306788,35321.2,23990.5,10.93,80.9,10,10
confianza_5090,gtc2pc4,repeticiones emparejadas,ollama,ollama,12b_06b_np4,01,gemma4:12b,embed,docs_rag_qwen3_06b,2026-07-27 19:06:35,confianza_5090/ollama/12b_06b_np4/run_01/sweep.json,15,70303,660239,48702.8,36255.73333333333,8.873333333333333,87.5,15,15
confianza_5090,gtc2pc4,repeticiones emparejadas,ollama,ollama,12b_06b_np4,01,gemma4:12b,embed,docs_rag_qwen3_06b,2026-07-27 19:06:35,confianza_5090/ollama/12b_06b_np4/run_01/sweep.json,20,94477,1183412,63894.45,50872.85,7.09,89.9,20,20
confianza_5090,gtc2pc4,repeticiones emparejadas,ollama,ollama,12b_06b_np4,01,gemma4:12b,embed,docs_rag_qwen3_06b,2026-07-27 19:06:35,confianza_5090/ollama/12b_06b_np4/run_01/sweep.json,25,115058,1809114,76966.88,64789.4,5.428,82.2,25,25
confianza_5090,gtc2pc4,repeticiones emparejadas,ollama,ollama,12b_06b_np4,05,gemma4:12b,embed,docs_rag_qwen3_06b,2026-07-27 19:31:29,confianza_5090/ollama/12b_06b_np4/run_05/sweep.json,1,6998,0,6998,5377,18.0,18.0,1,1
confianza_5090,gtc2pc4,repeticiones emparejadas,ollama,ollama,12b_06b_np4,05,gemma4:12b,embed,docs_rag_qwen3_06b,2026-07-27 19:31:29,confianza_5090/ollama/12b_06b_np4/run_05/sweep.json,5,20023,68984,17801.4,10738.8,13.08,58.8,5,5
confianza_5090,gtc2pc4,repeticiones emparejadas,ollama,ollama,12b_06b_np4,05,gemma4:12b,embed,docs_rag_qwen3_06b,2026-07-27 19:31:29,confianza_5090/ollama/12b_06b_np4/run_05/sweep.json,10,44274,300401,34467.5,24622.2,7.64,59.4,10,10
confianza_5090,gtc2pc4,repeticiones emparejadas,ollama,ollama,12b_06b_np4,05,gemma4:12b,embed,docs_rag_qwen3_06b,2026-07-27 19:31:29,confianza_5090/ollama/12b_06b_np4/run_05/sweep.json,15,67690,680272,49864.13333333333,38396.53333333333,7.366666666666666,76.6,15,15
confianza_5090,gtc2pc4,repeticiones emparejadas,ollama,ollama,12b_06b_np4,05,gemma4:12b,embed,docs_rag_qwen3_06b,2026-07-27 19:31:29,confianza_5090/ollama/12b_06b_np4/run_05/sweep.json,20,87123,1146079,61660.1,50140.45,5.835,77.1,20,20
confianza_5090,gtc2pc4,repeticiones emparejadas,ollama,ollama,12b_06b_np4,05,gemma4:12b,embed,docs_rag_qwen3_06b,2026-07-27 19:31:29,confianza_5090/ollama/12b_06b_np4/run_05/sweep.json,25,108777,1741455,74009.28,62237.68,4.84,77.3,25,25
confianza_5090,gtc2pc4,repeticiones emparejadas,ollama,ollama,12b_06b_np4,07,gemma4:12b,embed,docs_rag_qwen3_06b,2026-07-27 19:43:32,confianza_5090/ollama/12b_06b_np4/run_07/sweep.json,1,7937,0,7937,4877,38.3,38.3,1,1
confianza_5090,gtc2pc4,repeticiones emparejadas,ollama,ollama,12b_06b_np4,07,gemma4:12b,embed,docs_rag_qwen3_06b,2026-07-27 19:43:32,confianza_5090/ollama/12b_06b_np4/run_07/sweep.json,5,21703,70083,18357.2,9529.4,15.12,70.9,5,5
confianza_5090,gtc2pc4,repeticiones emparejadas,ollama,ollama,12b_06b_np4,07,gemma4:12b,embed,docs_rag_qwen3_06b,2026-07-27 19:43:32,confianza_5090/ollama/12b_06b_np4/run_07/sweep.json,10,49009,305947,35495.6,23345.5,10.42,76.6,10,10
confianza_5090,gtc2pc4,repeticiones emparejadas,ollama,ollama,12b_06b_np4,07,gemma4:12b,embed,docs_rag_qwen3_06b,2026-07-27 19:43:32,confianza_5090/ollama/12b_06b_np4/run_07/sweep.json,15,67723,651276,47933.26666666667,37015.13333333333,6.753333333333334,70.7,15,15
confianza_5090,gtc2pc4,repeticiones emparejadas,ollama,ollama,12b_06b_np4,07,gemma4:12b,embed,docs_rag_qwen3_06b,2026-07-27 19:43:32,confianza_5090/ollama/12b_06b_np4/run_07/sweep.json,20,94622,1158149,62638.55,49940.2,6.18,80.3,20,20
confianza_5090,gtc2pc4,repeticiones emparejadas,ollama,ollama,12b_06b_np4,07,gemma4:12b,embed,docs_rag_qwen3_06b,2026-07-27 19:43:32,confianza_5090/ollama/12b_06b_np4/run_07/sweep.json,25,109021,1769459,75139.2,63437.2,4.828,76.4,25,25
confianza_5090,gtc2pc4,repeticiones emparejadas,ollama,ollama,12b_06b_np4,06,gemma4:12b,embed,docs_rag_qwen3_06b,2026-07-27 19:37:31,confianza_5090/ollama/12b_06b_np4/run_06/sweep.json,1,5025,0,5025,4598,3.6,3.6,1,1
confianza_5090,gtc2pc4,repeticiones emparejadas,ollama,ollama,12b_06b_np4,06,gemma4:12b,embed,docs_rag_qwen3_06b,2026-07-27 19:37:31,confianza_5090/ollama/12b_06b_np4/run_06/sweep.json,5,24317,75291,19921.6,10508,14.32,65.3,5,5
confianza_5090,gtc2pc4,repeticiones emparejadas,ollama,ollama,12b_06b_np4,06,gemma4:12b,embed,docs_rag_qwen3_06b,2026-07-27 19:37:31,confianza_5090/ollama/12b_06b_np4/run_06/sweep.json,10,44794,283662,32845.6,22907.1,8.48,67.4,10,10
confianza_5090,gtc2pc4,repeticiones emparejadas,ollama,ollama,12b_06b_np4,06,gemma4:12b,embed,docs_rag_qwen3_06b,2026-07-27 19:37:31,confianza_5090/ollama/12b_06b_np4/run_06/sweep.json,15,66156,625028,46078.933333333334,35280.13333333333,6.693333333333333,66.3,15,15
confianza_5090,gtc2pc4,repeticiones emparejadas,ollama,ollama,12b_06b_np4,06,gemma4:12b,embed,docs_rag_qwen3_06b,2026-07-27 19:37:31,confianza_5090/ollama/12b_06b_np4/run_06/sweep.json,20,87504,1158676,62309,50954.5,5.59,73.1,20,20
confianza_5090,gtc2pc4,repeticiones emparejadas,ollama,ollama,12b_06b_np4,06,gemma4:12b,embed,docs_rag_qwen3_06b,2026-07-27 19:37:31,confianza_5090/ollama/12b_06b_np4/run_06/sweep.json,25,106820,1722038,73154.32,61664.12,4.784,75.6,25,25
confianza_5090,gtc2pc4,repeticiones emparejadas,ollama,ollama,12b_06b_np4,10,gemma4:12b,embed,docs_rag_qwen3_06b,2026-07-27 20:01:41,confianza_5090/ollama/12b_06b_np4/run_10/sweep.json,1,8467,0,8467,4741,38.9,38.9,1,1
confianza_5090,gtc2pc4,repeticiones emparejadas,ollama,ollama,12b_06b_np4,10,gemma4:12b,embed,docs_rag_qwen3_06b,2026-07-27 20:01:41,confianza_5090/ollama/12b_06b_np4/run_10/sweep.json,5,20701,65269,17194,10141,12.36,57.1,5,5
confianza_5090,gtc2pc4,repeticiones emparejadas,ollama,ollama,12b_06b_np4,10,gemma4:12b,embed,docs_rag_qwen3_06b,2026-07-27 20:01:41,confianza_5090/ollama/12b_06b_np4/run_10/sweep.json,10,44031,269679,31371,22154.3,8.17,60.3,10,10
confianza_5090,gtc2pc4,repeticiones emparejadas,ollama,ollama,12b_06b_np4,10,gemma4:12b,embed,docs_rag_qwen3_06b,2026-07-27 20:01:41,confianza_5090/ollama/12b_06b_np4/run_10/sweep.json,15,67861,660621,48565.46666666667,37336.666666666664,7.213333333333333,76.6,15,15
confianza_5090,gtc2pc4,repeticiones emparejadas,ollama,ollama,12b_06b_np4,10,gemma4:12b,embed,docs_rag_qwen3_06b,2026-07-27 20:01:41,confianza_5090/ollama/12b_06b_np4/run_10/sweep.json,20,89810,1130435,61012.25,49546.95,5.72,75.8,20,20
confianza_5090,gtc2pc4,repeticiones emparejadas,ollama,ollama,12b_06b_np4,10,gemma4:12b,embed,docs_rag_qwen3_06b,2026-07-27 20:01:41,confianza_5090/ollama/12b_06b_np4/run_10/sweep.json,25,112730,1842831,78222.44,65915.96,5.236,80.1,25,25
confianza_5090,gtc2pc4,repeticiones emparejadas,ollama,ollama,12b_06b_np4,09,gemma4:12b,embed,docs_rag_qwen3_06b,2026-07-27 19:55:46,confianza_5090/ollama/12b_06b_np4/run_09/sweep.json,1,11038,0,11038,5437,43.6,43.6,1,1
confianza_5090,gtc2pc4,repeticiones emparejadas,ollama,ollama,12b_06b_np4,09,gemma4:12b,embed,docs_rag_qwen3_06b,2026-07-27 19:55:46,confianza_5090/ollama/12b_06b_np4/run_09/sweep.json,5,24561,79954,20903,10908.2,15.68,68.8,5,5
confianza_5090,gtc2pc4,repeticiones emparejadas,ollama,ollama,12b_06b_np4,09,gemma4:12b,embed,docs_rag_qwen3_06b,2026-07-27 19:55:46,confianza_5090/ollama/12b_06b_np4/run_09/sweep.json,10,41875,283205,32508,22630.8,9.14,71.6,10,10
confianza_5090,gtc2pc4,repeticiones emparejadas,ollama,ollama,12b_06b_np4,09,gemma4:12b,embed,docs_rag_qwen3_06b,2026-07-27 19:55:46,confianza_5090/ollama/12b_06b_np4/run_09/sweep.json,15,64025,626268,46019.53333333333,35306.933333333334,6.78,70.5,15,15
confianza_5090,gtc2pc4,repeticiones emparejadas,ollama,ollama,12b_06b_np4,09,gemma4:12b,embed,docs_rag_qwen3_06b,2026-07-27 19:55:46,confianza_5090/ollama/12b_06b_np4/run_09/sweep.json,20,84232,1100487,59235.95,48071.1,5.675,75.5,20,20
confianza_5090,gtc2pc4,repeticiones emparejadas,ollama,ollama,12b_06b_np4,09,gemma4:12b,embed,docs_rag_qwen3_06b,2026-07-27 19:55:46,confianza_5090/ollama/12b_06b_np4/run_09/sweep.json,25,102735,1635514,69529.96,59111.72,4.368,71.1,25,25
confianza_5090,gtc2pc4,repeticiones emparejadas,ollama,ollama,12b_06b_np4,08,gemma4:12b,embed,docs_rag_qwen3_06b,2026-07-27 19:49:49,confianza_5090/ollama/12b_06b_np4/run_08/sweep.json,1,7984,0,7984,4569,35.4,35.4,1,1
confianza_5090,gtc2pc4,repeticiones emparejadas,ollama,ollama,12b_06b_np4,08,gemma4:12b,embed,docs_rag_qwen3_06b,2026-07-27 19:49:49,confianza_5090/ollama/12b_06b_np4/run_08/sweep.json,5,22316,76241,19711.4,10731.2,15.14,68.4,5,5
confianza_5090,gtc2pc4,repeticiones emparejadas,ollama,ollama,12b_06b_np4,08,gemma4:12b,embed,docs_rag_qwen3_06b,2026-07-27 19:49:49,confianza_5090/ollama/12b_06b_np4/run_08/sweep.json,10,41169,277354,31852.3,22506.2,8.19,64.1,10,10
confianza_5090,gtc2pc4,repeticiones emparejadas,ollama,ollama,12b_06b_np4,08,gemma4:12b,embed,docs_rag_qwen3_06b,2026-07-27 19:49:49,confianza_5090/ollama/12b_06b_np4/run_08/sweep.json,15,66757,646216,47531.53333333333,36624.26666666667,6.54,66.7,15,15
confianza_5090,gtc2pc4,repeticiones emparejadas,ollama,ollama,12b_06b_np4,08,gemma4:12b,embed,docs_rag_qwen3_06b,2026-07-27 19:49:49,confianza_5090/ollama/12b_06b_np4/run_08/sweep.json,20,83688,1046909,56529.85,46507.55,5.235,69.3,20,20
confianza_5090,gtc2pc4,repeticiones emparejadas,ollama,ollama,12b_06b_np4,08,gemma4:12b,embed,docs_rag_qwen3_06b,2026-07-27 19:49:49,confianza_5090/ollama/12b_06b_np4/run_08/sweep.json,25,108336,1680768,71564.16,60645.32,4.628,70.7,25,25
confianza_5090,gtc2pc4,repeticiones emparejadas,ollama,ollama,12b_06b_np4,03,gemma4:12b,embed,docs_rag_qwen3_06b,2026-07-27 19:18:51,confianza_5090/ollama/12b_06b_np4/run_03/sweep.json,1,9245,0,9245,5127,43.3,43.3,1,1
confianza_5090,gtc2pc4,repeticiones emparejadas,ollama,ollama,12b_06b_np4,03,gemma4:12b,embed,docs_rag_qwen3_06b,2026-07-27 19:18:51,confianza_5090/ollama/12b_06b_np4/run_03/sweep.json,5,27657,88693,23270,12899.2,16.86,71.6,5,5
confianza_5090,gtc2pc4,repeticiones emparejadas,ollama,ollama,12b_06b_np4,03,gemma4:12b,embed,docs_rag_qwen3_06b,2026-07-27 19:18:51,confianza_5090/ollama/12b_06b_np4/run_03/sweep.json,10,49594,327014,37660.8,25236.4,11.25,82.8,10,10
confianza_5090,gtc2pc4,repeticiones emparejadas,ollama,ollama,12b_06b_np4,03,gemma4:12b,embed,docs_rag_qwen3_06b,2026-07-27 19:18:51,confianza_5090/ollama/12b_06b_np4/run_03/sweep.json,15,72195,709865,52137.333333333336,39240.13333333333,8.653333333333332,83.4,15,15
confianza_5090,gtc2pc4,repeticiones emparejadas,ollama,ollama,12b_06b_np4,03,gemma4:12b,embed,docs_rag_qwen3_06b,2026-07-27 19:18:51,confianza_5090/ollama/12b_06b_np4/run_03/sweep.json,20,94356,1205536,64994.6,52793.8,6.525,79.9,20,20
confianza_5090,gtc2pc4,repeticiones emparejadas,ollama,ollama,12b_06b_np4,03,gemma4:12b,embed,docs_rag_qwen3_06b,2026-07-27 19:18:51,confianza_5090/ollama/12b_06b_np4/run_03/sweep.json,25,116134,1800373,76660.28,63898.88,5.792,85.4,25,25
confianza_5090,gtc2pc4,repeticiones emparejadas,ollama,ollama,12b_06b_np4,02,gemma4:12b,embed,docs_rag_qwen3_06b,2026-07-27 19:13:01,confianza_5090/ollama/12b_06b_np4/run_02/sweep.json,1,6317,0,6317,5073,10.3,10.3,1,1
confianza_5090,gtc2pc4,repeticiones emparejadas,ollama,ollama,12b_06b_np4,02,gemma4:12b,embed,docs_rag_qwen3_06b,2026-07-27 19:13:01,confianza_5090/ollama/12b_06b_np4/run_02/sweep.json,5,20507,73289,18759.2,10780.2,14.559999999999999,66.5,5,5
confianza_5090,gtc2pc4,repeticiones emparejadas,ollama,ollama,12b_06b_np4,02,gemma4:12b,embed,docs_rag_qwen3_06b,2026-07-27 19:13:01,confianza_5090/ollama/12b_06b_np4/run_02/sweep.json,10,41900,284467,32636.7,22713.3,8.58,67.3,10,10
confianza_5090,gtc2pc4,repeticiones emparejadas,ollama,ollama,12b_06b_np4,02,gemma4:12b,embed,docs_rag_qwen3_06b,2026-07-27 19:13:01,confianza_5090/ollama/12b_06b_np4/run_02/sweep.json,15,65972,678470,49629.46666666667,38710.6,7.066666666666666,73.4,15,15
confianza_5090,gtc2pc4,repeticiones emparejadas,ollama,ollama,12b_06b_np4,02,gemma4:12b,embed,docs_rag_qwen3_06b,2026-07-27 19:13:01,confianza_5090/ollama/12b_06b_np4/run_02/sweep.json,20,83715,1083797,58375.6,47464.95,5.495,75.1,20,20
confianza_5090,gtc2pc4,repeticiones emparejadas,ollama,ollama,12b_06b_np4,02,gemma4:12b,embed,docs_rag_qwen3_06b,2026-07-27 19:13:01,confianza_5090/ollama/12b_06b_np4/run_02/sweep.json,25,104399,1652559,70278.32,59464.72,4.524,71.0,25,25
confianza_5090,gtc2pc4,repeticiones emparejadas,ollama,ollama,12b_4b_np4,04,gemma4:12b,embed,docs_rag_qwen3,2026-07-27 20:26:34,confianza_5090/ollama/12b_4b_np4/run_04/sweep.json,1,5688,0,5688,4745,9.5,9.5,1,1
confianza_5090,gtc2pc4,repeticiones emparejadas,ollama,ollama,12b_4b_np4,04,gemma4:12b,embed,docs_rag_qwen3,2026-07-27 20:26:34,confianza_5090/ollama/12b_4b_np4/run_04/sweep.json,5,21295,62748,16808.6,9276.2,15.08,66.4,5,5
confianza_5090,gtc2pc4,repeticiones emparejadas,ollama,ollama,12b_4b_np4,04,gemma4:12b,embed,docs_rag_qwen3,2026-07-27 20:26:34,confianza_5090/ollama/12b_4b_np4/run_04/sweep.json,10,46186,303710,34989.6,24402.1,10.11,76.8,10,10
confianza_5090,gtc2pc4,repeticiones emparejadas,ollama,ollama,12b_4b_np4,04,gemma4:12b,embed,docs_rag_qwen3,2026-07-27 20:26:34,confianza_5090/ollama/12b_4b_np4/run_04/sweep.json,15,65320,677566,49525.73333333333,38442.2,7.48,77.4,15,15
confianza_5090,gtc2pc4,repeticiones emparejadas,ollama,ollama,12b_4b_np4,04,gemma4:12b,embed,docs_rag_qwen3,2026-07-27 20:26:34,confianza_5090/ollama/12b_4b_np4/run_04/sweep.json,20,84508,1034445,55947.65,45296.85,5.835,76.2,20,20
confianza_5090,gtc2pc4,repeticiones emparejadas,ollama,ollama,12b_4b_np4,04,gemma4:12b,embed,docs_rag_qwen3,2026-07-27 20:26:34,confianza_5090/ollama/12b_4b_np4/run_04/sweep.json,25,105849,1625512,69254.44,58369.12,4.504,72.9,25,25
confianza_5090,gtc2pc4,repeticiones emparejadas,ollama,ollama,12b_4b_np4,01,gemma4:12b,embed,docs_rag_qwen3,2026-07-27 20:07:49,confianza_5090/ollama/12b_4b_np4/run_01/sweep.json,1,6324,0,6324,4018,36.8,36.8,1,1
confianza_5090,gtc2pc4,repeticiones emparejadas,ollama,ollama,12b_4b_np4,01,gemma4:12b,embed,docs_rag_qwen3,2026-07-27 20:07:49,confianza_5090/ollama/12b_4b_np4/run_01/sweep.json,5,23783,78159,20388.4,10716.6,16.48,70.8,5,5
confianza_5090,gtc2pc4,repeticiones emparejadas,ollama,ollama,12b_4b_np4,01,gemma4:12b,embed,docs_rag_qwen3,2026-07-27 20:07:49,confianza_5090/ollama/12b_4b_np4/run_01/sweep.json,10,50176,331338,38151.4,26129.3,11.120000000000001,81.3,10,10
confianza_5090,gtc2pc4,repeticiones emparejadas,ollama,ollama,12b_4b_np4,01,gemma4:12b,embed,docs_rag_qwen3,2026-07-27 20:07:49,confianza_5090/ollama/12b_4b_np4/run_01/sweep.json,15,68809,664724,48902.2,36851,8.393333333333333,84.4,15,15
confianza_5090,gtc2pc4,repeticiones emparejadas,ollama,ollama,12b_4b_np4,01,gemma4:12b,embed,docs_rag_qwen3,2026-07-27 20:07:49,confianza_5090/ollama/12b_4b_np4/run_01/sweep.json,20,94774,1193609,64419.15,51551.4,6.8,86.0,20,20
confianza_5090,gtc2pc4,repeticiones emparejadas,ollama,ollama,12b_4b_np4,01,gemma4:12b,embed,docs_rag_qwen3,2026-07-27 20:07:49,confianza_5090/ollama/12b_4b_np4/run_01/sweep.json,25,111919,1687936,71994.2,60016.36,4.956,79.6,25,25
confianza_5090,gtc2pc4,repeticiones emparejadas,ollama,ollama,12b_4b_np4,05,gemma4:12b,embed,docs_rag_qwen3,2026-07-27 20:32:28,confianza_5090/ollama/12b_4b_np4/run_05/sweep.json,1,7033,0,7033,4908,21.6,21.6,1,1
confianza_5090,gtc2pc4,repeticiones emparejadas,ollama,ollama,12b_4b_np4,05,gemma4:12b,embed,docs_rag_qwen3,2026-07-27 20:32:28,confianza_5090/ollama/12b_4b_np4/run_05/sweep.json,5,20279,69566,17969,11450.6,12.64,56.9,5,5
confianza_5090,gtc2pc4,repeticiones emparejadas,ollama,ollama,12b_4b_np4,05,gemma4:12b,embed,docs_rag_qwen3,2026-07-27 20:32:28,confianza_5090/ollama/12b_4b_np4/run_05/sweep.json,10,42995,295653,33864.8,23721,8.45,66.8,10,10
confianza_5090,gtc2pc4,repeticiones emparejadas,ollama,ollama,12b_4b_np4,05,gemma4:12b,embed,docs_rag_qwen3,2026-07-27 20:32:28,confianza_5090/ollama/12b_4b_np4/run_05/sweep.json,15,66521,667157,48911.86666666667,37626.4,7.526666666666666,77.8,15,15
confianza_5090,gtc2pc4,repeticiones emparejadas,ollama,ollama,12b_4b_np4,05,gemma4:12b,embed,docs_rag_qwen3,2026-07-27 20:32:28,confianza_5090/ollama/12b_4b_np4/run_05/sweep.json,20,90323,1147161,61874.2,49811.45,6.075,78.3,20,20
confianza_5090,gtc2pc4,repeticiones emparejadas,ollama,ollama,12b_4b_np4,05,gemma4:12b,embed,docs_rag_qwen3,2026-07-27 20:32:28,confianza_5090/ollama/12b_4b_np4/run_05/sweep.json,25,109539,1736757,73851.84,62058.64,5.024,79.0,25,25
confianza_5090,gtc2pc4,repeticiones emparejadas,ollama,ollama,12b_4b_np4,07,gemma4:12b,embed,docs_rag_qwen3,2026-07-27 20:44:34,confianza_5090/ollama/12b_4b_np4/run_07/sweep.json,1,11712,0,11712,3916,64.6,64.6,1,1
confianza_5090,gtc2pc4,repeticiones emparejadas,ollama,ollama,12b_4b_np4,07,gemma4:12b,embed,docs_rag_qwen3,2026-07-27 20:44:34,confianza_5090/ollama/12b_4b_np4/run_07/sweep.json,5,20696,71694,18478,9432.2,15.0,73.3,5,5
confianza_5090,gtc2pc4,repeticiones emparejadas,ollama,ollama,12b_4b_np4,07,gemma4:12b,embed,docs_rag_qwen3,2026-07-27 20:44:34,confianza_5090/ollama/12b_4b_np4/run_07/sweep.json,10,43367,306625,34999.2,24315.8,9.65,71.9,10,10
confianza_5090,gtc2pc4,repeticiones emparejadas,ollama,ollama,12b_4b_np4,07,gemma4:12b,embed,docs_rag_qwen3,2026-07-27 20:44:34,confianza_5090/ollama/12b_4b_np4/run_07/sweep.json,15,66389,650348,47782.46666666667,36471.46666666667,7.3933333333333335,76.7,15,15
confianza_5090,gtc2pc4,repeticiones emparejadas,ollama,ollama,12b_4b_np4,07,gemma4:12b,embed,docs_rag_qwen3,2026-07-27 20:44:34,confianza_5090/ollama/12b_4b_np4/run_07/sweep.json,20,89697,1150428,62006.25,50786.75,5.755,73.6,20,20
confianza_5090,gtc2pc4,repeticiones emparejadas,ollama,ollama,12b_4b_np4,07,gemma4:12b,embed,docs_rag_qwen3,2026-07-27 20:44:34,confianza_5090/ollama/12b_4b_np4/run_07/sweep.json,25,110196,1708030,72729.04,60986.48,4.796,77.2,25,25
confianza_5090,gtc2pc4,repeticiones emparejadas,ollama,ollama,12b_4b_np4,06,gemma4:12b,embed,docs_rag_qwen3,2026-07-27 20:38:29,confianza_5090/ollama/12b_4b_np4/run_06/sweep.json,1,5654,0,5654,3735,27.9,27.9,1,1
confianza_5090,gtc2pc4,repeticiones emparejadas,ollama,ollama,12b_4b_np4,06,gemma4:12b,embed,docs_rag_qwen3,2026-07-27 20:38:29,confianza_5090/ollama/12b_4b_np4/run_06/sweep.json,5,24853,84637,21898,10051,16.84,76.3,5,5
confianza_5090,gtc2pc4,repeticiones emparejadas,ollama,ollama,12b_4b_np4,06,gemma4:12b,embed,docs_rag_qwen3,2026-07-27 20:38:29,confianza_5090/ollama/12b_4b_np4/run_06/sweep.json,10,47204,288746,33595,23127.9,8.86,68.7,10,10
confianza_5090,gtc2pc4,repeticiones emparejadas,ollama,ollama,12b_4b_np4,06,gemma4:12b,embed,docs_rag_qwen3,2026-07-27 20:38:29,confianza_5090/ollama/12b_4b_np4/run_06/sweep.json,15,63668,637657,46755,36315.53333333333,6.266666666666667,66.9,15,15
confianza_5090,gtc2pc4,repeticiones emparejadas,ollama,ollama,12b_4b_np4,06,gemma4:12b,embed,docs_rag_qwen3,2026-07-27 20:38:29,confianza_5090/ollama/12b_4b_np4/run_06/sweep.json,20,89406,1134224,61181.5,49354.05,5.595,72.9,20,20
confianza_5090,gtc2pc4,repeticiones emparejadas,ollama,ollama,12b_4b_np4,06,gemma4:12b,embed,docs_rag_qwen3,2026-07-27 20:38:29,confianza_5090/ollama/12b_4b_np4/run_06/sweep.json,25,111498,1717857,73174.2,61382.52,4.668,73.4,25,25
confianza_5090,gtc2pc4,repeticiones emparejadas,ollama,ollama,12b_4b_np4,10,gemma4:12b,embed,docs_rag_qwen3,2026-07-27 21:02:28,confianza_5090/ollama/12b_4b_np4/run_10/sweep.json,1,8642,0,8642,5403,32.1,32.1,1,1
confianza_5090,gtc2pc4,repeticiones emparejadas,ollama,ollama,12b_4b_np4,10,gemma4:12b,embed,docs_rag_qwen3,2026-07-27 21:02:28,confianza_5090/ollama/12b_4b_np4/run_10/sweep.json,5,17891,64624,16503,9993.8,12.76,59.1,5,5
confianza_5090,gtc2pc4,repeticiones emparejadas,ollama,ollama,12b_4b_np4,10,gemma4:12b,embed,docs_rag_qwen3,2026-07-27 21:02:28,confianza_5090/ollama/12b_4b_np4/run_10/sweep.json,10,42019,291138,33315.7,24341.8,7.83,59.4,10,10
confianza_5090,gtc2pc4,repeticiones emparejadas,ollama,ollama,12b_4b_np4,10,gemma4:12b,embed,docs_rag_qwen3,2026-07-27 21:02:28,confianza_5090/ollama/12b_4b_np4/run_10/sweep.json,15,62126,603378,44366.933333333334,33721.4,7.093333333333334,75.9,15,15
confianza_5090,gtc2pc4,repeticiones emparejadas,ollama,ollama,12b_4b_np4,10,gemma4:12b,embed,docs_rag_qwen3,2026-07-27 21:02:28,confianza_5090/ollama/12b_4b_np4/run_10/sweep.json,20,88742,1084508,58662.5,47151.7,5.755,76.7,20,20
confianza_5090,gtc2pc4,repeticiones emparejadas,ollama,ollama,12b_4b_np4,10,gemma4:12b,embed,docs_rag_qwen3,2026-07-27 21:02:28,confianza_5090/ollama/12b_4b_np4/run_10/sweep.json,25,110825,1788981,75992.24,64338.88,5.04,77.7,25,25
confianza_5090,gtc2pc4,repeticiones emparejadas,ollama,ollama,12b_4b_np4,09,gemma4:12b,embed,docs_rag_qwen3,2026-07-27 20:56:29,confianza_5090/ollama/12b_4b_np4/run_09/sweep.json,1,10358,0,10358,4844,48.4,48.4,1,1
confianza_5090,gtc2pc4,repeticiones emparejadas,ollama,ollama,12b_4b_np4,09,gemma4:12b,embed,docs_rag_qwen3,2026-07-27 20:56:29,confianza_5090/ollama/12b_4b_np4/run_09/sweep.json,5,22789,77152,19988.2,10647.8,14.280000000000001,66.5,5,5
confianza_5090,gtc2pc4,repeticiones emparejadas,ollama,ollama,12b_4b_np4,09,gemma4:12b,embed,docs_rag_qwen3,2026-07-27 20:56:29,confianza_5090/ollama/12b_4b_np4/run_09/sweep.json,10,41078,273815,31489.3,22166.4,9.24,70.7,10,10
confianza_5090,gtc2pc4,repeticiones emparejadas,ollama,ollama,12b_4b_np4,09,gemma4:12b,embed,docs_rag_qwen3,2026-07-27 20:56:29,confianza_5090/ollama/12b_4b_np4/run_09/sweep.json,15,66441,641888,47221.933333333334,35905.86666666667,7.233333333333333,71.5,15,15
confianza_5090,gtc2pc4,repeticiones emparejadas,ollama,ollama,12b_4b_np4,09,gemma4:12b,embed,docs_rag_qwen3,2026-07-27 20:56:29,confianza_5090/ollama/12b_4b_np4/run_09/sweep.json,20,88173,1113230,60070.15,48929.8,5.22,68.6,20,20
confianza_5090,gtc2pc4,repeticiones emparejadas,ollama,ollama,12b_4b_np4,09,gemma4:12b,embed,docs_rag_qwen3,2026-07-27 20:56:29,confianza_5090/ollama/12b_4b_np4/run_09/sweep.json,25,106533,1803357,76395.6,64679.16,4.408,71.2,25,25
confianza_5090,gtc2pc4,repeticiones emparejadas,ollama,ollama,12b_4b_np4,08,gemma4:12b,embed,docs_rag_qwen3,2026-07-27 20:50:39,confianza_5090/ollama/12b_4b_np4/run_08/sweep.json,1,8426,0,8426,4873,34.7,34.7,1,1
confianza_5090,gtc2pc4,repeticiones emparejadas,ollama,ollama,12b_4b_np4,08,gemma4:12b,embed,docs_rag_qwen3,2026-07-27 20:50:39,confianza_5090/ollama/12b_4b_np4/run_08/sweep.json,5,22871,83787,21331.6,13294.8,14.16,65.8,5,5
confianza_5090,gtc2pc4,repeticiones emparejadas,ollama,ollama,12b_4b_np4,08,gemma4:12b,embed,docs_rag_qwen3,2026-07-27 20:50:39,confianza_5090/ollama/12b_4b_np4/run_08/sweep.json,10,41733,294259,33599.2,24024.2,8.17,63.3,10,10
confianza_5090,gtc2pc4,repeticiones emparejadas,ollama,ollama,12b_4b_np4,08,gemma4:12b,embed,docs_rag_qwen3,2026-07-27 20:50:39,confianza_5090/ollama/12b_4b_np4/run_08/sweep.json,15,65662,658352,48267.6,37652.8,6.66,68.7,15,15
confianza_5090,gtc2pc4,repeticiones emparejadas,ollama,ollama,12b_4b_np4,08,gemma4:12b,embed,docs_rag_qwen3,2026-07-27 20:50:39,confianza_5090/ollama/12b_4b_np4/run_08/sweep.json,20,81780,1047951,56486.55,46353.65,5.11,67.1,20,20
confianza_5090,gtc2pc4,repeticiones emparejadas,ollama,ollama,12b_4b_np4,08,gemma4:12b,embed,docs_rag_qwen3,2026-07-27 20:50:39,confianza_5090/ollama/12b_4b_np4/run_08/sweep.json,25,104655,1721361,73040.64,62252.08,4.564,72.7,25,25
confianza_5090,gtc2pc4,repeticiones emparejadas,ollama,ollama,12b_4b_np4,03,gemma4:12b,embed,docs_rag_qwen3,2026-07-27 20:19:54,confianza_5090/ollama/12b_4b_np4/run_03/sweep.json,1,8431,0,8431,4833,41.0,41.0,1,1
confianza_5090,gtc2pc4,repeticiones emparejadas,ollama,ollama,12b_4b_np4,03,gemma4:12b,embed,docs_rag_qwen3,2026-07-27 20:19:54,confianza_5090/ollama/12b_4b_np4/run_03/sweep.json,5,26041,85178,22243.8,10952.2,20.06,87.6,5,5
confianza_5090,gtc2pc4,repeticiones emparejadas,ollama,ollama,12b_4b_np4,03,gemma4:12b,embed,docs_rag_qwen3,2026-07-27 20:19:54,confianza_5090/ollama/12b_4b_np4/run_03/sweep.json,10,52630,355431,40806.1,26937.4,11.35,82.2,10,10
confianza_5090,gtc2pc4,repeticiones emparejadas,ollama,ollama,12b_4b_np4,03,gemma4:12b,embed,docs_rag_qwen3,2026-07-27 20:19:54,confianza_5090/ollama/12b_4b_np4/run_03/sweep.json,15,74351,735655,54000.4,40684.666666666664,8.686666666666667,86.4,15,15
confianza_5090,gtc2pc4,repeticiones emparejadas,ollama,ollama,12b_4b_np4,03,gemma4:12b,embed,docs_rag_qwen3,2026-07-27 20:19:54,confianza_5090/ollama/12b_4b_np4/run_03/sweep.json,20,93459,1206103,64978.1,52409.6,6.415,80.0,20,20
confianza_5090,gtc2pc4,repeticiones emparejadas,ollama,ollama,12b_4b_np4,03,gemma4:12b,embed,docs_rag_qwen3,2026-07-27 20:19:54,confianza_5090/ollama/12b_4b_np4/run_03/sweep.json,25,120255,1885585,80233.6,66965.72,5.584,84.5,25,25
confianza_5090,gtc2pc4,repeticiones emparejadas,ollama,ollama,12b_4b_np4,02,gemma4:12b,embed,docs_rag_qwen3,2026-07-27 20:14:10,confianza_5090/ollama/12b_4b_np4/run_02/sweep.json,1,6436,0,6436,5164,10.4,10.4,1,1
confianza_5090,gtc2pc4,repeticiones emparejadas,ollama,ollama,12b_4b_np4,02,gemma4:12b,embed,docs_rag_qwen3,2026-07-27 20:14:10,confianza_5090/ollama/12b_4b_np4/run_02/sweep.json,5,20397,72727,18624.8,11487.8,14.18,65.7,5,5
confianza_5090,gtc2pc4,repeticiones emparejadas,ollama,ollama,12b_4b_np4,02,gemma4:12b,embed,docs_rag_qwen3,2026-07-27 20:14:10,confianza_5090/ollama/12b_4b_np4/run_02/sweep.json,10,41214,291386,33260,24108.2,8.03,64.8,10,10
confianza_5090,gtc2pc4,repeticiones emparejadas,ollama,ollama,12b_4b_np4,02,gemma4:12b,embed,docs_rag_qwen3,2026-07-27 20:14:10,confianza_5090/ollama/12b_4b_np4/run_02/sweep.json,15,65056,652394,47830,36832.333333333336,7.206666666666667,75.3,15,15
confianza_5090,gtc2pc4,repeticiones emparejadas,ollama,ollama,12b_4b_np4,02,gemma4:12b,embed,docs_rag_qwen3,2026-07-27 20:14:10,confianza_5090/ollama/12b_4b_np4/run_02/sweep.json,20,84299,1102266,59328.25,48414.35,5.825,77.2,20,20
confianza_5090,gtc2pc4,repeticiones emparejadas,ollama,ollama,12b_4b_np4,02,gemma4:12b,embed,docs_rag_qwen3,2026-07-27 20:14:10,confianza_5090/ollama/12b_4b_np4/run_02/sweep.json,25,101990,1673814,71032.16,60467.56,4.552,73.1,25,25
confianza_5090,gtc2pc4,repeticiones emparejadas,ollama,ollama,26b_4b_np1,04,gemma4:26b,embed,docs_rag_qwen3,2026-08-01 01:43:04,confianza_5090/ollama/26b_4b_np1/run_04/sweep.json,1,5494,0,5494,4075,29.5,29.5,1,1
confianza_5090,gtc2pc4,repeticiones emparejadas,ollama,ollama,26b_4b_np1,04,gemma4:26b,embed,docs_rag_qwen3,2026-08-01 01:43:04,confianza_5090/ollama/26b_4b_np1/run_04/sweep.json,5,182460,51774,46846.8,10285.5,24.66,7.9,5,5
confianza_5090,gtc2pc4,repeticiones emparejadas,ollama,ollama,26b_4b_np1,04,gemma4:26b,embed,docs_rag_qwen3,2026-08-01 01:43:04,confianza_5090/ollama/26b_4b_np1/run_04/sweep.json,10,42462,232496,27495.8,24677.8,15.32,88.3,10,10
confianza_5090,gtc2pc4,repeticiones emparejadas,ollama,ollama,26b_4b_np1,04,gemma4:26b,embed,docs_rag_qwen3,2026-08-01 01:43:04,confianza_5090/ollama/26b_4b_np1/run_04/sweep.json,15,56491,520822,38487.53333333333,36129.2,9.253333333333334,78.9,15,15
confianza_5090,gtc2pc4,repeticiones emparejadas,ollama,ollama,26b_4b_np1,04,gemma4:26b,embed,docs_rag_qwen3,2026-08-01 01:43:04,confianza_5090/ollama/26b_4b_np1/run_04/sweep.json,20,76805,883525,48016.5,45588.8,6.92,80.3,20,20
confianza_5090,gtc2pc4,repeticiones emparejadas,ollama,ollama,26b_4b_np1,04,gemma4:26b,embed,docs_rag_qwen3,2026-08-01 01:43:04,confianza_5090/ollama/26b_4b_np1/run_04/sweep.json,25,193125,1479699,66912.96,59209.75,5.652,38.8,25,25
confianza_5090,gtc2pc4,repeticiones emparejadas,ollama,ollama,26b_4b_np1,01,gemma4:26b,embed,docs_rag_qwen3,2026-08-01 01:16:10,confianza_5090/ollama/26b_4b_np1/run_01/sweep.json,1,5246,-1,5245,3672,45.2,45.2,1,1
confianza_5090,gtc2pc4,repeticiones emparejadas,ollama,ollama,26b_4b_np1,01,gemma4:26b,embed,docs_rag_qwen3,2026-08-01 01:16:10,confianza_5090/ollama/26b_4b_np1/run_01/sweep.json,5,22750,61735,16897,14008.8,26.64,85.2,5,5
confianza_5090,gtc2pc4,repeticiones emparejadas,ollama,ollama,26b_4b_np1,01,gemma4:26b,embed,docs_rag_qwen3,2026-08-01 01:16:10,confianza_5090/ollama/26b_4b_np1/run_01/sweep.json,10,40489,228339,26882.8,24360.9,13.96,83.9,10,10
confianza_5090,gtc2pc4,repeticiones emparejadas,ollama,ollama,26b_4b_np1,01,gemma4:26b,embed,docs_rag_qwen3,2026-08-01 01:16:10,confianza_5090/ollama/26b_4b_np1/run_01/sweep.json,15,66517,580009,43101.73333333333,40162.066666666666,11.0,91.0,15,15
confianza_5090,gtc2pc4,repeticiones emparejadas,ollama,ollama,26b_4b_np1,01,gemma4:26b,embed,docs_rag_qwen3,2026-08-01 01:16:10,confianza_5090/ollama/26b_4b_np1/run_01/sweep.json,20,92634,1070555,58159.45,54981.55,8.635,92.4,20,20
confianza_5090,gtc2pc4,repeticiones emparejadas,ollama,ollama,26b_4b_np1,01,gemma4:26b,embed,docs_rag_qwen3,2026-08-01 01:16:10,confianza_5090/ollama/26b_4b_np1/run_01/sweep.json,25,108196,1617470,69026.64,66183.16,6.368,86.1,25,25
confianza_5090,gtc2pc4,repeticiones emparejadas,ollama,ollama,26b_4b_np1,05,gemma4:26b,embed,docs_rag_qwen3,2026-08-01 01:52:46,confianza_5090/ollama/26b_4b_np1/run_05/sweep.json,1,5275,0,5275,3847,24.3,24.3,1,1
confianza_5090,gtc2pc4,repeticiones emparejadas,ollama,ollama,26b_4b_np1,05,gemma4:26b,embed,docs_rag_qwen3,2026-08-01 01:52:46,confianza_5090/ollama/26b_4b_np1/run_05/sweep.json,5,18862,51908,14154,11970.8,20.98,70.7,5,5
confianza_5090,gtc2pc4,repeticiones emparejadas,ollama,ollama,26b_4b_np1,05,gemma4:26b,embed,docs_rag_qwen3,2026-08-01 01:52:46,confianza_5090/ollama/26b_4b_np1/run_05/sweep.json,10,34786,197658,23244.4,21272.8,10.87,68.4,10,10
confianza_5090,gtc2pc4,repeticiones emparejadas,ollama,ollama,26b_4b_np1,05,gemma4:26b,embed,docs_rag_qwen3,2026-08-01 01:52:46,confianza_5090/ollama/26b_4b_np1/run_05/sweep.json,15,58025,523214,38749.26666666667,36330.666666666664,9.22,79.2,15,15
confianza_5090,gtc2pc4,repeticiones emparejadas,ollama,ollama,26b_4b_np1,05,gemma4:26b,embed,docs_rag_qwen3,2026-08-01 01:52:46,confianza_5090/ollama/26b_4b_np1/run_05/sweep.json,20,79706,895904,48780.5,46206.15,7.135,81.0,20,20
confianza_5090,gtc2pc4,repeticiones emparejadas,ollama,ollama,26b_4b_np1,05,gemma4:26b,embed,docs_rag_qwen3,2026-08-01 01:52:46,confianza_5090/ollama/26b_4b_np1/run_05/sweep.json,25,94471,1483000,63098.84,60737.52,5.444,77.3,25,25
confianza_5090,gtc2pc4,repeticiones emparejadas,ollama,ollama,26b_4b_np1,07,gemma4:26b,embed,docs_rag_qwen3,2026-08-01 02:03:08,confianza_5090/ollama/26b_4b_np1/run_07/sweep.json,1,8520,0,8520,3885,79.2,79.2,1,1
confianza_5090,gtc2pc4,repeticiones emparejadas,ollama,ollama,26b_4b_np1,07,gemma4:26b,embed,docs_rag_qwen3,2026-08-01 02:03:08,confianza_5090/ollama/26b_4b_np1/run_07/sweep.json,5,20717,50499,14243.2,11545.8,24.46,83.7,5,5
confianza_5090,gtc2pc4,repeticiones emparejadas,ollama,ollama,26b_4b_np1,07,gemma4:26b,embed,docs_rag_qwen3,2026-08-01 02:03:08,confianza_5090/ollama/26b_4b_np1/run_07/sweep.json,10,38856,232144,27100,24637.8,13.21,78.8,10,10
confianza_5090,gtc2pc4,repeticiones emparejadas,ollama,ollama,26b_4b_np1,07,gemma4:26b,embed,docs_rag_qwen3,2026-08-01 02:03:08,confianza_5090/ollama/26b_4b_np1/run_07/sweep.json,15,57780,516188,38264.53333333333,35825.26666666667,8.94,76.9,15,15
confianza_5090,gtc2pc4,repeticiones emparejadas,ollama,ollama,26b_4b_np1,07,gemma4:26b,embed,docs_rag_qwen3,2026-08-01 02:03:08,confianza_5090/ollama/26b_4b_np1/run_07/sweep.json,20,78107,963687,52089.7,49565.8,7.0,79.2,20,20
confianza_5090,gtc2pc4,repeticiones emparejadas,ollama,ollama,26b_4b_np1,07,gemma4:26b,embed,docs_rag_qwen3,2026-08-01 02:03:08,confianza_5090/ollama/26b_4b_np1/run_07/sweep.json,25,94730,1432905,61105.4,58690.68,5.572,78.4,25,25
confianza_5090,gtc2pc4,repeticiones emparejadas,ollama,ollama,26b_4b_np1,06,gemma4:26b,embed,docs_rag_qwen3,2026-08-01 01:58:01,confianza_5090/ollama/26b_4b_np1/run_06/sweep.json,1,3988,0,3988,3127,21.8,21.8,1,1
confianza_5090,gtc2pc4,repeticiones emparejadas,ollama,ollama,26b_4b_np1,06,gemma4:26b,embed,docs_rag_qwen3,2026-08-01 01:58:01,confianza_5090/ollama/26b_4b_np1/run_06/sweep.json,5,18873,51764,14127.4,11802.4,19.7,68.5,5,5
confianza_5090,gtc2pc4,repeticiones emparejadas,ollama,ollama,26b_4b_np1,06,gemma4:26b,embed,docs_rag_qwen3,2026-08-01 01:58:01,confianza_5090/ollama/26b_4b_np1/run_06/sweep.json,10,36934,205270,24220.4,21956.5,11.16,71.2,10,10
confianza_5090,gtc2pc4,repeticiones emparejadas,ollama,ollama,26b_4b_np1,06,gemma4:26b,embed,docs_rag_qwen3,2026-08-01 01:58:01,confianza_5090/ollama/26b_4b_np1/run_06/sweep.json,15,53869,468669,34835.86666666667,32615.333333333332,8.24,71.8,15,15
confianza_5090,gtc2pc4,repeticiones emparejadas,ollama,ollama,26b_4b_np1,06,gemma4:26b,embed,docs_rag_qwen3,2026-08-01 01:58:01,confianza_5090/ollama/26b_4b_np1/run_06/sweep.json,20,75364,925299,50033.15,47605.7,6.735,76.1,20,20
confianza_5090,gtc2pc4,repeticiones emparejadas,ollama,ollama,26b_4b_np1,06,gemma4:26b,embed,docs_rag_qwen3,2026-08-01 01:58:01,confianza_5090/ollama/26b_4b_np1/run_06/sweep.json,25,93391,1433084,61059,58683.72,5.34,76.2,25,25
confianza_5090,gtc2pc4,repeticiones emparejadas,ollama,ollama,26b_4b_np1,10,gemma4:26b,embed,docs_rag_qwen3,2026-08-01 02:22:32,confianza_5090/ollama/26b_4b_np1/run_10/sweep.json,1,7004,0,7004,4906,37.7,37.7,1,1
confianza_5090,gtc2pc4,repeticiones emparejadas,ollama,ollama,26b_4b_np1,10,gemma4:26b,embed,docs_rag_qwen3,2026-08-01 02:22:32,confianza_5090/ollama/26b_4b_np1/run_10/sweep.json,5,17322,42921,12048.6,10153.8,18.84,68.6,5,5
confianza_5090,gtc2pc4,repeticiones emparejadas,ollama,ollama,26b_4b_np1,10,gemma4:26b,embed,docs_rag_qwen3,2026-08-01 02:22:32,confianza_5090/ollama/26b_4b_np1/run_10/sweep.json,10,35088,204532,23962,21902.9,11.18,70.9,10,10
confianza_5090,gtc2pc4,repeticiones emparejadas,ollama,ollama,26b_4b_np1,10,gemma4:26b,embed,docs_rag_qwen3,2026-08-01 02:22:32,confianza_5090/ollama/26b_4b_np1/run_10/sweep.json,15,56514,510445,37797.26666666667,35372.46666666667,9.2,79.8,15,15
confianza_5090,gtc2pc4,repeticiones emparejadas,ollama,ollama,26b_4b_np1,10,gemma4:26b,embed,docs_rag_qwen3,2026-08-01 02:22:32,confianza_5090/ollama/26b_4b_np1/run_10/sweep.json,20,75767,883267,47951.7,45522.9,6.88,78.6,20,20
confianza_5090,gtc2pc4,repeticiones emparejadas,ollama,ollama,26b_4b_np1,10,gemma4:26b,embed,docs_rag_qwen3,2026-08-01 02:22:32,confianza_5090/ollama/26b_4b_np1/run_10/sweep.json,25,103024,1526118,65165.68,62434.76,6.076,82.1,25,25
confianza_5090,gtc2pc4,repeticiones emparejadas,ollama,ollama,26b_4b_np1,09,gemma4:26b,embed,docs_rag_qwen3,2026-08-01 02:15:24,confianza_5090/ollama/26b_4b_np1/run_09/sweep.json,1,7974,0,7974,4140,62.2,62.2,1,1
confianza_5090,gtc2pc4,repeticiones emparejadas,ollama,ollama,26b_4b_np1,09,gemma4:26b,embed,docs_rag_qwen3,2026-08-01 02:15:24,confianza_5090/ollama/26b_4b_np1/run_09/sweep.json,5,20260,51544,14360.8,11958,21.32,73.1,5,5
confianza_5090,gtc2pc4,repeticiones emparejadas,ollama,ollama,26b_4b_np1,09,gemma4:26b,embed,docs_rag_qwen3,2026-08-01 02:15:24,confianza_5090/ollama/26b_4b_np1/run_09/sweep.json,10,37229,229691,26692,24341,13.71,81.1,10,10
confianza_5090,gtc2pc4,repeticiones emparejadas,ollama,ollama,26b_4b_np1,09,gemma4:26b,embed,docs_rag_qwen3,2026-08-01 02:15:24,confianza_5090/ollama/26b_4b_np1/run_09/sweep.json,15,58557,497780,37089.13333333333,34640.066666666666,8.813333333333333,77.2,15,15
confianza_5090,gtc2pc4,repeticiones emparejadas,ollama,ollama,26b_4b_np1,09,gemma4:26b,embed,docs_rag_qwen3,2026-08-01 02:15:24,confianza_5090/ollama/26b_4b_np1/run_09/sweep.json,20,187819,907081,54745,45315,6.665,29.9,20,20
confianza_5090,gtc2pc4,repeticiones emparejadas,ollama,ollama,26b_4b_np1,09,gemma4:26b,embed,docs_rag_qwen3,2026-08-01 02:15:24,confianza_5090/ollama/26b_4b_np1/run_09/sweep.json,25,91084,1351263,57693.88,55438.52,5.5360000000000005,75.9,25,25
confianza_5090,gtc2pc4,repeticiones emparejadas,ollama,ollama,26b_4b_np1,08,gemma4:26b,embed,docs_rag_qwen3,2026-08-01 02:08:30,confianza_5090/ollama/26b_4b_np1/run_08/sweep.json,1,7211,0,7211,3942,56.0,56.0,1,1
confianza_5090,gtc2pc4,repeticiones emparejadas,ollama,ollama,26b_4b_np1,08,gemma4:26b,embed,docs_rag_qwen3,2026-08-01 02:08:30,confianza_5090/ollama/26b_4b_np1/run_08/sweep.json,5,19687,47708,13479,11083.6,23.18,75.0,5,5
confianza_5090,gtc2pc4,repeticiones emparejadas,ollama,ollama,26b_4b_np1,08,gemma4:26b,embed,docs_rag_qwen3,2026-08-01 02:08:30,confianza_5090/ollama/26b_4b_np1/run_08/sweep.json,10,35622,192184,22780.6,20634.1,11.73,73.5,10,10
confianza_5090,gtc2pc4,repeticiones emparejadas,ollama,ollama,26b_4b_np1,08,gemma4:26b,embed,docs_rag_qwen3,2026-08-01 02:08:30,confianza_5090/ollama/26b_4b_np1/run_08/sweep.json,15,53112,459932,34202.933333333334,32093.2,8.14,71.6,15,15
confianza_5090,gtc2pc4,repeticiones emparejadas,ollama,ollama,26b_4b_np1,08,gemma4:26b,embed,docs_rag_qwen3,2026-08-01 02:08:30,confianza_5090/ollama/26b_4b_np1/run_08/sweep.json,20,72429,901019,48672.4,46481.8,6.55,74.7,20,20
confianza_5090,gtc2pc4,repeticiones emparejadas,ollama,ollama,26b_4b_np1,08,gemma4:26b,embed,docs_rag_qwen3,2026-08-01 02:08:30,confianza_5090/ollama/26b_4b_np1/run_08/sweep.json,25,201308,1318165,60778.92,52754.583333333336,5.036,32.0,25,25
confianza_5090,gtc2pc4,repeticiones emparejadas,ollama,ollama,26b_4b_np1,03,gemma4:26b,embed,docs_rag_qwen3,2026-08-01 01:26:58,confianza_5090/ollama/26b_4b_np1/run_03/sweep.json,1,5453,0,5453,3158,60.5,60.5,1,1
confianza_5090,gtc2pc4,repeticiones emparejadas,ollama,ollama,26b_4b_np1,03,gemma4:26b,embed,docs_rag_qwen3,2026-08-01 01:26:58,confianza_5090/ollama/26b_4b_np1/run_03/sweep.json,5,184347,60323,48934,11835.75,25.48,9.6,5,5
confianza_5090,gtc2pc4,repeticiones emparejadas,ollama,ollama,26b_4b_np1,03,gemma4:26b,embed,docs_rag_qwen3,2026-08-01 01:26:58,confianza_5090/ollama/26b_4b_np1/run_03/sweep.json,10,188297,245427,43372.4,24388,14.81,18.1,10,10
confianza_5090,gtc2pc4,repeticiones emparejadas,ollama,ollama,26b_4b_np1,03,gemma4:26b,embed,docs_rag_qwen3,2026-08-01 01:26:58,confianza_5090/ollama/26b_4b_np1/run_03/sweep.json,15,181858,490685,44836.2,32446.714285714286,10.666666666666666,26.9,15,15
confianza_5090,gtc2pc4,repeticiones emparejadas,ollama,ollama,26b_4b_np1,03,gemma4:26b,embed,docs_rag_qwen3,2026-08-01 01:26:58,confianza_5090/ollama/26b_4b_np1/run_03/sweep.json,20,187146,872547,52984.65,43323.84210526316,7.4,33.8,20,20
confianza_5090,gtc2pc4,repeticiones emparejadas,ollama,ollama,26b_4b_np1,03,gemma4:26b,embed,docs_rag_qwen3,2026-08-01 01:26:58,confianza_5090/ollama/26b_4b_np1/run_03/sweep.json,25,195527,1337873,61336,53232.125,5.928,39.0,25,25
confianza_5090,gtc2pc4,repeticiones emparejadas,ollama,ollama,26b_4b_np1,02,gemma4:26b,embed,docs_rag_qwen3,2026-08-01 01:22:10,confianza_5090/ollama/26b_4b_np1/run_02/sweep.json,1,5110,0,5110,4195,11.2,11.2,1,1
confianza_5090,gtc2pc4,repeticiones emparejadas,ollama,ollama,26b_4b_np1,02,gemma4:26b,embed,docs_rag_qwen3,2026-08-01 01:22:10,confianza_5090/ollama/26b_4b_np1/run_02/sweep.json,5,16264,43792,12011.2,10301,18.82,66.8,5,5
confianza_5090,gtc2pc4,repeticiones emparejadas,ollama,ollama,26b_4b_np1,02,gemma4:26b,embed,docs_rag_qwen3,2026-08-01 01:22:10,confianza_5090/ollama/26b_4b_np1/run_02/sweep.json,10,35228,211914,24714.2,22645.8,11.83,73.1,10,10
confianza_5090,gtc2pc4,repeticiones emparejadas,ollama,ollama,26b_4b_np1,02,gemma4:26b,embed,docs_rag_qwen3,2026-08-01 01:22:10,confianza_5090/ollama/26b_4b_np1/run_02/sweep.json,15,52215,434508,32448.2,30382,8.033333333333333,73.3,15,15
confianza_5090,gtc2pc4,repeticiones emparejadas,ollama,ollama,26b_4b_np1,02,gemma4:26b,embed,docs_rag_qwen3,2026-08-01 01:22:10,confianza_5090/ollama/26b_4b_np1/run_02/sweep.json,20,68315,835302,45180.85,43197.7,6.28,74.3,20,20
confianza_5090,gtc2pc4,repeticiones emparejadas,ollama,ollama,26b_4b_np1,02,gemma4:26b,embed,docs_rag_qwen3,2026-08-01 01:22:10,confianza_5090/ollama/26b_4b_np1/run_02/sweep.json,25,86270,1264567,54033.48,51990.56,4.96,73.7,25,25
confianza_5090,gtc2pc4,repeticiones emparejadas,ollama,ollama,12b_06b_np1,04,gemma4:12b,embed,docs_rag_qwen3_06b,2026-07-27 21:33:42,confianza_5090/ollama/12b_06b_np1/run_04/sweep.json,1,6911,0,6911,5172,18.4,18.4,1,1
confianza_5090,gtc2pc4,repeticiones emparejadas,ollama,ollama,12b_06b_np1,04,gemma4:12b,embed,docs_rag_qwen3_06b,2026-07-27 21:33:42,confianza_5090/ollama/12b_06b_np1/run_04/sweep.json,5,27566,76894,20892,17510,16.24,56.3,5,5
confianza_5090,gtc2pc4,repeticiones emparejadas,ollama,ollama,12b_06b_np1,04,gemma4:12b,embed,docs_rag_qwen3_06b,2026-07-27 21:33:42,confianza_5090/ollama/12b_06b_np1/run_04/sweep.json,10,61323,320589,38191.2,34334.7,10.18,58.6,10,10
confianza_5090,gtc2pc4,repeticiones emparejadas,ollama,ollama,12b_06b_np1,04,gemma4:12b,embed,docs_rag_qwen3_06b,2026-07-27 21:33:42,confianza_5090/ollama/12b_06b_np1/run_04/sweep.json,15,89762,770003,57317.666666666664,53564,6.926666666666667,57.3,15,15
confianza_5090,gtc2pc4,repeticiones emparejadas,ollama,ollama,12b_06b_np1,04,gemma4:12b,embed,docs_rag_qwen3_06b,2026-07-27 21:33:42,confianza_5090/ollama/12b_06b_np1/run_04/sweep.json,20,117289,1368348,74281.85,70589.85,5.245,57.2,20,20
confianza_5090,gtc2pc4,repeticiones emparejadas,ollama,ollama,12b_06b_np1,04,gemma4:12b,embed,docs_rag_qwen3_06b,2026-07-27 21:33:42,confianza_5090/ollama/12b_06b_np1/run_04/sweep.json,25,136459,2203850,93612.36,90350.12,3.96,54.0,25,25
confianza_5090,gtc2pc4,repeticiones emparejadas,ollama,ollama,12b_06b_np1,01,gemma4:12b,embed,docs_rag_qwen3_06b,2026-07-27 21:08:34,confianza_5090/ollama/12b_06b_np1/run_01/sweep.json,1,6808,0,6808,3835,44.7,44.7,1,1
confianza_5090,gtc2pc4,repeticiones emparejadas,ollama,ollama,12b_06b_np1,01,gemma4:12b,embed,docs_rag_qwen3_06b,2026-07-27 21:08:34,confianza_5090/ollama/12b_06b_np1/run_01/sweep.json,5,31229,82973,22840.4,18944,18.68,58.0,5,5
confianza_5090,gtc2pc4,repeticiones emparejadas,ollama,ollama,12b_06b_np1,01,gemma4:12b,embed,docs_rag_qwen3_06b,2026-07-27 21:08:34,confianza_5090/ollama/12b_06b_np1/run_01/sweep.json,10,63774,358052,42182.6,38026.3,10.73,60.0,10,10
confianza_5090,gtc2pc4,repeticiones emparejadas,ollama,ollama,12b_06b_np1,01,gemma4:12b,embed,docs_rag_qwen3_06b,2026-07-27 21:08:34,confianza_5090/ollama/12b_06b_np1/run_01/sweep.json,15,95417,828093,61567.333333333336,57306.933333333334,7.706666666666667,62.9,15,15
confianza_5090,gtc2pc4,repeticiones emparejadas,ollama,ollama,12b_06b_np1,01,gemma4:12b,embed,docs_rag_qwen3_06b,2026-07-27 21:08:34,confianza_5090/ollama/12b_06b_np1/run_01/sweep.json,20,131928,1558200,84506.4,80038.05,6.025,63.1,20,20
confianza_5090,gtc2pc4,repeticiones emparejadas,ollama,ollama,12b_06b_np1,01,gemma4:12b,embed,docs_rag_qwen3_06b,2026-07-27 21:08:34,confianza_5090/ollama/12b_06b_np1/run_01/sweep.json,25,152987,2281150,97365.48,93431.08,4.4479999999999995,59.0,25,25
confianza_5090,gtc2pc4,repeticiones emparejadas,ollama,ollama,12b_06b_np1,05,gemma4:12b,embed,docs_rag_qwen3_06b,2026-07-27 21:41:28,confianza_5090/ollama/12b_06b_np1/run_05/sweep.json,1,7059,0,7059,5281,19.7,19.7,1,1
confianza_5090,gtc2pc4,repeticiones emparejadas,ollama,ollama,12b_06b_np1,05,gemma4:12b,embed,docs_rag_qwen3_06b,2026-07-27 21:41:28,confianza_5090/ollama/12b_06b_np1/run_05/sweep.json,5,24869,63525,17678.8,14925.2,13.780000000000001,46.7,5,5
confianza_5090,gtc2pc4,repeticiones emparejadas,ollama,ollama,12b_06b_np1,05,gemma4:12b,embed,docs_rag_qwen3_06b,2026-07-27 21:41:28,confianza_5090/ollama/12b_06b_np1/run_05/sweep.json,10,56057,326949,38300.6,34916.2,8.65,51.6,10,10
confianza_5090,gtc2pc4,repeticiones emparejadas,ollama,ollama,12b_06b_np1,05,gemma4:12b,embed,docs_rag_qwen3_06b,2026-07-27 21:41:28,confianza_5090/ollama/12b_06b_np1/run_05/sweep.json,15,89954,787048,58466.8,54671.933333333334,6.846666666666667,56.8,15,15
confianza_5090,gtc2pc4,repeticiones emparejadas,ollama,ollama,12b_06b_np1,05,gemma4:12b,embed,docs_rag_qwen3_06b,2026-07-27 21:41:28,confianza_5090/ollama/12b_06b_np1/run_05/sweep.json,20,118880,1440263,77957.15,74230.85,5.19,55.9,20,20
confianza_5090,gtc2pc4,repeticiones emparejadas,ollama,ollama,12b_06b_np1,05,gemma4:12b,embed,docs_rag_qwen3_06b,2026-07-27 21:41:28,confianza_5090/ollama/12b_06b_np1/run_05/sweep.json,25,144824,2193481,93532.2,89914.6,4.112,56.0,25,25
confianza_5090,gtc2pc4,repeticiones emparejadas,ollama,ollama,12b_06b_np1,07,gemma4:12b,embed,docs_rag_qwen3_06b,2026-07-27 21:56:58,confianza_5090/ollama/12b_06b_np1/run_07/sweep.json,1,8088,-1,8087,4543,43.8,43.8,1,1
confianza_5090,gtc2pc4,repeticiones emparejadas,ollama,ollama,12b_06b_np1,07,gemma4:12b,embed,docs_rag_qwen3_06b,2026-07-27 21:56:58,confianza_5090/ollama/12b_06b_np1/run_07/sweep.json,5,32107,92587,24938.8,20763.2,18.78,59.3,5,5
confianza_5090,gtc2pc4,repeticiones emparejadas,ollama,ollama,12b_06b_np1,07,gemma4:12b,embed,docs_rag_qwen3_06b,2026-07-27 21:56:58,confianza_5090/ollama/12b_06b_np1/run_07/sweep.json,10,66773,372928,43970.1,39586.3,10.77,59.4,10,10
confianza_5090,gtc2pc4,repeticiones emparejadas,ollama,ollama,12b_06b_np1,07,gemma4:12b,embed,docs_rag_qwen3_06b,2026-07-27 21:56:58,confianza_5090/ollama/12b_06b_np1/run_07/sweep.json,15,88933,810782,59981,56301.2,6.493333333333333,54.3,15,15
confianza_5090,gtc2pc4,repeticiones emparejadas,ollama,ollama,12b_06b_np1,07,gemma4:12b,embed,docs_rag_qwen3_06b,2026-07-27 21:56:58,confianza_5090/ollama/12b_06b_np1/run_07/sweep.json,20,121458,1454614,78803.6,74947.3,5.14,56.2,20,20
confianza_5090,gtc2pc4,repeticiones emparejadas,ollama,ollama,12b_06b_np1,07,gemma4:12b,embed,docs_rag_qwen3_06b,2026-07-27 21:56:58,confianza_5090/ollama/12b_06b_np1/run_07/sweep.json,25,150153,2230393,95221.84,91390.52,4.212,56.5,25,25
confianza_5090,gtc2pc4,repeticiones emparejadas,ollama,ollama,12b_06b_np1,06,gemma4:12b,embed,docs_rag_qwen3_06b,2026-07-27 21:49:18,confianza_5090/ollama/12b_06b_np1/run_06/sweep.json,1,4751,0,4751,4349,3.8,3.8,1,1
confianza_5090,gtc2pc4,repeticiones emparejadas,ollama,ollama,12b_06b_np1,06,gemma4:12b,embed,docs_rag_qwen3_06b,2026-07-27 21:49:18,confianza_5090/ollama/12b_06b_np1/run_06/sweep.json,5,29783,86056,23167.8,19451.2,15.88,52.3,5,5
confianza_5090,gtc2pc4,repeticiones emparejadas,ollama,ollama,12b_06b_np1,06,gemma4:12b,embed,docs_rag_qwen3_06b,2026-07-27 21:49:18,confianza_5090/ollama/12b_06b_np1/run_06/sweep.json,10,56239,292881,34912,31548.6,8.31,50.1,10,10
confianza_5090,gtc2pc4,repeticiones emparejadas,ollama,ollama,12b_06b_np1,06,gemma4:12b,embed,docs_rag_qwen3_06b,2026-07-27 21:49:18,confianza_5090/ollama/12b_06b_np1/run_06/sweep.json,15,86002,700707,52447.26666666667,48934.066666666666,6.066666666666666,52.2,15,15
confianza_5090,gtc2pc4,repeticiones emparejadas,ollama,ollama,12b_06b_np1,06,gemma4:12b,embed,docs_rag_qwen3_06b,2026-07-27 21:49:18,confianza_5090/ollama/12b_06b_np1/run_06/sweep.json,20,113717,1282566,69814.15,66256.45,4.74,53.2,20,20
confianza_5090,gtc2pc4,repeticiones emparejadas,ollama,ollama,12b_06b_np1,06,gemma4:12b,embed,docs_rag_qwen3_06b,2026-07-27 21:49:18,confianza_5090/ollama/12b_06b_np1/run_06/sweep.json,25,141580,2031002,86903.28,83401.48,3.892,53.2,25,25
confianza_5090,gtc2pc4,repeticiones emparejadas,ollama,ollama,12b_06b_np1,10,gemma4:12b,embed,docs_rag_qwen3_06b,2026-07-27 22:20:46,confianza_5090/ollama/12b_06b_np1/run_10/sweep.json,1,7637,0,7637,4680,34.8,34.8,1,1
confianza_5090,gtc2pc4,repeticiones emparejadas,ollama,ollama,12b_06b_np1,10,gemma4:12b,embed,docs_rag_qwen3_06b,2026-07-27 22:20:46,confianza_5090/ollama/12b_06b_np1/run_10/sweep.json,5,23741,62867,17321.6,14890.2,13.1,45.1,5,5
confianza_5090,gtc2pc4,repeticiones emparejadas,ollama,ollama,12b_06b_np1,10,gemma4:12b,embed,docs_rag_qwen3_06b,2026-07-27 22:20:46,confianza_5090/ollama/12b_06b_np1/run_10/sweep.json,10,51810,288584,34039.4,31122.8,7.72,48.8,10,10
confianza_5090,gtc2pc4,repeticiones emparejadas,ollama,ollama,12b_06b_np1,10,gemma4:12b,embed,docs_rag_qwen3_06b,2026-07-27 22:20:46,confianza_5090/ollama/12b_06b_np1/run_10/sweep.json,15,80163,681958,50808.066666666666,47544.666666666664,6.026666666666666,52.8,15,15
confianza_5090,gtc2pc4,repeticiones emparejadas,ollama,ollama,12b_06b_np1,10,gemma4:12b,embed,docs_rag_qwen3_06b,2026-07-27 22:20:46,confianza_5090/ollama/12b_06b_np1/run_10/sweep.json,20,117674,1339587,72863.05,69114.35,5.135,56.2,20,20
confianza_5090,gtc2pc4,repeticiones emparejadas,ollama,ollama,12b_06b_np1,10,gemma4:12b,embed,docs_rag_qwen3_06b,2026-07-27 22:20:46,confianza_5090/ollama/12b_06b_np1/run_10/sweep.json,25,150704,2127190,91115.76,87285.96,4.104,56.3,25,25
confianza_5090,gtc2pc4,repeticiones emparejadas,ollama,ollama,12b_06b_np1,09,gemma4:12b,embed,docs_rag_qwen3_06b,2026-07-27 22:12:52,confianza_5090/ollama/12b_06b_np1/run_09/sweep.json,1,9955,0,9955,5328,40.5,40.5,1,1
confianza_5090,gtc2pc4,repeticiones emparejadas,ollama,ollama,12b_06b_np1,09,gemma4:12b,embed,docs_rag_qwen3_06b,2026-07-27 22:12:52,confianza_5090/ollama/12b_06b_np1/run_09/sweep.json,5,30276,68643,19783.8,16211,16.18,52.5,5,5
confianza_5090,gtc2pc4,repeticiones emparejadas,ollama,ollama,12b_06b_np1,09,gemma4:12b,embed,docs_rag_qwen3_06b,2026-07-27 22:12:52,confianza_5090/ollama/12b_06b_np1/run_09/sweep.json,10,59303,336792,39609.5,35925.2,9.96,56.2,10,10
confianza_5090,gtc2pc4,repeticiones emparejadas,ollama,ollama,12b_06b_np1,09,gemma4:12b,embed,docs_rag_qwen3_06b,2026-07-27 22:12:52,confianza_5090/ollama/12b_06b_np1/run_09/sweep.json,15,86751,747585,55622.4,52133.86666666667,6.306666666666667,53.5,15,15
confianza_5090,gtc2pc4,repeticiones emparejadas,ollama,ollama,12b_06b_np1,09,gemma4:12b,embed,docs_rag_qwen3_06b,2026-07-27 22:12:52,confianza_5090/ollama/12b_06b_np1/run_09/sweep.json,20,115210,1335265,72523.75,69004.45,4.97,54.6,20,20
confianza_5090,gtc2pc4,repeticiones emparejadas,ollama,ollama,12b_06b_np1,09,gemma4:12b,embed,docs_rag_qwen3_06b,2026-07-27 22:12:52,confianza_5090/ollama/12b_06b_np1/run_09/sweep.json,25,144071,2204075,93925.84,90378.44,3.948,54.2,25,25
confianza_5090,gtc2pc4,repeticiones emparejadas,ollama,ollama,12b_06b_np1,08,gemma4:12b,embed,docs_rag_qwen3_06b,2026-07-27 22:05:14,confianza_5090/ollama/12b_06b_np1/run_08/sweep.json,1,8161,0,8161,4707,36.5,36.5,1,1
confianza_5090,gtc2pc4,repeticiones emparejadas,ollama,ollama,12b_06b_np1,08,gemma4:12b,embed,docs_rag_qwen3_06b,2026-07-27 22:05:14,confianza_5090/ollama/12b_06b_np1/run_08/sweep.json,5,27878,72325,20040.6,16722,15.84,51.9,5,5
confianza_5090,gtc2pc4,repeticiones emparejadas,ollama,ollama,12b_06b_np1,08,gemma4:12b,embed,docs_rag_qwen3_06b,2026-07-27 22:05:14,confianza_5090/ollama/12b_06b_np1/run_08/sweep.json,10,54306,286160,34046.6,30830.3,8.44,51.4,10,10
confianza_5090,gtc2pc4,repeticiones emparejadas,ollama,ollama,12b_06b_np1,08,gemma4:12b,embed,docs_rag_qwen3_06b,2026-07-27 22:05:14,confianza_5090/ollama/12b_06b_np1/run_08/sweep.json,15,85527,753774,55953.4,52491.26666666667,6.233333333333333,52.8,15,15
confianza_5090,gtc2pc4,repeticiones emparejadas,ollama,ollama,12b_06b_np1,08,gemma4:12b,embed,docs_rag_qwen3_06b,2026-07-27 22:05:14,confianza_5090/ollama/12b_06b_np1/run_08/sweep.json,20,112102,1317909,71500.55,68129.85,4.78,52.7,20,20
confianza_5090,gtc2pc4,repeticiones emparejadas,ollama,ollama,12b_06b_np1,08,gemma4:12b,embed,docs_rag_qwen3_06b,2026-07-27 22:05:14,confianza_5090/ollama/12b_06b_np1/run_08/sweep.json,25,142222,2019526,86469.92,83011.36,3.812,53.6,25,25
confianza_5090,gtc2pc4,repeticiones emparejadas,ollama,ollama,12b_06b_np1,03,gemma4:12b,embed,docs_rag_qwen3_06b,2026-07-27 21:24:44,confianza_5090/ollama/12b_06b_np1/run_03/sweep.json,1,10204,0,10204,4997,50.8,50.8,1,1
confianza_5090,gtc2pc4,repeticiones emparejadas,ollama,ollama,12b_06b_np1,03,gemma4:12b,embed,docs_rag_qwen3_06b,2026-07-27 21:24:44,confianza_5090/ollama/12b_06b_np1/run_03/sweep.json,5,35396,92975,25674.2,20819,20.36,63.7,5,5
confianza_5090,gtc2pc4,repeticiones emparejadas,ollama,ollama,12b_06b_np1,03,gemma4:12b,embed,docs_rag_qwen3_06b,2026-07-27 21:24:44,confianza_5090/ollama/12b_06b_np1/run_03/sweep.json,10,68502,374009,44251.1,39584.9,11.3,62.2,10,10
confianza_5090,gtc2pc4,repeticiones emparejadas,ollama,ollama,12b_06b_np1,03,gemma4:12b,embed,docs_rag_qwen3_06b,2026-07-27 21:24:44,confianza_5090/ollama/12b_06b_np1/run_03/sweep.json,15,101015,834759,62384.933333333334,57789.73333333333,7.753333333333333,62.2,15,15
confianza_5090,gtc2pc4,repeticiones emparejadas,ollama,ollama,12b_06b_np1,03,gemma4:12b,embed,docs_rag_qwen3_06b,2026-07-27 21:24:44,confianza_5090/ollama/12b_06b_np1/run_03/sweep.json,20,129676,1503251,81646.35,77334.25,5.74,60.6,20,20
confianza_5090,gtc2pc4,repeticiones emparejadas,ollama,ollama,12b_06b_np1,03,gemma4:12b,embed,docs_rag_qwen3_06b,2026-07-27 21:24:44,confianza_5090/ollama/12b_06b_np1/run_03/sweep.json,25,166768,2310944,99108.48,94561.44,5.244,62.2,25,25
confianza_5090,gtc2pc4,repeticiones emparejadas,ollama,ollama,12b_06b_np1,02,gemma4:12b,embed,docs_rag_qwen3_06b,2026-07-27 21:17:04,confianza_5090/ollama/12b_06b_np1/run_02/sweep.json,1,6422,0,6422,5185,10.4,10.4,1,1
confianza_5090,gtc2pc4,repeticiones emparejadas,ollama,ollama,12b_06b_np1,02,gemma4:12b,embed,docs_rag_qwen3_06b,2026-07-27 21:17:04,confianza_5090/ollama/12b_06b_np1/run_02/sweep.json,5,25180,58109,16657.8,13874.8,13.94,48.2,5,5
confianza_5090,gtc2pc4,repeticiones emparejadas,ollama,ollama,12b_06b_np1,02,gemma4:12b,embed,docs_rag_qwen3_06b,2026-07-27 21:17:04,confianza_5090/ollama/12b_06b_np1/run_02/sweep.json,10,53948,292723,34667.1,31496.7,8.27,51.1,10,10
confianza_5090,gtc2pc4,repeticiones emparejadas,ollama,ollama,12b_06b_np1,02,gemma4:12b,embed,docs_rag_qwen3_06b,2026-07-27 21:17:04,confianza_5090/ollama/12b_06b_np1/run_02/sweep.json,15,84310,706389,52713.26666666667,49218,6.6466666666666665,55.4,15,15
confianza_5090,gtc2pc4,repeticiones emparejadas,ollama,ollama,12b_06b_np1,02,gemma4:12b,embed,docs_rag_qwen3_06b,2026-07-27 21:17:04,confianza_5090/ollama/12b_06b_np1/run_02/sweep.json,20,118524,1374979,74675.15,70909.15,5.37,57.7,20,20
confianza_5090,gtc2pc4,repeticiones emparejadas,ollama,ollama,12b_06b_np1,02,gemma4:12b,embed,docs_rag_qwen3_06b,2026-07-27 21:17:04,confianza_5090/ollama/12b_06b_np1/run_02/sweep.json,25,143335,2134982,91132.68,87583.32,4.068,55.4,25,25
confianza_5090,gtc2pc4,repeticiones emparejadas,ollama,ollama,26b_06b_np8,04,gemma4:26b,embed,docs_rag_qwen3_06b,2026-07-31 20:02:35,confianza_5090/ollama/26b_06b_np8/run_04/sweep.json,1,4973,-1,4972,4326,11.5,11.5,1,1
confianza_5090,gtc2pc4,repeticiones emparejadas,ollama,ollama,26b_06b_np8,04,gemma4:26b,embed,docs_rag_qwen3_06b,2026-07-31 20:02:35,confianza_5090/ollama/26b_06b_np8/run_04/sweep.json,5,184015,50965,46996,7082.5,18.880000000000003,7.1,5,5
confianza_5090,gtc2pc4,repeticiones emparejadas,ollama,ollama,26b_06b_np8,04,gemma4:26b,embed,docs_rag_qwen3_06b,2026-07-31 20:02:35,confianza_5090/ollama/26b_06b_np8/run_04/sweep.json,10,185654,238304,42395.8,14717.222222222223,10.06,15.7,10,10
confianza_5090,gtc2pc4,repeticiones emparejadas,ollama,ollama,26b_06b_np8,04,gemma4:26b,embed,docs_rag_qwen3_06b,2026-07-31 20:02:35,confianza_5090/ollama/26b_06b_np8/run_04/sweep.json,15,187545,482846,44692.73333333333,22087.785714285714,6.713333333333333,20.1,15,15
confianza_5090,gtc2pc4,repeticiones emparejadas,ollama,ollama,26b_06b_np8,04,gemma4:26b,embed,docs_rag_qwen3_06b,2026-07-31 20:02:35,confianza_5090/ollama/26b_06b_np8/run_04/sweep.json,20,199614,914116,55686.5,32515.315789473683,6.055,30.1,20,20
confianza_5090,gtc2pc4,repeticiones emparejadas,ollama,ollama,26b_06b_np8,04,gemma4:26b,embed,docs_rag_qwen3_06b,2026-07-31 20:02:35,confianza_5090/ollama/26b_06b_np8/run_04/sweep.json,25,189042,1426523,64622.6,43388.75,5.0,39.7,25,25
confianza_5090,gtc2pc4,repeticiones emparejadas,ollama,ollama,26b_06b_np8,01,gemma4:26b,embed,docs_rag_qwen3_06b,2026-07-31 19:36:35,confianza_5090/ollama/26b_06b_np8/run_01/sweep.json,1,7122,0,7122,4680,43.1,43.1,1,1
confianza_5090,gtc2pc4,repeticiones emparejadas,ollama,ollama,26b_06b_np8,01,gemma4:26b,embed,docs_rag_qwen3_06b,2026-07-31 19:36:35,confianza_5090/ollama/26b_06b_np8/run_01/sweep.json,5,33081,116495,29915.2,19568.6,12.9,60.0,5,5
confianza_5090,gtc2pc4,repeticiones emparejadas,ollama,ollama,26b_06b_np8,01,gemma4:26b,embed,docs_rag_qwen3_06b,2026-07-31 19:36:35,confianza_5090/ollama/26b_06b_np8/run_01/sweep.json,10,52245,404696,45694.1,31688.1,7.74,70.0,10,10
confianza_5090,gtc2pc4,repeticiones emparejadas,ollama,ollama,26b_06b_np8,01,gemma4:26b,embed,docs_rag_qwen3_06b,2026-07-31 19:36:35,confianza_5090/ollama/26b_06b_np8/run_01/sweep.json,15,54684,632204,45792.53333333333,29320.8,8.08,100.6,15,15
confianza_5090,gtc2pc4,repeticiones emparejadas,ollama,ollama,26b_06b_np8,01,gemma4:26b,embed,docs_rag_qwen3_06b,2026-07-31 19:36:35,confianza_5090/ollama/26b_06b_np8/run_01/sweep.json,20,72746,1046194,55947,37921,7.2,107.4,20,20
confianza_5090,gtc2pc4,repeticiones emparejadas,ollama,ollama,26b_06b_np8,01,gemma4:26b,embed,docs_rag_qwen3_06b,2026-07-31 19:36:35,confianza_5090/ollama/26b_06b_np8/run_01/sweep.json,25,89891,1554231,65764.88,47746.92,5.564,101.4,25,25
confianza_5090,gtc2pc4,repeticiones emparejadas,ollama,ollama,26b_06b_np8,05,gemma4:26b,embed,docs_rag_qwen3_06b,2026-07-31 20:18:50,confianza_5090/ollama/26b_06b_np8/run_05/sweep.json,1,4953,0,4953,3849,24.0,24.0,1,1
confianza_5090,gtc2pc4,repeticiones emparejadas,ollama,ollama,26b_06b_np8,05,gemma4:26b,embed,docs_rag_qwen3_06b,2026-07-31 20:18:50,confianza_5090/ollama/26b_06b_np8/run_05/sweep.json,5,20052,60691,16148.6,9382.4,15.0,65.8,5,5
confianza_5090,gtc2pc4,repeticiones emparejadas,ollama,ollama,26b_06b_np8,05,gemma4:26b,embed,docs_rag_qwen3_06b,2026-07-31 20:18:50,confianza_5090/ollama/26b_06b_np8/run_05/sweep.json,10,30764,226887,25765.1,14238.9,9.89,86.3,10,10
confianza_5090,gtc2pc4,repeticiones emparejadas,ollama,ollama,26b_06b_np8,05,gemma4:26b,embed,docs_rag_qwen3_06b,2026-07-31 20:18:50,confianza_5090/ollama/26b_06b_np8/run_05/sweep.json,15,50190,553130,40221.333333333336,25955.533333333333,6.6466666666666665,82.1,15,15
confianza_5090,gtc2pc4,repeticiones emparejadas,ollama,ollama,26b_06b_np8,05,gemma4:26b,embed,docs_rag_qwen3_06b,2026-07-31 20:18:50,confianza_5090/ollama/26b_06b_np8/run_05/sweep.json,20,66530,963598,51506.4,35209.35,5.85,90.9,20,20
confianza_5090,gtc2pc4,repeticiones emparejadas,ollama,ollama,26b_06b_np8,05,gemma4:26b,embed,docs_rag_qwen3_06b,2026-07-31 20:18:50,confianza_5090/ollama/26b_06b_np8/run_05/sweep.json,25,81469,1415132,59864.04,43602.24,4.9879999999999995,91.5,25,25
confianza_5090,gtc2pc4,repeticiones emparejadas,ollama,ollama,26b_06b_np8,07,gemma4:26b,embed,docs_rag_qwen3_06b,2026-07-31 20:28:01,confianza_5090/ollama/26b_06b_np8/run_07/sweep.json,1,8724,0,8724,3599,85.3,85.3,1,1
confianza_5090,gtc2pc4,repeticiones emparejadas,ollama,ollama,26b_06b_np8,07,gemma4:26b,embed,docs_rag_qwen3_06b,2026-07-31 20:28:01,confianza_5090/ollama/26b_06b_np8/run_07/sweep.json,5,19487,60034,15904.2,7894,18.82,84.0,5,5
confianza_5090,gtc2pc4,repeticiones emparejadas,ollama,ollama,26b_06b_np8,07,gemma4:26b,embed,docs_rag_qwen3_06b,2026-07-31 20:28:01,confianza_5090/ollama/26b_06b_np8/run_07/sweep.json,10,32471,233809,26628,13959,10.77,93.7,10,10
confianza_5090,gtc2pc4,repeticiones emparejadas,ollama,ollama,26b_06b_np8,07,gemma4:26b,embed,docs_rag_qwen3_06b,2026-07-31 20:28:01,confianza_5090/ollama/26b_06b_np8/run_07/sweep.json,15,51490,542500,39599.333333333336,24379.733333333334,7.76,94.2,15,15
confianza_5090,gtc2pc4,repeticiones emparejadas,ollama,ollama,26b_06b_np8,07,gemma4:26b,embed,docs_rag_qwen3_06b,2026-07-31 20:28:01,confianza_5090/ollama/26b_06b_np8/run_07/sweep.json,20,69888,997444,53366.6,36637.95,6.140000000000001,91.8,20,20
confianza_5090,gtc2pc4,repeticiones emparejadas,ollama,ollama,26b_06b_np8,07,gemma4:26b,embed,docs_rag_qwen3_06b,2026-07-31 20:28:01,confianza_5090/ollama/26b_06b_np8/run_07/sweep.json,25,83012,1471986,62199.92,45965.64,5.1000000000000005,94.5,25,25
confianza_5090,gtc2pc4,repeticiones emparejadas,ollama,ollama,26b_06b_np8,06,gemma4:26b,embed,docs_rag_qwen3_06b,2026-07-31 20:23:28,confianza_5090/ollama/26b_06b_np8/run_06/sweep.json,1,4274,0,4274,3597,14.3,14.3,1,1
confianza_5090,gtc2pc4,repeticiones emparejadas,ollama,ollama,26b_06b_np8,06,gemma4:26b,embed,docs_rag_qwen3_06b,2026-07-31 20:23:28,confianza_5090/ollama/26b_06b_np8/run_06/sweep.json,5,18504,62143,16129.4,8454.4,15.12,70.2,5,5
confianza_5090,gtc2pc4,repeticiones emparejadas,ollama,ollama,26b_06b_np8,06,gemma4:26b,embed,docs_rag_qwen3_06b,2026-07-31 20:23:28,confianza_5090/ollama/26b_06b_np8/run_06/sweep.json,10,31494,235913,26740.7,15143.9,8.4,76.6,10,10
confianza_5090,gtc2pc4,repeticiones emparejadas,ollama,ollama,26b_06b_np8,06,gemma4:26b,embed,docs_rag_qwen3_06b,2026-07-31 20:23:28,confianza_5090/ollama/26b_06b_np8/run_06/sweep.json,15,47317,519112,37761.933333333334,24427.866666666665,6.54,83.5,15,15
confianza_5090,gtc2pc4,repeticiones emparejadas,ollama,ollama,26b_06b_np8,06,gemma4:26b,embed,docs_rag_qwen3_06b,2026-07-31 20:23:28,confianza_5090/ollama/26b_06b_np8/run_06/sweep.json,20,65163,934258,49971.05,34892,5.685,89.5,20,20
confianza_5090,gtc2pc4,repeticiones emparejadas,ollama,ollama,26b_06b_np8,06,gemma4:26b,embed,docs_rag_qwen3_06b,2026-07-31 20:23:28,confianza_5090/ollama/26b_06b_np8/run_06/sweep.json,25,82060,1402283,59373.72,43057.68,4.984,91.6,25,25
confianza_5090,gtc2pc4,repeticiones emparejadas,ollama,ollama,26b_06b_np8,10,gemma4:26b,embed,docs_rag_qwen3_06b,2026-07-31 20:44:13,confianza_5090/ollama/26b_06b_np8/run_10/sweep.json,1,6009,-1,6008,4030,42.9,42.9,1,1
confianza_5090,gtc2pc4,repeticiones emparejadas,ollama,ollama,26b_06b_np8,10,gemma4:26b,embed,docs_rag_qwen3_06b,2026-07-31 20:44:13,confianza_5090/ollama/26b_06b_np8/run_10/sweep.json,5,15008,53288,13659.2,8362.6,13.58,64.2,5,5
confianza_5090,gtc2pc4,repeticiones emparejadas,ollama,ollama,26b_06b_np8,10,gemma4:26b,embed,docs_rag_qwen3_06b,2026-07-31 20:44:13,confianza_5090/ollama/26b_06b_np8/run_10/sweep.json,10,31884,229323,26120.7,14340.3,8.94,78.3,10,10
confianza_5090,gtc2pc4,repeticiones emparejadas,ollama,ollama,26b_06b_np8,10,gemma4:26b,embed,docs_rag_qwen3_06b,2026-07-31 20:44:13,confianza_5090/ollama/26b_06b_np8/run_10/sweep.json,15,51200,565309,41100.6,25950.133333333335,7.766666666666667,95.7,15,15
confianza_5090,gtc2pc4,repeticiones emparejadas,ollama,ollama,26b_06b_np8,10,gemma4:26b,embed,docs_rag_qwen3_06b,2026-07-31 20:44:13,confianza_5090/ollama/26b_06b_np8/run_10/sweep.json,20,69084,934162,50162.3,34596.85,6.1049999999999995,91.2,20,20
confianza_5090,gtc2pc4,repeticiones emparejadas,ollama,ollama,26b_06b_np8,10,gemma4:26b,embed,docs_rag_qwen3_06b,2026-07-31 20:44:13,confianza_5090/ollama/26b_06b_np8/run_10/sweep.json,25,83053,1466440,61979.72,45034.84,5.336,97.5,25,25
confianza_5090,gtc2pc4,repeticiones emparejadas,ollama,ollama,26b_06b_np8,09,gemma4:26b,embed,docs_rag_qwen3_06b,2026-07-31 20:39:30,confianza_5090/ollama/26b_06b_np8/run_09/sweep.json,1,8307,0,8307,4399,58.7,58.7,1,1
confianza_5090,gtc2pc4,repeticiones emparejadas,ollama,ollama,26b_06b_np8,09,gemma4:26b,embed,docs_rag_qwen3_06b,2026-07-31 20:39:30,confianza_5090/ollama/26b_06b_np8/run_09/sweep.json,5,20896,74068,18992.8,8858.8,15.58,72.2,5,5
confianza_5090,gtc2pc4,repeticiones emparejadas,ollama,ollama,26b_06b_np8,09,gemma4:26b,embed,docs_rag_qwen3_06b,2026-07-31 20:39:30,confianza_5090/ollama/26b_06b_np8/run_09/sweep.json,10,30732,208424,23915.6,13073.5,10.88,91.9,10,10
confianza_5090,gtc2pc4,repeticiones emparejadas,ollama,ollama,26b_06b_np8,09,gemma4:26b,embed,docs_rag_qwen3_06b,2026-07-31 20:39:30,confianza_5090/ollama/26b_06b_np8/run_09/sweep.json,15,48194,510303,37233.13333333333,24191.8,6.8,80.8,15,15
confianza_5090,gtc2pc4,repeticiones emparejadas,ollama,ollama,26b_06b_np8,09,gemma4:26b,embed,docs_rag_qwen3_06b,2026-07-31 20:39:30,confianza_5090/ollama/26b_06b_np8/run_09/sweep.json,20,66399,970631,51851.5,36330.3,5.695,88.0,20,20
confianza_5090,gtc2pc4,repeticiones emparejadas,ollama,ollama,26b_06b_np8,09,gemma4:26b,embed,docs_rag_qwen3_06b,2026-07-31 20:39:30,confianza_5090/ollama/26b_06b_np8/run_09/sweep.json,25,84998,1417198,60087.84,43847.04,5.028,90.5,25,25
confianza_5090,gtc2pc4,repeticiones emparejadas,ollama,ollama,26b_06b_np8,08,gemma4:26b,embed,docs_rag_qwen3_06b,2026-07-31 20:32:51,confianza_5090/ollama/26b_06b_np8/run_08/sweep.json,1,6518,0,6518,3662,55.2,55.2,1,1
confianza_5090,gtc2pc4,repeticiones emparejadas,ollama,ollama,26b_06b_np8,08,gemma4:26b,embed,docs_rag_qwen3_06b,2026-07-31 20:32:51,confianza_5090/ollama/26b_06b_np8/run_08/sweep.json,5,21224,70811,18407,8412,17.94,80.2,5,5
confianza_5090,gtc2pc4,repeticiones emparejadas,ollama,ollama,26b_06b_np8,08,gemma4:26b,embed,docs_rag_qwen3_06b,2026-07-31 20:32:51,confianza_5090/ollama/26b_06b_np8/run_08/sweep.json,10,31631,239453,27108.4,14651,10.1,91.7,10,10
confianza_5090,gtc2pc4,repeticiones emparejadas,ollama,ollama,26b_06b_np8,08,gemma4:26b,embed,docs_rag_qwen3_06b,2026-07-31 20:32:51,confianza_5090/ollama/26b_06b_np8/run_08/sweep.json,15,49365,540902,39351.13333333333,25078.333333333332,6.8133333333333335,84.9,15,15
confianza_5090,gtc2pc4,repeticiones emparejadas,ollama,ollama,26b_06b_np8,08,gemma4:26b,embed,docs_rag_qwen3_06b,2026-07-31 20:32:51,confianza_5090/ollama/26b_06b_np8/run_08/sweep.json,20,66293,905173,48573.3,33877.05,5.55,84.7,20,20
confianza_5090,gtc2pc4,repeticiones emparejadas,ollama,ollama,26b_06b_np8,08,gemma4:26b,embed,docs_rag_qwen3_06b,2026-07-31 20:32:51,confianza_5090/ollama/26b_06b_np8/run_08/sweep.json,25,199842,1373710,62942.08,42405.958333333336,4.5,32.1,25,25
confianza_5090,gtc2pc4,repeticiones emparejadas,ollama,ollama,26b_06b_np8,03,gemma4:26b,embed,docs_rag_qwen3_06b,2026-07-31 19:48:47,confianza_5090/ollama/26b_06b_np8/run_03/sweep.json,1,6327,0,6327,3051,75.1,75.1,1,1
confianza_5090,gtc2pc4,repeticiones emparejadas,ollama,ollama,26b_06b_np8,03,gemma4:26b,embed,docs_rag_qwen3_06b,2026-07-31 19:48:47,confianza_5090/ollama/26b_06b_np8/run_03/sweep.json,5,23169,79455,20524.8,7987.2,19.94,89.7,5,5
confianza_5090,gtc2pc4,repeticiones emparejadas,ollama,ollama,26b_06b_np8,03,gemma4:26b,embed,docs_rag_qwen3_06b,2026-07-31 19:48:47,confianza_5090/ollama/26b_06b_np8/run_03/sweep.json,10,188006,407743,59574.9,13226.5,10.25,15.6,10,10
confianza_5090,gtc2pc4,repeticiones emparejadas,ollama,ollama,26b_06b_np8,03,gemma4:26b,embed,docs_rag_qwen3_06b,2026-07-31 19:48:47,confianza_5090/ollama/26b_06b_np8/run_03/sweep.json,15,193630,537151,48718.73333333333,22864.071428571428,8.353333333333333,25.1,15,15
confianza_5090,gtc2pc4,repeticiones emparejadas,ollama,ollama,26b_06b_np8,03,gemma4:26b,embed,docs_rag_qwen3_06b,2026-07-31 19:48:47,confianza_5090/ollama/26b_06b_np8/run_03/sweep.json,20,193637,1074515,63407.6,32835.5,6.22,32.5,20,20
confianza_5090,gtc2pc4,repeticiones emparejadas,ollama,ollama,26b_06b_np8,03,gemma4:26b,embed,docs_rag_qwen3_06b,2026-07-31 19:48:47,confianza_5090/ollama/26b_06b_np8/run_03/sweep.json,25,199135,1501799,68037.36,40223.782608695656,5.292,38.6,25,25
confianza_5090,gtc2pc4,repeticiones emparejadas,ollama,ollama,26b_06b_np8,02,gemma4:26b,embed,docs_rag_qwen3_06b,2026-07-31 19:42:09,confianza_5090/ollama/26b_06b_np8/run_02/sweep.json,1,4485,0,4485,3665,12.7,12.7,1,1
confianza_5090,gtc2pc4,repeticiones emparejadas,ollama,ollama,26b_06b_np8,02,gemma4:26b,embed,docs_rag_qwen3_06b,2026-07-31 19:42:09,confianza_5090/ollama/26b_06b_np8/run_02/sweep.json,5,17264,60323,15517.4,9106.6,14.219999999999999,66.7,5,5
confianza_5090,gtc2pc4,repeticiones emparejadas,ollama,ollama,26b_06b_np8,02,gemma4:26b,embed,docs_rag_qwen3_06b,2026-07-31 19:42:09,confianza_5090/ollama/26b_06b_np8/run_02/sweep.json,10,28227,216084,24431.1,13827.9,10.04,90.2,10,10
confianza_5090,gtc2pc4,repeticiones emparejadas,ollama,ollama,26b_06b_np8,02,gemma4:26b,embed,docs_rag_qwen3_06b,2026-07-31 19:42:09,confianza_5090/ollama/26b_06b_np8/run_02/sweep.json,15,46987,534123,38740.666666666664,25305.4,6.786666666666666,86.3,15,15
confianza_5090,gtc2pc4,repeticiones emparejadas,ollama,ollama,26b_06b_np8,02,gemma4:26b,embed,docs_rag_qwen3_06b,2026-07-31 19:42:09,confianza_5090/ollama/26b_06b_np8/run_02/sweep.json,20,200745,896304,54852.45,33562.26315789474,5.49,25.2,20,20
confianza_5090,gtc2pc4,repeticiones emparejadas,ollama,ollama,26b_06b_np8,02,gemma4:26b,embed,docs_rag_qwen3_06b,2026-07-31 19:42:09,confianza_5090/ollama/26b_06b_np8/run_02/sweep.json,25,76105,1278914,54200.76,40515.04,4.44,81.4,25,25
confianza_5090,gtc2pc4,repeticiones emparejadas,ollama,ollama,12b_4b_np1,04,gemma4:12b,embed,docs_rag_qwen3,2026-07-27 22:53:29,confianza_5090/ollama/12b_4b_np1/run_04/sweep.json,1,7357,0,7357,5508,19.3,19.3,1,1
confianza_5090,gtc2pc4,repeticiones emparejadas,ollama,ollama,12b_4b_np1,04,gemma4:12b,embed,docs_rag_qwen3,2026-07-27 22:53:29,confianza_5090/ollama/12b_4b_np1/run_04/sweep.json,5,27894,68906,19360,15999.6,15.66,52.8,5,5
confianza_5090,gtc2pc4,repeticiones emparejadas,ollama,ollama,12b_4b_np1,04,gemma4:12b,embed,docs_rag_qwen3,2026-07-27 22:53:29,confianza_5090/ollama/12b_4b_np1/run_04/sweep.json,10,65357,358399,42375.6,38112.5,10.85,61.0,10,10
confianza_5090,gtc2pc4,repeticiones emparejadas,ollama,ollama,12b_4b_np1,04,gemma4:12b,embed,docs_rag_qwen3,2026-07-27 22:53:29,confianza_5090/ollama/12b_4b_np1/run_04/sweep.json,15,86842,791338,58545.333333333336,55009.6,6.613333333333333,56.0,15,15
confianza_5090,gtc2pc4,repeticiones emparejadas,ollama,ollama,12b_4b_np1,04,gemma4:12b,embed,docs_rag_qwen3,2026-07-27 22:53:29,confianza_5090/ollama/12b_4b_np1/run_04/sweep.json,20,118164,1381420,74979.2,71306.9,5.27,57.1,20,20
confianza_5090,gtc2pc4,repeticiones emparejadas,ollama,ollama,12b_4b_np1,04,gemma4:12b,embed,docs_rag_qwen3,2026-07-27 22:53:29,confianza_5090/ollama/12b_4b_np1/run_04/sweep.json,25,139050,2089994,89161.76,85864.72,3.892,53.7,25,25
confianza_5090,gtc2pc4,repeticiones emparejadas,ollama,ollama,12b_4b_np1,01,gemma4:12b,embed,docs_rag_qwen3,2026-07-27 22:28:20,confianza_5090/ollama/12b_4b_np1/run_01/sweep.json,1,6782,-1,6781,4135,40.3,40.3,1,1
confianza_5090,gtc2pc4,repeticiones emparejadas,ollama,ollama,12b_4b_np1,01,gemma4:12b,embed,docs_rag_qwen3,2026-07-27 22:28:20,confianza_5090/ollama/12b_4b_np1/run_01/sweep.json,5,30689,79917,22121.2,18346.8,17.04,56.4,5,5
confianza_5090,gtc2pc4,repeticiones emparejadas,ollama,ollama,12b_4b_np1,01,gemma4:12b,embed,docs_rag_qwen3,2026-07-27 22:28:20,confianza_5090/ollama/12b_4b_np1/run_01/sweep.json,10,62698,336383,39908.1,35969.6,10.19,58.3,10,10
confianza_5090,gtc2pc4,repeticiones emparejadas,ollama,ollama,12b_4b_np1,01,gemma4:12b,embed,docs_rag_qwen3,2026-07-27 22:28:20,confianza_5090/ollama/12b_4b_np1/run_01/sweep.json,15,100640,823206,61589.73333333333,57169.2,7.86,61.9,15,15
confianza_5090,gtc2pc4,repeticiones emparejadas,ollama,ollama,12b_4b_np1,01,gemma4:12b,embed,docs_rag_qwen3,2026-07-27 22:28:20,confianza_5090/ollama/12b_4b_np1/run_01/sweep.json,20,131028,1466057,79854.25,75537.25,5.75,61.2,20,20
confianza_5090,gtc2pc4,repeticiones emparejadas,ollama,ollama,12b_4b_np1,01,gemma4:12b,embed,docs_rag_qwen3,2026-07-27 22:28:20,confianza_5090/ollama/12b_4b_np1/run_01/sweep.json,25,160663,2300560,98448.92,94327.24,4.408,59.1,25,25
confianza_5090,gtc2pc4,repeticiones emparejadas,ollama,ollama,12b_4b_np1,05,gemma4:12b,embed,docs_rag_qwen3,2026-07-27 23:01:15,confianza_5090/ollama/12b_4b_np1/run_05/sweep.json,1,7031,0,7031,5239,18.8,18.8,1,1
confianza_5090,gtc2pc4,repeticiones emparejadas,ollama,ollama,12b_4b_np1,05,gemma4:12b,embed,docs_rag_qwen3,2026-07-27 23:01:15,confianza_5090/ollama/12b_4b_np1/run_05/sweep.json,5,26705,72902,19921.4,16918.6,13.879999999999999,46.7,5,5
confianza_5090,gtc2pc4,repeticiones emparejadas,ollama,ollama,12b_4b_np1,05,gemma4:12b,embed,docs_rag_qwen3,2026-07-27 23:01:15,confianza_5090/ollama/12b_4b_np1/run_05/sweep.json,10,56077,317644,37372.1,34052.1,8.51,51.4,10,10
confianza_5090,gtc2pc4,repeticiones emparejadas,ollama,ollama,12b_4b_np1,05,gemma4:12b,embed,docs_rag_qwen3,2026-07-27 23:01:15,confianza_5090/ollama/12b_4b_np1/run_05/sweep.json,15,92727,785288,58534.333333333336,54606.2,6.886666666666667,57.5,15,15
confianza_5090,gtc2pc4,repeticiones emparejadas,ollama,ollama,12b_4b_np1,05,gemma4:12b,embed,docs_rag_qwen3,2026-07-27 23:01:15,confianza_5090/ollama/12b_4b_np1/run_05/sweep.json,20,123999,1373048,74852.35,70890.1,5.3,57.7,20,20
confianza_5090,gtc2pc4,repeticiones emparejadas,ollama,ollama,12b_4b_np1,05,gemma4:12b,embed,docs_rag_qwen3,2026-07-27 23:01:15,confianza_5090/ollama/12b_4b_np1/run_05/sweep.json,25,146974,2118208,90607.28,86942.32,4.088,55.7,25,25
confianza_5090,gtc2pc4,repeticiones emparejadas,ollama,ollama,12b_4b_np1,07,gemma4:12b,embed,docs_rag_qwen3,2026-07-27 23:17:10,confianza_5090/ollama/12b_4b_np1/run_07/sweep.json,1,10763,-1,10762,3969,63.3,63.3,1,1
confianza_5090,gtc2pc4,repeticiones emparejadas,ollama,ollama,12b_4b_np1,07,gemma4:12b,embed,docs_rag_qwen3,2026-07-27 23:17:10,confianza_5090/ollama/12b_4b_np1/run_07/sweep.json,5,29179,78672,21570.2,18013.4,17.16,55.1,5,5
confianza_5090,gtc2pc4,repeticiones emparejadas,ollama,ollama,12b_4b_np1,07,gemma4:12b,embed,docs_rag_qwen3,2026-07-27 23:17:10,confianza_5090/ollama/12b_4b_np1/run_07/sweep.json,10,60240,353103,41334.3,37549.4,10.08,57.3,10,10
confianza_5090,gtc2pc4,repeticiones emparejadas,ollama,ollama,12b_4b_np1,07,gemma4:12b,embed,docs_rag_qwen3,2026-07-27 23:17:10,confianza_5090/ollama/12b_4b_np1/run_07/sweep.json,15,93047,785726,58584.86666666667,54680.4,6.6066666666666665,55.7,15,15
confianza_5090,gtc2pc4,repeticiones emparejadas,ollama,ollama,12b_4b_np1,07,gemma4:12b,embed,docs_rag_qwen3,2026-07-27 23:17:10,confianza_5090/ollama/12b_4b_np1/run_07/sweep.json,20,121338,1417650,76949.4,73129.6,5.025,55.9,20,20
confianza_5090,gtc2pc4,repeticiones emparejadas,ollama,ollama,12b_4b_np1,07,gemma4:12b,embed,docs_rag_qwen3,2026-07-27 23:17:10,confianza_5090/ollama/12b_4b_np1/run_07/sweep.json,25,148619,2183485,93284.16,89520.72,4.1,55.9,25,25
confianza_5090,gtc2pc4,repeticiones emparejadas,ollama,ollama,12b_4b_np1,06,gemma4:12b,embed,docs_rag_qwen3,2026-07-27 23:09:11,confianza_5090/ollama/12b_4b_np1/run_06/sweep.json,1,5469,0,5469,4100,19.7,19.7,1,1
confianza_5090,gtc2pc4,repeticiones emparejadas,ollama,ollama,12b_4b_np1,06,gemma4:12b,embed,docs_rag_qwen3,2026-07-27 23:09:11,confianza_5090/ollama/12b_4b_np1/run_06/sweep.json,5,33002,71407,20881.8,16703,17.02,54.4,5,5
confianza_5090,gtc2pc4,repeticiones emparejadas,ollama,ollama,12b_4b_np1,06,gemma4:12b,embed,docs_rag_qwen3,2026-07-27 23:09:11,confianza_5090/ollama/12b_4b_np1/run_06/sweep.json,10,62041,334625,39666.6,35717.8,9.59,54.8,10,10
confianza_5090,gtc2pc4,repeticiones emparejadas,ollama,ollama,12b_4b_np1,06,gemma4:12b,embed,docs_rag_qwen3,2026-07-27 23:09:11,confianza_5090/ollama/12b_4b_np1/run_06/sweep.json,15,88449,718534,53798.86666666667,50160.86666666667,6.286666666666667,53.5,15,15
confianza_5090,gtc2pc4,repeticiones emparejadas,ollama,ollama,12b_4b_np1,06,gemma4:12b,embed,docs_rag_qwen3,2026-07-27 23:09:11,confianza_5090/ollama/12b_4b_np1/run_06/sweep.json,20,118781,1439891,77933.6,74201.4,4.975,54.1,20,20
confianza_5090,gtc2pc4,repeticiones emparejadas,ollama,ollama,12b_4b_np1,06,gemma4:12b,embed,docs_rag_qwen3,2026-07-27 23:09:11,confianza_5090/ollama/12b_4b_np1/run_06/sweep.json,25,146309,2188374,93387.32,89720.88,4.06,54.5,25,25
confianza_5090,gtc2pc4,repeticiones emparejadas,ollama,ollama,12b_4b_np1,10,gemma4:12b,embed,docs_rag_qwen3,2026-07-27 23:40:36,confianza_5090/ollama/12b_4b_np1/run_10/sweep.json,1,8131,0,8131,5160,32.5,32.5,1,1
confianza_5090,gtc2pc4,repeticiones emparejadas,ollama,ollama,12b_4b_np1,10,gemma4:12b,embed,docs_rag_qwen3,2026-07-27 23:40:36,confianza_5090/ollama/12b_4b_np1/run_10/sweep.json,5,23263,55691,15790.8,13454.6,12.04,43.3,5,5
confianza_5090,gtc2pc4,repeticiones emparejadas,ollama,ollama,12b_4b_np1,10,gemma4:12b,embed,docs_rag_qwen3,2026-07-27 23:40:36,confianza_5090/ollama/12b_4b_np1/run_10/sweep.json,10,50028,302403,35243.1,32576.2,7.65,45.6,10,10
confianza_5090,gtc2pc4,repeticiones emparejadas,ollama,ollama,12b_4b_np1,10,gemma4:12b,embed,docs_rag_qwen3,2026-07-27 23:40:36,confianza_5090/ollama/12b_4b_np1/run_10/sweep.json,15,89707,780482,58012.6,54192.666666666664,6.8533333333333335,56.6,15,15
confianza_5090,gtc2pc4,repeticiones emparejadas,ollama,ollama,12b_4b_np1,10,gemma4:12b,embed,docs_rag_qwen3,2026-07-27 23:40:36,confianza_5090/ollama/12b_4b_np1/run_10/sweep.json,20,121877,1358005,73994.1,70063.15,5.285,57.3,20,20
confianza_5090,gtc2pc4,repeticiones emparejadas,ollama,ollama,12b_4b_np1,10,gemma4:12b,embed,docs_rag_qwen3,2026-07-27 23:40:36,confianza_5090/ollama/12b_4b_np1/run_10/sweep.json,25,156478,2285551,97681.16,93671.4,4.28,57.0,25,25
confianza_5090,gtc2pc4,repeticiones emparejadas,ollama,ollama,12b_4b_np1,09,gemma4:12b,embed,docs_rag_qwen3,2026-07-27 23:32:46,confianza_5090/ollama/12b_4b_np1/run_09/sweep.json,1,9231,0,9231,5502,34.4,34.4,1,1
confianza_5090,gtc2pc4,repeticiones emparejadas,ollama,ollama,12b_4b_np1,09,gemma4:12b,embed,docs_rag_qwen3,2026-07-27 23:32:46,confianza_5090/ollama/12b_4b_np1/run_09/sweep.json,5,32604,77472,22015.2,18040.4,17.5,54.8,5,5
confianza_5090,gtc2pc4,repeticiones emparejadas,ollama,ollama,12b_4b_np1,09,gemma4:12b,embed,docs_rag_qwen3,2026-07-27 23:32:46,confianza_5090/ollama/12b_4b_np1/run_09/sweep.json,10,57459,321208,37866.7,34355.9,9.17,53.9,10,10
confianza_5090,gtc2pc4,repeticiones emparejadas,ollama,ollama,12b_4b_np1,09,gemma4:12b,embed,docs_rag_qwen3,2026-07-27 23:32:46,confianza_5090/ollama/12b_4b_np1/run_09/sweep.json,15,89644,770752,57359.73333333333,53709.4,6.553333333333334,54.0,15,15
confianza_5090,gtc2pc4,repeticiones emparejadas,ollama,ollama,12b_4b_np1,09,gemma4:12b,embed,docs_rag_qwen3,2026-07-27 23:32:46,confianza_5090/ollama/12b_4b_np1/run_09/sweep.json,20,117288,1347536,73241.2,69663.6,4.865,54.1,20,20
confianza_5090,gtc2pc4,repeticiones emparejadas,ollama,ollama,12b_4b_np1,09,gemma4:12b,embed,docs_rag_qwen3,2026-07-27 23:32:46,confianza_5090/ollama/12b_4b_np1/run_09/sweep.json,25,142199,2083697,89035.84,85631.8,3.804,52.7,25,25
confianza_5090,gtc2pc4,repeticiones emparejadas,ollama,ollama,12b_4b_np1,08,gemma4:12b,embed,docs_rag_qwen3,2026-07-27 23:25:15,confianza_5090/ollama/12b_4b_np1/run_08/sweep.json,1,8379,-1,8378,4953,35.0,35.0,1,1
confianza_5090,gtc2pc4,repeticiones emparejadas,ollama,ollama,12b_4b_np1,08,gemma4:12b,embed,docs_rag_qwen3,2026-07-27 23:25:15,confianza_5090/ollama/12b_4b_np1/run_08/sweep.json,5,27670,73368,20207.6,16972.6,15.34,50.8,5,5
confianza_5090,gtc2pc4,repeticiones emparejadas,ollama,ollama,12b_4b_np1,08,gemma4:12b,embed,docs_rag_qwen3,2026-07-27 23:25:15,confianza_5090/ollama/12b_4b_np1/run_08/sweep.json,10,53924,283704,33762.8,30709.7,7.92,49.4,10,10
confianza_5090,gtc2pc4,repeticiones emparejadas,ollama,ollama,12b_4b_np1,08,gemma4:12b,embed,docs_rag_qwen3,2026-07-27 23:25:15,confianza_5090/ollama/12b_4b_np1/run_08/sweep.json,15,86613,752717,55955.333333333336,52427.13333333333,6.246666666666667,53.9,15,15
confianza_5090,gtc2pc4,repeticiones emparejadas,ollama,ollama,12b_4b_np1,08,gemma4:12b,embed,docs_rag_qwen3,2026-07-27 23:25:15,confianza_5090/ollama/12b_4b_np1/run_08/sweep.json,20,109596,1328070,71883.3,68685.2,4.595,51.8,20,20
confianza_5090,gtc2pc4,repeticiones emparejadas,ollama,ollama,12b_4b_np1,08,gemma4:12b,embed,docs_rag_qwen3,2026-07-27 23:25:15,confianza_5090/ollama/12b_4b_np1/run_08/sweep.json,25,139587,2041375,87238.48,83963,3.684,51.7,25,25
confianza_5090,gtc2pc4,repeticiones emparejadas,ollama,ollama,12b_4b_np1,03,gemma4:12b,embed,docs_rag_qwen3,2026-07-27 22:44:32,confianza_5090/ollama/12b_4b_np1/run_03/sweep.json,1,9812,-1,9811,5084,44.7,44.7,1,1
confianza_5090,gtc2pc4,repeticiones emparejadas,ollama,ollama,12b_4b_np1,03,gemma4:12b,embed,docs_rag_qwen3,2026-07-27 22:44:32,confianza_5090/ollama/12b_4b_np1/run_03/sweep.json,5,32354,81091,22689,18492,18.34,58.8,5,5
confianza_5090,gtc2pc4,repeticiones emparejadas,ollama,ollama,12b_4b_np1,03,gemma4:12b,embed,docs_rag_qwen3,2026-07-27 22:44:32,confianza_5090/ollama/12b_4b_np1/run_03/sweep.json,10,69048,372578,44162.6,39518.7,10.9,61.1,10,10
confianza_5090,gtc2pc4,repeticiones emparejadas,ollama,ollama,12b_4b_np1,03,gemma4:12b,embed,docs_rag_qwen3,2026-07-27 22:44:32,confianza_5090/ollama/12b_4b_np1/run_03/sweep.json,15,105709,876617,65488.4,60657.933333333334,7.9,62.5,15,15
confianza_5090,gtc2pc4,repeticiones emparejadas,ollama,ollama,12b_4b_np1,03,gemma4:12b,embed,docs_rag_qwen3,2026-07-27 22:44:32,confianza_5090/ollama/12b_4b_np1/run_03/sweep.json,20,129591,1542034,83581.25,79322.35,5.53,59.3,20,20
confianza_5090,gtc2pc4,repeticiones emparejadas,ollama,ollama,12b_4b_np1,03,gemma4:12b,embed,docs_rag_qwen3,2026-07-27 22:44:32,confianza_5090/ollama/12b_4b_np1/run_03/sweep.json,25,167153,2320835,99519.52,95035.04,4.84,61.3,25,25
confianza_5090,gtc2pc4,repeticiones emparejadas,ollama,ollama,12b_4b_np1,02,gemma4:12b,embed,docs_rag_qwen3,2026-07-27 22:36:55,confianza_5090/ollama/12b_4b_np1/run_02/sweep.json,1,6491,0,6491,5250,10.0,10.0,1,1
confianza_5090,gtc2pc4,repeticiones emparejadas,ollama,ollama,12b_4b_np1,02,gemma4:12b,embed,docs_rag_qwen3,2026-07-27 22:36:55,confianza_5090/ollama/12b_4b_np1/run_02/sweep.json,5,28301,72892,20238.6,17011,14.82,51.1,5,5
confianza_5090,gtc2pc4,repeticiones emparejadas,ollama,ollama,12b_4b_np1,02,gemma4:12b,embed,docs_rag_qwen3,2026-07-27 22:36:55,confianza_5090/ollama/12b_4b_np1/run_02/sweep.json,10,53446,302519,35596.5,32579.5,8.32,50.3,10,10
confianza_5090,gtc2pc4,repeticiones emparejadas,ollama,ollama,12b_4b_np1,02,gemma4:12b,embed,docs_rag_qwen3,2026-07-27 22:36:55,confianza_5090/ollama/12b_4b_np1/run_02/sweep.json,15,84638,732662,54486.666666666664,51058.933333333334,6.46,54.7,15,15
confianza_5090,gtc2pc4,repeticiones emparejadas,ollama,ollama,12b_4b_np1,02,gemma4:12b,embed,docs_rag_qwen3,2026-07-27 22:36:55,confianza_5090/ollama/12b_4b_np1/run_02/sweep.json,20,116820,1422614,76971.7,73370.7,5.1000000000000005,55.9,20,20
confianza_5090,gtc2pc4,repeticiones emparejadas,ollama,ollama,12b_4b_np1,02,gemma4:12b,embed,docs_rag_qwen3,2026-07-27 22:36:55,confianza_5090/ollama/12b_4b_np1/run_02/sweep.json,25,142423,2196883,93572.24,90130,3.928,54.4,25,25
confianza_5090,gtc2pc4,repeticiones emparejadas,ollama,ollama,26b_4b_np8,04,gemma4:26b,embed,docs_rag_qwen3,2026-07-31 21:16:31,confianza_5090/ollama/26b_4b_np8/run_04/sweep.json,1,5320,0,5320,3878,30.5,30.5,1,1
confianza_5090,gtc2pc4,repeticiones emparejadas,ollama,ollama,26b_4b_np8,04,gemma4:26b,embed,docs_rag_qwen3,2026-07-31 21:16:31,confianza_5090/ollama/26b_4b_np8/run_04/sweep.json,5,17640,59254,15378.8,7314.2,21.7,97.3,5,5
confianza_5090,gtc2pc4,repeticiones emparejadas,ollama,ollama,26b_4b_np8,04,gemma4:26b,embed,docs_rag_qwen3,2026-07-31 21:16:31,confianza_5090/ollama/26b_4b_np8/run_04/sweep.json,10,33374,249169,28254.3,13655.1,11.76,101.9,10,10
confianza_5090,gtc2pc4,repeticiones emparejadas,ollama,ollama,26b_4b_np8,04,gemma4:26b,embed,docs_rag_qwen3,2026-07-31 21:16:31,confianza_5090/ollama/26b_4b_np8/run_04/sweep.json,15,49848,474475,34954.86666666667,22045.666666666668,7.42,86.4,15,15
confianza_5090,gtc2pc4,repeticiones emparejadas,ollama,ollama,26b_4b_np8,04,gemma4:26b,embed,docs_rag_qwen3,2026-07-31 21:16:31,confianza_5090/ollama/26b_4b_np8/run_04/sweep.json,20,64013,840629,45232.1,30482.8,6.375,95.1,20,20
confianza_5090,gtc2pc4,repeticiones emparejadas,ollama,ollama,26b_4b_np8,04,gemma4:26b,embed,docs_rag_qwen3,2026-07-31 21:16:31,confianza_5090/ollama/26b_4b_np8/run_04/sweep.json,25,194759,1466661,66456.8,44256.833333333336,5.052,39.3,25,25
confianza_5090,gtc2pc4,repeticiones emparejadas,ollama,ollama,26b_4b_np8,01,gemma4:26b,embed,docs_rag_qwen3,2026-07-31 20:48:54,confianza_5090/ollama/26b_4b_np8/run_01/sweep.json,1,5808,0,5808,3591,57.0,57.0,1,1
confianza_5090,gtc2pc4,repeticiones emparejadas,ollama,ollama,26b_4b_np8,01,gemma4:26b,embed,docs_rag_qwen3,2026-07-31 20:48:54,confianza_5090/ollama/26b_4b_np8/run_01/sweep.json,5,22576,75780,19671.2,8612.6,20.74,93.2,5,5
confianza_5090,gtc2pc4,repeticiones emparejadas,ollama,ollama,26b_4b_np8,01,gemma4:26b,embed,docs_rag_qwen3,2026-07-31 20:48:54,confianza_5090/ollama/26b_4b_np8/run_01/sweep.json,10,35551,258063,29361.4,15072.9,12.5,104.6,10,10
confianza_5090,gtc2pc4,repeticiones emparejadas,ollama,ollama,26b_4b_np8,01,gemma4:26b,embed,docs_rag_qwen3,2026-07-31 20:48:54,confianza_5090/ollama/26b_4b_np8/run_01/sweep.json,15,58328,633413,46116.066666666666,27517.666666666668,8.873333333333333,105.9,15,15
confianza_5090,gtc2pc4,repeticiones emparejadas,ollama,ollama,26b_4b_np8,01,gemma4:26b,embed,docs_rag_qwen3,2026-07-31 20:48:54,confianza_5090/ollama/26b_4b_np8/run_01/sweep.json,20,77733,1084170,58095.15,38430.25,7.485,109.8,20,20
confianza_5090,gtc2pc4,repeticiones emparejadas,ollama,ollama,26b_4b_np8,01,gemma4:26b,embed,docs_rag_qwen3,2026-07-31 20:48:54,confianza_5090/ollama/26b_4b_np8/run_01/sweep.json,25,92650,1571584,66569.36,47248.28,5.968,105.9,25,25
confianza_5090,gtc2pc4,repeticiones emparejadas,ollama,ollama,26b_4b_np8,05,gemma4:26b,embed,docs_rag_qwen3,2026-07-31 21:23:01,confianza_5090/ollama/26b_4b_np8/run_05/sweep.json,1,4899,0,4899,3624,24.9,24.9,1,1
confianza_5090,gtc2pc4,repeticiones emparejadas,ollama,ollama,26b_4b_np8,05,gemma4:26b,embed,docs_rag_qwen3,2026-07-31 21:23:01,confianza_5090/ollama/26b_4b_np8/run_05/sweep.json,5,20109,66302,17282.2,9536.2,14.4,64.9,5,5
confianza_5090,gtc2pc4,repeticiones emparejadas,ollama,ollama,26b_4b_np8,05,gemma4:26b,embed,docs_rag_qwen3,2026-07-31 21:23:01,confianza_5090/ollama/26b_4b_np8/run_05/sweep.json,10,33699,240293,27399.2,14991.6,9.97,85.2,10,10
confianza_5090,gtc2pc4,repeticiones emparejadas,ollama,ollama,26b_4b_np8,05,gemma4:26b,embed,docs_rag_qwen3,2026-07-31 21:23:01,confianza_5090/ollama/26b_4b_np8/run_05/sweep.json,15,52786,556393,40611.933333333334,25859.6,7.473333333333334,88.4,15,15
confianza_5090,gtc2pc4,repeticiones emparejadas,ollama,ollama,26b_4b_np8,05,gemma4:26b,embed,docs_rag_qwen3,2026-07-31 21:23:01,confianza_5090/ollama/26b_4b_np8/run_05/sweep.json,20,67010,953083,51004.65,35086.5,6.0,93.5,20,20
confianza_5090,gtc2pc4,repeticiones emparejadas,ollama,ollama,26b_4b_np8,05,gemma4:26b,embed,docs_rag_qwen3,2026-07-31 21:23:01,confianza_5090/ollama/26b_4b_np8/run_05/sweep.json,25,85136,1452224,61494.4,44510.88,5.048,91.4,25,25
confianza_5090,gtc2pc4,repeticiones emparejadas,ollama,ollama,26b_4b_np8,07,gemma4:26b,embed,docs_rag_qwen3,2026-07-31 21:32:35,confianza_5090/ollama/26b_4b_np8/run_07/sweep.json,1,8358,0,8358,3666,82.0,82.0,1,1
confianza_5090,gtc2pc4,repeticiones emparejadas,ollama,ollama,26b_4b_np8,07,gemma4:26b,embed,docs_rag_qwen3,2026-07-31 21:32:35,confianza_5090/ollama/26b_4b_np8/run_07/sweep.json,5,19127,64411,16707.6,8422.4,18.66,86.8,5,5
confianza_5090,gtc2pc4,repeticiones emparejadas,ollama,ollama,26b_4b_np8,07,gemma4:26b,embed,docs_rag_qwen3,2026-07-31 21:32:35,confianza_5090/ollama/26b_4b_np8/run_07/sweep.json,10,36588,249854,28644.2,14440.1,10.5,88.5,10,10
confianza_5090,gtc2pc4,repeticiones emparejadas,ollama,ollama,26b_4b_np8,07,gemma4:26b,embed,docs_rag_qwen3,2026-07-31 21:32:35,confianza_5090/ollama/26b_4b_np8/run_07/sweep.json,15,50015,560471,40699.066666666666,25745.6,6.993333333333333,87.4,15,15
confianza_5090,gtc2pc4,repeticiones emparejadas,ollama,ollama,26b_4b_np8,07,gemma4:26b,embed,docs_rag_qwen3,2026-07-31 21:32:35,confianza_5090/ollama/26b_4b_np8/run_07/sweep.json,20,67527,963834,51568.05,35842.65,5.78,89.8,20,20
confianza_5090,gtc2pc4,repeticiones emparejadas,ollama,ollama,26b_4b_np8,07,gemma4:26b,embed,docs_rag_qwen3,2026-07-31 21:32:35,confianza_5090/ollama/26b_4b_np8/run_07/sweep.json,25,84599,1437546,60885.8,44895.36,5.0,90.3,25,25
confianza_5090,gtc2pc4,repeticiones emparejadas,ollama,ollama,26b_4b_np8,06,gemma4:26b,embed,docs_rag_qwen3,2026-07-31 21:27:49,confianza_5090/ollama/26b_4b_np8/run_06/sweep.json,1,3932,0,3932,3199,17.5,17.5,1,1
confianza_5090,gtc2pc4,repeticiones emparejadas,ollama,ollama,26b_4b_np8,06,gemma4:26b,embed,docs_rag_qwen3,2026-07-31 21:27:49,confianza_5090/ollama/26b_4b_np8/run_06/sweep.json,5,21430,63696,17025.2,8974.4,16.82,72.8,5,5
confianza_5090,gtc2pc4,repeticiones emparejadas,ollama,ollama,26b_4b_np8,06,gemma4:26b,embed,docs_rag_qwen3,2026-07-31 21:27:49,confianza_5090/ollama/26b_4b_np8/run_06/sweep.json,10,34056,237561,27161.7,15417.3,9.38,80.7,10,10
confianza_5090,gtc2pc4,repeticiones emparejadas,ollama,ollama,26b_4b_np8,06,gemma4:26b,embed,docs_rag_qwen3,2026-07-31 21:27:49,confianza_5090/ollama/26b_4b_np8/run_06/sweep.json,15,49887,522569,38163.73333333333,24765.133333333335,6.2,76.1,15,15
confianza_5090,gtc2pc4,repeticiones emparejadas,ollama,ollama,26b_4b_np8,06,gemma4:26b,embed,docs_rag_qwen3,2026-07-31 21:27:49,confianza_5090/ollama/26b_4b_np8/run_06/sweep.json,20,68019,925312,49666.55,34165.35,5.475,84.2,20,20
confianza_5090,gtc2pc4,repeticiones emparejadas,ollama,ollama,26b_4b_np8,06,gemma4:26b,embed,docs_rag_qwen3,2026-07-31 21:27:49,confianza_5090/ollama/26b_4b_np8/run_06/sweep.json,25,84893,1398582,59339,43225.12,4.76,84.6,25,25
confianza_5090,gtc2pc4,repeticiones emparejadas,ollama,ollama,26b_4b_np8,10,gemma4:26b,embed,docs_rag_qwen3,2026-07-31 21:54:55,confianza_5090/ollama/26b_4b_np8/run_10/sweep.json,1,7345,0,7345,4996,41.0,41.0,1,1
confianza_5090,gtc2pc4,repeticiones emparejadas,ollama,ollama,26b_4b_np8,10,gemma4:26b,embed,docs_rag_qwen3,2026-07-31 21:54:55,confianza_5090/ollama/26b_4b_np8/run_10/sweep.json,5,17383,60124,15501.4,9236,13.46,62.1,5,5
confianza_5090,gtc2pc4,repeticiones emparejadas,ollama,ollama,26b_4b_np8,10,gemma4:26b,embed,docs_rag_qwen3,2026-07-31 21:54:55,confianza_5090/ollama/26b_4b_np8/run_10/sweep.json,10,29951,217117,24706.8,14109.2,9.08,79.0,10,10
confianza_5090,gtc2pc4,repeticiones emparejadas,ollama,ollama,26b_4b_np8,10,gemma4:26b,embed,docs_rag_qwen3,2026-07-31 21:54:55,confianza_5090/ollama/26b_4b_np8/run_10/sweep.json,15,51210,560517,40781.8,26040.666666666668,6.9,85.8,15,15
confianza_5090,gtc2pc4,repeticiones emparejadas,ollama,ollama,26b_4b_np8,10,gemma4:26b,embed,docs_rag_qwen3,2026-07-31 21:54:55,confianza_5090/ollama/26b_4b_np8/run_10/sweep.json,20,68515,941011,50476.3,35065.5,6.175,94.4,20,20
confianza_5090,gtc2pc4,repeticiones emparejadas,ollama,ollama,26b_4b_np8,10,gemma4:26b,embed,docs_rag_qwen3,2026-07-31 21:54:55,confianza_5090/ollama/26b_4b_np8/run_10/sweep.json,25,85874,1516714,64103.52,46918.28,5.296,94.8,25,25
confianza_5090,gtc2pc4,repeticiones emparejadas,ollama,ollama,26b_4b_np8,09,gemma4:26b,embed,docs_rag_qwen3,2026-07-31 21:43:55,confianza_5090/ollama/26b_4b_np8/run_09/sweep.json,1,7810,0,7810,4236,59.8,59.8,1,1
confianza_5090,gtc2pc4,repeticiones emparejadas,ollama,ollama,26b_4b_np8,09,gemma4:26b,embed,docs_rag_qwen3,2026-07-31 21:43:55,confianza_5090/ollama/26b_4b_np8/run_09/sweep.json,5,17975,60341,15663.2,8204.6,16.28,75.8,5,5
confianza_5090,gtc2pc4,repeticiones emparejadas,ollama,ollama,26b_4b_np8,09,gemma4:26b,embed,docs_rag_qwen3,2026-07-31 21:43:55,confianza_5090/ollama/26b_4b_np8/run_09/sweep.json,10,29089,210558,23964.7,12729.4,10.82,96.7,10,10
confianza_5090,gtc2pc4,repeticiones emparejadas,ollama,ollama,26b_4b_np8,09,gemma4:26b,embed,docs_rag_qwen3,2026-07-31 21:43:55,confianza_5090/ollama/26b_4b_np8/run_09/sweep.json,15,194139,548467,49507.066666666666,24569.928571428572,6.8933333333333335,21.8,15,15
confianza_5090,gtc2pc4,repeticiones emparejadas,ollama,ollama,26b_4b_np8,09,gemma4:26b,embed,docs_rag_qwen3,2026-07-31 21:43:55,confianza_5090/ollama/26b_4b_np8/run_09/sweep.json,20,188070,985577,58682.35,35480.57894736842,6.07,32.8,20,20
confianza_5090,gtc2pc4,repeticiones emparejadas,ollama,ollama,26b_4b_np8,09,gemma4:26b,embed,docs_rag_qwen3,2026-07-31 21:43:55,confianza_5090/ollama/26b_4b_np8/run_09/sweep.json,25,198395,1476384,66991.16,45515.083333333336,4.672,34.9,25,25
confianza_5090,gtc2pc4,repeticiones emparejadas,ollama,ollama,26b_4b_np8,08,gemma4:26b,embed,docs_rag_qwen3,2026-07-31 21:37:25,confianza_5090/ollama/26b_4b_np8/run_08/sweep.json,1,6703,0,6703,3829,51.8,51.8,1,1
confianza_5090,gtc2pc4,repeticiones emparejadas,ollama,ollama,26b_4b_np8,08,gemma4:26b,embed,docs_rag_qwen3,2026-07-31 21:37:25,confianza_5090/ollama/26b_4b_np8/run_08/sweep.json,5,19551,68058,17521.8,8485.8,15.940000000000001,73.1,5,5
confianza_5090,gtc2pc4,repeticiones emparejadas,ollama,ollama,26b_4b_np8,08,gemma4:26b,embed,docs_rag_qwen3,2026-07-31 21:37:25,confianza_5090/ollama/26b_4b_np8/run_08/sweep.json,10,31685,222293,25397.8,13940.5,9.98,83.4,10,10
confianza_5090,gtc2pc4,repeticiones emparejadas,ollama,ollama,26b_4b_np8,08,gemma4:26b,embed,docs_rag_qwen3,2026-07-31 21:37:25,confianza_5090/ollama/26b_4b_np8/run_08/sweep.json,15,50240,520697,38062.46666666667,24101,6.986666666666666,83.1,15,15
confianza_5090,gtc2pc4,repeticiones emparejadas,ollama,ollama,26b_4b_np8,08,gemma4:26b,embed,docs_rag_qwen3,2026-07-31 21:37:25,confianza_5090/ollama/26b_4b_np8/run_08/sweep.json,20,62594,915723,48915.85,34437.7,5.54,86.5,20,20
confianza_5090,gtc2pc4,repeticiones emparejadas,ollama,ollama,26b_4b_np8,08,gemma4:26b,embed,docs_rag_qwen3,2026-07-31 21:37:25,confianza_5090/ollama/26b_4b_np8/run_08/sweep.json,25,194339,1354043,61935.28,41208.458333333336,4.82,35.2,25,25
confianza_5090,gtc2pc4,repeticiones emparejadas,ollama,ollama,26b_4b_np8,03,gemma4:26b,embed,docs_rag_qwen3,2026-07-31 21:02:45,confianza_5090/ollama/26b_4b_np8/run_03/sweep.json,1,5004,0,5004,3049,57.0,57.0,1,1
confianza_5090,gtc2pc4,repeticiones emparejadas,ollama,ollama,26b_4b_np8,03,gemma4:26b,embed,docs_rag_qwen3,2026-07-31 21:02:45,confianza_5090/ollama/26b_4b_np8/run_03/sweep.json,5,31041,97075,25623.2,18853.6,11.7,53.9,5,5
confianza_5090,gtc2pc4,repeticiones emparejadas,ollama,ollama,26b_4b_np8,03,gemma4:26b,embed,docs_rag_qwen3,2026-07-31 21:02:45,confianza_5090/ollama/26b_4b_np8/run_03/sweep.json,10,186389,260077,44646.6,14298.555555555555,11.15,17.6,10,10
confianza_5090,gtc2pc4,repeticiones emparejadas,ollama,ollama,26b_4b_np8,03,gemma4:26b,embed,docs_rag_qwen3,2026-07-31 21:02:45,confianza_5090/ollama/26b_4b_np8/run_03/sweep.json,15,188293,626273,54304.4,27750.14285714286,7.88,28.1,15,15
confianza_5090,gtc2pc4,repeticiones emparejadas,ollama,ollama,26b_4b_np8,03,gemma4:26b,embed,docs_rag_qwen3,2026-07-31 21:02:45,confianza_5090/ollama/26b_4b_np8/run_03/sweep.json,20,201341,1141727,67153.4,35933.22222222222,5.94,30.8,20,20
confianza_5090,gtc2pc4,repeticiones emparejadas,ollama,ollama,26b_4b_np8,03,gemma4:26b,embed,docs_rag_qwen3,2026-07-31 21:02:45,confianza_5090/ollama/26b_4b_np8/run_03/sweep.json,25,188787,1483105,66875.68,44611.333333333336,5.288,43.4,25,25
confianza_5090,gtc2pc4,repeticiones emparejadas,ollama,ollama,26b_4b_np8,02,gemma4:26b,embed,docs_rag_qwen3,2026-07-31 20:54:12,confianza_5090/ollama/26b_4b_np8/run_02/sweep.json,1,5254,0,5254,4331,10.8,10.8,1,1
confianza_5090,gtc2pc4,repeticiones emparejadas,ollama,ollama,26b_4b_np8,02,gemma4:26b,embed,docs_rag_qwen3,2026-07-31 20:54:12,confianza_5090/ollama/26b_4b_np8/run_02/sweep.json,5,19127,65341,16893.6,9530.2,13.98,65.0,5,5
confianza_5090,gtc2pc4,repeticiones emparejadas,ollama,ollama,26b_4b_np8,02,gemma4:26b,embed,docs_rag_qwen3,2026-07-31 20:54:12,confianza_5090/ollama/26b_4b_np8/run_02/sweep.json,10,28460,221839,25029.9,15330.3,9.19,82.0,10,10
confianza_5090,gtc2pc4,repeticiones emparejadas,ollama,ollama,26b_4b_np8,02,gemma4:26b,embed,docs_rag_qwen3,2026-07-31 20:54:12,confianza_5090/ollama/26b_4b_np8/run_02/sweep.json,15,47292,535273,38837.666666666664,25327.866666666665,6.66,82.3,15,15
confianza_5090,gtc2pc4,repeticiones emparejadas,ollama,ollama,26b_4b_np8,02,gemma4:26b,embed,docs_rag_qwen3,2026-07-31 20:54:12,confianza_5090/ollama/26b_4b_np8/run_02/sweep.json,20,200962,896441,54870.15,32380.36842105263,5.505,26.4,20,20
confianza_5090,gtc2pc4,repeticiones emparejadas,ollama,ollama,26b_4b_np8,02,gemma4:26b,embed,docs_rag_qwen3,2026-07-31 20:54:12,confianza_5090/ollama/26b_4b_np8/run_02/sweep.json,25,188514,1350964,61579.12,41962.875,4.428,33.5,25,25
confianza_5090,gtc2pc4,repeticiones emparejadas,ollama,ollama,12b_4b_np8,04,gemma4:12b,embed,docs_rag_qwen3,2026-08-01 03:53:59,confianza_5090/ollama/12b_4b_np8/run_04/sweep.json,1,5908,0,5908,4676,14.2,14.2,1,1
confianza_5090,gtc2pc4,repeticiones emparejadas,ollama,ollama,12b_4b_np8,04,gemma4:12b,embed,docs_rag_qwen3,2026-08-01 03:53:59,confianza_5090/ollama/12b_4b_np8/run_04/sweep.json,5,25172,72998,19634,10880,11.82,51.0,5,5
confianza_5090,gtc2pc4,repeticiones emparejadas,ollama,ollama,12b_4b_np8,04,gemma4:12b,embed,docs_rag_qwen3,2026-08-01 03:53:59,confianza_5090/ollama/12b_4b_np8/run_04/sweep.json,10,45632,338752,38438.4,20263.1,8.49,75.6,10,10
confianza_5090,gtc2pc4,repeticiones emparejadas,ollama,ollama,12b_4b_np8,04,gemma4:12b,embed,docs_rag_qwen3,2026-08-01 03:53:59,confianza_5090/ollama/12b_4b_np8/run_04/sweep.json,15,69172,758486,55177.2,34428.066666666666,5.74,70.7,15,15
confianza_5090,gtc2pc4,repeticiones emparejadas,ollama,ollama,12b_4b_np8,04,gemma4:12b,embed,docs_rag_qwen3,2026-08-01 03:53:59,confianza_5090/ollama/12b_4b_np8/run_04/sweep.json,20,96912,1371407,73415.95,50223.25,4.775,73.6,20,20
confianza_5090,gtc2pc4,repeticiones emparejadas,ollama,ollama,12b_4b_np8,04,gemma4:12b,embed,docs_rag_qwen3,2026-08-01 03:53:59,confianza_5090/ollama/12b_4b_np8/run_04/sweep.json,25,107892,1880358,79530,58221.04,3.7,70.2,25,25
confianza_5090,gtc2pc4,repeticiones emparejadas,ollama,ollama,12b_4b_np8,01,gemma4:12b,embed,docs_rag_qwen3,2026-08-01 03:33:51,confianza_5090/ollama/12b_4b_np8/run_01/sweep.json,1,6198,-1,6197,4032,35.2,35.2,1,1
confianza_5090,gtc2pc4,repeticiones emparejadas,ollama,ollama,12b_4b_np8,01,gemma4:12b,embed,docs_rag_qwen3,2026-08-01 03:33:51,confianza_5090/ollama/12b_4b_np8/run_01/sweep.json,5,27318,98916,25246.8,11826.6,12.9,60.2,5,5
confianza_5090,gtc2pc4,repeticiones emparejadas,ollama,ollama,12b_4b_np8,01,gemma4:12b,embed,docs_rag_qwen3,2026-08-01 03:33:51,confianza_5090/ollama/12b_4b_np8/run_01/sweep.json,10,52682,370649,42333.1,20921.4,9.69,79.9,10,10
confianza_5090,gtc2pc4,repeticiones emparejadas,ollama,ollama,12b_4b_np8,01,gemma4:12b,embed,docs_rag_qwen3,2026-08-01 03:33:51,confianza_5090/ollama/12b_4b_np8/run_01/sweep.json,15,79477,856496,62398.2,38542.666666666664,6.673333333333334,78.6,15,15
confianza_5090,gtc2pc4,repeticiones emparejadas,ollama,ollama,12b_4b_np8,01,gemma4:12b,embed,docs_rag_qwen3,2026-08-01 03:33:51,confianza_5090/ollama/12b_4b_np8/run_01/sweep.json,20,100639,1413302,75697.05,51030,5.43,79.8,20,20
confianza_5090,gtc2pc4,repeticiones emparejadas,ollama,ollama,12b_4b_np8,01,gemma4:12b,embed,docs_rag_qwen3,2026-08-01 03:33:51,confianza_5090/ollama/12b_4b_np8/run_01/sweep.json,25,124478,2140132,90584.4,66166.84,4.196,74.3,25,25
confianza_5090,gtc2pc4,repeticiones emparejadas,ollama,ollama,12b_4b_np8,05,gemma4:12b,embed,docs_rag_qwen3,2026-08-01 04:00:14,confianza_5090/ollama/12b_4b_np8/run_05/sweep.json,1,6811,0,6811,5062,18.1,18.1,1,1
confianza_5090,gtc2pc4,repeticiones emparejadas,ollama,ollama,12b_4b_np8,05,gemma4:12b,embed,docs_rag_qwen3,2026-08-01 04:00:14,confianza_5090/ollama/12b_4b_np8/run_05/sweep.json,5,23678,79978,20731.2,11364,11.46,51.9,5,5
confianza_5090,gtc2pc4,repeticiones emparejadas,ollama,ollama,12b_4b_np8,05,gemma4:12b,embed,docs_rag_qwen3,2026-08-01 04:00:14,confianza_5090/ollama/12b_4b_np8/run_05/sweep.json,10,45391,342459,38785,20830.9,7.17,63.6,10,10
confianza_5090,gtc2pc4,repeticiones emparejadas,ollama,ollama,12b_4b_np8,05,gemma4:12b,embed,docs_rag_qwen3,2026-08-01 04:00:14,confianza_5090/ollama/12b_4b_np8/run_05/sweep.json,15,76073,811613,59179.066666666666,37178.86666666667,5.513333333333334,66.9,15,15
confianza_5090,gtc2pc4,repeticiones emparejadas,ollama,ollama,12b_4b_np8,05,gemma4:12b,embed,docs_rag_qwen3,2026-08-01 04:00:14,confianza_5090/ollama/12b_4b_np8/run_05/sweep.json,20,101212,1425154,76318.3,52675,4.845,72.3,20,20
confianza_5090,gtc2pc4,repeticiones emparejadas,ollama,ollama,12b_4b_np8,05,gemma4:12b,embed,docs_rag_qwen3,2026-08-01 04:00:14,confianza_5090/ollama/12b_4b_np8/run_05/sweep.json,25,121055,2080198,88050.12,65442.44,3.656,68.1,25,25
confianza_5090,gtc2pc4,repeticiones emparejadas,ollama,ollama,12b_4b_np8,07,gemma4:12b,embed,docs_rag_qwen3,2026-08-01 04:13:31,confianza_5090/ollama/12b_4b_np8/run_07/sweep.json,1,8214,-1,8213,4299,47.4,47.4,1,1
confianza_5090,gtc2pc4,repeticiones emparejadas,ollama,ollama,12b_4b_np8,07,gemma4:12b,embed,docs_rag_qwen3,2026-08-01 04:13:31,confianza_5090/ollama/12b_4b_np8/run_07/sweep.json,5,29081,86989,23214,10170.4,14.24,64.2,5,5
confianza_5090,gtc2pc4,repeticiones emparejadas,ollama,ollama,12b_4b_np8,07,gemma4:12b,embed,docs_rag_qwen3,2026-08-01 04:13:31,confianza_5090/ollama/12b_4b_np8/run_07/sweep.json,10,46939,336329,38326.8,18720.9,8.1,71.8,10,10
confianza_5090,gtc2pc4,repeticiones emparejadas,ollama,ollama,12b_4b_np8,07,gemma4:12b,embed,docs_rag_qwen3,2026-08-01 04:13:31,confianza_5090/ollama/12b_4b_np8/run_07/sweep.json,15,73312,807040,58690.13333333333,36362.13333333333,5.68,70.5,15,15
confianza_5090,gtc2pc4,repeticiones emparejadas,ollama,ollama,12b_4b_np8,07,gemma4:12b,embed,docs_rag_qwen3,2026-08-01 04:13:31,confianza_5090/ollama/12b_4b_np8/run_07/sweep.json,20,96066,1388115,74209.05,51349.3,4.59,70.8,20,20
confianza_5090,gtc2pc4,repeticiones emparejadas,ollama,ollama,12b_4b_np8,07,gemma4:12b,embed,docs_rag_qwen3,2026-08-01 04:13:31,confianza_5090/ollama/12b_4b_np8/run_07/sweep.json,25,119668,2085448,88204.64,65195.56,3.7279999999999998,67.0,25,25
confianza_5090,gtc2pc4,repeticiones emparejadas,ollama,ollama,12b_4b_np8,06,gemma4:12b,embed,docs_rag_qwen3,2026-08-01 04:06:53,confianza_5090/ollama/12b_4b_np8/run_06/sweep.json,1,4189,-1,4188,3734,4.3,4.3,1,1
confianza_5090,gtc2pc4,repeticiones emparejadas,ollama,ollama,12b_4b_np8,06,gemma4:12b,embed,docs_rag_qwen3,2026-08-01 04:06:53,confianza_5090/ollama/12b_4b_np8/run_06/sweep.json,5,27229,87381,22922,11694,13.58,63.0,5,5
confianza_5090,gtc2pc4,repeticiones emparejadas,ollama,ollama,12b_4b_np8,06,gemma4:12b,embed,docs_rag_qwen3,2026-08-01 04:06:53,confianza_5090/ollama/12b_4b_np8/run_06/sweep.json,10,44500,345612,39011.2,19500.7,7.65,69.6,10,10
confianza_5090,gtc2pc4,repeticiones emparejadas,ollama,ollama,12b_4b_np8,06,gemma4:12b,embed,docs_rag_qwen3,2026-08-01 04:06:53,confianza_5090/ollama/12b_4b_np8/run_06/sweep.json,15,77158,879156,63754.26666666667,43539.933333333334,4.413333333333333,56.6,15,15
confianza_5090,gtc2pc4,repeticiones emparejadas,ollama,ollama,12b_4b_np8,06,gemma4:12b,embed,docs_rag_qwen3,2026-08-01 04:06:53,confianza_5090/ollama/12b_4b_np8/run_06/sweep.json,20,99929,1353397,72666.3,50748.8,4.105,62.2,20,20
confianza_5090,gtc2pc4,repeticiones emparejadas,ollama,ollama,12b_4b_np8,06,gemma4:12b,embed,docs_rag_qwen3,2026-08-01 04:06:53,confianza_5090/ollama/12b_4b_np8/run_06/sweep.json,25,120975,2103802,88991.08,65687.52,3.7,66.8,25,25
confianza_5090,gtc2pc4,repeticiones emparejadas,ollama,ollama,12b_4b_np8,10,gemma4:12b,embed,docs_rag_qwen3,2026-08-01 04:33:00,confianza_5090/ollama/12b_4b_np8/run_10/sweep.json,1,8208,0,8208,5050,32.7,32.7,1,1
confianza_5090,gtc2pc4,repeticiones emparejadas,ollama,ollama,12b_4b_np8,10,gemma4:12b,embed,docs_rag_qwen3,2026-08-01 04:33:00,confianza_5090/ollama/12b_4b_np8/run_10/sweep.json,5,20458,71469,18385.4,10871.2,9.66,44.5,5,5
confianza_5090,gtc2pc4,repeticiones emparejadas,ollama,ollama,12b_4b_np8,10,gemma4:12b,embed,docs_rag_qwen3,2026-08-01 04:33:00,confianza_5090/ollama/12b_4b_np8/run_10/sweep.json,10,41069,320765,36183.4,20262.9,6.89,62.3,10,10
confianza_5090,gtc2pc4,repeticiones emparejadas,ollama,ollama,12b_4b_np8,10,gemma4:12b,embed,docs_rag_qwen3,2026-08-01 04:33:00,confianza_5090/ollama/12b_4b_np8/run_10/sweep.json,15,80362,880925,64085.8,43206.13333333333,5.06,63.1,15,15
confianza_5090,gtc2pc4,repeticiones emparejadas,ollama,ollama,12b_4b_np8,10,gemma4:12b,embed,docs_rag_qwen3,2026-08-01 04:33:00,confianza_5090/ollama/12b_4b_np8/run_10/sweep.json,20,96173,1344549,72036.1,49675.4,4.51,70.3,20,20
confianza_5090,gtc2pc4,repeticiones emparejadas,ollama,ollama,12b_4b_np8,10,gemma4:12b,embed,docs_rag_qwen3,2026-08-01 04:33:00,confianza_5090/ollama/12b_4b_np8/run_10/sweep.json,25,121318,2127497,89952.6,66769.52,3.792,69.6,25,25
confianza_5090,gtc2pc4,repeticiones emparejadas,ollama,ollama,12b_4b_np8,09,gemma4:12b,embed,docs_rag_qwen3,2026-08-01 04:26:27,confianza_5090/ollama/12b_4b_np8/run_09/sweep.json,1,9733,0,9733,4887,43.6,43.6,1,1
confianza_5090,gtc2pc4,repeticiones emparejadas,ollama,ollama,12b_4b_np8,09,gemma4:12b,embed,docs_rag_qwen3,2026-08-01 04:26:27,confianza_5090/ollama/12b_4b_np8/run_09/sweep.json,5,25957,88350,22861.4,11190.8,13.58,63.5,5,5
confianza_5090,gtc2pc4,repeticiones emparejadas,ollama,ollama,12b_4b_np8,09,gemma4:12b,embed,docs_rag_qwen3,2026-08-01 04:26:27,confianza_5090/ollama/12b_4b_np8/run_09/sweep.json,10,45862,340492,38635.4,19880.1,7.58,68.6,10,10
confianza_5090,gtc2pc4,repeticiones emparejadas,ollama,ollama,12b_4b_np8,09,gemma4:12b,embed,docs_rag_qwen3,2026-08-01 04:26:27,confianza_5090/ollama/12b_4b_np8/run_09/sweep.json,15,76750,838815,61037.666666666664,39968.86666666667,4.68,58.7,15,15
confianza_5090,gtc2pc4,repeticiones emparejadas,ollama,ollama,12b_4b_np8,09,gemma4:12b,embed,docs_rag_qwen3,2026-08-01 04:26:27,confianza_5090/ollama/12b_4b_np8/run_09/sweep.json,20,92673,1338538,71560.55,50038,4.3,67.0,20,20
confianza_5090,gtc2pc4,repeticiones emparejadas,ollama,ollama,12b_4b_np8,09,gemma4:12b,embed,docs_rag_qwen3,2026-08-01 04:26:27,confianza_5090/ollama/12b_4b_np8/run_09/sweep.json,25,117033,2080092,87885,66236.72,3.676,65.9,25,25
confianza_5090,gtc2pc4,repeticiones emparejadas,ollama,ollama,12b_4b_np8,08,gemma4:12b,embed,docs_rag_qwen3,2026-08-01 04:20:09,confianza_5090/ollama/12b_4b_np8/run_08/sweep.json,1,8220,-1,8219,4935,32.7,32.7,1,1
confianza_5090,gtc2pc4,repeticiones emparejadas,ollama,ollama,12b_4b_np8,08,gemma4:12b,embed,docs_rag_qwen3,2026-08-01 04:20:09,confianza_5090/ollama/12b_4b_np8/run_08/sweep.json,5,24295,88011,22461.2,11182,12.58,59.1,5,5
confianza_5090,gtc2pc4,repeticiones emparejadas,ollama,ollama,12b_4b_np8,08,gemma4:12b,embed,docs_rag_qwen3,2026-08-01 04:20:09,confianza_5090/ollama/12b_4b_np8/run_08/sweep.json,10,44115,321693,36580.8,20323,6.92,59.6,10,10
confianza_5090,gtc2pc4,repeticiones emparejadas,ollama,ollama,12b_4b_np8,08,gemma4:12b,embed,docs_rag_qwen3,2026-08-01 04:20:09,confianza_5090/ollama/12b_4b_np8/run_08/sweep.json,15,70789,793576,57624.333333333336,38289.4,4.953333333333333,61.0,15,15
confianza_5090,gtc2pc4,repeticiones emparejadas,ollama,ollama,12b_4b_np8,08,gemma4:12b,embed,docs_rag_qwen3,2026-08-01 04:20:09,confianza_5090/ollama/12b_4b_np8/run_08/sweep.json,20,91683,1325015,70834.9,51122.95,3.85,58.8,20,20
confianza_5090,gtc2pc4,repeticiones emparejadas,ollama,ollama,12b_4b_np8,08,gemma4:12b,embed,docs_rag_qwen3,2026-08-01 04:20:09,confianza_5090/ollama/12b_4b_np8/run_08/sweep.json,25,114954,2069861,87392.6,65824.64,3.416,63.0,25,25
confianza_5090,gtc2pc4,repeticiones emparejadas,ollama,ollama,12b_4b_np8,03,gemma4:12b,embed,docs_rag_qwen3,2026-08-01 03:46:56,confianza_5090/ollama/12b_4b_np8/run_03/sweep.json,1,10223,-1,10222,4924,49.1,49.1,1,1
confianza_5090,gtc2pc4,repeticiones emparejadas,ollama,ollama,12b_4b_np8,03,gemma4:12b,embed,docs_rag_qwen3,2026-08-01 03:46:56,confianza_5090/ollama/12b_4b_np8/run_03/sweep.json,5,29887,101414,26260.2,12316.8,14.92,66.9,5,5
confianza_5090,gtc2pc4,repeticiones emparejadas,ollama,ollama,12b_4b_np8,03,gemma4:12b,embed,docs_rag_qwen3,2026-08-01 03:46:56,confianza_5090/ollama/12b_4b_np8/run_03/sweep.json,10,51086,373453,42453.9,21455.8,9.24,77.9,10,10
confianza_5090,gtc2pc4,repeticiones emparejadas,ollama,ollama,12b_4b_np8,03,gemma4:12b,embed,docs_rag_qwen3,2026-08-01 03:46:56,confianza_5090/ollama/12b_4b_np8/run_03/sweep.json,15,78985,850722,61980.46666666667,38510.933333333334,6.733333333333333,78.7,15,15
confianza_5090,gtc2pc4,repeticiones emparejadas,ollama,ollama,12b_4b_np8,03,gemma4:12b,embed,docs_rag_qwen3,2026-08-01 03:46:56,confianza_5090/ollama/12b_4b_np8/run_03/sweep.json,20,104949,1439779,77236.4,51949.25,5.125,74.8,20,20
confianza_5090,gtc2pc4,repeticiones emparejadas,ollama,ollama,12b_4b_np8,03,gemma4:12b,embed,docs_rag_qwen3,2026-08-01 03:46:56,confianza_5090/ollama/12b_4b_np8/run_03/sweep.json,25,124220,2164760,91559.2,66062.64,4.496,80.4,25,25
confianza_5090,gtc2pc4,repeticiones emparejadas,ollama,ollama,12b_4b_np8,02,gemma4:12b,embed,docs_rag_qwen3,2026-08-01 03:40:45,confianza_5090/ollama/12b_4b_np8/run_02/sweep.json,1,6411,-1,6410,5142,10.5,10.5,1,1
confianza_5090,gtc2pc4,repeticiones emparejadas,ollama,ollama,12b_4b_np8,02,gemma4:12b,embed,docs_rag_qwen3,2026-08-01 03:40:45,confianza_5090/ollama/12b_4b_np8/run_02/sweep.json,5,26531,88792,23064.6,11203.4,12.92,60.0,5,5
confianza_5090,gtc2pc4,repeticiones emparejadas,ollama,ollama,12b_4b_np8,02,gemma4:12b,embed,docs_rag_qwen3,2026-08-01 03:40:45,confianza_5090/ollama/12b_4b_np8/run_02/sweep.json,10,38962,309083,34804.5,19063.5,6.63,60.9,10,10
confianza_5090,gtc2pc4,repeticiones emparejadas,ollama,ollama,12b_4b_np8,02,gemma4:12b,embed,docs_rag_qwen3,2026-08-01 03:40:45,confianza_5090/ollama/12b_4b_np8/run_02/sweep.json,15,69057,763172,55481.933333333334,36084,5.286666666666667,64.6,15,15
confianza_5090,gtc2pc4,repeticiones emparejadas,ollama,ollama,12b_4b_np8,02,gemma4:12b,embed,docs_rag_qwen3,2026-08-01 03:40:45,confianza_5090/ollama/12b_4b_np8/run_02/sweep.json,20,96100,1351203,72365.15,50696.95,4.405,66.3,20,20
confianza_5090,gtc2pc4,repeticiones emparejadas,ollama,ollama,12b_4b_np8,02,gemma4:12b,embed,docs_rag_qwen3,2026-08-01 03:40:45,confianza_5090/ollama/12b_4b_np8/run_02/sweep.json,25,110257,1909713,80798.8,59891.44,3.548,64.7,25,25
confianza_5090,gtc2pc4,repeticiones emparejadas,ollama,ollama,26b_06b_np1,04,gemma4:26b,embed,docs_rag_qwen3_06b,2026-08-01 00:32:30,confianza_5090/ollama/26b_06b_np1/run_04/sweep.json,1,4712,0,4712,4045,12.1,12.1,1,1
confianza_5090,gtc2pc4,repeticiones emparejadas,ollama,ollama,26b_06b_np1,04,gemma4:26b,embed,docs_rag_qwen3_06b,2026-08-01 00:32:30,confianza_5090/ollama/26b_06b_np1/run_04/sweep.json,5,17591,42221,11962.4,9776.2,25.48,87.2,5,5
confianza_5090,gtc2pc4,repeticiones emparejadas,ollama,ollama,26b_06b_np1,04,gemma4:26b,embed,docs_rag_qwen3_06b,2026-08-01 00:32:30,confianza_5090/ollama/26b_06b_np1/run_04/sweep.json,10,38672,207253,24592.5,22201.1,13.97,83.8,10,10
confianza_5090,gtc2pc4,repeticiones emparejadas,ollama,ollama,26b_06b_np1,04,gemma4:26b,embed,docs_rag_qwen3_06b,2026-08-01 00:32:30,confianza_5090/ollama/26b_06b_np1/run_04/sweep.json,15,186675,487888,44970.86666666667,32769.21428571428,8.553333333333333,20.2,15,15
confianza_5090,gtc2pc4,repeticiones emparejadas,ollama,ollama,26b_06b_np1,04,gemma4:26b,embed,docs_rag_qwen3_06b,2026-08-01 00:32:30,confianza_5090/ollama/26b_06b_np1/run_04/sweep.json,20,72104,866336,46922,44741.75,7.2,79.5,20,20
confianza_5090,gtc2pc4,repeticiones emparejadas,ollama,ollama,26b_06b_np1,04,gemma4:26b,embed,docs_rag_qwen3_06b,2026-08-01 00:32:30,confianza_5090/ollama/26b_06b_np1/run_04/sweep.json,25,195364,1334694,61202.32,53471.083333333336,5.34,34.3,25,25
confianza_5090,gtc2pc4,repeticiones emparejadas,ollama,ollama,26b_06b_np1,01,gemma4:26b,embed,docs_rag_qwen3_06b,2026-08-01 00:08:32,confianza_5090/ollama/26b_06b_np1/run_01/sweep.json,1,6432,0,6432,3530,67.2,67.2,1,1
confianza_5090,gtc2pc4,repeticiones emparejadas,ollama,ollama,26b_06b_np1,01,gemma4:26b,embed,docs_rag_qwen3_06b,2026-08-01 00:08:32,confianza_5090/ollama/26b_06b_np1/run_01/sweep.json,5,23618,64716,17666.8,14627,27.2,86.5,5,5
confianza_5090,gtc2pc4,repeticiones emparejadas,ollama,ollama,26b_06b_np1,01,gemma4:26b,embed,docs_rag_qwen3_06b,2026-08-01 00:08:32,confianza_5090/ollama/26b_06b_np1/run_01/sweep.json,10,41405,231503,27290.8,24597.6,14.99,88.8,10,10
confianza_5090,gtc2pc4,repeticiones emparejadas,ollama,ollama,26b_06b_np1,01,gemma4:26b,embed,docs_rag_qwen3_06b,2026-08-01 00:08:32,confianza_5090/ollama/26b_06b_np1/run_01/sweep.json,15,66039,545634,40778.2,37810.333333333336,11.286666666666667,93.0,15,15
confianza_5090,gtc2pc4,repeticiones emparejadas,ollama,ollama,26b_06b_np1,01,gemma4:26b,embed,docs_rag_qwen3_06b,2026-08-01 00:08:32,confianza_5090/ollama/26b_06b_np1/run_01/sweep.json,20,90397,1007734,54906.55,51837.85,8.77,92.4,20,20
confianza_5090,gtc2pc4,repeticiones emparejadas,ollama,ollama,26b_06b_np1,01,gemma4:26b,embed,docs_rag_qwen3_06b,2026-08-01 00:08:32,confianza_5090/ollama/26b_06b_np1/run_01/sweep.json,25,98781,1516464,64609.8,62095.44,6.244,84.1,25,25
confianza_5090,gtc2pc4,repeticiones emparejadas,ollama,ollama,26b_06b_np1,05,gemma4:26b,embed,docs_rag_qwen3_06b,2026-08-01 00:41:29,confianza_5090/ollama/26b_06b_np1/run_05/sweep.json,1,4970,0,4970,3857,23.9,23.9,1,1
confianza_5090,gtc2pc4,repeticiones emparejadas,ollama,ollama,26b_06b_np1,05,gemma4:26b,embed,docs_rag_qwen3_06b,2026-08-01 00:41:29,confianza_5090/ollama/26b_06b_np1/run_05/sweep.json,5,17203,47527,12946,11096.4,18.9,64.6,5,5
confianza_5090,gtc2pc4,repeticiones emparejadas,ollama,ollama,26b_06b_np1,05,gemma4:26b,embed,docs_rag_qwen3_06b,2026-08-01 00:41:29,confianza_5090/ollama/26b_06b_np1/run_05/sweep.json,10,35741,188667,22440.8,20372.7,11.55,70.4,10,10
confianza_5090,gtc2pc4,repeticiones emparejadas,ollama,ollama,26b_06b_np1,05,gemma4:26b,embed,docs_rag_qwen3_06b,2026-08-01 00:41:29,confianza_5090/ollama/26b_06b_np1/run_05/sweep.json,15,53231,462745,34398.4,32302.933333333334,8.486666666666666,75.3,15,15
confianza_5090,gtc2pc4,repeticiones emparejadas,ollama,ollama,26b_06b_np1,05,gemma4:26b,embed,docs_rag_qwen3_06b,2026-08-01 00:41:29,confianza_5090/ollama/26b_06b_np1/run_05/sweep.json,20,76038,889277,48265.75,45947.3,6.7299999999999995,76.6,20,20
confianza_5090,gtc2pc4,repeticiones emparejadas,ollama,ollama,26b_06b_np1,05,gemma4:26b,embed,docs_rag_qwen3_06b,2026-08-01 00:41:29,confianza_5090/ollama/26b_06b_np1/run_05/sweep.json,25,90414,1338059,57138.92,54993.92,5.304,75.4,25,25
confianza_5090,gtc2pc4,repeticiones emparejadas,ollama,ollama,26b_06b_np1,07,gemma4:26b,embed,docs_rag_qwen3_06b,2026-08-01 00:51:40,confianza_5090/ollama/26b_06b_np1/run_07/sweep.json,1,8746,0,8746,3637,85.1,85.1,1,1
confianza_5090,gtc2pc4,repeticiones emparejadas,ollama,ollama,26b_06b_np1,07,gemma4:26b,embed,docs_rag_qwen3_06b,2026-08-01 00:51:40,confianza_5090/ollama/26b_06b_np1/run_07/sweep.json,5,22552,51996,14909.6,11952,27.34,87.9,5,5
confianza_5090,gtc2pc4,repeticiones emparejadas,ollama,ollama,26b_06b_np1,07,gemma4:26b,embed,docs_rag_qwen3_06b,2026-08-01 00:51:40,confianza_5090/ollama/26b_06b_np1/run_07/sweep.json,10,40047,220290,26033.7,23490,14.030000000000001,82.6,10,10
confianza_5090,gtc2pc4,repeticiones emparejadas,ollama,ollama,26b_06b_np1,07,gemma4:26b,embed,docs_rag_qwen3_06b,2026-08-01 00:51:40,confianza_5090/ollama/26b_06b_np1/run_07/sweep.json,15,59914,516538,38430.13333333333,35886.86666666667,9.573333333333334,82.1,15,15
confianza_5090,gtc2pc4,repeticiones emparejadas,ollama,ollama,26b_06b_np1,07,gemma4:26b,embed,docs_rag_qwen3_06b,2026-08-01 00:51:40,confianza_5090/ollama/26b_06b_np1/run_07/sweep.json,20,79495,930328,50491.15,47940.35,7.365,82.2,20,20
confianza_5090,gtc2pc4,repeticiones emparejadas,ollama,ollama,26b_06b_np1,07,gemma4:26b,embed,docs_rag_qwen3_06b,2026-08-01 00:51:40,confianza_5090/ollama/26b_06b_np1/run_07/sweep.json,25,96969,1428765,61029.36,58533.96,5.96,81.9,25,25
confianza_5090,gtc2pc4,repeticiones emparejadas,ollama,ollama,26b_06b_np1,06,gemma4:26b,embed,docs_rag_qwen3_06b,2026-08-01 00:46:31,confianza_5090/ollama/26b_06b_np1/run_06/sweep.json,1,4245,0,4245,3637,12.5,12.5,1,1
confianza_5090,gtc2pc4,repeticiones emparejadas,ollama,ollama,26b_06b_np1,06,gemma4:26b,embed,docs_rag_qwen3_06b,2026-08-01 00:46:31,confianza_5090/ollama/26b_06b_np1/run_06/sweep.json,5,18811,43815,12525.2,10376.6,20.04,69.0,5,5
confianza_5090,gtc2pc4,repeticiones emparejadas,ollama,ollama,26b_06b_np1,06,gemma4:26b,embed,docs_rag_qwen3_06b,2026-08-01 00:46:31,confianza_5090/ollama/26b_06b_np1/run_06/sweep.json,10,35636,200325,23596.1,21422.3,11.66,73.7,10,10
confianza_5090,gtc2pc4,repeticiones emparejadas,ollama,ollama,26b_06b_np1,06,gemma4:26b,embed,docs_rag_qwen3_06b,2026-08-01 00:46:31,confianza_5090/ollama/26b_06b_np1/run_06/sweep.json,15,52733,498469,36746.8,34672.46666666667,8.06,71.4,15,15
confianza_5090,gtc2pc4,repeticiones emparejadas,ollama,ollama,26b_06b_np1,06,gemma4:26b,embed,docs_rag_qwen3_06b,2026-08-01 00:46:31,confianza_5090/ollama/26b_06b_np1/run_06/sweep.json,20,76015,874633,47532.4,45151.7,6.805,77.7,20,20
confianza_5090,gtc2pc4,repeticiones emparejadas,ollama,ollama,26b_06b_np1,06,gemma4:26b,embed,docs_rag_qwen3_06b,2026-08-01 00:46:31,confianza_5090/ollama/26b_06b_np1/run_06/sweep.json,25,96502,1413801,60412.12,57961.76,5.732,80.0,25,25
confianza_5090,gtc2pc4,repeticiones emparejadas,ollama,ollama,26b_06b_np1,10,gemma4:26b,embed,docs_rag_qwen3_06b,2026-08-01 01:10:51,confianza_5090/ollama/26b_06b_np1/run_10/sweep.json,1,6300,0,6300,4277,40.8,40.8,1,1
confianza_5090,gtc2pc4,repeticiones emparejadas,ollama,ollama,26b_06b_np1,10,gemma4:26b,embed,docs_rag_qwen3_06b,2026-08-01 01:10:51,confianza_5090/ollama/26b_06b_np1/run_10/sweep.json,5,16214,41982,11639.2,9909,18.4,64.2,5,5
confianza_5090,gtc2pc4,repeticiones emparejadas,ollama,ollama,26b_06b_np1,10,gemma4:26b,embed,docs_rag_qwen3_06b,2026-08-01 01:10:51,confianza_5090/ollama/26b_06b_np1/run_10/sweep.json,10,34323,198112,23243.5,21256,11.389999999999999,70.9,10,10
confianza_5090,gtc2pc4,repeticiones emparejadas,ollama,ollama,26b_06b_np1,10,gemma4:26b,embed,docs_rag_qwen3_06b,2026-08-01 01:10:51,confianza_5090/ollama/26b_06b_np1/run_10/sweep.json,15,60784,500077,37390.73333333333,34718.933333333334,9.946666666666665,85.1,15,15
confianza_5090,gtc2pc4,repeticiones emparejadas,ollama,ollama,26b_06b_np1,10,gemma4:26b,embed,docs_rag_qwen3_06b,2026-08-01 01:10:51,confianza_5090/ollama/26b_06b_np1/run_10/sweep.json,20,77860,899439,48864.95,46348.6,7.355,81.7,20,20
confianza_5090,gtc2pc4,repeticiones emparejadas,ollama,ollama,26b_06b_np1,10,gemma4:26b,embed,docs_rag_qwen3_06b,2026-08-01 01:10:51,confianza_5090/ollama/26b_06b_np1/run_10/sweep.json,25,99526,1457191,62268.68,59724.04,5.876,81.6,25,25
confianza_5090,gtc2pc4,repeticiones emparejadas,ollama,ollama,26b_06b_np1,09,gemma4:26b,embed,docs_rag_qwen3_06b,2026-08-01 01:03:51,confianza_5090/ollama/26b_06b_np1/run_09/sweep.json,1,7291,0,7291,4489,50.1,50.1,1,1
confianza_5090,gtc2pc4,repeticiones emparejadas,ollama,ollama,26b_06b_np1,09,gemma4:26b,embed,docs_rag_qwen3_06b,2026-08-01 01:03:51,confianza_5090/ollama/26b_06b_np1/run_09/sweep.json,5,20391,52782,14634.6,12193,22.28,74.1,5,5
confianza_5090,gtc2pc4,repeticiones emparejadas,ollama,ollama,26b_06b_np1,09,gemma4:26b,embed,docs_rag_qwen3_06b,2026-08-01 01:03:51,confianza_5090/ollama/26b_06b_np1/run_09/sweep.json,10,37504,216167,25367.1,23021.8,14.14,83.0,10,10
confianza_5090,gtc2pc4,repeticiones emparejadas,ollama,ollama,26b_06b_np1,09,gemma4:26b,embed,docs_rag_qwen3_06b,2026-08-01 01:03:51,confianza_5090/ollama/26b_06b_np1/run_09/sweep.json,15,55850,492341,36546.066666666666,34332.26666666667,8.726666666666667,76.3,15,15
confianza_5090,gtc2pc4,repeticiones emparejadas,ollama,ollama,26b_06b_np1,09,gemma4:26b,embed,docs_rag_qwen3_06b,2026-08-01 01:03:51,confianza_5090/ollama/26b_06b_np1/run_09/sweep.json,20,185737,874570,53015.35,43866.10526315789,6.3,28.3,20,20
confianza_5090,gtc2pc4,repeticiones emparejadas,ollama,ollama,26b_06b_np1,09,gemma4:26b,embed,docs_rag_qwen3_06b,2026-08-01 01:03:51,confianza_5090/ollama/26b_06b_np1/run_09/sweep.json,25,87796,1290065,55114.44,53019.2,5.356,75.8,25,25
confianza_5090,gtc2pc4,repeticiones emparejadas,ollama,ollama,26b_06b_np1,08,gemma4:26b,embed,docs_rag_qwen3_06b,2026-08-01 00:57:12,confianza_5090/ollama/26b_06b_np1/run_08/sweep.json,1,6614,0,6614,3697,55.0,55.0,1,1
confianza_5090,gtc2pc4,repeticiones emparejadas,ollama,ollama,26b_06b_np1,08,gemma4:26b,embed,docs_rag_qwen3_06b,2026-08-01 00:57:12,confianza_5090/ollama/26b_06b_np1/run_08/sweep.json,5,19622,46597,13243.8,10858.2,24.580000000000002,79.3,5,5
confianza_5090,gtc2pc4,repeticiones emparejadas,ollama,ollama,26b_06b_np1,08,gemma4:26b,embed,docs_rag_qwen3_06b,2026-08-01 00:57:12,confianza_5090/ollama/26b_06b_np1/run_08/sweep.json,10,35557,187685,22324.2,20187.6,12.36,76.2,10,10
confianza_5090,gtc2pc4,repeticiones emparejadas,ollama,ollama,26b_06b_np1,08,gemma4:26b,embed,docs_rag_qwen3_06b,2026-08-01 00:57:12,confianza_5090/ollama/26b_06b_np1/run_08/sweep.json,15,54563,469596,34943.933333333334,32788,8.66,75.6,15,15
confianza_5090,gtc2pc4,repeticiones emparejadas,ollama,ollama,26b_06b_np1,08,gemma4:26b,embed,docs_rag_qwen3_06b,2026-08-01 00:57:12,confianza_5090/ollama/26b_06b_np1/run_08/sweep.json,20,69750,836147,45294.85,43299.15,6.285,72.1,20,20
confianza_5090,gtc2pc4,repeticiones emparejadas,ollama,ollama,26b_06b_np1,08,gemma4:26b,embed,docs_rag_qwen3_06b,2026-08-01 00:57:12,confianza_5090/ollama/26b_06b_np1/run_08/sweep.json,25,189151,1369202,62334.12,54317.708333333336,4.968,33.3,25,25
confianza_5090,gtc2pc4,repeticiones emparejadas,ollama,ollama,26b_06b_np1,03,gemma4:26b,embed,docs_rag_qwen3_06b,2026-08-01 00:19:05,confianza_5090/ollama/26b_06b_np1/run_03/sweep.json,1,6106,0,6106,2954,74.5,74.5,1,1
confianza_5090,gtc2pc4,repeticiones emparejadas,ollama,ollama,26b_06b_np1,03,gemma4:26b,embed,docs_rag_qwen3_06b,2026-08-01 00:19:05,confianza_5090/ollama/26b_06b_np1/run_03/sweep.json,5,21739,51187,14585.2,11762.2,27.42,87.1,5,5
confianza_5090,gtc2pc4,repeticiones emparejadas,ollama,ollama,26b_06b_np1,03,gemma4:26b,embed,docs_rag_qwen3_06b,2026-08-01 00:19:05,confianza_5090/ollama/26b_06b_np1/run_03/sweep.json,10,187757,221174,40893.1,21831.11111111111,14.14,17.2,10,10
confianza_5090,gtc2pc4,repeticiones emparejadas,ollama,ollama,26b_06b_np1,03,gemma4:26b,embed,docs_rag_qwen3_06b,2026-08-01 00:19:05,confianza_5090/ollama/26b_06b_np1/run_03/sweep.json,15,183560,478901,44164.066666666666,31580.35714285714,9.713333333333333,26.2,15,15
confianza_5090,gtc2pc4,repeticiones emparejadas,ollama,ollama,26b_06b_np1,03,gemma4:26b,embed,docs_rag_qwen3_06b,2026-08-01 00:19:05,confianza_5090/ollama/26b_06b_np1/run_03/sweep.json,20,184621,844907,51476.4,42142,7.2,31.3,20,20
confianza_5090,gtc2pc4,repeticiones emparejadas,ollama,ollama,26b_06b_np1,03,gemma4:26b,embed,docs_rag_qwen3_06b,2026-08-01 00:19:05,confianza_5090/ollama/26b_06b_np1/run_03/sweep.json,25,196565,1367878,62577.72,54469.083333333336,6.148,39.9,25,25
confianza_5090,gtc2pc4,repeticiones emparejadas,ollama,ollama,26b_06b_np1,02,gemma4:26b,embed,docs_rag_qwen3_06b,2026-08-01 00:14:23,confianza_5090/ollama/26b_06b_np1/run_02/sweep.json,1,4117,0,4117,3353,13.8,13.8,1,1
confianza_5090,gtc2pc4,repeticiones emparejadas,ollama,ollama,26b_06b_np1,02,gemma4:26b,embed,docs_rag_qwen3_06b,2026-08-01 00:14:23,confianza_5090/ollama/26b_06b_np1/run_02/sweep.json,5,16416,42188,11720.8,10038.4,19.28,66.5,5,5
confianza_5090,gtc2pc4,repeticiones emparejadas,ollama,ollama,26b_06b_np1,02,gemma4:26b,embed,docs_rag_qwen3_06b,2026-08-01 00:14:23,confianza_5090/ollama/26b_06b_np1/run_02/sweep.json,10,33423,209955,24337.8,22474,11.53,71.5,10,10
confianza_5090,gtc2pc4,repeticiones emparejadas,ollama,ollama,26b_06b_np1,02,gemma4:26b,embed,docs_rag_qwen3_06b,2026-08-01 00:14:23,confianza_5090/ollama/26b_06b_np1/run_02/sweep.json,15,52409,482540,35663.26666666667,33603,8.76,75.8,15,15
confianza_5090,gtc2pc4,repeticiones emparejadas,ollama,ollama,26b_06b_np1,02,gemma4:26b,embed,docs_rag_qwen3_06b,2026-08-01 00:14:23,confianza_5090/ollama/26b_06b_np1/run_02/sweep.json,20,67148,758966,41305.7,39369.55,6.305,73.5,20,20
confianza_5090,gtc2pc4,repeticiones emparejadas,ollama,ollama,26b_06b_np1,02,gemma4:26b,embed,docs_rag_qwen3_06b,2026-08-01 00:14:23,confianza_5090/ollama/26b_06b_np1/run_02/sweep.json,25,84664,1288395,54922.36,52921.92,5.292,74.9,25,25
confianza_5090,gtc2pc4,repeticiones emparejadas,vllm,vllm,12b_06b,04,gemma4:12b,embed,docs_rag_qwen3_06b,2026-07-16 01:36:48,confianza_5090/vllm/12b_06b/run_04/sweep.json,1,3039,-1,3038,1739,37.8,37.8,1,1
confianza_5090,gtc2pc4,repeticiones emparejadas,vllm,vllm,12b_06b,04,gemma4:12b,embed,docs_rag_qwen3_06b,2026-07-16 01:36:48,confianza_5090/vllm/12b_06b/run_04/sweep.json,5,8071,25255,6665.2,2465.4,50.26,217.7,5,5
confianza_5090,gtc2pc4,repeticiones emparejadas,vllm,vllm,12b_06b,04,gemma4:12b,embed,docs_rag_qwen3_06b,2026-07-16 01:36:48,confianza_5090/vllm/12b_06b/run_04/sweep.json,10,11744,73684,8542.8,3139.1,34.81,275.6,10,10
confianza_5090,gtc2pc4,repeticiones emparejadas,vllm,vllm,12b_06b,04,gemma4:12b,embed,docs_rag_qwen3_06b,2026-07-16 01:36:48,confianza_5090/vllm/12b_06b/run_04/sweep.json,15,17707,185867,13571.6,6512.066666666667,19.066666666666666,239.2,15,15
confianza_5090,gtc2pc4,repeticiones emparejadas,vllm,vllm,12b_06b,04,gemma4:12b,embed,docs_rag_qwen3_06b,2026-07-16 01:36:48,confianza_5090/vllm/12b_06b/run_04/sweep.json,20,22429,315157,16879.3,8098,17.35,282.7,20,20
confianza_5090,gtc2pc4,repeticiones emparejadas,vllm,vllm,12b_06b,04,gemma4:12b,embed,docs_rag_qwen3_06b,2026-07-16 01:36:48,confianza_5090/vllm/12b_06b/run_04/sweep.json,25,29085,541629,22828.56,13145.84,13.016,270.7,25,25
confianza_5090,gtc2pc4,repeticiones emparejadas,vllm,vllm,12b_06b,01,gemma4:12b,embed,docs_rag_qwen3_06b,2026-07-16 01:31:25,confianza_5090/vllm/12b_06b/run_01/sweep.json,1,5291,0,5291,2550,46.1,46.1,1,1
confianza_5090,gtc2pc4,repeticiones emparejadas,vllm,vllm,12b_06b,01,gemma4:12b,embed,docs_rag_qwen3_06b,2026-07-16 01:31:25,confianza_5090/vllm/12b_06b/run_01/sweep.json,5,11227,30135,8272.4,3380,47.42,181.5,5,5
confianza_5090,gtc2pc4,repeticiones emparejadas,vllm,vllm,12b_06b,01,gemma4:12b,embed,docs_rag_qwen3_06b,2026-07-16 01:31:25,confianza_5090/vllm/12b_06b/run_01/sweep.json,10,13368,87406,10077.4,3824.6,38.2,298.1,10,10
confianza_5090,gtc2pc4,repeticiones emparejadas,vllm,vllm,12b_06b,01,gemma4:12b,embed,docs_rag_qwen3_06b,2026-07-16 01:31:25,confianza_5090/vllm/12b_06b/run_01/sweep.json,15,19182,216433,15707.666666666666,7147.266666666666,28.073333333333334,355.2,15,15
confianza_5090,gtc2pc4,repeticiones emparejadas,vllm,vllm,12b_06b,01,gemma4:12b,embed,docs_rag_qwen3_06b,2026-07-16 01:31:25,confianza_5090/vllm/12b_06b/run_01/sweep.json,20,27160,375770,20146.5,9397.05,21.11,320.9,20,20
confianza_5090,gtc2pc4,repeticiones emparejadas,vllm,vllm,12b_06b,01,gemma4:12b,embed,docs_rag_qwen3_06b,2026-07-16 01:31:25,confianza_5090/vllm/12b_06b/run_01/sweep.json,25,31048,588159,24768.28,12952.44,16.291999999999998,329.2,25,25
confianza_5090,gtc2pc4,repeticiones emparejadas,vllm,vllm,12b_06b,05,gemma4:12b,embed,docs_rag_qwen3_06b,2026-07-16 01:38:25,confianza_5090/vllm/12b_06b/run_05/sweep.json,1,4069,0,4069,1788,47.9,47.9,1,1
confianza_5090,gtc2pc4,repeticiones emparejadas,vllm,vllm,12b_06b,05,gemma4:12b,embed,docs_rag_qwen3_06b,2026-07-16 01:38:25,confianza_5090/vllm/12b_06b/run_05/sweep.json,5,8498,23116,6322.8,3039.8,31.46,126.3,5,5
confianza_5090,gtc2pc4,repeticiones emparejadas,vllm,vllm,12b_06b,05,gemma4:12b,embed,docs_rag_qwen3_06b,2026-07-16 01:38:25,confianza_5090/vllm/12b_06b/run_05/sweep.json,10,12433,90272,10270.5,4830,23.689999999999998,207.0,10,10
confianza_5090,gtc2pc4,repeticiones emparejadas,vllm,vllm,12b_06b,05,gemma4:12b,embed,docs_rag_qwen3_06b,2026-07-16 01:38:25,confianza_5090/vllm/12b_06b/run_05/sweep.json,15,22732,237250,17332.133333333335,9286.066666666668,16.986666666666668,208.0,15,15
confianza_5090,gtc2pc4,repeticiones emparejadas,vllm,vllm,12b_06b,05,gemma4:12b,embed,docs_rag_qwen3_06b,2026-07-16 01:38:25,confianza_5090/vllm/12b_06b/run_05/sweep.json,20,25970,396045,21100.75,10348.25,15.655,266.7,20,20
confianza_5090,gtc2pc4,repeticiones emparejadas,vllm,vllm,12b_06b,05,gemma4:12b,embed,docs_rag_qwen3_06b,2026-07-16 01:38:25,confianza_5090/vllm/12b_06b/run_05/sweep.json,25,29597,543738,22933.4,12232.68,12.776,261.5,25,25
confianza_5090,gtc2pc4,repeticiones emparejadas,vllm,vllm,12b_06b,07,gemma4:12b,embed,docs_rag_qwen3_06b,2026-07-16 01:41:59,confianza_5090/vllm/12b_06b/run_07/sweep.json,1,8794,0,8794,1585,86.2,86.2,1,1
confianza_5090,gtc2pc4,repeticiones emparejadas,vllm,vllm,12b_06b,07,gemma4:12b,embed,docs_rag_qwen3_06b,2026-07-16 01:41:59,confianza_5090/vllm/12b_06b/run_07/sweep.json,5,11070,24566,7127.2,2855.2,40.26,153.1,5,5
confianza_5090,gtc2pc4,repeticiones emparejadas,vllm,vllm,12b_06b,07,gemma4:12b,embed,docs_rag_qwen3_06b,2026-07-16 01:41:59,confianza_5090/vllm/12b_06b/run_07/sweep.json,10,16778,106253,12303.1,6685.5,23.45,186.8,10,10
confianza_5090,gtc2pc4,repeticiones emparejadas,vllm,vllm,12b_06b,07,gemma4:12b,embed,docs_rag_qwen3_06b,2026-07-16 01:41:59,confianza_5090/vllm/12b_06b/run_07/sweep.json,15,21377,230386,16784.2,8252.8,18.72,230.2,15,15
confianza_5090,gtc2pc4,repeticiones emparejadas,vllm,vllm,12b_06b,07,gemma4:12b,embed,docs_rag_qwen3_06b,2026-07-16 01:41:59,confianza_5090/vllm/12b_06b/run_07/sweep.json,20,26233,397738,21198.55,9780.3,15.49,259.0,20,20
confianza_5090,gtc2pc4,repeticiones emparejadas,vllm,vllm,12b_06b,07,gemma4:12b,embed,docs_rag_qwen3_06b,2026-07-16 01:41:59,confianza_5090/vllm/12b_06b/run_07/sweep.json,25,29352,542135,22859.48,12165.76,13.356,269.2,25,25
confianza_5090,gtc2pc4,repeticiones emparejadas,vllm,vllm,12b_06b,06,gemma4:12b,embed,docs_rag_qwen3_06b,2026-07-16 01:40:13,confianza_5090/vllm/12b_06b/run_06/sweep.json,1,1996,0,1996,1470,22.0,22.0,1,1
confianza_5090,gtc2pc4,repeticiones emparejadas,vllm,vllm,12b_06b,06,gemma4:12b,embed,docs_rag_qwen3_06b,2026-07-16 01:40:13,confianza_5090/vllm/12b_06b/run_06/sweep.json,5,10066,28926,7798.4,4082,35.46,147.1,5,5
confianza_5090,gtc2pc4,repeticiones emparejadas,vllm,vllm,12b_06b,06,gemma4:12b,embed,docs_rag_qwen3_06b,2026-07-16 01:40:13,confianza_5090/vllm/12b_06b/run_06/sweep.json,10,15350,110115,12546.5,7047.9,19.79,175.0,10,10
confianza_5090,gtc2pc4,repeticiones emparejadas,vllm,vllm,12b_06b,06,gemma4:12b,embed,docs_rag_qwen3_06b,2026-07-16 01:40:13,confianza_5090/vllm/12b_06b/run_06/sweep.json,15,18613,207042,15043.666666666666,7478.2,16.28666666666667,213.7,15,15
confianza_5090,gtc2pc4,repeticiones emparejadas,vllm,vllm,12b_06b,06,gemma4:12b,embed,docs_rag_qwen3_06b,2026-07-16 01:40:13,confianza_5090/vllm/12b_06b/run_06/sweep.json,20,23545,368132,19583.85,10737.6,13.38,234.1,20,20
confianza_5090,gtc2pc4,repeticiones emparejadas,vllm,vllm,12b_06b,06,gemma4:12b,embed,docs_rag_qwen3_06b,2026-07-16 01:40:13,confianza_5090/vllm/12b_06b/run_06/sweep.json,25,30142,558215,23534.28,12177.36,12.7,255.6,25,25
confianza_5090,gtc2pc4,repeticiones emparejadas,vllm,vllm,12b_06b,10,gemma4:12b,embed,docs_rag_qwen3_06b,2026-07-16 01:47:26,confianza_5090/vllm/12b_06b/run_10/sweep.json,1,5670,0,5670,1881,64.7,64.7,1,1
confianza_5090,gtc2pc4,repeticiones emparejadas,vllm,vllm,12b_06b,10,gemma4:12b,embed,docs_rag_qwen3_06b,2026-07-16 01:47:26,confianza_5090/vllm/12b_06b/run_10/sweep.json,5,8317,23272,6317.8,2543.2,41.2,172.4,5,5
confianza_5090,gtc2pc4,repeticiones emparejadas,vllm,vllm,12b_06b,10,gemma4:12b,embed,docs_rag_qwen3_06b,2026-07-16 01:47:26,confianza_5090/vllm/12b_06b/run_10/sweep.json,10,12981,89906,10288.7,4972.1,25.79,217.8,10,10
confianza_5090,gtc2pc4,repeticiones emparejadas,vllm,vllm,12b_06b,10,gemma4:12b,embed,docs_rag_qwen3_06b,2026-07-16 01:47:26,confianza_5090/vllm/12b_06b/run_10/sweep.json,15,19122,211395,15367.8,7113.666666666667,20.473333333333333,259.8,15,15
confianza_5090,gtc2pc4,repeticiones emparejadas,vllm,vllm,12b_06b,10,gemma4:12b,embed,docs_rag_qwen3_06b,2026-07-16 01:47:26,confianza_5090/vllm/12b_06b/run_10/sweep.json,20,23359,354927,18914.3,8308,17.685,298.3,20,20
confianza_5090,gtc2pc4,repeticiones emparejadas,vllm,vllm,12b_06b,10,gemma4:12b,embed,docs_rag_qwen3_06b,2026-07-16 01:47:26,confianza_5090/vllm/12b_06b/run_10/sweep.json,25,32319,571915,24169.36,11958.2,14.896,283.1,25,25
confianza_5090,gtc2pc4,repeticiones emparejadas,vllm,vllm,12b_06b,09,gemma4:12b,embed,docs_rag_qwen3_06b,2026-07-16 01:45:41,confianza_5090/vllm/12b_06b/run_09/sweep.json,1,6443,0,6443,2048,66.3,66.3,1,1
confianza_5090,gtc2pc4,repeticiones emparejadas,vllm,vllm,12b_06b,09,gemma4:12b,embed,docs_rag_qwen3_06b,2026-07-16 01:45:41,confianza_5090/vllm/12b_06b/run_09/sweep.json,5,10342,31318,8332,4564.2,30.76,129.0,5,5
confianza_5090,gtc2pc4,repeticiones emparejadas,vllm,vllm,12b_06b,09,gemma4:12b,embed,docs_rag_qwen3_06b,2026-07-16 01:45:41,confianza_5090/vllm/12b_06b/run_09/sweep.json,10,13615,98423,11203.8,4537.4,30.78,263.8,10,10
confianza_5090,gtc2pc4,repeticiones emparejadas,vllm,vllm,12b_06b,09,gemma4:12b,embed,docs_rag_qwen3_06b,2026-07-16 01:45:41,confianza_5090/vllm/12b_06b/run_09/sweep.json,15,18363,225691,16270.266666666666,7823.866666666667,19.526666666666667,268.7,15,15
confianza_5090,gtc2pc4,repeticiones emparejadas,vllm,vllm,12b_06b,09,gemma4:12b,embed,docs_rag_qwen3_06b,2026-07-16 01:45:41,confianza_5090/vllm/12b_06b/run_09/sweep.json,20,24766,364973,19486.95,10218.9,15.385,248.2,20,20
confianza_5090,gtc2pc4,repeticiones emparejadas,vllm,vllm,12b_06b,09,gemma4:12b,embed,docs_rag_qwen3_06b,2026-07-16 01:45:41,confianza_5090/vllm/12b_06b/run_09/sweep.json,25,28916,542384,22852,11784.36,13.352,271.2,25,25
confianza_5090,gtc2pc4,repeticiones emparejadas,vllm,vllm,12b_06b,08,gemma4:12b,embed,docs_rag_qwen3_06b,2026-07-16 01:43:58,confianza_5090/vllm/12b_06b/run_08/sweep.json,1,5166,0,5166,2136,52.3,52.3,1,1
confianza_5090,gtc2pc4,repeticiones emparejadas,vllm,vllm,12b_06b,08,gemma4:12b,embed,docs_rag_qwen3_06b,2026-07-16 01:43:58,confianza_5090/vllm/12b_06b/run_08/sweep.json,5,7325,26164,6697.8,3415.8,37.2,171.5,5,5
confianza_5090,gtc2pc4,repeticiones emparejadas,vllm,vllm,12b_06b,08,gemma4:12b,embed,docs_rag_qwen3_06b,2026-07-16 01:43:58,confianza_5090/vllm/12b_06b/run_08/sweep.json,10,12327,85014,9734.1,4241,25.79,212.3,10,10
confianza_5090,gtc2pc4,repeticiones emparejadas,vllm,vllm,12b_06b,08,gemma4:12b,embed,docs_rag_qwen3_06b,2026-07-16 01:43:58,confianza_5090/vllm/12b_06b/run_08/sweep.json,15,18770,218685,15830.333333333334,8842.666666666666,16.206666666666667,211.3,15,15
confianza_5090,gtc2pc4,repeticiones emparejadas,vllm,vllm,12b_06b,08,gemma4:12b,embed,docs_rag_qwen3_06b,2026-07-16 01:43:58,confianza_5090/vllm/12b_06b/run_08/sweep.json,20,23447,367228,19533.75,11258.2,11.82,203.1,20,20
confianza_5090,gtc2pc4,repeticiones emparejadas,vllm,vllm,12b_06b,08,gemma4:12b,embed,docs_rag_qwen3_06b,2026-07-16 01:43:58,confianza_5090/vllm/12b_06b/run_08/sweep.json,25,31491,561548,23721.56,12929.04,12.332,236.7,25,25
confianza_5090,gtc2pc4,repeticiones emparejadas,vllm,vllm,12b_06b,03,gemma4:12b,embed,docs_rag_qwen3_06b,2026-07-16 01:35:01,confianza_5090/vllm/12b_06b/run_03/sweep.json,1,5511,-1,5510,1510,75.7,75.7,1,1
confianza_5090,gtc2pc4,repeticiones emparejadas,vllm,vllm,12b_06b,03,gemma4:12b,embed,docs_rag_qwen3_06b,2026-07-16 01:35:01,confianza_5090/vllm/12b_06b/run_03/sweep.json,5,10991,32525,8703.2,3605,48.18,195.7,5,5
confianza_5090,gtc2pc4,repeticiones emparejadas,vllm,vllm,12b_06b,03,gemma4:12b,embed,docs_rag_qwen3_06b,2026-07-16 01:35:01,confianza_5090/vllm/12b_06b/run_03/sweep.json,10,15448,111074,12652.2,6085.9,29.64,246.8,10,10
confianza_5090,gtc2pc4,repeticiones emparejadas,vllm,vllm,12b_06b,03,gemma4:12b,embed,docs_rag_qwen3_06b,2026-07-16 01:35:01,confianza_5090/vllm/12b_06b/run_03/sweep.json,15,18836,210208,15269.6,7356.266666666666,22.113333333333333,282.7,15,15
confianza_5090,gtc2pc4,repeticiones emparejadas,vllm,vllm,12b_06b,03,gemma4:12b,embed,docs_rag_qwen3_06b,2026-07-16 01:35:01,confianza_5090/vllm/12b_06b/run_03/sweep.json,20,23440,361531,19248.55,10022.7,16.955,292.7,20,20
confianza_5090,gtc2pc4,repeticiones emparejadas,vllm,vllm,12b_06b,03,gemma4:12b,embed,docs_rag_qwen3_06b,2026-07-16 01:35:01,confianza_5090/vllm/12b_06b/run_03/sweep.json,25,29907,535945,22634.08,12152.96,14.388,288.1,25,25
confianza_5090,gtc2pc4,repeticiones emparejadas,vllm,vllm,12b_06b,02,gemma4:12b,embed,docs_rag_qwen3_06b,2026-07-16 01:33:21,confianza_5090/vllm/12b_06b/run_02/sweep.json,1,2698,0,2698,1879,16.7,16.7,1,1
confianza_5090,gtc2pc4,repeticiones emparejadas,vllm,vllm,12b_06b,02,gemma4:12b,embed,docs_rag_qwen3_06b,2026-07-16 01:33:21,confianza_5090/vllm/12b_06b/run_02/sweep.json,5,7526,23076,6120.4,3209,36.82,159.8,5,5
confianza_5090,gtc2pc4,repeticiones emparejadas,vllm,vllm,12b_06b,02,gemma4:12b,embed,docs_rag_qwen3_06b,2026-07-16 01:33:21,confianza_5090/vllm/12b_06b/run_02/sweep.json,10,13810,88950,10276,5312.6,26.34,208.0,10,10
confianza_5090,gtc2pc4,repeticiones emparejadas,vllm,vllm,12b_06b,02,gemma4:12b,embed,docs_rag_qwen3_06b,2026-07-16 01:33:21,confianza_5090/vllm/12b_06b/run_02/sweep.json,15,17756,207413,15011.266666666666,6737.2,18.826666666666668,250.2,15,15
confianza_5090,gtc2pc4,repeticiones emparejadas,vllm,vllm,12b_06b,02,gemma4:12b,embed,docs_rag_qwen3_06b,2026-07-16 01:33:21,confianza_5090/vllm/12b_06b/run_02/sweep.json,20,24888,372685,19878.65,11175.55,15.75,265.1,20,20
confianza_5090,gtc2pc4,repeticiones emparejadas,vllm,vllm,12b_06b,02,gemma4:12b,embed,docs_rag_qwen3_06b,2026-07-16 01:33:21,confianza_5090/vllm/12b_06b/run_02/sweep.json,25,28557,538182,22669.56,12118.36,12.536,258.1,25,25
confianza_5090,gtc2pc4,repeticiones emparejadas,vllm,vllm,26b_4b,04,gemma4:26b,embed,docs_rag_qwen3,2026-07-16 09:59:19,confianza_5090/vllm/26b_4b/run_04/sweep.json,1,2304,0,2304,1318,56.4,56.4,1,1
confianza_5090,gtc2pc4,repeticiones emparejadas,vllm,vllm,26b_4b,04,gemma4:26b,embed,docs_rag_qwen3,2026-07-16 09:59:19,confianza_5090/vllm/26b_4b/run_04/sweep.json,5,4494,11702,3239.2,1282.2,178.11999999999998,320.4,5,5
confianza_5090,gtc2pc4,repeticiones emparejadas,vllm,vllm,26b_4b,04,gemma4:26b,embed,docs_rag_qwen3,2026-07-16 09:59:19,confianza_5090/vllm/26b_4b/run_04/sweep.json,10,8565,51900,6046.5,3045.1,88.39,338.5,10,10
confianza_5090,gtc2pc4,repeticiones emparejadas,vllm,vllm,26b_4b,04,gemma4:26b,embed,docs_rag_qwen3,2026-07-16 09:59:19,confianza_5090/vllm/26b_4b/run_04/sweep.json,15,12941,122601,9036.133333333333,4377.733333333334,54.42666666666667,329.6,15,15
confianza_5090,gtc2pc4,repeticiones emparejadas,vllm,vllm,26b_4b,04,gemma4:26b,embed,docs_rag_qwen3,2026-07-16 09:59:19,confianza_5090/vllm/26b_4b/run_04/sweep.json,20,16989,212811,11490,5982.35,40.875,364.4,20,20
confianza_5090,gtc2pc4,repeticiones emparejadas,vllm,vllm,26b_4b,04,gemma4:26b,embed,docs_rag_qwen3,2026-07-16 09:59:19,confianza_5090/vllm/26b_4b/run_04/sweep.json,25,19873,331984,14074.28,8430.52,31.62,387.3,25,25
confianza_5090,gtc2pc4,repeticiones emparejadas,vllm,vllm,26b_4b,01,gemma4:26b,embed,docs_rag_qwen3,2026-07-16 09:55:49,confianza_5090/vllm/26b_4b/run_01/sweep.json,1,2185,-1,2184,1018,110.3,110.3,1,1
confianza_5090,gtc2pc4,repeticiones emparejadas,vllm,vllm,26b_4b,01,gemma4:26b,embed,docs_rag_qwen3,2026-07-16 09:55:49,confianza_5090/vllm/26b_4b/run_01/sweep.json,5,7908,24856,6552.8,2352.2,67.4,286.2,5,5
confianza_5090,gtc2pc4,repeticiones emparejadas,vllm,vllm,26b_4b,01,gemma4:26b,embed,docs_rag_qwen3,2026-07-16 09:55:49,confianza_5090/vllm/26b_4b/run_01/sweep.json,10,11190,74298,8548.8,3913.4,42.89,340.8,10,10
confianza_5090,gtc2pc4,repeticiones emparejadas,vllm,vllm,26b_4b,01,gemma4:26b,embed,docs_rag_qwen3,2026-07-16 09:55:49,confianza_5090/vllm/26b_4b/run_01/sweep.json,15,13747,154157,11193.6,5005.866666666667,37.38,466.8,15,15
confianza_5090,gtc2pc4,repeticiones emparejadas,vllm,vllm,26b_4b,01,gemma4:26b,embed,docs_rag_qwen3,2026-07-16 09:55:49,confianza_5090/vllm/26b_4b/run_01/sweep.json,20,19284,271336,14531,8220.5,27.88,430.0,20,20
confianza_5090,gtc2pc4,repeticiones emparejadas,vllm,vllm,26b_4b,01,gemma4:26b,embed,docs_rag_qwen3,2026-07-16 09:55:49,confianza_5090/vllm/26b_4b/run_01/sweep.json,25,22732,412964,17427.84,11390.84,21.628,404.1,25,25
confianza_5090,gtc2pc4,repeticiones emparejadas,vllm,vllm,26b_4b,05,gemma4:26b,embed,docs_rag_qwen3,2026-07-16 10:00:27,confianza_5090/vllm/26b_4b/run_05/sweep.json,1,2291,0,2291,1347,46.3,46.3,1,1
confianza_5090,gtc2pc4,repeticiones emparejadas,vllm,vllm,26b_4b,05,gemma4:26b,embed,docs_rag_qwen3,2026-07-16 10:00:27,confianza_5090/vllm/26b_4b/run_05/sweep.json,5,5892,17854,4749.2,2014.4,47.58,206.4,5,5
confianza_5090,gtc2pc4,repeticiones emparejadas,vllm,vllm,26b_4b,05,gemma4:26b,embed,docs_rag_qwen3,2026-07-16 10:00:27,confianza_5090/vllm/26b_4b/run_05/sweep.json,10,9408,62354,7176.2,3402.4,33.35,272.9,10,10
confianza_5090,gtc2pc4,repeticiones emparejadas,vllm,vllm,26b_4b,05,gemma4:26b,embed,docs_rag_qwen3,2026-07-16 10:00:27,confianza_5090/vllm/26b_4b/run_05/sweep.json,15,11058,121478,8835.733333333334,3528.3333333333335,30.833333333333332,387.4,15,15
confianza_5090,gtc2pc4,repeticiones emparejadas,vllm,vllm,26b_4b,05,gemma4:26b,embed,docs_rag_qwen3,2026-07-16 10:00:27,confianza_5090/vllm/26b_4b/run_05/sweep.json,20,14004,216895,11544.95,5610.2,25.56,440.2,20,20
confianza_5090,gtc2pc4,repeticiones emparejadas,vllm,vllm,26b_4b,05,gemma4:26b,embed,docs_rag_qwen3,2026-07-16 10:00:27,confianza_5090/vllm/26b_4b/run_05/sweep.json,25,17433,324516,13677.96,7096.12,21.756,437.2,25,25
confianza_5090,gtc2pc4,repeticiones emparejadas,vllm,vllm,26b_4b,07,gemma4:26b,embed,docs_rag_qwen3,2026-07-16 10:02:40,confianza_5090/vllm/26b_4b/run_07/sweep.json,1,4852,0,4852,1043,157.1,157.0,1,1
confianza_5090,gtc2pc4,repeticiones emparejadas,vllm,vllm,26b_4b,07,gemma4:26b,embed,docs_rag_qwen3,2026-07-16 10:02:40,confianza_5090/vllm/26b_4b/run_07/sweep.json,5,6656,17620,4855.2,1717.4,64.68,260.2,5,5
confianza_5090,gtc2pc4,repeticiones emparejadas,vllm,vllm,26b_4b,07,gemma4:26b,embed,docs_rag_qwen3,2026-07-16 10:02:40,confianza_5090/vllm/26b_4b/run_07/sweep.json,10,9823,65816,7563.9,3037.2,40.05,332.0,10,10
confianza_5090,gtc2pc4,repeticiones emparejadas,vllm,vllm,26b_4b,07,gemma4:26b,embed,docs_rag_qwen3,2026-07-16 10:02:40,confianza_5090/vllm/26b_4b/run_07/sweep.json,15,13155,143409,10437.6,4502.6,30.44,380.9,15,15
confianza_5090,gtc2pc4,repeticiones emparejadas,vllm,vllm,26b_4b,07,gemma4:26b,embed,docs_rag_qwen3,2026-07-16 10:02:40,confianza_5090/vllm/26b_4b/run_07/sweep.json,20,15822,228541,12218.15,6146.9,23.83,390.1,20,20
confianza_5090,gtc2pc4,repeticiones emparejadas,vllm,vllm,26b_4b,07,gemma4:26b,embed,docs_rag_qwen3,2026-07-16 10:02:40,confianza_5090/vllm/26b_4b/run_07/sweep.json,25,19414,340410,14392.96,7638.68,22.364,429.4,25,25
confianza_5090,gtc2pc4,repeticiones emparejadas,vllm,vllm,26b_4b,06,gemma4:26b,embed,docs_rag_qwen3,2026-07-16 10:01:29,confianza_5090/vllm/26b_4b/run_06/sweep.json,1,1272,0,1272,752,59.0,59.0,1,1
confianza_5090,gtc2pc4,repeticiones emparejadas,vllm,vllm,26b_4b,06,gemma4:26b,embed,docs_rag_qwen3,2026-07-16 10:01:29,confianza_5090/vllm/26b_4b/run_06/sweep.json,5,7842,24094,6387.2,3107.8,44.78,194.7,5,5
confianza_5090,gtc2pc4,repeticiones emparejadas,vllm,vllm,26b_4b,06,gemma4:26b,embed,docs_rag_qwen3,2026-07-16 10:01:29,confianza_5090/vllm/26b_4b/run_06/sweep.json,10,9895,66516,7641.1,2954.9,33.02,274.8,10,10
confianza_5090,gtc2pc4,repeticiones emparejadas,vllm,vllm,26b_4b,06,gemma4:26b,embed,docs_rag_qwen3,2026-07-16 10:01:29,confianza_5090/vllm/26b_4b/run_06/sweep.json,15,13617,141851,10364.533333333333,5152.6,24.073333333333334,294.3,15,15
confianza_5090,gtc2pc4,repeticiones emparejadas,vllm,vllm,26b_4b,06,gemma4:26b,embed,docs_rag_qwen3,2026-07-16 10:01:29,confianza_5090/vllm/26b_4b/run_06/sweep.json,20,16995,253051,13502.3,7201.75,22.015,360.0,20,20
confianza_5090,gtc2pc4,repeticiones emparejadas,vllm,vllm,26b_4b,06,gemma4:26b,embed,docs_rag_qwen3,2026-07-16 10:01:29,confianza_5090/vllm/26b_4b/run_06/sweep.json,25,19780,340802,14423.28,8024,20.14,384.8,25,25
confianza_5090,gtc2pc4,repeticiones emparejadas,vllm,vllm,26b_4b,10,gemma4:26b,embed,docs_rag_qwen3,2026-07-16 10:06:06,confianza_5090/vllm/26b_4b/run_10/sweep.json,1,4205,-1,4204,1636,115.8,115.8,1,1
confianza_5090,gtc2pc4,repeticiones emparejadas,vllm,vllm,26b_4b,10,gemma4:26b,embed,docs_rag_qwen3,2026-07-16 10:06:06,confianza_5090/vllm/26b_4b/run_10/sweep.json,5,5882,17343,4645,2247.8,52.38,212.5,5,5
confianza_5090,gtc2pc4,repeticiones emparejadas,vllm,vllm,26b_4b,10,gemma4:26b,embed,docs_rag_qwen3,2026-07-16 10:06:06,confianza_5090/vllm/26b_4b/run_10/sweep.json,10,9930,63992,7392.2,3839.3,36.48,283.7,10,10
confianza_5090,gtc2pc4,repeticiones emparejadas,vllm,vllm,26b_4b,10,gemma4:26b,embed,docs_rag_qwen3,2026-07-16 10:06:06,confianza_5090/vllm/26b_4b/run_10/sweep.json,15,11993,135850,9856.2,4559.533333333334,28.32,364.2,15,15
confianza_5090,gtc2pc4,repeticiones emparejadas,vllm,vllm,26b_4b,10,gemma4:26b,embed,docs_rag_qwen3,2026-07-16 10:06:06,confianza_5090/vllm/26b_4b/run_10/sweep.json,20,16061,240943,12850.2,6507.25,25.805,418.7,20,20
confianza_5090,gtc2pc4,repeticiones emparejadas,vllm,vllm,26b_4b,10,gemma4:26b,embed,docs_rag_qwen3,2026-07-16 10:06:06,confianza_5090/vllm/26b_4b/run_10/sweep.json,25,20342,348940,15113.75,7764.958333333333,23.3375,423.9,24,25
confianza_5090,gtc2pc4,repeticiones emparejadas,vllm,vllm,26b_4b,09,gemma4:26b,embed,docs_rag_qwen3,2026-07-16 10:04:58,confianza_5090/vllm/26b_4b/run_09/sweep.json,1,3831,0,3831,1252,118.0,118.0,1,1
confianza_5090,gtc2pc4,repeticiones emparejadas,vllm,vllm,26b_4b,09,gemma4:26b,embed,docs_rag_qwen3,2026-07-16 10:04:58,confianza_5090/vllm/26b_4b/run_09/sweep.json,5,6742,22355,5819.4,2347,57.58,253.2,5,5
confianza_5090,gtc2pc4,repeticiones emparejadas,vllm,vllm,26b_4b,09,gemma4:26b,embed,docs_rag_qwen3,2026-07-16 10:04:58,confianza_5090/vllm/26b_4b/run_09/sweep.json,10,8118,53687,6180.5,2726.1,87.53,397.9,10,10
confianza_5090,gtc2pc4,repeticiones emparejadas,vllm,vllm,26b_4b,09,gemma4:26b,embed,docs_rag_qwen3,2026-07-16 10:04:58,confianza_5090/vllm/26b_4b/run_09/sweep.json,15,11430,121942,8891.466666666667,4151.8,55.733333333333334,381.5,15,15
confianza_5090,gtc2pc4,repeticiones emparejadas,vllm,vllm,26b_4b,09,gemma4:26b,embed,docs_rag_qwen3,2026-07-16 10:04:58,confianza_5090/vllm/26b_4b/run_09/sweep.json,20,15224,214213,11471.85,5444.2,41.075,395.3,20,20
confianza_5090,gtc2pc4,repeticiones emparejadas,vllm,vllm,26b_4b,09,gemma4:26b,embed,docs_rag_qwen3,2026-07-16 10:04:58,confianza_5090/vllm/26b_4b/run_09/sweep.json,25,20037,342248,14491.4,8069.96,31.796,373.1,25,25
confianza_5090,gtc2pc4,repeticiones emparejadas,vllm,vllm,26b_4b,08,gemma4:26b,embed,docs_rag_qwen3,2026-07-16 10:03:52,confianza_5090/vllm/26b_4b/run_08/sweep.json,1,3610,0,3610,1376,98.3,98.3,1,1
confianza_5090,gtc2pc4,repeticiones emparejadas,vllm,vllm,26b_4b,08,gemma4:26b,embed,docs_rag_qwen3,2026-07-16 10:03:52,confianza_5090/vllm/26b_4b/run_08/sweep.json,5,7420,24839,6451.8,3372,50.2,219.3,5,5
confianza_5090,gtc2pc4,repeticiones emparejadas,vllm,vllm,26b_4b,08,gemma4:26b,embed,docs_rag_qwen3,2026-07-16 10:03:52,confianza_5090/vllm/26b_4b/run_08/sweep.json,10,8921,65060,7398.1,3576.6,36.3,310.1,10,10
confianza_5090,gtc2pc4,repeticiones emparejadas,vllm,vllm,26b_4b,08,gemma4:26b,embed,docs_rag_qwen3,2026-07-16 10:03:52,confianza_5090/vllm/26b_4b/run_08/sweep.json,15,12682,135661,9889.533333333333,4568.333333333333,26.893333333333334,328.7,15,15
confianza_5090,gtc2pc4,repeticiones emparejadas,vllm,vllm,26b_4b,08,gemma4:26b,embed,docs_rag_qwen3,2026-07-16 10:03:52,confianza_5090/vllm/26b_4b/run_08/sweep.json,20,13798,201699,10774.85,5895.85,22.675,368.3,20,20
confianza_5090,gtc2pc4,repeticiones emparejadas,vllm,vllm,26b_4b,08,gemma4:26b,embed,docs_rag_qwen3,2026-07-16 10:03:52,confianza_5090/vllm/26b_4b/run_08/sweep.json,25,17094,300890,12719.36,7704.12,20.544,388.6,25,25
confianza_5090,gtc2pc4,repeticiones emparejadas,vllm,vllm,26b_4b,03,gemma4:26b,embed,docs_rag_qwen3,2026-07-16 09:58:16,confianza_5090/vllm/26b_4b/run_03/sweep.json,1,3363,-1,3362,1155,130.9,130.8,1,1
confianza_5090,gtc2pc4,repeticiones emparejadas,vllm,vllm,26b_4b,03,gemma4:26b,embed,docs_rag_qwen3,2026-07-16 09:58:16,confianza_5090/vllm/26b_4b/run_03/sweep.json,5,5695,14225,3984,1302.8,185.98,307.1,5,5
confianza_5090,gtc2pc4,repeticiones emparejadas,vllm,vllm,26b_4b,03,gemma4:26b,embed,docs_rag_qwen3,2026-07-16 09:58:16,confianza_5090/vllm/26b_4b/run_03/sweep.json,10,9304,58811,6811.5,3233.2,88.74,336.6,10,10
confianza_5090,gtc2pc4,repeticiones emparejadas,vllm,vllm,26b_4b,03,gemma4:26b,embed,docs_rag_qwen3,2026-07-16 09:58:16,confianza_5090/vllm/26b_4b/run_03/sweep.json,15,10202,105646,7723.2,3364.733333333333,59.75333333333333,417.8,15,15
confianza_5090,gtc2pc4,repeticiones emparejadas,vllm,vllm,26b_4b,03,gemma4:26b,embed,docs_rag_qwen3,2026-07-16 09:58:16,confianza_5090/vllm/26b_4b/run_03/sweep.json,20,13072,181173,9712.25,4824.6,44.135,444.9,20,20
confianza_5090,gtc2pc4,repeticiones emparejadas,vllm,vllm,26b_4b,03,gemma4:26b,embed,docs_rag_qwen3,2026-07-16 09:58:16,confianza_5090/vllm/26b_4b/run_03/sweep.json,25,19728,312326,13282.16,7252.6,33.728,400.5,25,25
confianza_5090,gtc2pc4,repeticiones emparejadas,vllm,vllm,26b_4b,02,gemma4:26b,embed,docs_rag_qwen3,2026-07-16 09:57:08,confianza_5090/vllm/26b_4b/run_02/sweep.json,1,1340,0,1340,634,47.8,47.8,1,1
confianza_5090,gtc2pc4,repeticiones emparejadas,vllm,vllm,26b_4b,02,gemma4:26b,embed,docs_rag_qwen3,2026-07-16 09:57:08,confianza_5090/vllm/26b_4b/run_02/sweep.json,5,5520,16418,4387.6,2358,58.0,244.0,5,5
confianza_5090,gtc2pc4,repeticiones emparejadas,vllm,vllm,26b_4b,02,gemma4:26b,embed,docs_rag_qwen3,2026-07-16 09:57:08,confianza_5090/vllm/26b_4b/run_02/sweep.json,10,10077,68764,7884.1,3376.3,37.3,301.4,10,10
confianza_5090,gtc2pc4,repeticiones emparejadas,vllm,vllm,26b_4b,02,gemma4:26b,embed,docs_rag_qwen3,2026-07-16 09:57:08,confianza_5090/vllm/26b_4b/run_02/sweep.json,15,13225,134098,9821.533333333333,5435.133333333333,26.053333333333335,306.9,15,15
confianza_5090,gtc2pc4,repeticiones emparejadas,vllm,vllm,26b_4b,02,gemma4:26b,embed,docs_rag_qwen3,2026-07-16 09:57:08,confianza_5090/vllm/26b_4b/run_02/sweep.json,20,15326,214022,11467.4,6607,22.77,333.4,20,20
confianza_5090,gtc2pc4,repeticiones emparejadas,vllm,vllm,26b_4b,02,gemma4:26b,embed,docs_rag_qwen3,2026-07-16 09:57:08,confianza_5090/vllm/26b_4b/run_02/sweep.json,25,20288,346997,14691.4,9333.08,18.868,336.4,25,25
confianza_5090,gtc2pc4,repeticiones emparejadas,vllm,vllm,12b_4b,04,gemma4:12b,embed,docs_rag_qwen3,2026-07-16 01:54:51,confianza_5090/vllm/12b_4b/run_04/sweep.json,1,3139,0,3139,1930,33.1,33.1,1,1
confianza_5090,gtc2pc4,repeticiones emparejadas,vllm,vllm,12b_4b,04,gemma4:12b,embed,docs_rag_qwen3,2026-07-16 01:54:51,confianza_5090/vllm/12b_4b/run_04/sweep.json,5,9660,25195,6971,2719.2,46.32,177.0,5,5
confianza_5090,gtc2pc4,repeticiones emparejadas,vllm,vllm,12b_4b,04,gemma4:12b,embed,docs_rag_qwen3,2026-07-16 01:54:51,confianza_5090/vllm/12b_4b/run_04/sweep.json,10,13526,89598,10312.4,4300,32.95,266.0,10,10
confianza_5090,gtc2pc4,repeticiones emparejadas,vllm,vllm,12b_4b,04,gemma4:12b,embed,docs_rag_qwen3,2026-07-16 01:54:51,confianza_5090/vllm/12b_4b/run_04/sweep.json,15,20260,222249,16167.266666666666,8736.4,17.686666666666667,222.3,15,15
confianza_5090,gtc2pc4,repeticiones emparejadas,vllm,vllm,12b_4b,04,gemma4:12b,embed,docs_rag_qwen3,2026-07-16 01:54:51,confianza_5090/vllm/12b_4b/run_04/sweep.json,20,25559,388897,20722.8,9996.65,15.35,259.9,20,20
confianza_5090,gtc2pc4,repeticiones emparejadas,vllm,vllm,12b_4b,04,gemma4:12b,embed,docs_rag_qwen3,2026-07-16 01:54:51,confianza_5090/vllm/12b_4b/run_04/sweep.json,25,30420,559000,23576.8,12901.56,13.348,271.9,25,25
confianza_5090,gtc2pc4,repeticiones emparejadas,vllm,vllm,12b_4b,01,gemma4:12b,embed,docs_rag_qwen3,2026-07-16 01:49:13,confianza_5090/vllm/12b_4b/run_01/sweep.json,1,4674,0,4674,1469,70.4,70.4,1,1
confianza_5090,gtc2pc4,repeticiones emparejadas,vllm,vllm,12b_4b,01,gemma4:12b,embed,docs_rag_qwen3,2026-07-16 01:49:13,confianza_5090/vllm/12b_4b/run_01/sweep.json,5,12465,33978,9288.6,2898.4,42.84,165.9,5,5
confianza_5090,gtc2pc4,repeticiones emparejadas,vllm,vllm,12b_4b,01,gemma4:12b,embed,docs_rag_qwen3,2026-07-16 01:49:13,confianza_5090/vllm/12b_4b/run_01/sweep.json,10,16797,120267,13706.4,7002.2,30.62,255.5,10,10
confianza_5090,gtc2pc4,repeticiones emparejadas,vllm,vllm,12b_4b,01,gemma4:12b,embed,docs_rag_qwen3,2026-07-16 01:49:13,confianza_5090/vllm/12b_4b/run_01/sweep.json,15,20414,235337,17050.066666666666,8080.466666666666,26.453333333333333,340.6,15,15
confianza_5090,gtc2pc4,repeticiones emparejadas,vllm,vllm,12b_4b,01,gemma4:12b,embed,docs_rag_qwen3,2026-07-16 01:49:13,confianza_5090/vllm/12b_4b/run_01/sweep.json,20,26461,414555,22050.8,10766.95,19.16,326.3,20,20
confianza_5090,gtc2pc4,repeticiones emparejadas,vllm,vllm,12b_4b,01,gemma4:12b,embed,docs_rag_qwen3,2026-07-16 01:49:13,confianza_5090/vllm/12b_4b/run_01/sweep.json,25,32135,617992,26005.08,13056.2,15.068,312.4,25,25
confianza_5090,gtc2pc4,repeticiones emparejadas,vllm,vllm,12b_4b,05,gemma4:12b,embed,docs_rag_qwen3,2026-07-16 01:56:37,confianza_5090/vllm/12b_4b/run_05/sweep.json,1,4060,-1,4059,2330,33.5,33.5,1,1
confianza_5090,gtc2pc4,repeticiones emparejadas,vllm,vllm,12b_4b,05,gemma4:12b,embed,docs_rag_qwen3,2026-07-16 01:56:37,confianza_5090/vllm/12b_4b/run_05/sweep.json,5,8609,24319,6585.6,3231.8,34.68,138.1,5,5
confianza_5090,gtc2pc4,repeticiones emparejadas,vllm,vllm,12b_4b,05,gemma4:12b,embed,docs_rag_qwen3,2026-07-16 01:56:37,confianza_5090/vllm/12b_4b/run_05/sweep.json,10,15145,115649,13079.4,7218.5,19.92,176.9,10,10
confianza_5090,gtc2pc4,repeticiones emparejadas,vllm,vllm,12b_4b,05,gemma4:12b,embed,docs_rag_qwen3,2026-07-16 01:56:37,confianza_5090/vllm/12b_4b/run_05/sweep.json,15,21429,236149,17171.866666666665,8714,18.133333333333333,228.5,15,15
confianza_5090,gtc2pc4,repeticiones emparejadas,vllm,vllm,12b_4b,05,gemma4:12b,embed,docs_rag_qwen3,2026-07-16 01:56:37,confianza_5090/vllm/12b_4b/run_05/sweep.json,20,25752,396791,21127.15,9763.5,15.69,269.4,20,20
confianza_5090,gtc2pc4,repeticiones emparejadas,vllm,vllm,12b_4b,05,gemma4:12b,embed,docs_rag_qwen3,2026-07-16 01:56:37,confianza_5090/vllm/12b_4b/run_05/sweep.json,25,30542,595643,25047.4,13118.84,12.612,269.0,25,25
confianza_5090,gtc2pc4,repeticiones emparejadas,vllm,vllm,12b_4b,07,gemma4:12b,embed,docs_rag_qwen3,2026-07-16 02:00:20,confianza_5090/vllm/12b_4b/run_07/sweep.json,1,8856,0,8856,1629,84.9,84.9,1,1
confianza_5090,gtc2pc4,repeticiones emparejadas,vllm,vllm,12b_4b,07,gemma4:12b,embed,docs_rag_qwen3,2026-07-16 02:00:20,confianza_5090/vllm/12b_4b/run_07/sweep.json,5,11059,25483,7308.4,3000.4,40.0,154.3,5,5
confianza_5090,gtc2pc4,repeticiones emparejadas,vllm,vllm,12b_4b,07,gemma4:12b,embed,docs_rag_qwen3,2026-07-16 02:00:20,confianza_5090/vllm/12b_4b/run_07/sweep.json,10,16220,104195,12041.5,6364.1,24.18,200.4,10,10
confianza_5090,gtc2pc4,repeticiones emparejadas,vllm,vllm,12b_4b,07,gemma4:12b,embed,docs_rag_qwen3,2026-07-16 02:00:20,confianza_5090/vllm/12b_4b/run_07/sweep.json,15,21829,238713,17369.466666666667,8023.2,18.84,239.3,15,15
confianza_5090,gtc2pc4,repeticiones emparejadas,vllm,vllm,12b_4b,07,gemma4:12b,embed,docs_rag_qwen3,2026-07-16 02:00:20,confianza_5090/vllm/12b_4b/run_07/sweep.json,20,26171,386005,20608.8,10012.6,15.84,264.5,20,20
confianza_5090,gtc2pc4,repeticiones emparejadas,vllm,vllm,12b_4b,07,gemma4:12b,embed,docs_rag_qwen3,2026-07-16 02:00:20,confianza_5090/vllm/12b_4b/run_07/sweep.json,25,29812,557323,23485.4,13136.76,13.56,280.2,25,25
confianza_5090,gtc2pc4,repeticiones emparejadas,vllm,vllm,12b_4b,06,gemma4:12b,embed,docs_rag_qwen3,2026-07-16 01:58:27,confianza_5090/vllm/12b_4b/run_06/sweep.json,1,1691,0,1691,1302,14.8,14.8,1,1
confianza_5090,gtc2pc4,repeticiones emparejadas,vllm,vllm,12b_4b,06,gemma4:12b,embed,docs_rag_qwen3,2026-07-16 01:58:27,confianza_5090/vllm/12b_4b/run_06/sweep.json,5,9900,32156,8411.2,4742,29.3,134.1,5,5
confianza_5090,gtc2pc4,repeticiones emparejadas,vllm,vllm,12b_4b,06,gemma4:12b,embed,docs_rag_qwen3,2026-07-16 01:58:27,confianza_5090/vllm/12b_4b/run_06/sweep.json,10,15087,114066,12915.3,7431.3,21.08,191.9,10,10
confianza_5090,gtc2pc4,repeticiones emparejadas,vllm,vllm,12b_4b,06,gemma4:12b,embed,docs_rag_qwen3,2026-07-16 01:58:27,confianza_5090/vllm/12b_4b/run_06/sweep.json,15,21626,232628,16950.266666666666,8809.666666666666,14.766666666666667,186.2,15,15
confianza_5090,gtc2pc4,repeticiones emparejadas,vllm,vllm,12b_4b,06,gemma4:12b,embed,docs_rag_qwen3,2026-07-16 01:58:27,confianza_5090/vllm/12b_4b/run_06/sweep.json,20,26502,399116,21280.9,11272,13.335,225.3,20,20
confianza_5090,gtc2pc4,repeticiones emparejadas,vllm,vllm,12b_4b,06,gemma4:12b,embed,docs_rag_qwen3,2026-07-16 01:58:27,confianza_5090/vllm/12b_4b/run_06/sweep.json,25,32105,594318,25056.92,13970.72,11.988,242.4,25,25
confianza_5090,gtc2pc4,repeticiones emparejadas,vllm,vllm,12b_4b,10,gemma4:12b,embed,docs_rag_qwen3,2026-07-16 02:05:54,confianza_5090/vllm/12b_4b/run_10/sweep.json,1,7433,-1,7432,2358,65.0,65.0,1,1
confianza_5090,gtc2pc4,repeticiones emparejadas,vllm,vllm,12b_4b,10,gemma4:12b,embed,docs_rag_qwen3,2026-07-16 02:05:54,confianza_5090/vllm/12b_4b/run_10/sweep.json,5,7667,21113,5756,2829.4,33.38,139.6,5,5
confianza_5090,gtc2pc4,repeticiones emparejadas,vllm,vllm,12b_4b,10,gemma4:12b,embed,docs_rag_qwen3,2026-07-16 02:05:54,confianza_5090/vllm/12b_4b/run_10/sweep.json,10,13391,89927,10331.8,4973.8,24.009999999999998,200.1,10,10
confianza_5090,gtc2pc4,repeticiones emparejadas,vllm,vllm,12b_4b,10,gemma4:12b,embed,docs_rag_qwen3,2026-07-16 02:05:54,confianza_5090/vllm/12b_4b/run_10/sweep.json,15,18867,207524,15092.733333333334,6463.733333333334,20.553333333333335,261.4,15,15
confianza_5090,gtc2pc4,repeticiones emparejadas,vllm,vllm,12b_4b,10,gemma4:12b,embed,docs_rag_qwen3,2026-07-16 02:05:54,confianza_5090/vllm/12b_4b/run_10/sweep.json,20,24546,372963,19875.45,10555.3,16.330000000000002,279.0,20,20
confianza_5090,gtc2pc4,repeticiones emparejadas,vllm,vllm,12b_4b,10,gemma4:12b,embed,docs_rag_qwen3,2026-07-16 02:05:54,confianza_5090/vllm/12b_4b/run_10/sweep.json,25,33625,581152,24591.08,12413.48,13.6,258.3,25,25
confianza_5090,gtc2pc4,repeticiones emparejadas,vllm,vllm,12b_4b,09,gemma4:12b,embed,docs_rag_qwen3,2026-07-16 02:04:02,confianza_5090/vllm/12b_4b/run_09/sweep.json,1,6594,0,6594,2131,65.1,65.1,1,1
confianza_5090,gtc2pc4,repeticiones emparejadas,vllm,vllm,12b_4b,09,gemma4:12b,embed,docs_rag_qwen3,2026-07-16 02:04:02,confianza_5090/vllm/12b_4b/run_09/sweep.json,5,10631,34105,8947.2,4879.4,34.1,153.6,5,5
confianza_5090,gtc2pc4,repeticiones emparejadas,vllm,vllm,12b_4b,09,gemma4:12b,embed,docs_rag_qwen3,2026-07-16 02:04:02,confianza_5090/vllm/12b_4b/run_09/sweep.json,10,13608,95090,10869.8,5337.4,28.97,244.0,10,10
confianza_5090,gtc2pc4,repeticiones emparejadas,vllm,vllm,12b_4b,09,gemma4:12b,embed,docs_rag_qwen3,2026-07-16 02:04:02,confianza_5090/vllm/12b_4b/run_09/sweep.json,15,20216,236852,17137.866666666665,9993.2,16.966666666666665,224.7,15,15
confianza_5090,gtc2pc4,repeticiones emparejadas,vllm,vllm,12b_4b,09,gemma4:12b,embed,docs_rag_qwen3,2026-07-16 02:04:02,confianza_5090/vllm/12b_4b/run_09/sweep.json,20,26063,397124,21159.35,11364,14.285,238.7,20,20
confianza_5090,gtc2pc4,repeticiones emparejadas,vllm,vllm,12b_4b,09,gemma4:12b,embed,docs_rag_qwen3,2026-07-16 02:04:02,confianza_5090/vllm/12b_4b/run_09/sweep.json,25,31114,575244,24254.32,13290.2,12.475999999999999,250.0,25,25
confianza_5090,gtc2pc4,repeticiones emparejadas,vllm,vllm,12b_4b,08,gemma4:12b,embed,docs_rag_qwen3,2026-07-16 02:02:18,confianza_5090/vllm/12b_4b/run_08/sweep.json,1,5456,0,5456,2180,53.2,53.2,1,1
confianza_5090,gtc2pc4,repeticiones emparejadas,vllm,vllm,12b_4b,08,gemma4:12b,embed,docs_rag_qwen3,2026-07-16 02:02:18,confianza_5090/vllm/12b_4b/run_08/sweep.json,5,8601,27700,7260.2,3581.2,38.38,164.9,5,5
confianza_5090,gtc2pc4,repeticiones emparejadas,vllm,vllm,12b_4b,08,gemma4:12b,embed,docs_rag_qwen3,2026-07-16 02:02:18,confianza_5090/vllm/12b_4b/run_08/sweep.json,10,14010,98139,11214.9,6050.1,23.88,197.8,10,10
confianza_5090,gtc2pc4,repeticiones emparejadas,vllm,vllm,12b_4b,08,gemma4:12b,embed,docs_rag_qwen3,2026-07-16 02:02:18,confianza_5090/vllm/12b_4b/run_08/sweep.json,15,18809,219145,15863.6,8493.333333333334,18.4,243.8,15,15
confianza_5090,gtc2pc4,repeticiones emparejadas,vllm,vllm,12b_4b,08,gemma4:12b,embed,docs_rag_qwen3,2026-07-16 02:02:18,confianza_5090/vllm/12b_4b/run_08/sweep.json,20,23166,353203,18818.45,10503.8,14.115,238.8,20,20
confianza_5090,gtc2pc4,repeticiones emparejadas,vllm,vllm,12b_4b,08,gemma4:12b,embed,docs_rag_qwen3,2026-07-16 02:02:18,confianza_5090/vllm/12b_4b/run_08/sweep.json,25,29057,570395,23978.08,12951.64,11.324,242.3,25,25
confianza_5090,gtc2pc4,repeticiones emparejadas,vllm,vllm,12b_4b,03,gemma4:12b,embed,docs_rag_qwen3,2026-07-16 01:52:57,confianza_5090/vllm/12b_4b/run_03/sweep.json,1,5733,-1,5732,1913,65.6,65.6,1,1
confianza_5090,gtc2pc4,repeticiones emparejadas,vllm,vllm,12b_4b,03,gemma4:12b,embed,docs_rag_qwen3,2026-07-16 01:52:57,confianza_5090/vllm/12b_4b/run_03/sweep.json,5,11316,34175,9098.2,3272.2,46.96,193.9,5,5
confianza_5090,gtc2pc4,repeticiones emparejadas,vllm,vllm,12b_4b,03,gemma4:12b,embed,docs_rag_qwen3,2026-07-16 01:52:57,confianza_5090/vllm/12b_4b/run_03/sweep.json,10,16859,123499,14035.8,8020.3,22.23,190.9,10,10
confianza_5090,gtc2pc4,repeticiones emparejadas,vllm,vllm,12b_4b,03,gemma4:12b,embed,docs_rag_qwen3,2026-07-16 01:52:57,confianza_5090/vllm/12b_4b/run_03/sweep.json,15,20423,224593,16334.4,8213.666666666666,19.926666666666666,250.3,15,15
confianza_5090,gtc2pc4,repeticiones emparejadas,vllm,vllm,12b_4b,03,gemma4:12b,embed,docs_rag_qwen3,2026-07-16 01:52:57,confianza_5090/vllm/12b_4b/run_03/sweep.json,20,25248,391830,20853.9,10638,16.405,282.5,20,20
confianza_5090,gtc2pc4,repeticiones emparejadas,vllm,vllm,12b_4b,03,gemma4:12b,embed,docs_rag_qwen3,2026-07-16 01:52:57,confianza_5090/vllm/12b_4b/run_03/sweep.json,25,30023,586254,24651.08,13317.72,13.988,296.5,25,25
confianza_5090,gtc2pc4,repeticiones emparejadas,vllm,vllm,12b_4b,02,gemma4:12b,embed,docs_rag_qwen3,2026-07-16 01:51:10,confianza_5090/vllm/12b_4b/run_02/sweep.json,1,3086,0,3086,2173,14.9,14.9,1,1
confianza_5090,gtc2pc4,repeticiones emparejadas,vllm,vllm,12b_4b,02,gemma4:12b,embed,docs_rag_qwen3,2026-07-16 01:51:10,confianza_5090/vllm/12b_4b/run_02/sweep.json,5,9666,25329,6999,3851.6,34.52,137.9,5,5
confianza_5090,gtc2pc4,repeticiones emparejadas,vllm,vllm,12b_4b,02,gemma4:12b,embed,docs_rag_qwen3,2026-07-16 01:51:10,confianza_5090/vllm/12b_4b/run_02/sweep.json,10,13478,99523,11300.1,6059.4,22.97,200.3,10,10
confianza_5090,gtc2pc4,repeticiones emparejadas,vllm,vllm,12b_4b,02,gemma4:12b,embed,docs_rag_qwen3,2026-07-16 01:51:10,confianza_5090/vllm/12b_4b/run_02/sweep.json,15,18378,215847,15615,8578.466666666667,18.573333333333334,244.4,15,15
confianza_5090,gtc2pc4,repeticiones emparejadas,vllm,vllm,12b_4b,02,gemma4:12b,embed,docs_rag_qwen3,2026-07-16 01:51:10,confianza_5090/vllm/12b_4b/run_02/sweep.json,20,27381,392011,20969.6,11214.6,14.29,227.0,20,20
confianza_5090,gtc2pc4,repeticiones emparejadas,vllm,vllm,12b_4b,02,gemma4:12b,embed,docs_rag_qwen3,2026-07-16 01:51:10,confianza_5090/vllm/12b_4b/run_02/sweep.json,25,30002,587684,24707.44,14030.6,12.232,256.9,25,25
confianza_5090,gtc2pc4,repeticiones emparejadas,vllm,vllm,26b_06b,04,gemma4:26b,embed,docs_rag_qwen3_06b,2026-07-31 10:50:50,confianza_5090/vllm/26b_06b/run_04/sweep.json,1,2114,0,2114,1462,27.9,27.9,1,1
confianza_5090,gtc2pc4,repeticiones emparejadas,vllm,vllm,26b_06b,04,gemma4:26b,embed,docs_rag_qwen3_06b,2026-07-31 10:50:50,confianza_5090/vllm/26b_06b/run_04/sweep.json,5,5809,11900,3541.8,1552,182.51999999999998,277.2,5,5
confianza_5090,gtc2pc4,repeticiones emparejadas,vllm,vllm,26b_06b,04,gemma4:26b,embed,docs_rag_qwen3_06b,2026-07-31 10:50:50,confianza_5090/vllm/26b_06b/run_04/sweep.json,10,8604,42614,5121.8,2421.8,97.8,345.3,10,10
confianza_5090,gtc2pc4,repeticiones emparejadas,vllm,vllm,26b_06b,04,gemma4:26b,embed,docs_rag_qwen3_06b,2026-07-31 10:50:50,confianza_5090/vllm/26b_06b/run_04/sweep.json,15,11191,103122,7620.866666666667,3674.4666666666667,56.666666666666664,358.9,15,15
confianza_5090,gtc2pc4,repeticiones emparejadas,vllm,vllm,26b_06b,04,gemma4:26b,embed,docs_rag_qwen3_06b,2026-07-31 10:50:50,confianza_5090/vllm/26b_06b/run_04/sweep.json,20,15075,195475,10527.5,5730.95,43.185,420.1,20,20
confianza_5090,gtc2pc4,repeticiones emparejadas,vllm,vllm,26b_06b,04,gemma4:26b,embed,docs_rag_qwen3_06b,2026-07-31 10:50:50,confianza_5090/vllm/26b_06b/run_04/sweep.json,25,16389,265746,11285.4,6774.28,36.348,463.3,25,25
confianza_5090,gtc2pc4,repeticiones emparejadas,vllm,vllm,26b_06b,01,gemma4:26b,embed,docs_rag_qwen3_06b,2026-07-31 10:47:34,confianza_5090/vllm/26b_06b/run_01/sweep.json,1,4304,0,4304,1803,94.6,94.6,1,1
confianza_5090,gtc2pc4,repeticiones emparejadas,vllm,vllm,26b_06b,01,gemma4:26b,embed,docs_rag_qwen3_06b,2026-07-31 10:47:34,confianza_5090/vllm/26b_06b/run_01/sweep.json,5,7943,23200,6228.6,3491.6,56.480000000000004,229.1,5,5
confianza_5090,gtc2pc4,repeticiones emparejadas,vllm,vllm,26b_06b,01,gemma4:26b,embed,docs_rag_qwen3_06b,2026-07-31 10:47:34,confianza_5090/vllm/26b_06b/run_01/sweep.json,10,8757,58282,6703.9,2758.3,53.32,419.1,10,10
confianza_5090,gtc2pc4,repeticiones emparejadas,vllm,vllm,26b_06b,01,gemma4:26b,embed,docs_rag_qwen3_06b,2026-07-31 10:47:34,confianza_5090/vllm/26b_06b/run_01/sweep.json,15,10947,117712,8577.266666666666,3708.0666666666666,42.04666666666667,510.2,15,15
confianza_5090,gtc2pc4,repeticiones emparejadas,vllm,vllm,26b_06b,01,gemma4:26b,embed,docs_rag_qwen3_06b,2026-07-31 10:47:34,confianza_5090/vllm/26b_06b/run_01/sweep.json,20,18230,258870,13855,9697.6,29.015,412.1,20,20
confianza_5090,gtc2pc4,repeticiones emparejadas,vllm,vllm,26b_06b,01,gemma4:26b,embed,docs_rag_qwen3_06b,2026-07-31 10:47:34,confianza_5090/vllm/26b_06b/run_01/sweep.json,25,17245,303046,12811.64,6769.68,27.736,521.4,25,25
confianza_5090,gtc2pc4,repeticiones emparejadas,vllm,vllm,26b_06b,05,gemma4:26b,embed,docs_rag_qwen3_06b,2026-07-31 10:51:52,confianza_5090/vllm/26b_06b/run_05/sweep.json,1,2573,0,2573,1632,42.8,42.8,1,1
confianza_5090,gtc2pc4,repeticiones emparejadas,vllm,vllm,26b_06b,05,gemma4:26b,embed,docs_rag_qwen3_06b,2026-07-31 10:51:52,confianza_5090/vllm/26b_06b/run_05/sweep.json,5,6459,17642,4820.2,2297.8,45.300000000000004,181.6,5,5
confianza_5090,gtc2pc4,repeticiones emparejadas,vllm,vllm,26b_06b,05,gemma4:26b,embed,docs_rag_qwen3_06b,2026-07-31 10:51:52,confianza_5090/vllm/26b_06b/run_05/sweep.json,10,8876,62425,7130.1,3355.3,30.65,259.1,10,10
confianza_5090,gtc2pc4,repeticiones emparejadas,vllm,vllm,26b_06b,05,gemma4:26b,embed,docs_rag_qwen3_06b,2026-07-31 10:51:52,confianza_5090/vllm/26b_06b/run_05/sweep.json,15,11826,126090,9194.4,4552.333333333333,27.62,339.0,15,15
confianza_5090,gtc2pc4,repeticiones emparejadas,vllm,vllm,26b_06b,05,gemma4:26b,embed,docs_rag_qwen3_06b,2026-07-31 10:51:52,confianza_5090/vllm/26b_06b/run_05/sweep.json,20,13874,195485,10467.95,5143.5,23.945,377.0,20,20
confianza_5090,gtc2pc4,repeticiones emparejadas,vllm,vllm,26b_06b,05,gemma4:26b,embed,docs_rag_qwen3_06b,2026-07-31 10:51:52,confianza_5090/vllm/26b_06b/run_05/sweep.json,25,16249,277878,11765.08,6395.4,22.136,421.4,25,25
confianza_5090,gtc2pc4,repeticiones emparejadas,vllm,vllm,26b_06b,07,gemma4:26b,embed,docs_rag_qwen3_06b,2026-07-31 10:53:57,confianza_5090/vllm/26b_06b/run_07/sweep.json,1,5039,0,5039,1233,149.4,149.4,1,1
confianza_5090,gtc2pc4,repeticiones emparejadas,vllm,vllm,26b_06b,07,gemma4:26b,embed,docs_rag_qwen3_06b,2026-07-31 10:53:57,confianza_5090/vllm/26b_06b/run_07/sweep.json,5,6571,16441,4602.4,1667.2,65.8,263.7,5,5
confianza_5090,gtc2pc4,repeticiones emparejadas,vllm,vllm,26b_06b,07,gemma4:26b,embed,docs_rag_qwen3_06b,2026-07-31 10:53:57,confianza_5090/vllm/26b_06b/run_07/sweep.json,10,8542,56296,6483.8,2556.8,48.06,391.8,10,10
confianza_5090,gtc2pc4,repeticiones emparejadas,vllm,vllm,26b_06b,07,gemma4:26b,embed,docs_rag_qwen3_06b,2026-07-31 10:53:57,confianza_5090/vllm/26b_06b/run_07/sweep.json,15,11512,124431,9062.866666666667,3708.133333333333,34.02,427.2,15,15
confianza_5090,gtc2pc4,repeticiones emparejadas,vllm,vllm,26b_06b,07,gemma4:26b,embed,docs_rag_qwen3_06b,2026-07-31 10:53:57,confianza_5090/vllm/26b_06b/run_07/sweep.json,20,13543,203022,10828.25,4856.8,28.89,479.4,20,20
confianza_5090,gtc2pc4,repeticiones emparejadas,vllm,vllm,26b_06b,07,gemma4:26b,embed,docs_rag_qwen3_06b,2026-07-31 10:53:57,confianza_5090/vllm/26b_06b/run_07/sweep.json,25,15928,290159,12243.48,6401.36,24.472,490.0,25,25
confianza_5090,gtc2pc4,repeticiones emparejadas,vllm,vllm,26b_06b,06,gemma4:26b,embed,docs_rag_qwen3_06b,2026-07-31 10:52:54,confianza_5090/vllm/26b_06b/run_06/sweep.json,1,1617,0,1617,1135,32.8,32.8,1,1
confianza_5090,gtc2pc4,repeticiones emparejadas,vllm,vllm,26b_06b,06,gemma4:26b,embed,docs_rag_qwen3_06b,2026-07-31 10:52:54,confianza_5090/vllm/26b_06b/run_06/sweep.json,5,6400,19448,5169.6,2203.8,52.6,225.2,5,5
confianza_5090,gtc2pc4,repeticiones emparejadas,vllm,vllm,26b_06b,06,gemma4:26b,embed,docs_rag_qwen3_06b,2026-07-31 10:52:54,confianza_5090/vllm/26b_06b/run_06/sweep.json,10,9642,62708,7235,3543.8,35.48,283.0,10,10
confianza_5090,gtc2pc4,repeticiones emparejadas,vllm,vllm,26b_06b,06,gemma4:26b,embed,docs_rag_qwen3_06b,2026-07-31 10:52:54,confianza_5090/vllm/26b_06b/run_06/sweep.json,15,10920,118613,8635.533333333333,4138.666666666667,28.166666666666668,358.6,15,15
confianza_5090,gtc2pc4,repeticiones emparejadas,vllm,vllm,26b_06b,06,gemma4:26b,embed,docs_rag_qwen3_06b,2026-07-31 10:52:54,confianza_5090/vllm/26b_06b/run_06/sweep.json,20,12660,189025,10294.157894736842,5157.8421052631575,25.242105263157896,399.3,19,20
confianza_5090,gtc2pc4,repeticiones emparejadas,vllm,vllm,26b_06b,06,gemma4:26b,embed,docs_rag_qwen3_06b,2026-07-31 10:52:54,confianza_5090/vllm/26b_06b/run_06/sweep.json,25,18853,319776,13545.16,7985.24,23.176,405.8,25,25
confianza_5090,gtc2pc4,repeticiones emparejadas,vllm,vllm,26b_06b,10,gemma4:26b,embed,docs_rag_qwen3_06b,2026-07-31 10:57:07,confianza_5090/vllm/26b_06b/run_10/sweep.json,1,3116,0,3116,1144,108.8,108.8,1,1
confianza_5090,gtc2pc4,repeticiones emparejadas,vllm,vllm,26b_06b,10,gemma4:26b,embed,docs_rag_qwen3_06b,2026-07-31 10:57:07,confianza_5090/vllm/26b_06b/run_10/sweep.json,5,5448,14758,4041.2,1821,59.28,242.1,5,5
confianza_5090,gtc2pc4,repeticiones emparejadas,vllm,vllm,26b_06b,10,gemma4:26b,embed,docs_rag_qwen3_06b,2026-07-31 10:57:07,confianza_5090/vllm/26b_06b/run_10/sweep.json,10,8241,57703,6594.4,3014.4,38.02,323.4,10,10
confianza_5090,gtc2pc4,repeticiones emparejadas,vllm,vllm,26b_06b,10,gemma4:26b,embed,docs_rag_qwen3_06b,2026-07-31 10:57:07,confianza_5090/vllm/26b_06b/run_10/sweep.json,15,11741,126920,9244.066666666668,4069.4,33.61333333333334,418.3,15,15
confianza_5090,gtc2pc4,repeticiones emparejadas,vllm,vllm,26b_06b,10,gemma4:26b,embed,docs_rag_qwen3_06b,2026-07-31 10:57:07,confianza_5090/vllm/26b_06b/run_10/sweep.json,20,15602,224764,12018.3,6894.95,28.94,431.5,20,20
confianza_5090,gtc2pc4,repeticiones emparejadas,vllm,vllm,26b_06b,10,gemma4:26b,embed,docs_rag_qwen3_06b,2026-07-31 10:57:07,confianza_5090/vllm/26b_06b/run_10/sweep.json,25,17925,303691,12864.64,6798.72,27.184,494.8,25,25
confianza_5090,gtc2pc4,repeticiones emparejadas,vllm,vllm,26b_06b,09,gemma4:26b,embed,docs_rag_qwen3_06b,2026-07-31 10:56:03,confianza_5090/vllm/26b_06b/run_09/sweep.json,1,4364,0,4364,1619,103.1,103.1,1,1
confianza_5090,gtc2pc4,repeticiones emparejadas,vllm,vllm,26b_06b,09,gemma4:26b,embed,docs_rag_qwen3_06b,2026-07-31 10:56:03,confianza_5090/vllm/26b_06b/run_09/sweep.json,5,6178,20755,5386.6,2171.6,59.94,266.4,5,5
confianza_5090,gtc2pc4,repeticiones emparejadas,vllm,vllm,26b_06b,09,gemma4:26b,embed,docs_rag_qwen3_06b,2026-07-31 10:56:03,confianza_5090/vllm/26b_06b/run_09/sweep.json,10,9116,63917,7303.3,2671.7,51.96,432.1,10,10
confianza_5090,gtc2pc4,repeticiones emparejadas,vllm,vllm,26b_06b,09,gemma4:26b,embed,docs_rag_qwen3_06b,2026-07-31 10:56:03,confianza_5090/vllm/26b_06b/run_09/sweep.json,15,10350,113678,8268.533333333333,3216.2,57.94,427.6,15,15
confianza_5090,gtc2pc4,repeticiones emparejadas,vllm,vllm,26b_06b,09,gemma4:26b,embed,docs_rag_qwen3_06b,2026-07-31 10:56:03,confianza_5090/vllm/26b_06b/run_09/sweep.json,20,14225,196079,10515.2,5548.95,44.07,424.4,20,20
confianza_5090,gtc2pc4,repeticiones emparejadas,vllm,vllm,26b_06b,09,gemma4:26b,embed,docs_rag_qwen3_06b,2026-07-31 10:56:03,confianza_5090/vllm/26b_06b/run_09/sweep.json,25,16967,305811,12911.12,7806.6,32.952,428.2,25,25
confianza_5090,gtc2pc4,repeticiones emparejadas,vllm,vllm,26b_06b,08,gemma4:26b,embed,docs_rag_qwen3_06b,2026-07-31 10:55:01,confianza_5090/vllm/26b_06b/run_08/sweep.json,1,3764,-1,3763,1446,96.5,96.4,1,1
confianza_5090,gtc2pc4,repeticiones emparejadas,vllm,vllm,26b_06b,08,gemma4:26b,embed,docs_rag_qwen3_06b,2026-07-31 10:55:01,confianza_5090/vllm/26b_06b/run_08/sweep.json,5,7274,19694,5393.6,2290.6,63.54,243.9,5,5
confianza_5090,gtc2pc4,repeticiones emparejadas,vllm,vllm,26b_06b,08,gemma4:26b,embed,docs_rag_qwen3_06b,2026-07-31 10:55:01,confianza_5090/vllm/26b_06b/run_08/sweep.json,10,8206,62155,7036.1,3425.7,38.86,346.5,10,10
confianza_5090,gtc2pc4,repeticiones emparejadas,vllm,vllm,26b_06b,08,gemma4:26b,embed,docs_rag_qwen3_06b,2026-07-31 10:55:01,confianza_5090/vllm/26b_06b/run_08/sweep.json,15,10722,121349,8804.733333333334,3797.733333333333,30.613333333333333,396.4,15,15
confianza_5090,gtc2pc4,repeticiones emparejadas,vllm,vllm,26b_06b,08,gemma4:26b,embed,docs_rag_qwen3_06b,2026-07-31 10:55:01,confianza_5090/vllm/26b_06b/run_08/sweep.json,20,14034,209805,11191.95,6254.8,23.55,384.8,20,20
confianza_5090,gtc2pc4,repeticiones emparejadas,vllm,vllm,26b_06b,08,gemma4:26b,embed,docs_rag_qwen3_06b,2026-07-31 10:55:01,confianza_5090/vllm/26b_06b/run_08/sweep.json,25,16103,291680,12311.32,7071,22.492,431.3,25,25
confianza_5090,gtc2pc4,repeticiones emparejadas,vllm,vllm,26b_06b,03,gemma4:26b,embed,docs_rag_qwen3_06b,2026-07-31 10:49:49,confianza_5090/vllm/26b_06b/run_03/sweep.json,1,326,0,326,325,834.3,834.4,1,1
confianza_5090,gtc2pc4,repeticiones emparejadas,vllm,vllm,26b_06b,03,gemma4:26b,embed,docs_rag_qwen3_06b,2026-07-31 10:49:49,confianza_5090/vllm/26b_06b/run_03/sweep.json,5,6151,16373,4504.8,1819.4,177.94,296.0,5,5
confianza_5090,gtc2pc4,repeticiones emparejadas,vllm,vllm,26b_06b,03,gemma4:26b,embed,docs_rag_qwen3_06b,2026-07-31 10:49:49,confianza_5090/vllm/26b_06b/run_03/sweep.json,10,11752,57416,6916.8,3580.9,96.64,293.0,10,10
confianza_5090,gtc2pc4,repeticiones emparejadas,vllm,vllm,26b_06b,03,gemma4:26b,embed,docs_rag_qwen3_06b,2026-07-31 10:49:49,confianza_5090/vllm/26b_06b/run_03/sweep.json,15,9888,107130,7801.2,3087.2,60.36666666666667,468.9,15,15
confianza_5090,gtc2pc4,repeticiones emparejadas,vllm,vllm,26b_06b,03,gemma4:26b,embed,docs_rag_qwen3_06b,2026-07-31 10:49:49,confianza_5090/vllm/26b_06b/run_03/sweep.json,20,13478,178352,9591.5,4621.65,45.36,456.2,20,20
confianza_5090,gtc2pc4,repeticiones emparejadas,vllm,vllm,26b_06b,03,gemma4:26b,embed,docs_rag_qwen3_06b,2026-07-31 10:49:49,confianza_5090/vllm/26b_06b/run_03/sweep.json,25,17127,262124,11170.04,5957.24,39.432,482.2,25,25
confianza_5090,gtc2pc4,repeticiones emparejadas,vllm,vllm,26b_06b,02,gemma4:26b,embed,docs_rag_qwen3_06b,2026-07-31 10:48:45,confianza_5090/vllm/26b_06b/run_02/sweep.json,1,1868,0,1868,1177,34.3,34.3,1,1
confianza_5090,gtc2pc4,repeticiones emparejadas,vllm,vllm,26b_06b,02,gemma4:26b,embed,docs_rag_qwen3_06b,2026-07-31 10:48:45,confianza_5090/vllm/26b_06b/run_02/sweep.json,5,7421,23508,6185.8,3985.8,43.62,195.7,5,5
confianza_5090,gtc2pc4,repeticiones emparejadas,vllm,vllm,26b_06b,02,gemma4:26b,embed,docs_rag_qwen3_06b,2026-07-31 10:48:45,confianza_5090/vllm/26b_06b/run_02/sweep.json,10,10670,64583,7525.3,4875.6,43.54,286.1,10,10
confianza_5090,gtc2pc4,repeticiones emparejadas,vllm,vllm,26b_06b,02,gemma4:26b,embed,docs_rag_qwen3_06b,2026-07-31 10:48:45,confianza_5090/vllm/26b_06b/run_02/sweep.json,15,13246,140949,10279.666666666666,6950.666666666667,29.686666666666667,334.5,15,15
confianza_5090,gtc2pc4,repeticiones emparejadas,vllm,vllm,26b_06b,02,gemma4:26b,embed,docs_rag_qwen3_06b,2026-07-31 10:48:45,confianza_5090/vllm/26b_06b/run_02/sweep.json,20,12746,185682,9921.4,5142.45,25.975,405.0,20,20
confianza_5090,gtc2pc4,repeticiones emparejadas,vllm,vllm,26b_06b,02,gemma4:26b,embed,docs_rag_qwen3_06b,2026-07-31 10:48:45,confianza_5090/vllm/26b_06b/run_02/sweep.json,25,16022,274364,11615.44,6602.8,23.456,427.8,25,25
