campana,maquina,motor,celda,repeticion,origen,gpu,muestras,utilizacion_mediana_pct,utilizacion_max_pct,potencia_mediana_w,potencia_media_w,potencia_max_w,memoria_max_mib
confianza,voz05,llamacpp,26b_4b_np4,04,confianza/llamacpp/26b_4b_np4/run_04/telemetria_gpu.csv,0,108,90.0,99,310.5,308.0,438.1,30937
confianza,voz05,llamacpp,26b_4b_np4,04,confianza/llamacpp/26b_4b_np4/run_04/telemetria_gpu.csv,1,108,0.0,90,109.5,124.8,269.6,10161
confianza,voz05,llamacpp,26b_4b_np4,01,confianza/llamacpp/26b_4b_np4/run_01/telemetria_gpu.csv,0,125,89,99,312.9,312.0,447.0,30937
confianza,voz05,llamacpp,26b_4b_np4,01,confianza/llamacpp/26b_4b_np4/run_01/telemetria_gpu.csv,1,125,0,90,100.8,122.7,385.1,16308
confianza,voz05,llamacpp,26b_4b_np4,05,confianza/llamacpp/26b_4b_np4/run_05/telemetria_gpu.csv,0,115,90,99,318.6,312.4,449.8,30937
confianza,voz05,llamacpp,26b_4b_np4,05,confianza/llamacpp/26b_4b_np4/run_05/telemetria_gpu.csv,1,115,0,84,105.5,119.8,297.0,10161
confianza,voz05,llamacpp,26b_4b_np4,07,confianza/llamacpp/26b_4b_np4/run_07/telemetria_gpu.csv,0,110,90.0,99,317.7,309.9,425.2,30937
confianza,voz05,llamacpp,26b_4b_np4,07,confianza/llamacpp/26b_4b_np4/run_07/telemetria_gpu.csv,1,110,0.0,87,110.7,120.4,251.8,10161
confianza,voz05,llamacpp,26b_4b_np4,06,confianza/llamacpp/26b_4b_np4/run_06/telemetria_gpu.csv,0,106,89.0,99,308.2,307.7,457.2,30937
confianza,voz05,llamacpp,26b_4b_np4,06,confianza/llamacpp/26b_4b_np4/run_06/telemetria_gpu.csv,1,106,0.0,90,113.8,125.8,318.7,10161
confianza,voz05,llamacpp,26b_4b_np4,10,confianza/llamacpp/26b_4b_np4/run_10/telemetria_gpu.csv,0,108,88.5,99,303.7,299.4,416.4,30937
confianza,voz05,llamacpp,26b_4b_np4,10,confianza/llamacpp/26b_4b_np4/run_10/telemetria_gpu.csv,1,108,0.0,90,110.0,124.3,339.1,10161
confianza,voz05,llamacpp,26b_4b_np4,09,confianza/llamacpp/26b_4b_np4/run_09/telemetria_gpu.csv,0,111,90,99,310.9,308.5,444.5,30937
confianza,voz05,llamacpp,26b_4b_np4,09,confianza/llamacpp/26b_4b_np4/run_09/telemetria_gpu.csv,1,111,0,90,110.0,121.6,279.2,10161
confianza,voz05,llamacpp,26b_4b_np4,08,confianza/llamacpp/26b_4b_np4/run_08/telemetria_gpu.csv,0,103,89,95,308.3,303.0,406.4,30937
confianza,voz05,llamacpp,26b_4b_np4,08,confianza/llamacpp/26b_4b_np4/run_08/telemetria_gpu.csv,1,103,0,89,112.9,124.9,290.6,10161
confianza,voz05,llamacpp,26b_4b_np4,03,confianza/llamacpp/26b_4b_np4/run_03/telemetria_gpu.csv,0,110,89.0,99,309.2,307.6,444.8,30937
confianza,voz05,llamacpp,26b_4b_np4,03,confianza/llamacpp/26b_4b_np4/run_03/telemetria_gpu.csv,1,110,0.0,84,107.9,119.9,247.5,10161
confianza,voz05,llamacpp,26b_4b_np4,02,confianza/llamacpp/26b_4b_np4/run_02/telemetria_gpu.csv,0,99,89,99,308.5,305.0,441.3,30937
confianza,voz05,llamacpp,26b_4b_np4,02,confianza/llamacpp/26b_4b_np4/run_02/telemetria_gpu.csv,1,99,0,94,109.0,129.5,355.9,10161
confianza,voz05,llamacpp,26b_06b_np4,04,confianza/llamacpp/26b_06b_np4/run_04/telemetria_gpu.csv,0,106,89.5,99,312.5,304.5,422.3,30937
confianza,voz05,llamacpp,26b_06b_np4,04,confianza/llamacpp/26b_06b_np4/run_04/telemetria_gpu.csv,1,106,0.0,84,104.4,108.9,152.6,16308
confianza,voz05,llamacpp,26b_06b_np4,01,confianza/llamacpp/26b_06b_np4/run_01/telemetria_gpu.csv,0,117,89,99,316.5,310.5,405.1,30937
confianza,voz05,llamacpp,26b_06b_np4,01,confianza/llamacpp/26b_06b_np4/run_01/telemetria_gpu.csv,1,117,0,81,98.3,107.1,156.2,16308
confianza,voz05,llamacpp,26b_06b_np4,05,confianza/llamacpp/26b_06b_np4/run_05/telemetria_gpu.csv,0,114,89.5,99,314.0,311.9,442.7,30937
confianza,voz05,llamacpp,26b_06b_np4,05,confianza/llamacpp/26b_06b_np4/run_05/telemetria_gpu.csv,1,114,0.0,67,106.2,109.7,163.0,16308
confianza,voz05,llamacpp,26b_06b_np4,07,confianza/llamacpp/26b_06b_np4/run_07/telemetria_gpu.csv,0,113,89,99,311.9,310.2,421.9,30937
confianza,voz05,llamacpp,26b_06b_np4,07,confianza/llamacpp/26b_06b_np4/run_07/telemetria_gpu.csv,1,113,0,78,107.7,109.2,150.9,16308
confianza,voz05,llamacpp,26b_06b_np4,06,confianza/llamacpp/26b_06b_np4/run_06/telemetria_gpu.csv,0,115,90,99,314.9,310.9,454.5,30937
confianza,voz05,llamacpp,26b_06b_np4,06,confianza/llamacpp/26b_06b_np4/run_06/telemetria_gpu.csv,1,115,0,79,108.6,111.1,163.6,16308
confianza,voz05,llamacpp,26b_06b_np4,10,confianza/llamacpp/26b_06b_np4/run_10/telemetria_gpu.csv,0,108,89.0,99,310.5,305.4,440.4,30937
confianza,voz05,llamacpp,26b_06b_np4,10,confianza/llamacpp/26b_06b_np4/run_10/telemetria_gpu.csv,1,108,0.0,80,108.1,110.9,168.8,16308
confianza,voz05,llamacpp,26b_06b_np4,09,confianza/llamacpp/26b_06b_np4/run_09/telemetria_gpu.csv,0,105,90,99,311.6,311.0,463.2,30937
confianza,voz05,llamacpp,26b_06b_np4,09,confianza/llamacpp/26b_06b_np4/run_09/telemetria_gpu.csv,1,105,0,83,108.2,110.6,152.7,16308
confianza,voz05,llamacpp,26b_06b_np4,08,confianza/llamacpp/26b_06b_np4/run_08/telemetria_gpu.csv,0,106,90.0,99,316.1,308.9,411.4,30937
confianza,voz05,llamacpp,26b_06b_np4,08,confianza/llamacpp/26b_06b_np4/run_08/telemetria_gpu.csv,1,106,0.0,81,105.3,109.8,164.6,16308
confianza,voz05,llamacpp,26b_06b_np4,03,confianza/llamacpp/26b_06b_np4/run_03/telemetria_gpu.csv,0,116,91.0,99,323.0,317.9,473.6,30937
confianza,voz05,llamacpp,26b_06b_np4,03,confianza/llamacpp/26b_06b_np4/run_03/telemetria_gpu.csv,1,116,0.0,81,102.3,107.0,143.9,16308
confianza,voz05,llamacpp,26b_06b_np4,02,confianza/llamacpp/26b_06b_np4/run_02/telemetria_gpu.csv,0,97,88,99,307.6,300.0,409.5,30937
confianza,voz05,llamacpp,26b_06b_np4,02,confianza/llamacpp/26b_06b_np4/run_02/telemetria_gpu.csv,1,97,0,68,109.8,112.1,171.2,16308
confianza,voz05,llamacpp,12b_06b_np8,04,confianza/llamacpp/12b_06b_np8/run_04/telemetria_gpu.csv,0,169,91,99,392.9,384.4,496.1,50845
confianza,voz05,llamacpp,12b_06b_np8,04,confianza/llamacpp/12b_06b_np8/run_04/telemetria_gpu.csv,1,169,0,72,96.1,103.7,172.1,16308
confianza,voz05,llamacpp,12b_06b_np8,01,confianza/llamacpp/12b_06b_np8/run_01/telemetria_gpu.csv,0,179,92,99,400.4,388.8,493.8,50845
confianza,voz05,llamacpp,12b_06b_np8,01,confianza/llamacpp/12b_06b_np8/run_01/telemetria_gpu.csv,1,179,0,85,95.6,102.7,149.5,16308
confianza,voz05,llamacpp,12b_06b_np8,05,confianza/llamacpp/12b_06b_np8/run_05/telemetria_gpu.csv,0,180,93.0,99,408.6,389.4,500.3,50845
confianza,voz05,llamacpp,12b_06b_np8,05,confianza/llamacpp/12b_06b_np8/run_05/telemetria_gpu.csv,1,180,0.0,85,97.1,103.1,148.4,16308
confianza,voz05,llamacpp,12b_06b_np8,07,confianza/llamacpp/12b_06b_np8/run_07/telemetria_gpu.csv,0,178,92.0,99,408.4,391.3,503.8,50845
confianza,voz05,llamacpp,12b_06b_np8,07,confianza/llamacpp/12b_06b_np8/run_07/telemetria_gpu.csv,1,178,0.0,87,96.4,106.1,182.6,16308
confianza,voz05,llamacpp,12b_06b_np8,06,confianza/llamacpp/12b_06b_np8/run_06/telemetria_gpu.csv,0,164,91.5,99,403.5,389.4,519.2,50845
confianza,voz05,llamacpp,12b_06b_np8,06,confianza/llamacpp/12b_06b_np8/run_06/telemetria_gpu.csv,1,164,0.0,84,98.0,105.7,166.2,16308
confianza,voz05,llamacpp,12b_06b_np8,10,confianza/llamacpp/12b_06b_np8/run_10/telemetria_gpu.csv,0,172,92.0,99,399.5,387.5,512.9,50845
confianza,voz05,llamacpp,12b_06b_np8,10,confianza/llamacpp/12b_06b_np8/run_10/telemetria_gpu.csv,1,172,0.0,86,96.7,105.2,152.9,16308
confianza,voz05,llamacpp,12b_06b_np8,09,confianza/llamacpp/12b_06b_np8/run_09/telemetria_gpu.csv,0,175,92,99,396.8,388.4,510.8,50845
confianza,voz05,llamacpp,12b_06b_np8,09,confianza/llamacpp/12b_06b_np8/run_09/telemetria_gpu.csv,1,175,0,86,96.3,104.7,175.8,16308
confianza,voz05,llamacpp,12b_06b_np8,08,confianza/llamacpp/12b_06b_np8/run_08/telemetria_gpu.csv,0,173,92,99,403.0,387.8,514.9,50845
confianza,voz05,llamacpp,12b_06b_np8,08,confianza/llamacpp/12b_06b_np8/run_08/telemetria_gpu.csv,1,173,0,86,96.3,105.2,168.3,16308
confianza,voz05,llamacpp,12b_06b_np8,03,confianza/llamacpp/12b_06b_np8/run_03/telemetria_gpu.csv,0,208,92.0,99,411.6,393.2,507.3,50845
confianza,voz05,llamacpp,12b_06b_np8,03,confianza/llamacpp/12b_06b_np8/run_03/telemetria_gpu.csv,1,208,0.0,88,95.9,104.0,157.2,16308
confianza,voz05,llamacpp,12b_06b_np8,02,confianza/llamacpp/12b_06b_np8/run_02/telemetria_gpu.csv,0,160,91.0,99,395.1,384.7,511.6,50845
confianza,voz05,llamacpp,12b_06b_np8,02,confianza/llamacpp/12b_06b_np8/run_02/telemetria_gpu.csv,1,160,0.0,86,96.7,105.1,167.8,16308
confianza,voz05,llamacpp,12b_06b_np4,04,confianza/llamacpp/12b_06b_np4/run_04/telemetria_gpu.csv,0,168,93.5,99,412.8,397.0,494.9,29341
confianza,voz05,llamacpp,12b_06b_np4,04,confianza/llamacpp/12b_06b_np4/run_04/telemetria_gpu.csv,1,168,0.0,64,96.6,101.6,136.3,16308
confianza,voz05,llamacpp,12b_06b_np4,01,confianza/llamacpp/12b_06b_np4/run_01/telemetria_gpu.csv,0,190,93.0,99,417.0,399.3,497.8,29341
confianza,voz05,llamacpp,12b_06b_np4,01,confianza/llamacpp/12b_06b_np4/run_01/telemetria_gpu.csv,1,190,0.0,69,96.4,101.7,140.0,16308
confianza,voz05,llamacpp,12b_06b_np4,05,confianza/llamacpp/12b_06b_np4/run_05/telemetria_gpu.csv,0,169,93,99,410.5,397.6,511.0,29341
confianza,voz05,llamacpp,12b_06b_np4,05,confianza/llamacpp/12b_06b_np4/run_05/telemetria_gpu.csv,1,169,0,74,96.7,101.9,131.9,16308
confianza,voz05,llamacpp,12b_06b_np4,07,confianza/llamacpp/12b_06b_np4/run_07/telemetria_gpu.csv,0,181,93,99,416.8,401.3,504.2,29341
confianza,voz05,llamacpp,12b_06b_np4,07,confianza/llamacpp/12b_06b_np4/run_07/telemetria_gpu.csv,1,181,0,80,96.6,102.5,138.3,16308
confianza,voz05,llamacpp,12b_06b_np4,06,confianza/llamacpp/12b_06b_np4/run_06/telemetria_gpu.csv,0,166,93.5,99,412.9,396.3,500.6,29341
confianza,voz05,llamacpp,12b_06b_np4,06,confianza/llamacpp/12b_06b_np4/run_06/telemetria_gpu.csv,1,166,0.0,69,96.9,103.4,148.2,16308
confianza,voz05,llamacpp,12b_06b_np4,10,confianza/llamacpp/12b_06b_np4/run_10/telemetria_gpu.csv,0,168,93.0,99,416.8,397.6,486.2,29341
confianza,voz05,llamacpp,12b_06b_np4,10,confianza/llamacpp/12b_06b_np4/run_10/telemetria_gpu.csv,1,168,0.0,84,97.0,101.8,133.0,16308
confianza,voz05,llamacpp,12b_06b_np4,09,confianza/llamacpp/12b_06b_np4/run_09/telemetria_gpu.csv,0,170,93.0,99,415.0,399.3,505.6,29341
confianza,voz05,llamacpp,12b_06b_np4,09,confianza/llamacpp/12b_06b_np4/run_09/telemetria_gpu.csv,1,170,0.0,81,96.7,102.9,145.6,16308
confianza,voz05,llamacpp,12b_06b_np4,08,confianza/llamacpp/12b_06b_np4/run_08/telemetria_gpu.csv,0,156,93.0,99,414.6,399.4,508.1,29341
confianza,voz05,llamacpp,12b_06b_np4,08,confianza/llamacpp/12b_06b_np4/run_08/telemetria_gpu.csv,1,156,0.0,82,97.7,102.2,130.6,16308
confianza,voz05,llamacpp,12b_06b_np4,03,confianza/llamacpp/12b_06b_np4/run_03/telemetria_gpu.csv,0,190,93.0,99,416.2,402.5,494.1,29341
confianza,voz05,llamacpp,12b_06b_np4,03,confianza/llamacpp/12b_06b_np4/run_03/telemetria_gpu.csv,1,190,0.0,86,96.6,102.6,146.9,16308
confianza,voz05,llamacpp,12b_06b_np4,02,confianza/llamacpp/12b_06b_np4/run_02/telemetria_gpu.csv,0,151,93,99,413.3,397.3,509.1,29341
confianza,voz05,llamacpp,12b_06b_np4,02,confianza/llamacpp/12b_06b_np4/run_02/telemetria_gpu.csv,1,151,0,69,98.6,104.2,143.7,16308
confianza,voz05,llamacpp,12b_4b_np4,04,confianza/llamacpp/12b_4b_np4/run_04/telemetria_gpu.csv,0,167,93,99,417.6,401.6,507.1,29341
confianza,voz05,llamacpp,12b_4b_np4,04,confianza/llamacpp/12b_4b_np4/run_04/telemetria_gpu.csv,1,167,0,92,92.8,109.3,245.7,10161
confianza,voz05,llamacpp,12b_4b_np4,01,confianza/llamacpp/12b_4b_np4/run_01/telemetria_gpu.csv,0,212,93.0,99,416.5,404.2,504.9,29341
confianza,voz05,llamacpp,12b_4b_np4,01,confianza/llamacpp/12b_4b_np4/run_01/telemetria_gpu.csv,1,212,0.0,91,95.5,109.2,295.3,16308
confianza,voz05,llamacpp,12b_4b_np4,05,confianza/llamacpp/12b_4b_np4/run_05/telemetria_gpu.csv,0,179,93,99,411.3,396.0,518.1,29341
confianza,voz05,llamacpp,12b_4b_np4,05,confianza/llamacpp/12b_4b_np4/run_05/telemetria_gpu.csv,1,179,0,90,94.7,108.8,323.9,10161
confianza,voz05,llamacpp,12b_4b_np4,07,confianza/llamacpp/12b_4b_np4/run_07/telemetria_gpu.csv,0,181,93,99,416.5,399.7,493.5,29341
confianza,voz05,llamacpp,12b_4b_np4,07,confianza/llamacpp/12b_4b_np4/run_07/telemetria_gpu.csv,1,181,0,90,96.8,108.0,245.6,10161
confianza,voz05,llamacpp,12b_4b_np4,06,confianza/llamacpp/12b_4b_np4/run_06/telemetria_gpu.csv,0,182,94.0,99,416.1,401.5,510.1,29341
confianza,voz05,llamacpp,12b_4b_np4,06,confianza/llamacpp/12b_4b_np4/run_06/telemetria_gpu.csv,1,182,0.0,90,96.7,109.3,264.6,10161
confianza,voz05,llamacpp,12b_4b_np4,10,confianza/llamacpp/12b_4b_np4/run_10/telemetria_gpu.csv,0,168,93.0,99,413.1,395.5,501.5,29341
confianza,voz05,llamacpp,12b_4b_np4,10,confianza/llamacpp/12b_4b_np4/run_10/telemetria_gpu.csv,1,168,0.0,90,98.5,110.5,247.7,10161
confianza,voz05,llamacpp,12b_4b_np4,09,confianza/llamacpp/12b_4b_np4/run_09/telemetria_gpu.csv,0,172,93.0,99,418.2,397.1,497.5,29341
confianza,voz05,llamacpp,12b_4b_np4,09,confianza/llamacpp/12b_4b_np4/run_09/telemetria_gpu.csv,1,172,0.0,82,94.6,111.7,299.3,10161
confianza,voz05,llamacpp,12b_4b_np4,08,confianza/llamacpp/12b_4b_np4/run_08/telemetria_gpu.csv,0,164,93.0,99,413.1,397.6,502.0,29341
confianza,voz05,llamacpp,12b_4b_np4,08,confianza/llamacpp/12b_4b_np4/run_08/telemetria_gpu.csv,1,164,0.0,90,96.9,111.3,303.1,10161
confianza,voz05,llamacpp,12b_4b_np4,03,confianza/llamacpp/12b_4b_np4/run_03/telemetria_gpu.csv,0,208,94.0,99,416.1,403.5,495.5,29341
confianza,voz05,llamacpp,12b_4b_np4,03,confianza/llamacpp/12b_4b_np4/run_03/telemetria_gpu.csv,1,208,0.0,90,95.6,111.0,284.4,10161
confianza,voz05,llamacpp,12b_4b_np4,02,confianza/llamacpp/12b_4b_np4/run_02/telemetria_gpu.csv,0,165,93,99,411.2,397.1,488.0,29341
confianza,voz05,llamacpp,12b_4b_np4,02,confianza/llamacpp/12b_4b_np4/run_02/telemetria_gpu.csv,1,165,0,90,95.8,115.2,286.7,10161
confianza,voz05,llamacpp,26b_4b_np1,04,confianza/llamacpp/26b_4b_np1/run_04/telemetria_gpu.csv,0,161,94,99,281.3,283.8,417.7,20377
confianza,voz05,llamacpp,26b_4b_np1,04,confianza/llamacpp/26b_4b_np1/run_04/telemetria_gpu.csv,1,161,0,84,100.8,115.5,286.1,10161
confianza,voz05,llamacpp,26b_4b_np1,01,confianza/llamacpp/26b_4b_np1/run_01/telemetria_gpu.csv,0,199,94,99,279.8,283.2,398.8,20377
confianza,voz05,llamacpp,26b_4b_np1,01,confianza/llamacpp/26b_4b_np1/run_01/telemetria_gpu.csv,1,199,0,91,96.0,111.9,263.3,16308
confianza,voz05,llamacpp,26b_4b_np1,05,confianza/llamacpp/26b_4b_np1/run_05/telemetria_gpu.csv,0,168,94.0,99,280.8,280.4,391.0,20377
confianza,voz05,llamacpp,26b_4b_np1,05,confianza/llamacpp/26b_4b_np1/run_05/telemetria_gpu.csv,1,168,0.0,91,98.2,111.7,293.5,10161
confianza,voz05,llamacpp,26b_4b_np1,07,confianza/llamacpp/26b_4b_np1/run_07/telemetria_gpu.csv,0,165,94,99,279.8,282.1,410.3,20377
confianza,voz05,llamacpp,26b_4b_np1,07,confianza/llamacpp/26b_4b_np1/run_07/telemetria_gpu.csv,1,165,0,92,106.3,113.5,252.2,10161
confianza,voz05,llamacpp,26b_4b_np1,06,confianza/llamacpp/26b_4b_np1/run_06/telemetria_gpu.csv,0,164,94.0,99,280.4,281.8,425.1,20377
confianza,voz05,llamacpp,26b_4b_np1,06,confianza/llamacpp/26b_4b_np1/run_06/telemetria_gpu.csv,1,164,0.0,91,108.0,115.6,237.2,10161
confianza,voz05,llamacpp,26b_4b_np1,10,confianza/llamacpp/26b_4b_np1/run_10/telemetria_gpu.csv,0,175,94,99,280.2,281.8,402.9,20377
confianza,voz05,llamacpp,26b_4b_np1,10,confianza/llamacpp/26b_4b_np1/run_10/telemetria_gpu.csv,1,175,0,91,103.6,114.5,248.7,10161
confianza,voz05,llamacpp,26b_4b_np1,09,confianza/llamacpp/26b_4b_np1/run_09/telemetria_gpu.csv,0,168,94.0,99,280.5,285.8,416.0,20377
confianza,voz05,llamacpp,26b_4b_np1,09,confianza/llamacpp/26b_4b_np1/run_09/telemetria_gpu.csv,1,168,0.0,91,101.5,113.1,267.4,10161
confianza,voz05,llamacpp,26b_4b_np1,08,confianza/llamacpp/26b_4b_np1/run_08/telemetria_gpu.csv,0,157,94,99,279.4,280.1,395.1,20377
confianza,voz05,llamacpp,26b_4b_np1,08,confianza/llamacpp/26b_4b_np1/run_08/telemetria_gpu.csv,1,157,0,92,101.4,114.7,278.3,10161
confianza,voz05,llamacpp,26b_4b_np1,03,confianza/llamacpp/26b_4b_np1/run_03/telemetria_gpu.csv,0,171,94,99,279.6,282.3,409.8,20377
confianza,voz05,llamacpp,26b_4b_np1,03,confianza/llamacpp/26b_4b_np1/run_03/telemetria_gpu.csv,1,171,0,91,99.7,110.0,228.2,10161
confianza,voz05,llamacpp,26b_4b_np1,02,confianza/llamacpp/26b_4b_np1/run_02/telemetria_gpu.csv,0,151,94,99,280.5,284.5,448.7,20377
confianza,voz05,llamacpp,26b_4b_np1,02,confianza/llamacpp/26b_4b_np1/run_02/telemetria_gpu.csv,1,151,0,89,104.4,118.0,283.0,10161
confianza,voz05,llamacpp,12b_06b_np1,04,confianza/llamacpp/12b_06b_np1/run_04/telemetria_gpu.csv,0,295,96,99,366.8,362.9,479.3,13211
confianza,voz05,llamacpp,12b_06b_np1,04,confianza/llamacpp/12b_06b_np1/run_04/telemetria_gpu.csv,1,295,0,88,96.4,98.0,131.6,16308
confianza,voz05,llamacpp,12b_06b_np1,01,confianza/llamacpp/12b_06b_np1/run_01/telemetria_gpu.csv,0,334,96.0,99,367.6,362.8,520.8,13211
confianza,voz05,llamacpp,12b_06b_np1,01,confianza/llamacpp/12b_06b_np1/run_01/telemetria_gpu.csv,1,334,0.0,47,96.4,98.1,134.5,16308
confianza,voz05,llamacpp,12b_06b_np1,05,confianza/llamacpp/12b_06b_np1/run_05/telemetria_gpu.csv,0,309,96,99,367.3,365.9,506.4,13211
confianza,voz05,llamacpp,12b_06b_np1,05,confianza/llamacpp/12b_06b_np1/run_05/telemetria_gpu.csv,1,309,0,82,96.1,98.4,135.6,16308
confianza,voz05,llamacpp,12b_06b_np1,07,confianza/llamacpp/12b_06b_np1/run_07/telemetria_gpu.csv,0,319,96,99,367.5,365.4,502.7,13211
confianza,voz05,llamacpp,12b_06b_np1,07,confianza/llamacpp/12b_06b_np1/run_07/telemetria_gpu.csv,1,319,0,83,93.0,98.1,128.0,16308
confianza,voz05,llamacpp,12b_06b_np1,06,confianza/llamacpp/12b_06b_np1/run_06/telemetria_gpu.csv,0,292,96.0,99,368.0,366.4,499.9,13211
confianza,voz05,llamacpp,12b_06b_np1,06,confianza/llamacpp/12b_06b_np1/run_06/telemetria_gpu.csv,1,292,0.0,73,95.8,98.7,136.1,16308
confianza,voz05,llamacpp,12b_06b_np1,10,confianza/llamacpp/12b_06b_np1/run_10/telemetria_gpu.csv,0,297,96,99,367.3,362.0,480.0,13211
confianza,voz05,llamacpp,12b_06b_np1,10,confianza/llamacpp/12b_06b_np1/run_10/telemetria_gpu.csv,1,297,0,81,92.4,97.2,123.5,16308
confianza,voz05,llamacpp,12b_06b_np1,09,confianza/llamacpp/12b_06b_np1/run_09/telemetria_gpu.csv,0,302,96.0,99,368.2,367.3,491.8,13211
confianza,voz05,llamacpp,12b_06b_np1,09,confianza/llamacpp/12b_06b_np1/run_09/telemetria_gpu.csv,1,302,0.0,70,92.4,97.9,144.7,16308
confianza,voz05,llamacpp,12b_06b_np1,08,confianza/llamacpp/12b_06b_np1/run_08/telemetria_gpu.csv,0,289,96,99,367.4,363.4,479.6,13211
confianza,voz05,llamacpp,12b_06b_np1,08,confianza/llamacpp/12b_06b_np1/run_08/telemetria_gpu.csv,1,289,0,81,96.6,98.9,135.4,16308
confianza,voz05,llamacpp,12b_06b_np1,03,confianza/llamacpp/12b_06b_np1/run_03/telemetria_gpu.csv,0,356,96.0,99,367.5,366.4,492.0,13211
confianza,voz05,llamacpp,12b_06b_np1,03,confianza/llamacpp/12b_06b_np1/run_03/telemetria_gpu.csv,1,356,0.0,83,96.5,98.9,135.0,16308
confianza,voz05,llamacpp,12b_06b_np1,02,confianza/llamacpp/12b_06b_np1/run_02/telemetria_gpu.csv,0,279,96,99,367.2,360.7,499.0,13211
confianza,voz05,llamacpp,12b_06b_np1,02,confianza/llamacpp/12b_06b_np1/run_02/telemetria_gpu.csv,1,279,0,71,96.5,100.0,150.2,16308
confianza,voz05,llamacpp,26b_06b_np8,04,confianza/llamacpp/26b_06b_np8/run_04/telemetria_gpu.csv,0,102,87.0,99,311.1,301.9,412.7,45017
confianza,voz05,llamacpp,26b_06b_np8,04,confianza/llamacpp/26b_06b_np8/run_04/telemetria_gpu.csv,1,102,0.0,86,106.1,109.3,159.8,16298
confianza,voz05,llamacpp,26b_06b_np8,01,confianza/llamacpp/26b_06b_np8/run_01/telemetria_gpu.csv,0,118,87.0,99,315.6,307.2,409.6,45017
confianza,voz05,llamacpp,26b_06b_np8,01,confianza/llamacpp/26b_06b_np8/run_01/telemetria_gpu.csv,1,118,0.0,89,97.4,107.5,177.8,16296
confianza,voz05,llamacpp,26b_06b_np8,05,confianza/llamacpp/26b_06b_np8/run_05/telemetria_gpu.csv,0,105,87,99,302.4,303.8,444.7,45017
confianza,voz05,llamacpp,26b_06b_np8,05,confianza/llamacpp/26b_06b_np8/run_05/telemetria_gpu.csv,1,105,0,85,105.7,111.4,167.1,16298
confianza,voz05,llamacpp,26b_06b_np8,07,confianza/llamacpp/26b_06b_np8/run_07/telemetria_gpu.csv,0,109,88,99,310.9,307.2,454.8,45017
confianza,voz05,llamacpp,26b_06b_np8,07,confianza/llamacpp/26b_06b_np8/run_07/telemetria_gpu.csv,1,109,0,87,108.7,110.6,177.6,16298
confianza,voz05,llamacpp,26b_06b_np8,06,confianza/llamacpp/26b_06b_np8/run_06/telemetria_gpu.csv,0,109,88,99,318.9,313.3,468.4,45017
confianza,voz05,llamacpp,26b_06b_np8,06,confianza/llamacpp/26b_06b_np8/run_06/telemetria_gpu.csv,1,109,0,73,109.0,112.2,166.8,16298
confianza,voz05,llamacpp,26b_06b_np8,10,confianza/llamacpp/26b_06b_np8/run_10/telemetria_gpu.csv,0,107,87,99,309.5,302.6,419.0,45017
confianza,voz05,llamacpp,26b_06b_np8,10,confianza/llamacpp/26b_06b_np8/run_10/telemetria_gpu.csv,1,107,0,79,108.7,111.0,193.6,16298
confianza,voz05,llamacpp,26b_06b_np8,09,confianza/llamacpp/26b_06b_np8/run_09/telemetria_gpu.csv,0,106,87.0,99,312.7,305.2,426.8,45017
confianza,voz05,llamacpp,26b_06b_np8,09,confianza/llamacpp/26b_06b_np8/run_09/telemetria_gpu.csv,1,106,0.0,81,109.3,112.2,190.8,16298
confianza,voz05,llamacpp,26b_06b_np8,08,confianza/llamacpp/26b_06b_np8/run_08/telemetria_gpu.csv,0,104,87.0,99,306.4,301.3,424.3,45017
confianza,voz05,llamacpp,26b_06b_np8,08,confianza/llamacpp/26b_06b_np8/run_08/telemetria_gpu.csv,1,104,0.0,88,103.0,111.4,169.7,16298
confianza,voz05,llamacpp,26b_06b_np8,03,confianza/llamacpp/26b_06b_np8/run_03/telemetria_gpu.csv,0,111,88,99,314.1,312.7,430.0,45017
confianza,voz05,llamacpp,26b_06b_np8,03,confianza/llamacpp/26b_06b_np8/run_03/telemetria_gpu.csv,1,111,0,80,100.7,109.8,181.8,16296
confianza,voz05,llamacpp,26b_06b_np8,02,confianza/llamacpp/26b_06b_np8/run_02/telemetria_gpu.csv,0,92,86.0,99,298.0,293.2,390.1,45017
confianza,voz05,llamacpp,26b_06b_np8,02,confianza/llamacpp/26b_06b_np8/run_02/telemetria_gpu.csv,1,92,0.0,79,109.7,112.3,182.7,16296
confianza,voz05,llamacpp,12b_4b_np1,04,confianza/llamacpp/12b_4b_np1/run_04/telemetria_gpu.csv,0,300,96.0,99,366.6,360.8,505.0,13211
confianza,voz05,llamacpp,12b_4b_np1,04,confianza/llamacpp/12b_4b_np1/run_04/telemetria_gpu.csv,1,300,0.0,90,92.3,102.1,232.7,10161
confianza,voz05,llamacpp,12b_4b_np1,01,confianza/llamacpp/12b_4b_np1/run_01/telemetria_gpu.csv,0,365,96,99,368.4,368.1,523.4,13211
confianza,voz05,llamacpp,12b_4b_np1,01,confianza/llamacpp/12b_4b_np1/run_01/telemetria_gpu.csv,1,365,0,88,92.4,101.6,249.8,16308
confianza,voz05,llamacpp,12b_4b_np1,05,confianza/llamacpp/12b_4b_np1/run_05/telemetria_gpu.csv,0,316,96.0,99,368.7,368.8,511.7,13211
confianza,voz05,llamacpp,12b_4b_np1,05,confianza/llamacpp/12b_4b_np1/run_05/telemetria_gpu.csv,1,316,0.0,91,92.4,101.6,231.4,10161
confianza,voz05,llamacpp,12b_4b_np1,07,confianza/llamacpp/12b_4b_np1/run_07/telemetria_gpu.csv,0,320,96.0,99,367.8,363.6,494.4,13213
confianza,voz05,llamacpp,12b_4b_np1,07,confianza/llamacpp/12b_4b_np1/run_07/telemetria_gpu.csv,1,320,0.0,91,92.5,101.1,203.1,10161
confianza,voz05,llamacpp,12b_4b_np1,06,confianza/llamacpp/12b_4b_np1/run_06/telemetria_gpu.csv,0,301,96,99,368.6,367.1,491.2,13213
confianza,voz05,llamacpp,12b_4b_np1,06,confianza/llamacpp/12b_4b_np1/run_06/telemetria_gpu.csv,1,301,0,90,92.6,102.3,218.2,10161
confianza,voz05,llamacpp,12b_4b_np1,10,confianza/llamacpp/12b_4b_np1/run_10/telemetria_gpu.csv,0,296,96.0,99,366.4,359.9,507.7,13213
confianza,voz05,llamacpp,12b_4b_np1,10,confianza/llamacpp/12b_4b_np1/run_10/telemetria_gpu.csv,1,296,0.0,91,92.4,101.6,228.9,10161
confianza,voz05,llamacpp,12b_4b_np1,09,confianza/llamacpp/12b_4b_np1/run_09/telemetria_gpu.csv,0,295,96,99,367.4,363.2,499.9,13213
confianza,voz05,llamacpp,12b_4b_np1,09,confianza/llamacpp/12b_4b_np1/run_09/telemetria_gpu.csv,1,295,0,90,92.5,104.1,226.2,10161
confianza,voz05,llamacpp,12b_4b_np1,08,confianza/llamacpp/12b_4b_np1/run_08/telemetria_gpu.csv,0,277,96,99,366.7,361.5,506.3,13213
confianza,voz05,llamacpp,12b_4b_np1,08,confianza/llamacpp/12b_4b_np1/run_08/telemetria_gpu.csv,1,277,0,91,92.5,104.2,225.4,10161
confianza,voz05,llamacpp,12b_4b_np1,03,confianza/llamacpp/12b_4b_np1/run_03/telemetria_gpu.csv,0,364,96.0,99,369.4,368.2,493.5,13211
confianza,voz05,llamacpp,12b_4b_np1,03,confianza/llamacpp/12b_4b_np1/run_03/telemetria_gpu.csv,1,364,0.0,90,92.4,101.2,225.9,10161
confianza,voz05,llamacpp,12b_4b_np1,02,confianza/llamacpp/12b_4b_np1/run_02/telemetria_gpu.csv,0,286,96.0,99,367.0,362.9,525.5,13211
confianza,voz05,llamacpp,12b_4b_np1,02,confianza/llamacpp/12b_4b_np1/run_02/telemetria_gpu.csv,1,286,0.0,90,92.4,105.1,266.9,10161
confianza,voz05,llamacpp,26b_4b_np8,04,confianza/llamacpp/26b_4b_np8/run_04/telemetria_gpu.csv,0,103,87,99,315.6,306.9,425.4,45017
confianza,voz05,llamacpp,26b_4b_np8,04,confianza/llamacpp/26b_4b_np8/run_04/telemetria_gpu.csv,1,103,0,88,107.1,125.0,353.2,10161
confianza,voz05,llamacpp,26b_4b_np8,01,confianza/llamacpp/26b_4b_np8/run_01/telemetria_gpu.csv,0,118,87.0,99,318.1,309.6,435.7,45017
confianza,voz05,llamacpp,26b_4b_np8,01,confianza/llamacpp/26b_4b_np8/run_01/telemetria_gpu.csv,1,118,0.0,90,101.5,124.1,302.4,16308
confianza,voz05,llamacpp,26b_4b_np8,05,confianza/llamacpp/26b_4b_np8/run_05/telemetria_gpu.csv,0,113,86,99,306.8,302.1,434.7,45017
confianza,voz05,llamacpp,26b_4b_np8,05,confianza/llamacpp/26b_4b_np8/run_05/telemetria_gpu.csv,1,113,0,89,110.7,120.2,242.9,10161
confianza,voz05,llamacpp,26b_4b_np8,07,confianza/llamacpp/26b_4b_np8/run_07/telemetria_gpu.csv,0,106,88.0,99,311.6,306.0,421.2,45017
confianza,voz05,llamacpp,26b_4b_np8,07,confianza/llamacpp/26b_4b_np8/run_07/telemetria_gpu.csv,1,106,0.0,91,109.2,123.4,286.9,10161
confianza,voz05,llamacpp,26b_4b_np8,06,confianza/llamacpp/26b_4b_np8/run_06/telemetria_gpu.csv,0,113,88,99,316.1,310.5,444.0,45017
confianza,voz05,llamacpp,26b_4b_np8,06,confianza/llamacpp/26b_4b_np8/run_06/telemetria_gpu.csv,1,113,0,88,110.1,125.2,287.4,10161
confianza,voz05,llamacpp,26b_4b_np8,10,confianza/llamacpp/26b_4b_np8/run_10/telemetria_gpu.csv,0,110,87.0,99,311.0,308.4,416.8,45017
confianza,voz05,llamacpp,26b_4b_np8,10,confianza/llamacpp/26b_4b_np8/run_10/telemetria_gpu.csv,1,110,0.0,90,108.2,124.1,326.7,10161
confianza,voz05,llamacpp,26b_4b_np8,09,confianza/llamacpp/26b_4b_np8/run_09/telemetria_gpu.csv,0,117,88,99,315.4,310.0,437.1,45017
confianza,voz05,llamacpp,26b_4b_np8,09,confianza/llamacpp/26b_4b_np8/run_09/telemetria_gpu.csv,1,117,0,89,110.5,122.2,255.1,10161
confianza,voz05,llamacpp,26b_4b_np8,08,confianza/llamacpp/26b_4b_np8/run_08/telemetria_gpu.csv,0,98,86.0,99,304.3,300.8,461.4,45017
confianza,voz05,llamacpp,26b_4b_np8,08,confianza/llamacpp/26b_4b_np8/run_08/telemetria_gpu.csv,1,98,0.0,91,113.8,124.2,274.3,10161
confianza,voz05,llamacpp,26b_4b_np8,03,confianza/llamacpp/26b_4b_np8/run_03/telemetria_gpu.csv,0,109,88,99,310.4,304.7,462.4,45017
confianza,voz05,llamacpp,26b_4b_np8,03,confianza/llamacpp/26b_4b_np8/run_03/telemetria_gpu.csv,1,109,0,90,107.9,118.0,238.4,10161
confianza,voz05,llamacpp,26b_4b_np8,02,confianza/llamacpp/26b_4b_np8/run_02/telemetria_gpu.csv,0,90,86.0,99,312.1,300.2,434.7,45017
confianza,voz05,llamacpp,26b_4b_np8,02,confianza/llamacpp/26b_4b_np8/run_02/telemetria_gpu.csv,1,90,0.0,90,111.9,135.9,345.4,10161
confianza,voz05,llamacpp,12b_4b_np8,04,confianza/llamacpp/12b_4b_np8/run_04/telemetria_gpu.csv,0,167,92,99,395.6,386.7,518.0,50845
confianza,voz05,llamacpp,12b_4b_np8,04,confianza/llamacpp/12b_4b_np8/run_04/telemetria_gpu.csv,1,167,0,90,96.6,112.0,323.6,10161
confianza,voz05,llamacpp,12b_4b_np8,01,confianza/llamacpp/12b_4b_np8/run_01/telemetria_gpu.csv,0,201,93,99,416.0,396.4,526.8,50845
confianza,voz05,llamacpp,12b_4b_np8,01,confianza/llamacpp/12b_4b_np8/run_01/telemetria_gpu.csv,1,201,0,90,96.3,111.1,267.9,16308
confianza,voz05,llamacpp,12b_4b_np8,05,confianza/llamacpp/12b_4b_np8/run_05/telemetria_gpu.csv,0,190,93.0,99,411.2,393.9,517.6,50845
confianza,voz05,llamacpp,12b_4b_np8,05,confianza/llamacpp/12b_4b_np8/run_05/telemetria_gpu.csv,1,190,0.0,90,96.6,110.5,298.7,10161
confianza,voz05,llamacpp,12b_4b_np8,07,confianza/llamacpp/12b_4b_np8/run_07/telemetria_gpu.csv,0,180,92.0,99,415.2,394.8,495.8,50845
confianza,voz05,llamacpp,12b_4b_np8,07,confianza/llamacpp/12b_4b_np8/run_07/telemetria_gpu.csv,1,180,0.0,80,96.7,110.0,299.8,10161
confianza,voz05,llamacpp,12b_4b_np8,06,confianza/llamacpp/12b_4b_np8/run_06/telemetria_gpu.csv,0,185,92,99,394.7,391.8,520.8,50845
confianza,voz05,llamacpp,12b_4b_np8,06,confianza/llamacpp/12b_4b_np8/run_06/telemetria_gpu.csv,1,185,0,91,96.7,111.9,284.5,10161
confianza,voz05,llamacpp,12b_4b_np8,10,confianza/llamacpp/12b_4b_np8/run_10/telemetria_gpu.csv,0,171,92,99,393.0,389.7,500.1,50845
confianza,voz05,llamacpp,12b_4b_np8,10,confianza/llamacpp/12b_4b_np8/run_10/telemetria_gpu.csv,1,171,0,84,96.7,111.9,288.2,10161
confianza,voz05,llamacpp,12b_4b_np8,09,confianza/llamacpp/12b_4b_np8/run_09/telemetria_gpu.csv,0,186,93.0,99,399.1,391.6,520.3,50845
confianza,voz05,llamacpp,12b_4b_np8,09,confianza/llamacpp/12b_4b_np8/run_09/telemetria_gpu.csv,1,186,0.0,92,96.7,113.9,302.8,10161
confianza,voz05,llamacpp,12b_4b_np8,08,confianza/llamacpp/12b_4b_np8/run_08/telemetria_gpu.csv,0,163,91,99,398.7,387.3,488.3,50845
confianza,voz05,llamacpp,12b_4b_np8,08,confianza/llamacpp/12b_4b_np8/run_08/telemetria_gpu.csv,1,163,0,90,97.3,115.4,299.2,10161
confianza,voz05,llamacpp,12b_4b_np8,03,confianza/llamacpp/12b_4b_np8/run_03/telemetria_gpu.csv,0,209,93,99,416.1,396.0,516.9,50845
confianza,voz05,llamacpp,12b_4b_np8,03,confianza/llamacpp/12b_4b_np8/run_03/telemetria_gpu.csv,1,209,0,91,96.5,111.6,295.3,10161
confianza,voz05,llamacpp,12b_4b_np8,02,confianza/llamacpp/12b_4b_np8/run_02/telemetria_gpu.csv,0,156,91.0,99,390.7,383.7,516.6,50845
confianza,voz05,llamacpp,12b_4b_np8,02,confianza/llamacpp/12b_4b_np8/run_02/telemetria_gpu.csv,1,156,0.0,92,98.5,119.8,390.7,10161
confianza,voz05,llamacpp,26b_06b_np1,04,confianza/llamacpp/26b_06b_np1/run_04/telemetria_gpu.csv,0,158,94.0,99,279.5,282.3,421.8,20377
confianza,voz05,llamacpp,26b_06b_np1,04,confianza/llamacpp/26b_06b_np1/run_04/telemetria_gpu.csv,1,158,0.0,76,96.2,104.5,143.2,16308
confianza,voz05,llamacpp,26b_06b_np1,01,confianza/llamacpp/26b_06b_np1/run_01/telemetria_gpu.csv,0,200,94.0,99,280.5,284.4,424.4,20377
confianza,voz05,llamacpp,26b_06b_np1,01,confianza/llamacpp/26b_06b_np1/run_01/telemetria_gpu.csv,1,200,0.0,75,95.9,101.9,159.9,16308
confianza,voz05,llamacpp,26b_06b_np1,05,confianza/llamacpp/26b_06b_np1/run_05/telemetria_gpu.csv,0,164,94.0,99,279.3,284.0,407.5,20377
confianza,voz05,llamacpp,26b_06b_np1,05,confianza/llamacpp/26b_06b_np1/run_05/telemetria_gpu.csv,1,164,0.0,68,105.4,106.4,161.4,16308
confianza,voz05,llamacpp,26b_06b_np1,07,confianza/llamacpp/26b_06b_np1/run_07/telemetria_gpu.csv,0,172,94.0,99,280.5,284.7,467.0,20377
confianza,voz05,llamacpp,26b_06b_np1,07,confianza/llamacpp/26b_06b_np1/run_07/telemetria_gpu.csv,1,172,0.0,85,104.7,106.8,141.9,16308
confianza,voz05,llamacpp,26b_06b_np1,06,confianza/llamacpp/26b_06b_np1/run_06/telemetria_gpu.csv,0,166,94.0,99,280.2,286.9,471.4,20377
confianza,voz05,llamacpp,26b_06b_np1,06,confianza/llamacpp/26b_06b_np1/run_06/telemetria_gpu.csv,1,166,0.0,72,102.8,106.2,155.2,16308
confianza,voz05,llamacpp,26b_06b_np1,10,confianza/llamacpp/26b_06b_np1/run_10/telemetria_gpu.csv,0,175,94,99,279.6,281.0,397.5,20377
confianza,voz05,llamacpp,26b_06b_np1,10,confianza/llamacpp/26b_06b_np1/run_10/telemetria_gpu.csv,1,175,0,83,101.5,106.0,132.0,16308
confianza,voz05,llamacpp,26b_06b_np1,09,confianza/llamacpp/26b_06b_np1/run_09/telemetria_gpu.csv,0,156,94.0,99,279.3,281.4,418.2,20377
confianza,voz05,llamacpp,26b_06b_np1,09,confianza/llamacpp/26b_06b_np1/run_09/telemetria_gpu.csv,1,156,0.0,81,101.8,106.8,148.1,16308
confianza,voz05,llamacpp,26b_06b_np1,08,confianza/llamacpp/26b_06b_np1/run_08/telemetria_gpu.csv,0,155,94,99,280.1,280.3,411.1,20377
confianza,voz05,llamacpp,26b_06b_np1,08,confianza/llamacpp/26b_06b_np1/run_08/telemetria_gpu.csv,1,155,0,70,101.5,105.7,148.2,16308
confianza,voz05,llamacpp,26b_06b_np1,03,confianza/llamacpp/26b_06b_np1/run_03/telemetria_gpu.csv,0,174,94.0,99,281.8,290.3,446.5,20377
confianza,voz05,llamacpp,26b_06b_np1,03,confianza/llamacpp/26b_06b_np1/run_03/telemetria_gpu.csv,1,174,0.0,72,96.3,104.4,145.0,16308
confianza,voz05,llamacpp,26b_06b_np1,02,confianza/llamacpp/26b_06b_np1/run_02/telemetria_gpu.csv,0,151,94,99,278.4,279.2,383.1,20377
confianza,voz05,llamacpp,26b_06b_np1,02,confianza/llamacpp/26b_06b_np1/run_02/telemetria_gpu.csv,1,151,0,86,101.6,106.0,150.1,16308
confianza,voz05,ollama,26b_4b_np4,04,confianza/ollama/26b_4b_np4/run_04/telemetria_gpu.csv,0,467,0,99,94.8,144.0,329.0,22125
confianza,voz05,ollama,26b_4b_np4,04,confianza/ollama/26b_4b_np4/run_04/telemetria_gpu.csv,1,467,0,100,94.1,94.1,279.4,10157
confianza,voz05,ollama,26b_4b_np4,01,confianza/ollama/26b_4b_np4/run_01/telemetria_gpu.csv,0,177,67,100,251.1,243.0,320.4,22125
confianza,voz05,ollama,26b_4b_np4,01,confianza/ollama/26b_4b_np4/run_01/telemetria_gpu.csv,1,177,0,91,106.6,118.5,286.0,16306
confianza,voz05,ollama,26b_4b_np4,05,confianza/ollama/26b_4b_np4/run_05/telemetria_gpu.csv,0,160,68.0,99,247.0,243.4,351.6,22125
confianza,voz05,ollama,26b_4b_np4,05,confianza/ollama/26b_4b_np4/run_05/telemetria_gpu.csv,1,160,0.0,96,110.7,119.5,334.2,10159
confianza,voz05,ollama,26b_4b_np4,07,confianza/ollama/26b_4b_np4/run_07/telemetria_gpu.csv,0,162,67.0,99,252.1,245.9,328.8,22125
confianza,voz05,ollama,26b_4b_np4,07,confianza/ollama/26b_4b_np4/run_07/telemetria_gpu.csv,1,162,0.0,92,109.8,118.5,256.5,10159
confianza,voz05,ollama,26b_4b_np4,06,confianza/ollama/26b_4b_np4/run_06/telemetria_gpu.csv,0,154,67.5,99,252.1,248.1,383.7,22125
confianza,voz05,ollama,26b_4b_np4,06,confianza/ollama/26b_4b_np4/run_06/telemetria_gpu.csv,1,154,0.0,95,113.7,121.5,229.1,10159
confianza,voz05,ollama,26b_4b_np4,10,confianza/ollama/26b_4b_np4/run_10/telemetria_gpu.csv,0,155,67,99,249.5,241.8,336.2,22125
confianza,voz05,ollama,26b_4b_np4,10,confianza/ollama/26b_4b_np4/run_10/telemetria_gpu.csv,1,155,0,87,109.5,122.1,289.3,10159
confianza,voz05,ollama,26b_4b_np4,09,confianza/ollama/26b_4b_np4/run_09/telemetria_gpu.csv,0,303,0,100,95.8,170.5,343.4,22125
confianza,voz05,ollama,26b_4b_np4,09,confianza/ollama/26b_4b_np4/run_09/telemetria_gpu.csv,1,303,0,90,94.7,100.2,292.9,10157
confianza,voz05,ollama,26b_4b_np4,08,confianza/ollama/26b_4b_np4/run_08/telemetria_gpu.csv,0,296,0.0,99,117.3,169.7,372.4,22125
confianza,voz05,ollama,26b_4b_np4,08,confianza/ollama/26b_4b_np4/run_08/telemetria_gpu.csv,1,296,0.0,87,94.2,105.1,276.8,10159
confianza,voz05,ollama,26b_4b_np4,03,confianza/ollama/26b_4b_np4/run_03/telemetria_gpu.csv,0,763,0,99,94.7,124.7,335.6,22125
confianza,voz05,ollama,26b_4b_np4,03,confianza/ollama/26b_4b_np4/run_03/telemetria_gpu.csv,1,763,0,95,93.8,90.9,284.1,10159
confianza,voz05,ollama,26b_4b_np4,02,confianza/ollama/26b_4b_np4/run_02/telemetria_gpu.csv,0,138,67.0,99,248.6,240.7,344.6,22125
confianza,voz05,ollama,26b_4b_np4,02,confianza/ollama/26b_4b_np4/run_02/telemetria_gpu.csv,1,138,0.0,89,112.1,124.2,317.3,10159
confianza,voz05,ollama,26b_06b_np4,04,confianza/ollama/26b_06b_np4/run_04/telemetria_gpu.csv,0,317,0,99,95.8,161.9,347.3,22125
confianza,voz05,ollama,26b_06b_np4,04,confianza/ollama/26b_06b_np4/run_04/telemetria_gpu.csv,1,317,0,70,94.5,94.2,214.8,16298
confianza,voz05,ollama,26b_06b_np4,01,confianza/ollama/26b_06b_np4/run_01/telemetria_gpu.csv,0,172,67.0,99,249.4,241.3,339.2,22125
confianza,voz05,ollama,26b_06b_np4,01,confianza/ollama/26b_06b_np4/run_01/telemetria_gpu.csv,1,172,0.0,80,103.4,108.2,187.0,16308
confianza,voz05,ollama,26b_06b_np4,05,confianza/ollama/26b_06b_np4/run_05/telemetria_gpu.csv,0,156,66.0,99,255.4,248.7,354.7,22125
confianza,voz05,ollama,26b_06b_np4,05,confianza/ollama/26b_06b_np4/run_05/telemetria_gpu.csv,1,156,0.0,80,108.5,111.1,159.4,16298
confianza,voz05,ollama,26b_06b_np4,07,confianza/ollama/26b_06b_np4/run_07/telemetria_gpu.csv,0,162,68.0,99,256.0,245.6,322.8,22125
confianza,voz05,ollama,26b_06b_np4,07,confianza/ollama/26b_06b_np4/run_07/telemetria_gpu.csv,1,162,0.0,71,106.8,109.1,165.8,16298
confianza,voz05,ollama,26b_06b_np4,06,confianza/ollama/26b_06b_np4/run_06/telemetria_gpu.csv,0,153,67,99,252.2,247.7,359.3,22125
confianza,voz05,ollama,26b_06b_np4,06,confianza/ollama/26b_06b_np4/run_06/telemetria_gpu.csv,1,153,0,78,108.9,111.7,177.1,16298
confianza,voz05,ollama,26b_06b_np4,10,confianza/ollama/26b_06b_np4/run_10/telemetria_gpu.csv,0,159,67,99,252.2,244.8,334.0,22125
confianza,voz05,ollama,26b_06b_np4,10,confianza/ollama/26b_06b_np4/run_10/telemetria_gpu.csv,1,159,0,84,105.7,108.4,146.1,16298
confianza,voz05,ollama,26b_06b_np4,09,confianza/ollama/26b_06b_np4/run_09/telemetria_gpu.csv,0,474,0.0,99,94.8,140.7,348.0,22125
confianza,voz05,ollama,26b_06b_np4,09,confianza/ollama/26b_06b_np4/run_09/telemetria_gpu.csv,1,474,0.0,95,94.3,89.4,150.4,16294
confianza,voz05,ollama,26b_06b_np4,08,confianza/ollama/26b_06b_np4/run_08/telemetria_gpu.csv,0,286,0.0,99,132.1,170.7,350.5,22125
confianza,voz05,ollama,26b_06b_np4,08,confianza/ollama/26b_06b_np4/run_08/telemetria_gpu.csv,1,286,0.0,86,94.2,101.3,168.3,16298
confianza,voz05,ollama,26b_06b_np4,03,confianza/ollama/26b_06b_np4/run_03/telemetria_gpu.csv,0,767,0,98,94.7,122.9,334.3,22125
confianza,voz05,ollama,26b_06b_np4,03,confianza/ollama/26b_06b_np4/run_03/telemetria_gpu.csv,1,767,0,87,93.8,88.9,183.0,16294
confianza,voz05,ollama,26b_06b_np4,02,confianza/ollama/26b_06b_np4/run_02/telemetria_gpu.csv,0,277,0,100,95.8,166.0,355.3,22125
confianza,voz05,ollama,26b_06b_np4,02,confianza/ollama/26b_06b_np4/run_02/telemetria_gpu.csv,1,277,0,83,94.1,99.4,166.3,16308
confianza,voz05,ollama,12b_06b_np8,04,confianza/ollama/12b_06b_np8/run_04/telemetria_gpu.csv,0,240,75.0,100,329.7,313.4,463.7,18335
confianza,voz05,ollama,12b_06b_np8,04,confianza/ollama/12b_06b_np8/run_04/telemetria_gpu.csv,1,240,0.0,94,97.2,104.2,173.2,16308
confianza,voz05,ollama,12b_06b_np8,01,confianza/ollama/12b_06b_np8/run_01/telemetria_gpu.csv,0,252,73.0,100,331.1,315.9,452.9,18337
confianza,voz05,ollama,12b_06b_np8,01,confianza/ollama/12b_06b_np8/run_01/telemetria_gpu.csv,1,252,0.0,74,93.6,103.6,183.2,16308
confianza,voz05,ollama,12b_06b_np8,05,confianza/ollama/12b_06b_np8/run_05/telemetria_gpu.csv,0,236,73.5,100,330.5,316.4,440.8,18337
confianza,voz05,ollama,12b_06b_np8,05,confianza/ollama/12b_06b_np8/run_05/telemetria_gpu.csv,1,236,0.0,83,99.7,105.0,163.9,16308
confianza,voz05,ollama,12b_06b_np8,07,confianza/ollama/12b_06b_np8/run_07/telemetria_gpu.csv,0,240,72.0,100,331.8,317.6,446.8,18335
confianza,voz05,ollama,12b_06b_np8,07,confianza/ollama/12b_06b_np8/run_07/telemetria_gpu.csv,1,240,0.0,87,100.1,104.8,160.6,16308
confianza,voz05,ollama,12b_06b_np8,06,confianza/ollama/12b_06b_np8/run_06/telemetria_gpu.csv,0,230,73.0,100,332.4,319.3,469.2,18337
confianza,voz05,ollama,12b_06b_np8,06,confianza/ollama/12b_06b_np8/run_06/telemetria_gpu.csv,1,230,0.0,95,100.1,105.8,165.0,16308
confianza,voz05,ollama,12b_06b_np8,10,confianza/ollama/12b_06b_np8/run_10/telemetria_gpu.csv,0,241,73,100,330.6,315.7,442.8,18337
confianza,voz05,ollama,12b_06b_np8,10,confianza/ollama/12b_06b_np8/run_10/telemetria_gpu.csv,1,241,0,84,98.9,105.8,187.6,16308
confianza,voz05,ollama,12b_06b_np8,09,confianza/ollama/12b_06b_np8/run_09/telemetria_gpu.csv,0,237,71,100,332.5,321.7,458.9,18337
confianza,voz05,ollama,12b_06b_np8,09,confianza/ollama/12b_06b_np8/run_09/telemetria_gpu.csv,1,237,0,100,97.8,104.8,174.9,16308
confianza,voz05,ollama,12b_06b_np8,08,confianza/ollama/12b_06b_np8/run_08/telemetria_gpu.csv,0,228,72.0,100,336.4,317.8,453.8,18337
confianza,voz05,ollama,12b_06b_np8,08,confianza/ollama/12b_06b_np8/run_08/telemetria_gpu.csv,1,228,0.0,97,100.1,105.8,160.4,16308
confianza,voz05,ollama,12b_06b_np8,03,confianza/ollama/12b_06b_np8/run_03/telemetria_gpu.csv,0,263,73,100,335.4,320.4,447.3,18337
confianza,voz05,ollama,12b_06b_np8,03,confianza/ollama/12b_06b_np8/run_03/telemetria_gpu.csv,1,263,0,84,96.6,103.7,182.4,16308
confianza,voz05,ollama,12b_06b_np8,02,confianza/ollama/12b_06b_np8/run_02/telemetria_gpu.csv,0,233,72,100,329.4,314.9,454.3,18337
confianza,voz05,ollama,12b_06b_np8,02,confianza/ollama/12b_06b_np8/run_02/telemetria_gpu.csv,1,233,0,83,101.5,105.2,154.1,16308
confianza,voz05,ollama,12b_06b_np4,04,confianza/ollama/12b_06b_np4/run_04/telemetria_gpu.csv,0,230,76.0,100,336.9,324.1,469.8,13473
confianza,voz05,ollama,12b_06b_np4,04,confianza/ollama/12b_06b_np4/run_04/telemetria_gpu.csv,1,230,0.0,92,99.9,105.0,178.4,16308
confianza,voz05,ollama,12b_06b_np4,01,confianza/ollama/12b_06b_np4/run_01/telemetria_gpu.csv,0,249,75,100,338.3,321.5,444.0,13471
confianza,voz05,ollama,12b_06b_np4,01,confianza/ollama/12b_06b_np4/run_01/telemetria_gpu.csv,1,249,0,96,95.3,102.4,167.4,16308
confianza,voz05,ollama,12b_06b_np4,05,confianza/ollama/12b_06b_np4/run_05/telemetria_gpu.csv,0,231,75,100,333.1,321.0,438.8,13473
confianza,voz05,ollama,12b_06b_np4,05,confianza/ollama/12b_06b_np4/run_05/telemetria_gpu.csv,1,231,0,81,100.2,105.7,183.8,16308
confianza,voz05,ollama,12b_06b_np4,07,confianza/ollama/12b_06b_np4/run_07/telemetria_gpu.csv,0,248,76.0,100,338.2,324.8,437.8,13471
confianza,voz05,ollama,12b_06b_np4,07,confianza/ollama/12b_06b_np4/run_07/telemetria_gpu.csv,1,248,0.0,92,100.2,105.7,174.8,16308
confianza,voz05,ollama,12b_06b_np4,06,confianza/ollama/12b_06b_np4/run_06/telemetria_gpu.csv,0,228,75.0,100,340.6,325.3,470.4,13471
confianza,voz05,ollama,12b_06b_np4,06,confianza/ollama/12b_06b_np4/run_06/telemetria_gpu.csv,1,228,0.0,96,103.7,108.7,180.6,16308
confianza,voz05,ollama,12b_06b_np4,10,confianza/ollama/12b_06b_np4/run_10/telemetria_gpu.csv,0,232,75.0,100,334.3,320.5,464.4,13471
confianza,voz05,ollama,12b_06b_np4,10,confianza/ollama/12b_06b_np4/run_10/telemetria_gpu.csv,1,232,0.0,99,102.5,107.4,177.6,16308
confianza,voz05,ollama,12b_06b_np4,09,confianza/ollama/12b_06b_np4/run_09/telemetria_gpu.csv,0,233,75,100,334.2,322.7,467.9,13473
confianza,voz05,ollama,12b_06b_np4,09,confianza/ollama/12b_06b_np4/run_09/telemetria_gpu.csv,1,233,0,95,101.0,105.8,171.4,16308
confianza,voz05,ollama,12b_06b_np4,08,confianza/ollama/12b_06b_np4/run_08/telemetria_gpu.csv,0,233,75,100,333.3,321.2,443.2,13471
confianza,voz05,ollama,12b_06b_np4,08,confianza/ollama/12b_06b_np4/run_08/telemetria_gpu.csv,1,233,0,85,101.2,107.3,170.4,16308
confianza,voz05,ollama,12b_06b_np4,03,confianza/ollama/12b_06b_np4/run_03/telemetria_gpu.csv,0,255,76,100,338.5,325.0,428.8,13473
confianza,voz05,ollama,12b_06b_np4,03,confianza/ollama/12b_06b_np4/run_03/telemetria_gpu.csv,1,255,0,75,99.8,105.6,154.4,16308
confianza,voz05,ollama,12b_06b_np4,02,confianza/ollama/12b_06b_np4/run_02/telemetria_gpu.csv,0,224,75.0,100,330.9,318.2,420.9,13473
confianza,voz05,ollama,12b_06b_np4,02,confianza/ollama/12b_06b_np4/run_02/telemetria_gpu.csv,1,224,0.0,91,102.6,106.5,172.8,16308
confianza,voz05,ollama,12b_4b_np4,04,confianza/ollama/12b_4b_np4/run_04/telemetria_gpu.csv,0,228,75.5,100,330.7,321.5,495.1,13473
confianza,voz05,ollama,12b_4b_np4,04,confianza/ollama/12b_4b_np4/run_04/telemetria_gpu.csv,1,228,0.0,89,99.8,113.5,280.1,10159
confianza,voz05,ollama,12b_4b_np4,01,confianza/ollama/12b_4b_np4/run_01/telemetria_gpu.csv,0,255,76,100,336.9,323.8,466.0,13471
confianza,voz05,ollama,12b_4b_np4,01,confianza/ollama/12b_4b_np4/run_01/telemetria_gpu.csv,1,255,0,90,97.4,110.3,276.3,16308
confianza,voz05,ollama,12b_4b_np4,05,confianza/ollama/12b_4b_np4/run_05/telemetria_gpu.csv,0,243,75,100,336.3,326.3,460.4,13471
confianza,voz05,ollama,12b_4b_np4,05,confianza/ollama/12b_4b_np4/run_05/telemetria_gpu.csv,1,243,0,88,102.0,110.4,279.8,10159
confianza,voz05,ollama,12b_4b_np4,07,confianza/ollama/12b_4b_np4/run_07/telemetria_gpu.csv,0,243,75,100,337.4,326.7,448.4,13473
confianza,voz05,ollama,12b_4b_np4,07,confianza/ollama/12b_4b_np4/run_07/telemetria_gpu.csv,1,243,0,90,103.8,112.1,228.7,10159
confianza,voz05,ollama,12b_4b_np4,06,confianza/ollama/12b_4b_np4/run_06/telemetria_gpu.csv,0,243,76,100,338.7,324.9,468.1,13473
confianza,voz05,ollama,12b_4b_np4,06,confianza/ollama/12b_4b_np4/run_06/telemetria_gpu.csv,1,243,0,90,109.6,115.7,240.1,10159
confianza,voz05,ollama,12b_4b_np4,10,confianza/ollama/12b_4b_np4/run_10/telemetria_gpu.csv,0,232,75.0,100,335.1,321.7,478.4,13473
confianza,voz05,ollama,12b_4b_np4,10,confianza/ollama/12b_4b_np4/run_10/telemetria_gpu.csv,1,232,0.0,88,104.6,113.5,254.3,10159
confianza,voz05,ollama,12b_4b_np4,09,confianza/ollama/12b_4b_np4/run_09/telemetria_gpu.csv,0,226,74.5,100,335.3,323.1,499.7,13473
confianza,voz05,ollama,12b_4b_np4,09,confianza/ollama/12b_4b_np4/run_09/telemetria_gpu.csv,1,226,0.0,88,106.2,116.4,308.1,10159
confianza,voz05,ollama,12b_4b_np4,08,confianza/ollama/12b_4b_np4/run_08/telemetria_gpu.csv,0,222,74.0,100,336.2,322.4,460.0,13473
confianza,voz05,ollama,12b_4b_np4,08,confianza/ollama/12b_4b_np4/run_08/telemetria_gpu.csv,1,222,0.0,90,105.1,117.6,295.5,10159
confianza,voz05,ollama,12b_4b_np4,03,confianza/ollama/12b_4b_np4/run_03/telemetria_gpu.csv,0,265,76,100,336.2,325.9,446.6,13473
confianza,voz05,ollama,12b_4b_np4,03,confianza/ollama/12b_4b_np4/run_03/telemetria_gpu.csv,1,265,0,91,101.1,112.9,323.8,10159
confianza,voz05,ollama,12b_4b_np4,02,confianza/ollama/12b_4b_np4/run_02/telemetria_gpu.csv,0,218,75.0,100,334.9,319.9,452.1,13471
confianza,voz05,ollama,12b_4b_np4,02,confianza/ollama/12b_4b_np4/run_02/telemetria_gpu.csv,1,218,0.0,91,104.6,118.7,297.9,10159
confianza,voz05,ollama,26b_4b_np1,04,confianza/ollama/26b_4b_np1/run_04/telemetria_gpu.csv,0,639,0,99,95.2,146.3,394.0,18905
confianza,voz05,ollama,26b_4b_np1,04,confianza/ollama/26b_4b_np1/run_04/telemetria_gpu.csv,1,639,0,100,94.4,96.0,290.5,10157
confianza,voz05,ollama,26b_4b_np1,01,confianza/ollama/26b_4b_np1/run_01/telemetria_gpu.csv,0,256,81.0,99,254.5,249.8,373.4,18905
confianza,voz05,ollama,26b_4b_np1,01,confianza/ollama/26b_4b_np1/run_01/telemetria_gpu.csv,1,256,0.0,91,95.3,110.5,308.1,16306
confianza,voz05,ollama,26b_4b_np1,05,confianza/ollama/26b_4b_np1/run_05/telemetria_gpu.csv,0,223,81,99,253.8,250.5,368.0,18905
confianza,voz05,ollama,26b_4b_np1,05,confianza/ollama/26b_4b_np1/run_05/telemetria_gpu.csv,1,223,0,89,104.5,114.2,240.7,10159
confianza,voz05,ollama,26b_4b_np1,07,confianza/ollama/26b_4b_np1/run_07/telemetria_gpu.csv,0,224,81.0,99,253.4,250.8,345.3,18905
confianza,voz05,ollama,26b_4b_np1,07,confianza/ollama/26b_4b_np1/run_07/telemetria_gpu.csv,1,224,0.0,99,105.3,114.8,259.6,10159
confianza,voz05,ollama,26b_4b_np1,06,confianza/ollama/26b_4b_np1/run_06/telemetria_gpu.csv,0,213,81,99,255.1,255.0,410.9,18905
confianza,voz05,ollama,26b_4b_np1,06,confianza/ollama/26b_4b_np1/run_06/telemetria_gpu.csv,1,213,0,89,108.8,116.9,240.0,10159
confianza,voz05,ollama,26b_4b_np1,10,confianza/ollama/26b_4b_np1/run_10/telemetria_gpu.csv,0,216,81.0,99,254.7,251.9,386.4,18905
confianza,voz05,ollama,26b_4b_np1,10,confianza/ollama/26b_4b_np1/run_10/telemetria_gpu.csv,1,216,0.0,94,107.6,118.6,264.3,10159
confianza,voz05,ollama,26b_4b_np1,09,confianza/ollama/26b_4b_np1/run_09/telemetria_gpu.csv,0,342,68.5,99,227.4,191.6,406.5,18905
confianza,voz05,ollama,26b_4b_np1,09,confianza/ollama/26b_4b_np1/run_09/telemetria_gpu.csv,1,342,0.0,92,95.0,105.6,254.0,10159
confianza,voz05,ollama,26b_4b_np1,08,confianza/ollama/26b_4b_np1/run_08/telemetria_gpu.csv,0,220,81.0,99,253.4,247.7,361.2,18905
confianza,voz05,ollama,26b_4b_np1,08,confianza/ollama/26b_4b_np1/run_08/telemetria_gpu.csv,1,220,0.0,88,106.2,115.4,267.5,10159
confianza,voz05,ollama,26b_4b_np1,03,confianza/ollama/26b_4b_np1/run_03/telemetria_gpu.csv,0,758,0.0,99,95.1,138.0,355.1,18905
confianza,voz05,ollama,26b_4b_np1,03,confianza/ollama/26b_4b_np1/run_03/telemetria_gpu.csv,1,758,0.0,84,94.3,95.0,240.3,10159
confianza,voz05,ollama,26b_4b_np1,02,confianza/ollama/26b_4b_np1/run_02/telemetria_gpu.csv,0,329,35,99,222.9,183.7,370.2,18905
confianza,voz05,ollama,26b_4b_np1,02,confianza/ollama/26b_4b_np1/run_02/telemetria_gpu.csv,1,329,0,88,95.1,104.8,290.4,10159
confianza,voz05,ollama,12b_06b_np1,04,confianza/ollama/12b_06b_np1/run_04/telemetria_gpu.csv,0,369,88,100,338.5,328.3,506.6,9205
confianza,voz05,ollama,12b_06b_np1,04,confianza/ollama/12b_06b_np1/run_04/telemetria_gpu.csv,1,369,0,85,94.5,101.1,170.1,16308
confianza,voz05,ollama,12b_06b_np1,01,confianza/ollama/12b_06b_np1/run_01/telemetria_gpu.csv,0,418,88.0,99,337.9,326.6,433.0,9205
confianza,voz05,ollama,12b_06b_np1,01,confianza/ollama/12b_06b_np1/run_01/telemetria_gpu.csv,1,418,0.0,72,93.9,99.3,163.8,16308
confianza,voz05,ollama,12b_06b_np1,05,confianza/ollama/12b_06b_np1/run_05/telemetria_gpu.csv,0,362,88.0,99,338.6,327.6,478.9,9205
confianza,voz05,ollama,12b_06b_np1,05,confianza/ollama/12b_06b_np1/run_05/telemetria_gpu.csv,1,362,0.0,80,95.0,103.1,176.3,16308
confianza,voz05,ollama,12b_06b_np1,07,confianza/ollama/12b_06b_np1/run_07/telemetria_gpu.csv,0,390,88.0,99,339.5,330.7,489.2,9205
confianza,voz05,ollama,12b_06b_np1,07,confianza/ollama/12b_06b_np1/run_07/telemetria_gpu.csv,1,390,0.0,74,95.1,102.7,169.1,16308
confianza,voz05,ollama,12b_06b_np1,06,confianza/ollama/12b_06b_np1/run_06/telemetria_gpu.csv,0,345,88,99,338.5,330.4,486.9,9205
confianza,voz05,ollama,12b_06b_np1,06,confianza/ollama/12b_06b_np1/run_06/telemetria_gpu.csv,1,345,0,73,95.7,104.1,162.6,16308
confianza,voz05,ollama,12b_06b_np1,10,confianza/ollama/12b_06b_np1/run_10/telemetria_gpu.csv,0,361,88,99,339.3,328.1,462.7,9205
confianza,voz05,ollama,12b_06b_np1,10,confianza/ollama/12b_06b_np1/run_10/telemetria_gpu.csv,1,361,0,77,96.0,103.9,177.2,16308
confianza,voz05,ollama,12b_06b_np1,09,confianza/ollama/12b_06b_np1/run_09/telemetria_gpu.csv,0,359,88,99,337.9,329.5,500.5,9205
confianza,voz05,ollama,12b_06b_np1,09,confianza/ollama/12b_06b_np1/run_09/telemetria_gpu.csv,1,359,0,88,95.1,102.9,178.9,16306
confianza,voz05,ollama,12b_06b_np1,08,confianza/ollama/12b_06b_np1/run_08/telemetria_gpu.csv,0,349,88,99,338.7,329.0,457.6,9205
confianza,voz05,ollama,12b_06b_np1,08,confianza/ollama/12b_06b_np1/run_08/telemetria_gpu.csv,1,349,0,71,95.4,103.5,173.4,16308
confianza,voz05,ollama,12b_06b_np1,03,confianza/ollama/12b_06b_np1/run_03/telemetria_gpu.csv,0,416,88.0,99,339.1,329.9,486.8,9205
confianza,voz05,ollama,12b_06b_np1,03,confianza/ollama/12b_06b_np1/run_03/telemetria_gpu.csv,1,416,0.0,95,94.5,102.2,176.2,16306
confianza,voz05,ollama,12b_06b_np1,02,confianza/ollama/12b_06b_np1/run_02/telemetria_gpu.csv,0,342,88.0,99,338.6,326.6,494.0,9205
confianza,voz05,ollama,12b_06b_np1,02,confianza/ollama/12b_06b_np1/run_02/telemetria_gpu.csv,1,342,0.0,83,97.1,102.9,167.9,16308
confianza,voz05,ollama,26b_06b_np8,04,confianza/ollama/26b_06b_np8/run_04/telemetria_gpu.csv,0,315,0,99,95.9,160.8,358.4,25803
confianza,voz05,ollama,26b_06b_np8,04,confianza/ollama/26b_06b_np8/run_04/telemetria_gpu.csv,1,315,0,84,94.1,92.9,195.2,16298
confianza,voz05,ollama,26b_06b_np8,01,confianza/ollama/26b_06b_np8/run_01/telemetria_gpu.csv,0,172,62.0,99,245.9,241.2,343.4,25805
confianza,voz05,ollama,26b_06b_np8,01,confianza/ollama/26b_06b_np8/run_01/telemetria_gpu.csv,1,172,0.0,87,94.7,102.1,152.0,16296
confianza,voz05,ollama,26b_06b_np8,05,confianza/ollama/26b_06b_np8/run_05/telemetria_gpu.csv,0,161,62,99,248.8,242.1,351.9,25805
confianza,voz05,ollama,26b_06b_np8,05,confianza/ollama/26b_06b_np8/run_05/telemetria_gpu.csv,1,161,0,86,106.5,109.3,167.1,16298
confianza,voz05,ollama,26b_06b_np8,07,confianza/ollama/26b_06b_np8/run_07/telemetria_gpu.csv,0,167,63,99,248.4,244.8,343.3,25805
confianza,voz05,ollama,26b_06b_np8,07,confianza/ollama/26b_06b_np8/run_07/telemetria_gpu.csv,1,167,0,85,103.8,108.0,173.7,16298
confianza,voz05,ollama,26b_06b_np8,06,confianza/ollama/26b_06b_np8/run_06/telemetria_gpu.csv,0,160,62.0,99,251.2,243.7,422.1,25805
confianza,voz05,ollama,26b_06b_np8,06,confianza/ollama/26b_06b_np8/run_06/telemetria_gpu.csv,1,160,0.0,81,107.2,109.5,175.1,16298
confianza,voz05,ollama,26b_06b_np8,10,confianza/ollama/26b_06b_np8/run_10/telemetria_gpu.csv,0,158,62.0,99,247.5,239.8,361.7,25805
confianza,voz05,ollama,26b_06b_np8,10,confianza/ollama/26b_06b_np8/run_10/telemetria_gpu.csv,1,158,0.0,70,95.7,105.9,156.2,16298
confianza,voz05,ollama,26b_06b_np8,09,confianza/ollama/26b_06b_np8/run_09/telemetria_gpu.csv,0,436,0.0,99,94.8,144.7,355.2,25805
confianza,voz05,ollama,26b_06b_np8,09,confianza/ollama/26b_06b_np8/run_09/telemetria_gpu.csv,1,436,0.0,71,93.9,93.2,165.0,16294
confianza,voz05,ollama,26b_06b_np8,08,confianza/ollama/26b_06b_np8/run_08/telemetria_gpu.csv,0,288,0.0,99,95.6,169.3,394.7,25805
confianza,voz05,ollama,26b_06b_np8,08,confianza/ollama/26b_06b_np8/run_08/telemetria_gpu.csv,1,288,0.0,84,93.9,99.2,193.3,16298
confianza,voz05,ollama,26b_06b_np8,03,confianza/ollama/26b_06b_np8/run_03/telemetria_gpu.csv,0,779,0,99,94.4,121.9,332.1,25805
confianza,voz05,ollama,26b_06b_np8,03,confianza/ollama/26b_06b_np8/run_03/telemetria_gpu.csv,1,779,0,81,93.4,86.6,167.1,16296
confianza,voz05,ollama,26b_06b_np8,02,confianza/ollama/26b_06b_np8/run_02/telemetria_gpu.csv,0,134,62.0,99,245.6,239.8,381.3,25805
confianza,voz05,ollama,26b_06b_np8,02,confianza/ollama/26b_06b_np8/run_02/telemetria_gpu.csv,1,134,0.0,81,99.7,106.1,165.7,16296
confianza,voz05,ollama,12b_4b_np1,04,confianza/ollama/12b_4b_np1/run_04/telemetria_gpu.csv,0,354,88.0,99,339.3,328.6,536.2,9205
confianza,voz05,ollama,12b_4b_np1,04,confianza/ollama/12b_4b_np1/run_04/telemetria_gpu.csv,1,354,0.0,91,95.1,106.5,237.1,10159
confianza,voz05,ollama,12b_4b_np1,01,confianza/ollama/12b_4b_np1/run_01/telemetria_gpu.csv,0,409,88,99,339.8,331.6,464.5,9205
confianza,voz05,ollama,12b_4b_np1,01,confianza/ollama/12b_4b_np1/run_01/telemetria_gpu.csv,1,409,0,92,94.5,104.0,221.3,10159
confianza,voz05,ollama,12b_4b_np1,05,confianza/ollama/12b_4b_np1/run_05/telemetria_gpu.csv,0,362,88.0,99,340.2,331.6,469.1,9205
confianza,voz05,ollama,12b_4b_np1,05,confianza/ollama/12b_4b_np1/run_05/telemetria_gpu.csv,1,362,0.0,99,96.2,107.2,210.6,10159
confianza,voz05,ollama,12b_4b_np1,07,confianza/ollama/12b_4b_np1/run_07/telemetria_gpu.csv,0,378,88.0,99,339.6,330.4,466.9,9205
confianza,voz05,ollama,12b_4b_np1,07,confianza/ollama/12b_4b_np1/run_07/telemetria_gpu.csv,1,378,0.0,98,96.7,107.5,203.9,10159
confianza,voz05,ollama,12b_4b_np1,06,confianza/ollama/12b_4b_np1/run_06/telemetria_gpu.csv,0,355,88,99,339.6,331.8,509.8,9205
confianza,voz05,ollama,12b_4b_np1,06,confianza/ollama/12b_4b_np1/run_06/telemetria_gpu.csv,1,355,0,86,97.0,107.4,210.5,10159
confianza,voz05,ollama,12b_4b_np1,10,confianza/ollama/12b_4b_np1/run_10/telemetria_gpu.csv,0,358,88.0,99,339.9,330.6,480.4,9207
confianza,voz05,ollama,12b_4b_np1,10,confianza/ollama/12b_4b_np1/run_10/telemetria_gpu.csv,1,358,0.0,98,95.6,107.5,207.9,10159
confianza,voz05,ollama,12b_4b_np1,09,confianza/ollama/12b_4b_np1/run_09/telemetria_gpu.csv,0,352,88.0,99,339.2,330.7,502.7,9205
confianza,voz05,ollama,12b_4b_np1,09,confianza/ollama/12b_4b_np1/run_09/telemetria_gpu.csv,1,352,0.0,90,96.6,109.7,232.2,10159
confianza,voz05,ollama,12b_4b_np1,08,confianza/ollama/12b_4b_np1/run_08/telemetria_gpu.csv,0,347,88,99,339.5,330.3,461.5,9205
confianza,voz05,ollama,12b_4b_np1,08,confianza/ollama/12b_4b_np1/run_08/telemetria_gpu.csv,1,347,0,89,97.6,109.3,259.6,10159
confianza,voz05,ollama,12b_4b_np1,03,confianza/ollama/12b_4b_np1/run_03/telemetria_gpu.csv,0,414,88.0,99,339.7,331.3,471.1,9205
confianza,voz05,ollama,12b_4b_np1,03,confianza/ollama/12b_4b_np1/run_03/telemetria_gpu.csv,1,414,0.0,100,95.0,107.5,251.3,10159
confianza,voz05,ollama,12b_4b_np1,02,confianza/ollama/12b_4b_np1/run_02/telemetria_gpu.csv,0,343,88,99,339.4,328.6,475.5,9205
confianza,voz05,ollama,12b_4b_np1,02,confianza/ollama/12b_4b_np1/run_02/telemetria_gpu.csv,1,343,0,95,97.2,109.5,276.0,10159
confianza,voz05,ollama,26b_4b_np8,04,confianza/ollama/26b_4b_np8/run_04/telemetria_gpu.csv,0,451,0,99,94.7,144.3,362.4,25805
confianza,voz05,ollama,26b_4b_np8,04,confianza/ollama/26b_4b_np8/run_04/telemetria_gpu.csv,1,451,0,90,93.9,94.8,325.4,10157
confianza,voz05,ollama,26b_4b_np8,01,confianza/ollama/26b_4b_np8/run_01/telemetria_gpu.csv,0,175,62,99,244.9,238.9,403.7,25805
confianza,voz05,ollama,26b_4b_np8,01,confianza/ollama/26b_4b_np8/run_01/telemetria_gpu.csv,1,175,0,91,95.0,114.5,340.2,16306
confianza,voz05,ollama,26b_4b_np8,05,confianza/ollama/26b_4b_np8/run_05/telemetria_gpu.csv,0,153,62,99,252.7,243.2,342.9,25805
confianza,voz05,ollama,26b_4b_np8,05,confianza/ollama/26b_4b_np8/run_05/telemetria_gpu.csv,1,153,0,89,97.4,114.9,260.3,10159
confianza,voz05,ollama,26b_4b_np8,07,confianza/ollama/26b_4b_np8/run_07/telemetria_gpu.csv,0,156,62.0,99,253.4,245.1,338.1,25805
confianza,voz05,ollama,26b_4b_np8,07,confianza/ollama/26b_4b_np8/run_07/telemetria_gpu.csv,1,156,0.0,91,104.8,115.8,240.7,10159
confianza,voz05,ollama,26b_4b_np8,06,confianza/ollama/26b_4b_np8/run_06/telemetria_gpu.csv,0,157,62,99,250.3,246.5,401.7,25805
confianza,voz05,ollama,26b_4b_np8,06,confianza/ollama/26b_4b_np8/run_06/telemetria_gpu.csv,1,157,0,92,101.1,116.5,255.8,10159
confianza,voz05,ollama,26b_4b_np8,10,confianza/ollama/26b_4b_np8/run_10/telemetria_gpu.csv,0,156,62.0,99,249.1,241.2,349.4,25805
confianza,voz05,ollama,26b_4b_np8,10,confianza/ollama/26b_4b_np8/run_10/telemetria_gpu.csv,1,156,0.0,91,109.8,120.8,308.9,10159
confianza,voz05,ollama,26b_4b_np8,09,confianza/ollama/26b_4b_np8/run_09/telemetria_gpu.csv,0,632,0.0,100,94.5,130.9,370.6,25805
confianza,voz05,ollama,26b_4b_np8,09,confianza/ollama/26b_4b_np8/run_09/telemetria_gpu.csv,1,632,0.0,92,93.7,89.8,309.0,10157
confianza,voz05,ollama,26b_4b_np8,08,confianza/ollama/26b_4b_np8/run_08/telemetria_gpu.csv,0,290,0.0,99,95.8,168.9,361.0,25805
confianza,voz05,ollama,26b_4b_np8,08,confianza/ollama/26b_4b_np8/run_08/telemetria_gpu.csv,1,290,0.0,91,94.4,102.0,296.0,10159
confianza,voz05,ollama,26b_4b_np8,03,confianza/ollama/26b_4b_np8/run_03/telemetria_gpu.csv,0,766,0.0,99,94.5,124.7,376.6,25805
confianza,voz05,ollama,26b_4b_np8,03,confianza/ollama/26b_4b_np8/run_03/telemetria_gpu.csv,1,766,0.0,91,93.4,90.5,292.4,10157
confianza,voz05,ollama,26b_4b_np8,02,confianza/ollama/26b_4b_np8/run_02/telemetria_gpu.csv,0,437,0,99,94.6,139.8,351.6,25805
confianza,voz05,ollama,26b_4b_np8,02,confianza/ollama/26b_4b_np8/run_02/telemetria_gpu.csv,1,437,0,90,94.0,95.8,319.5,10159
confianza,voz05,ollama,12b_4b_np8,04,confianza/ollama/12b_4b_np8/run_04/telemetria_gpu.csv,0,230,72.0,100,329.6,314.6,476.7,18337
confianza,voz05,ollama,12b_4b_np8,04,confianza/ollama/12b_4b_np8/run_04/telemetria_gpu.csv,1,230,0.0,87,99.7,113.7,307.9,10159
confianza,voz05,ollama,12b_4b_np8,01,confianza/ollama/12b_4b_np8/run_01/telemetria_gpu.csv,0,258,72.0,100,336.2,319.6,442.3,18337
confianza,voz05,ollama,12b_4b_np8,01,confianza/ollama/12b_4b_np8/run_01/telemetria_gpu.csv,1,258,0.0,89,94.1,109.0,232.1,16308
confianza,voz05,ollama,12b_4b_np8,05,confianza/ollama/12b_4b_np8/run_05/telemetria_gpu.csv,0,241,74,100,332.4,319.4,470.9,18337
confianza,voz05,ollama,12b_4b_np8,05,confianza/ollama/12b_4b_np8/run_05/telemetria_gpu.csv,1,241,0,89,99.5,111.7,281.6,10159
confianza,voz05,ollama,12b_4b_np8,07,confianza/ollama/12b_4b_np8/run_07/telemetria_gpu.csv,0,245,73,100,334.5,321.3,461.8,18337
confianza,voz05,ollama,12b_4b_np8,07,confianza/ollama/12b_4b_np8/run_07/telemetria_gpu.csv,1,245,0,91,103.6,113.6,274.8,10159
confianza,voz05,ollama,12b_4b_np8,06,confianza/ollama/12b_4b_np8/run_06/telemetria_gpu.csv,0,245,73,100,331.3,322.0,472.1,18335
confianza,voz05,ollama,12b_4b_np8,06,confianza/ollama/12b_4b_np8/run_06/telemetria_gpu.csv,1,245,0,90,101.3,114.0,296.1,10159
confianza,voz05,ollama,12b_4b_np8,10,confianza/ollama/12b_4b_np8/run_10/telemetria_gpu.csv,0,237,73,100,331.4,318.2,462.9,18337
confianza,voz05,ollama,12b_4b_np8,10,confianza/ollama/12b_4b_np8/run_10/telemetria_gpu.csv,1,237,0,95,103.1,110.2,241.3,10159
confianza,voz05,ollama,12b_4b_np8,09,confianza/ollama/12b_4b_np8/run_09/telemetria_gpu.csv,0,243,72,100,331.0,318.9,455.5,18337
confianza,voz05,ollama,12b_4b_np8,09,confianza/ollama/12b_4b_np8/run_09/telemetria_gpu.csv,1,243,0,99,104.5,114.3,309.7,10159
confianza,voz05,ollama,12b_4b_np8,08,confianza/ollama/12b_4b_np8/run_08/telemetria_gpu.csv,0,233,74,100,334.1,316.0,431.9,18337
confianza,voz05,ollama,12b_4b_np8,08,confianza/ollama/12b_4b_np8/run_08/telemetria_gpu.csv,1,233,0,96,103.8,114.6,249.6,10159
confianza,voz05,ollama,12b_4b_np8,03,confianza/ollama/12b_4b_np8/run_03/telemetria_gpu.csv,0,265,73,100,336.3,322.3,465.4,18337
confianza,voz05,ollama,12b_4b_np8,03,confianza/ollama/12b_4b_np8/run_03/telemetria_gpu.csv,1,265,0,90,98.3,113.3,274.4,10159
confianza,voz05,ollama,12b_4b_np8,02,confianza/ollama/12b_4b_np8/run_02/telemetria_gpu.csv,0,228,70.0,100,328.6,314.6,468.8,18337
confianza,voz05,ollama,12b_4b_np8,02,confianza/ollama/12b_4b_np8/run_02/telemetria_gpu.csv,1,228,0.0,94,102.3,114.2,271.2,10159
confianza,voz05,ollama,26b_06b_np1,04,confianza/ollama/26b_06b_np1/run_04/telemetria_gpu.csv,0,463,0,99,95.4,161.5,381.1,18905
confianza,voz05,ollama,26b_06b_np1,04,confianza/ollama/26b_06b_np1/run_04/telemetria_gpu.csv,1,463,0,78,94.5,96.1,182.7,16298
confianza,voz05,ollama,26b_06b_np1,01,confianza/ollama/26b_06b_np1/run_01/telemetria_gpu.csv,0,242,81.0,99,253.8,248.5,357.6,18905
confianza,voz05,ollama,26b_06b_np1,01,confianza/ollama/26b_06b_np1/run_01/telemetria_gpu.csv,1,242,0.0,85,100.6,106.6,192.6,16308
confianza,voz05,ollama,26b_06b_np1,05,confianza/ollama/26b_06b_np1/run_05/telemetria_gpu.csv,0,209,81,99,254.2,253.8,375.0,18905
confianza,voz05,ollama,26b_06b_np1,05,confianza/ollama/26b_06b_np1/run_05/telemetria_gpu.csv,1,209,0,79,95.9,103.4,143.7,16296
confianza,voz05,ollama,26b_06b_np1,07,confianza/ollama/26b_06b_np1/run_07/telemetria_gpu.csv,0,232,81.0,99,253.9,250.1,356.9,18905
confianza,voz05,ollama,26b_06b_np1,07,confianza/ollama/26b_06b_np1/run_07/telemetria_gpu.csv,1,232,0.0,76,94.9,102.5,143.1,16298
confianza,voz05,ollama,26b_06b_np1,06,confianza/ollama/26b_06b_np1/run_06/telemetria_gpu.csv,0,208,81.0,99,255.7,254.5,352.0,18905
confianza,voz05,ollama,26b_06b_np1,06,confianza/ollama/26b_06b_np1/run_06/telemetria_gpu.csv,1,208,0.0,71,95.8,103.0,148.4,16298
confianza,voz05,ollama,26b_06b_np1,10,confianza/ollama/26b_06b_np1/run_10/telemetria_gpu.csv,0,218,81.0,99,254.5,251.5,359.1,18905
confianza,voz05,ollama,26b_06b_np1,10,confianza/ollama/26b_06b_np1/run_10/telemetria_gpu.csv,1,218,0.0,83,96.5,103.0,142.0,16298
confianza,voz05,ollama,26b_06b_np1,09,confianza/ollama/26b_06b_np1/run_09/telemetria_gpu.csv,0,209,81,99,253.8,252.1,356.1,18905
confianza,voz05,ollama,26b_06b_np1,09,confianza/ollama/26b_06b_np1/run_09/telemetria_gpu.csv,1,209,0,65,95.5,103.2,146.1,16294
confianza,voz05,ollama,26b_06b_np1,08,confianza/ollama/26b_06b_np1/run_08/telemetria_gpu.csv,0,323,71,99,229.6,194.6,368.2,18905
confianza,voz05,ollama,26b_06b_np1,08,confianza/ollama/26b_06b_np1/run_08/telemetria_gpu.csv,1,323,0,75,94.8,100.4,139.6,16298
confianza,voz05,ollama,26b_06b_np1,03,confianza/ollama/26b_06b_np1/run_03/telemetria_gpu.csv,0,767,0,99,95.1,136.6,355.5,18905
confianza,voz05,ollama,26b_06b_np1,03,confianza/ollama/26b_06b_np1/run_03/telemetria_gpu.csv,1,767,0,85,94.3,92.6,153.3,16296
confianza,voz05,ollama,26b_06b_np1,02,confianza/ollama/26b_06b_np1/run_02/telemetria_gpu.csv,0,445,0,99,95.4,158.1,378.8,18903
confianza,voz05,ollama,26b_06b_np1,02,confianza/ollama/26b_06b_np1/run_02/telemetria_gpu.csv,1,445,0,92,94.4,97.7,161.1,16308
confianza,voz05,vllm,12b_06b,04,confianza/vllm/12b_06b/run_04/telemetria_gpu.csv,0,62,91.0,100,298.5,318.3,542.4,89067
confianza,voz05,vllm,12b_06b,04,confianza/vllm/12b_06b/run_04/telemetria_gpu.csv,1,62,0.0,78,109.4,117.7,185.6,16308
confianza,voz05,vllm,12b_06b,01,confianza/vllm/12b_06b/run_01/telemetria_gpu.csv,0,75,92,100,301.7,324.0,540.8,89067
confianza,voz05,vllm,12b_06b,01,confianza/vllm/12b_06b/run_01/telemetria_gpu.csv,1,75,0,74,104.9,110.1,177.4,16308
confianza,voz05,vllm,12b_06b,05,confianza/vllm/12b_06b/run_05/telemetria_gpu.csv,0,63,91,100,294.3,318.3,553.1,89067
confianza,voz05,vllm,12b_06b,05,confianza/vllm/12b_06b/run_05/telemetria_gpu.csv,1,63,0,84,114.8,123.2,217.1,16308
confianza,voz05,vllm,12b_06b,07,confianza/vllm/12b_06b/run_07/telemetria_gpu.csv,0,72,91.0,100,295.6,321.3,542.7,89067
confianza,voz05,vllm,12b_06b,07,confianza/vllm/12b_06b/run_07/telemetria_gpu.csv,1,72,0.0,84,110.4,119.1,206.3,16308
confianza,voz05,vllm,12b_06b,06,confianza/vllm/12b_06b/run_06/telemetria_gpu.csv,0,55,91,100,301.4,330.4,549.9,89067
confianza,voz05,vllm,12b_06b,06,confianza/vllm/12b_06b/run_06/telemetria_gpu.csv,1,55,0,82,114.1,122.7,253.5,16308
confianza,voz05,vllm,12b_06b,10,confianza/vllm/12b_06b/run_10/telemetria_gpu.csv,0,63,91,100,301.3,325.7,557.3,89067
confianza,voz05,vllm,12b_06b,10,confianza/vllm/12b_06b/run_10/telemetria_gpu.csv,1,63,0,76,110.5,115.1,200.2,16308
confianza,voz05,vllm,12b_06b,09,confianza/vllm/12b_06b/run_09/telemetria_gpu.csv,0,62,91.0,100,300.0,332.5,559.5,89067
confianza,voz05,vllm,12b_06b,09,confianza/vllm/12b_06b/run_09/telemetria_gpu.csv,1,62,0.0,83,113.2,120.2,205.4,16308
confianza,voz05,vllm,12b_06b,08,confianza/vllm/12b_06b/run_08/telemetria_gpu.csv,0,56,91.0,100,298.7,323.5,554.2,89067
confianza,voz05,vllm,12b_06b,08,confianza/vllm/12b_06b/run_08/telemetria_gpu.csv,1,56,0.0,83,119.8,122.8,186.2,16308
confianza,voz05,vllm,12b_06b,03,confianza/vllm/12b_06b/run_03/telemetria_gpu.csv,0,145,0,100,93.0,204.4,558.8,89067
confianza,voz05,vllm,12b_06b,03,confianza/vllm/12b_06b/run_03/telemetria_gpu.csv,1,145,0,75,96.5,108.0,200.0,16308
confianza,voz05,vllm,12b_06b,02,confianza/vllm/12b_06b/run_02/telemetria_gpu.csv,0,56,92.0,100,293.8,320.9,533.5,89067
confianza,voz05,vllm,12b_06b,02,confianza/vllm/12b_06b/run_02/telemetria_gpu.csv,1,56,0.0,84,116.9,123.2,197.4,16308
confianza,voz05,vllm,26b_4b,04,confianza/vllm/26b_4b/run_04/telemetria_gpu.csv,0,51,100,100,292.4,292.5,427.1,88855
confianza,voz05,vllm,26b_4b,04,confianza/vllm/26b_4b/run_04/telemetria_gpu.csv,1,51,0,90,125.0,143.9,251.2,10159
confianza,voz05,vllm,26b_4b,01,confianza/vllm/26b_4b/run_01/telemetria_gpu.csv,0,57,100,100,301.2,300.7,472.6,88855
confianza,voz05,vllm,26b_4b,01,confianza/vllm/26b_4b/run_01/telemetria_gpu.csv,1,57,0,91,125.7,156.6,356.8,10159
confianza,voz05,vllm,26b_4b,05,confianza/vllm/26b_4b/run_05/telemetria_gpu.csv,0,44,100.0,100,287.0,288.8,376.4,88855
confianza,voz05,vllm,26b_4b,05,confianza/vllm/26b_4b/run_05/telemetria_gpu.csv,1,44,1.5,90,121.7,140.6,277.5,10159
confianza,voz05,vllm,26b_4b,07,confianza/vllm/26b_4b/run_07/telemetria_gpu.csv,0,51,100,100,298.1,298.9,437.5,88855
confianza,voz05,vllm,26b_4b,07,confianza/vllm/26b_4b/run_07/telemetria_gpu.csv,1,51,0,80,128.1,145.0,326.1,10159
confianza,voz05,vllm,26b_4b,06,confianza/vllm/26b_4b/run_06/telemetria_gpu.csv,0,48,100.0,100,299.5,299.2,457.3,88855
confianza,voz05,vllm,26b_4b,06,confianza/vllm/26b_4b/run_06/telemetria_gpu.csv,1,48,0.0,95,141.9,152.0,324.6,10159
confianza,voz05,vllm,26b_4b,10,confianza/vllm/26b_4b/run_10/telemetria_gpu.csv,0,49,100,100,300.3,290.3,375.5,88855
confianza,voz05,vllm,26b_4b,10,confianza/vllm/26b_4b/run_10/telemetria_gpu.csv,1,49,5,94,136.0,155.6,363.8,10159
confianza,voz05,vllm,26b_4b,09,confianza/vllm/26b_4b/run_09/telemetria_gpu.csv,0,47,100,100,296.7,295.5,415.6,88855
confianza,voz05,vllm,26b_4b,09,confianza/vllm/26b_4b/run_09/telemetria_gpu.csv,1,47,0,83,128.7,152.5,400.5,10159
confianza,voz05,vllm,26b_4b,08,confianza/vllm/26b_4b/run_08/telemetria_gpu.csv,0,48,100.0,100,294.4,291.9,387.5,88855
confianza,voz05,vllm,26b_4b,08,confianza/vllm/26b_4b/run_08/telemetria_gpu.csv,1,48,0.0,92,128.8,148.4,305.1,10159
confianza,voz05,vllm,26b_4b,03,confianza/vllm/26b_4b/run_03/telemetria_gpu.csv,0,45,100,100,295.6,284.4,423.8,88855
confianza,voz05,vllm,26b_4b,03,confianza/vllm/26b_4b/run_03/telemetria_gpu.csv,1,45,0,87,128.7,148.0,335.1,10159
confianza,voz05,vllm,26b_4b,02,confianza/vllm/26b_4b/run_02/telemetria_gpu.csv,0,43,100,100,289.7,288.5,409.9,88855
confianza,voz05,vllm,26b_4b,02,confianza/vllm/26b_4b/run_02/telemetria_gpu.csv,1,43,0,92,143.1,167.2,358.5,10159
confianza,voz05,vllm,12b_4b,04,confianza/vllm/12b_4b/run_04/telemetria_gpu.csv,0,66,91.0,100,297.0,317.8,545.9,89067
confianza,voz05,vllm,12b_4b,04,confianza/vllm/12b_4b/run_04/telemetria_gpu.csv,1,66,0.0,91,119.4,146.2,384.2,10159
confianza,voz05,vllm,12b_4b,01,confianza/vllm/12b_4b/run_01/telemetria_gpu.csv,0,81,91,100,296.0,325.5,553.0,89067
confianza,voz05,vllm,12b_4b,01,confianza/vllm/12b_4b/run_01/telemetria_gpu.csv,1,81,0,91,111.4,136.0,326.8,10159
confianza,voz05,vllm,12b_4b,05,confianza/vllm/12b_4b/run_05/telemetria_gpu.csv,0,65,91,100,293.8,317.7,541.7,89067
confianza,voz05,vllm,12b_4b,05,confianza/vllm/12b_4b/run_05/telemetria_gpu.csv,1,65,0,89,117.5,138.7,353.0,10159
confianza,voz05,vllm,12b_4b,07,confianza/vllm/12b_4b/run_07/telemetria_gpu.csv,0,74,91.0,100,299.5,322.0,547.1,89067
confianza,voz05,vllm,12b_4b,07,confianza/vllm/12b_4b/run_07/telemetria_gpu.csv,1,74,0.0,90,116.7,128.1,290.2,10159
confianza,voz05,vllm,12b_4b,06,confianza/vllm/12b_4b/run_06/telemetria_gpu.csv,0,59,91,100,298.5,324.2,552.1,89067
confianza,voz05,vllm,12b_4b,06,confianza/vllm/12b_4b/run_06/telemetria_gpu.csv,1,59,0,92,129.7,143.4,254.0,10159
confianza,voz05,vllm,12b_4b,10,confianza/vllm/12b_4b/run_10/telemetria_gpu.csv,0,62,91.0,100,301.3,319.8,527.2,89067
confianza,voz05,vllm,12b_4b,10,confianza/vllm/12b_4b/run_10/telemetria_gpu.csv,1,62,0.0,99,122.9,137.3,301.9,10159
confianza,voz05,vllm,12b_4b,09,confianza/vllm/12b_4b/run_09/telemetria_gpu.csv,0,66,91.0,100,294.5,321.5,540.4,89067
confianza,voz05,vllm,12b_4b,09,confianza/vllm/12b_4b/run_09/telemetria_gpu.csv,1,66,0.0,91,123.5,142.1,319.3,10159
confianza,voz05,vllm,12b_4b,08,confianza/vllm/12b_4b/run_08/telemetria_gpu.csv,0,59,91,100,298.4,314.8,528.5,89067
confianza,voz05,vllm,12b_4b,08,confianza/vllm/12b_4b/run_08/telemetria_gpu.csv,1,59,0,89,120.4,143.4,339.8,10159
confianza,voz05,vllm,12b_4b,03,confianza/vllm/12b_4b/run_03/telemetria_gpu.csv,0,72,91.0,100,299.7,322.9,544.9,89067
confianza,voz05,vllm,12b_4b,03,confianza/vllm/12b_4b/run_03/telemetria_gpu.csv,1,72,0.0,91,139.1,149.2,328.6,10159
confianza,voz05,vllm,12b_4b,02,confianza/vllm/12b_4b/run_02/telemetria_gpu.csv,0,67,91,100,292.6,314.0,535.2,89067
confianza,voz05,vllm,12b_4b,02,confianza/vllm/12b_4b/run_02/telemetria_gpu.csv,1,67,0,93,126.6,145.1,322.8,10159
confianza,voz05,vllm,26b_06b,04,confianza/vllm/26b_06b/run_04/telemetria_gpu.csv,0,43,100,100,290.7,293.1,432.5,88855
confianza,voz05,vllm,26b_06b,04,confianza/vllm/26b_06b/run_04/telemetria_gpu.csv,1,43,0,83,123.1,131.6,196.7,16298
confianza,voz05,vllm,26b_06b,01,confianza/vllm/26b_06b/run_01/telemetria_gpu.csv,0,52,100.0,100,298.2,283.2,411.2,88855
confianza,voz05,vllm,26b_06b,01,confianza/vllm/26b_06b/run_01/telemetria_gpu.csv,1,52,1.5,77,111.4,120.5,191.7,16296
confianza,voz05,vllm,26b_06b,05,confianza/vllm/26b_06b/run_05/telemetria_gpu.csv,0,41,100,100,296.3,287.2,382.7,88855
confianza,voz05,vllm,26b_06b,05,confianza/vllm/26b_06b/run_05/telemetria_gpu.csv,1,41,0,84,132.4,133.8,175.9,16298
confianza,voz05,vllm,26b_06b,07,confianza/vllm/26b_06b/run_07/telemetria_gpu.csv,0,50,100.0,100,292.9,292.9,392.0,88855
confianza,voz05,vllm,26b_06b,07,confianza/vllm/26b_06b/run_07/telemetria_gpu.csv,1,50,0.0,80,133.4,134.8,253.7,16298
confianza,voz05,vllm,26b_06b,06,confianza/vllm/26b_06b/run_06/telemetria_gpu.csv,0,39,100,100,305.3,294.6,443.3,88855
confianza,voz05,vllm,26b_06b,06,confianza/vllm/26b_06b/run_06/telemetria_gpu.csv,1,39,0,76,125.0,136.0,242.3,16298
confianza,voz05,vllm,26b_06b,10,confianza/vllm/26b_06b/run_10/telemetria_gpu.csv,0,47,100,100,297.9,291.4,432.4,88855
confianza,voz05,vllm,26b_06b,10,confianza/vllm/26b_06b/run_10/telemetria_gpu.csv,1,47,0,83,123.6,131.4,235.5,16298
confianza,voz05,vllm,26b_06b,09,confianza/vllm/26b_06b/run_09/telemetria_gpu.csv,0,48,100.0,100,296.1,291.0,399.1,88855
confianza,voz05,vllm,26b_06b,09,confianza/vllm/26b_06b/run_09/telemetria_gpu.csv,1,48,0.0,85,123.2,130.0,236.0,16298
confianza,voz05,vllm,26b_06b,08,confianza/vllm/26b_06b/run_08/telemetria_gpu.csv,0,65,100,100,257.0,222.6,406.3,88855
confianza,voz05,vllm,26b_06b,08,confianza/vllm/26b_06b/run_08/telemetria_gpu.csv,1,65,0,84,117.7,123.9,218.9,16298
confianza,voz05,vllm,26b_06b,03,confianza/vllm/26b_06b/run_03/telemetria_gpu.csv,0,87,99,100,210.3,196.7,392.4,88855
confianza,voz05,vllm,26b_06b,03,confianza/vllm/26b_06b/run_03/telemetria_gpu.csv,1,87,0,82,98.6,113.6,221.5,16298
confianza,voz05,vllm,26b_06b,02,confianza/vllm/26b_06b/run_02/telemetria_gpu.csv,0,41,100,100,300.9,297.0,417.0,88855
confianza,voz05,vllm,26b_06b,02,confianza/vllm/26b_06b/run_02/telemetria_gpu.csv,1,41,0,85,131.7,133.4,205.2,16296
confianza_5090,gtc2pc4,,,,confianza_5090/saturacion_noPC/telemetria_gpu.csv,0,487,98,100,486.1,478.7,564.5,29034
confianza_5090,gtc2pc4,llamacpp,26b_4b_np4,04,confianza_5090/llamacpp/26b_4b_np4/run_04/telemetria_gpu.csv,0,173,69,98,305.9,300.3,523.0,22786
confianza_5090,gtc2pc4,llamacpp,26b_4b_np4,01,confianza_5090/llamacpp/26b_4b_np4/run_01/telemetria_gpu.csv,0,194,70.0,98,309.0,308.7,491.5,24322
confianza_5090,gtc2pc4,llamacpp,26b_4b_np4,05,confianza_5090/llamacpp/26b_4b_np4/run_05/telemetria_gpu.csv,0,179,68,98,310.1,302.3,440.8,22786
confianza_5090,gtc2pc4,llamacpp,26b_4b_np4,07,confianza_5090/llamacpp/26b_4b_np4/run_07/telemetria_gpu.csv,0,181,69,98,309.8,305.0,440.5,22786
confianza_5090,gtc2pc4,llamacpp,26b_4b_np4,06,confianza_5090/llamacpp/26b_4b_np4/run_06/telemetria_gpu.csv,0,184,70.0,98,312.7,308.5,452.3,22786
confianza_5090,gtc2pc4,llamacpp,26b_4b_np4,10,confianza_5090/llamacpp/26b_4b_np4/run_10/telemetria_gpu.csv,0,180,66.0,98,314.5,304.7,484.9,22786
confianza_5090,gtc2pc4,llamacpp,26b_4b_np4,09,confianza_5090/llamacpp/26b_4b_np4/run_09/telemetria_gpu.csv,0,173,69,98,309.5,301.0,478.8,22786
confianza_5090,gtc2pc4,llamacpp,26b_4b_np4,08,confianza_5090/llamacpp/26b_4b_np4/run_08/telemetria_gpu.csv,0,171,70,98,310.4,298.8,465.0,22786
confianza_5090,gtc2pc4,llamacpp,26b_4b_np4,03,confianza_5090/llamacpp/26b_4b_np4/run_03/telemetria_gpu.csv,0,167,67,98,305.9,300.9,459.8,22786
confianza_5090,gtc2pc4,llamacpp,26b_4b_np4,02,confianza_5090/llamacpp/26b_4b_np4/run_02/telemetria_gpu.csv,0,164,69.5,98,300.5,294.8,476.6,22786
confianza_5090,gtc2pc4,llamacpp,26b_06b_np4,04,confianza_5090/llamacpp/26b_06b_np4/run_04/telemetria_gpu.csv,0,170,68.5,98,293.0,289.4,504.2,24322
confianza_5090,gtc2pc4,llamacpp,26b_06b_np4,01,confianza_5090/llamacpp/26b_06b_np4/run_01/telemetria_gpu.csv,0,187,67,98,289.9,286.3,489.2,24322
confianza_5090,gtc2pc4,llamacpp,26b_06b_np4,05,confianza_5090/llamacpp/26b_06b_np4/run_05/telemetria_gpu.csv,0,175,61,98,300.7,296.4,447.7,24322
confianza_5090,gtc2pc4,llamacpp,26b_06b_np4,07,confianza_5090/llamacpp/26b_06b_np4/run_07/telemetria_gpu.csv,0,180,71.0,98,302.9,296.6,446.4,24322
confianza_5090,gtc2pc4,llamacpp,26b_06b_np4,06,confianza_5090/llamacpp/26b_06b_np4/run_06/telemetria_gpu.csv,0,178,65.0,98,312.0,301.7,442.2,24322
confianza_5090,gtc2pc4,llamacpp,26b_06b_np4,10,confianza_5090/llamacpp/26b_06b_np4/run_10/telemetria_gpu.csv,0,182,65.0,98,298.0,290.9,447.9,24322
confianza_5090,gtc2pc4,llamacpp,26b_06b_np4,09,confianza_5090/llamacpp/26b_06b_np4/run_09/telemetria_gpu.csv,0,175,68,98,302.6,297.6,542.2,24322
confianza_5090,gtc2pc4,llamacpp,26b_06b_np4,08,confianza_5090/llamacpp/26b_06b_np4/run_08/telemetria_gpu.csv,0,175,70,98,297.7,293.8,443.2,24322
confianza_5090,gtc2pc4,llamacpp,26b_06b_np4,03,confianza_5090/llamacpp/26b_06b_np4/run_03/telemetria_gpu.csv,0,170,67.0,98,306.1,295.6,446.2,24322
confianza_5090,gtc2pc4,llamacpp,26b_06b_np4,02,confianza_5090/llamacpp/26b_06b_np4/run_02/telemetria_gpu.csv,0,164,60.0,98,292.3,288.8,444.2,24322
confianza_5090,gtc2pc4,llamacpp,12b_06b_np8,04,confianza_5090/llamacpp/12b_06b_np8/run_04/telemetria_gpu.csv,0,283,70,99,322.7,311.7,584.0,16294
confianza_5090,gtc2pc4,llamacpp,12b_06b_np8,01,confianza_5090/llamacpp/12b_06b_np8/run_01/telemetria_gpu.csv,0,271,71,99,343.3,328.1,502.5,16294
confianza_5090,gtc2pc4,llamacpp,12b_06b_np8,05,confianza_5090/llamacpp/12b_06b_np8/run_05/telemetria_gpu.csv,0,282,66.0,99,325.1,313.2,578.7,16294
confianza_5090,gtc2pc4,llamacpp,12b_06b_np8,07,confianza_5090/llamacpp/12b_06b_np8/run_07/telemetria_gpu.csv,0,295,71,99,348.4,326.4,529.7,16294
confianza_5090,gtc2pc4,llamacpp,12b_06b_np8,06,confianza_5090/llamacpp/12b_06b_np8/run_06/telemetria_gpu.csv,0,277,67,99,332.2,314.9,565.0,16294
confianza_5090,gtc2pc4,llamacpp,12b_06b_np8,10,confianza_5090/llamacpp/12b_06b_np8/run_10/telemetria_gpu.csv,0,279,69,99,334.1,319.6,524.1,16294
confianza_5090,gtc2pc4,llamacpp,12b_06b_np8,09,confianza_5090/llamacpp/12b_06b_np8/run_09/telemetria_gpu.csv,0,294,66.5,99,324.7,310.0,581.8,16294
confianza_5090,gtc2pc4,llamacpp,12b_06b_np8,08,confianza_5090/llamacpp/12b_06b_np8/run_08/telemetria_gpu.csv,0,271,66,99,336.4,318.9,523.3,16294
confianza_5090,gtc2pc4,llamacpp,12b_06b_np8,03,confianza_5090/llamacpp/12b_06b_np8/run_03/telemetria_gpu.csv,0,303,71,99,346.7,329.5,523.8,16294
confianza_5090,gtc2pc4,llamacpp,12b_06b_np8,02,confianza_5090/llamacpp/12b_06b_np8/run_02/telemetria_gpu.csv,0,267,70,99,318.3,307.8,519.9,16294
confianza_5090,gtc2pc4,llamacpp,12b_06b_np4,04,confianza_5090/llamacpp/12b_06b_np4/run_04/telemetria_gpu.csv,0,289,80,99,370.3,353.4,558.5,24138
confianza_5090,gtc2pc4,llamacpp,12b_06b_np4,01,confianza_5090/llamacpp/12b_06b_np4/run_01/telemetria_gpu.csv,0,319,80,99,367.5,348.1,527.3,21992
confianza_5090,gtc2pc4,llamacpp,12b_06b_np4,05,confianza_5090/llamacpp/12b_06b_np4/run_05/telemetria_gpu.csv,0,260,70.5,99,353.2,346.0,521.6,20535
confianza_5090,gtc2pc4,llamacpp,12b_06b_np4,07,confianza_5090/llamacpp/12b_06b_np4/run_07/telemetria_gpu.csv,0,385,91,99,399.4,389.7,525.8,29968
confianza_5090,gtc2pc4,llamacpp,12b_06b_np4,06,confianza_5090/llamacpp/12b_06b_np4/run_06/telemetria_gpu.csv,0,432,95.0,98,413.5,405.7,502.4,29962
confianza_5090,gtc2pc4,llamacpp,12b_06b_np4,10,confianza_5090/llamacpp/12b_06b_np4/run_10/telemetria_gpu.csv,0,303,81,98,377.7,359.7,558.3,20543
confianza_5090,gtc2pc4,llamacpp,12b_06b_np4,09,confianza_5090/llamacpp/12b_06b_np4/run_09/telemetria_gpu.csv,0,299,81,99,376.3,358.9,561.6,20537
confianza_5090,gtc2pc4,llamacpp,12b_06b_np4,08,confianza_5090/llamacpp/12b_06b_np4/run_08/telemetria_gpu.csv,0,290,79.0,99,377.8,358.7,515.6,24510
confianza_5090,gtc2pc4,llamacpp,12b_06b_np4,03,confianza_5090/llamacpp/12b_06b_np4/run_03/telemetria_gpu.csv,0,325,80,98,404.3,369.1,537.7,25630
confianza_5090,gtc2pc4,llamacpp,12b_06b_np4,02,confianza_5090/llamacpp/12b_06b_np4/run_02/telemetria_gpu.csv,0,259,79,99,350.6,346.5,573.1,20173
confianza_5090,gtc2pc4,llamacpp,12b_4b_np4,04,confianza_5090/llamacpp/12b_4b_np4/run_04/telemetria_gpu.csv,0,258,77.0,99,362.8,353.6,580.3,15212
confianza_5090,gtc2pc4,llamacpp,12b_4b_np4,01,confianza_5090/llamacpp/12b_4b_np4/run_01/telemetria_gpu.csv,0,326,82.0,99,399.4,368.5,542.0,20551
confianza_5090,gtc2pc4,llamacpp,12b_4b_np4,05,confianza_5090/llamacpp/12b_4b_np4/run_05/telemetria_gpu.csv,0,271,77,100,383.0,359.5,576.0,15212
confianza_5090,gtc2pc4,llamacpp,12b_4b_np4,07,confianza_5090/llamacpp/12b_4b_np4/run_07/telemetria_gpu.csv,0,269,77,99,379.2,361.1,549.2,15214
confianza_5090,gtc2pc4,llamacpp,12b_4b_np4,06,confianza_5090/llamacpp/12b_4b_np4/run_06/telemetria_gpu.csv,0,267,76,100,375.1,359.5,579.2,15214
confianza_5090,gtc2pc4,llamacpp,12b_4b_np4,10,confianza_5090/llamacpp/12b_4b_np4/run_10/telemetria_gpu.csv,0,263,74,99,362.3,355.9,524.2,15214
confianza_5090,gtc2pc4,llamacpp,12b_4b_np4,09,confianza_5090/llamacpp/12b_4b_np4/run_09/telemetria_gpu.csv,0,261,76,99,363.5,356.3,554.5,15214
confianza_5090,gtc2pc4,llamacpp,12b_4b_np4,08,confianza_5090/llamacpp/12b_4b_np4/run_08/telemetria_gpu.csv,0,255,74,99,347.8,350.7,505.0,15214
confianza_5090,gtc2pc4,llamacpp,12b_4b_np4,03,confianza_5090/llamacpp/12b_4b_np4/run_03/telemetria_gpu.csv,0,279,77,100,377.2,364.4,573.6,15212
confianza_5090,gtc2pc4,llamacpp,12b_4b_np4,02,confianza_5090/llamacpp/12b_4b_np4/run_02/telemetria_gpu.csv,0,275,80,100,371.9,357.8,581.4,17948
confianza_5090,gtc2pc4,llamacpp,26b_4b_np1,04,confianza_5090/llamacpp/26b_4b_np1/run_04/telemetria_gpu.csv,0,378,37.0,98,268.6,197.0,511.6,20928
confianza_5090,gtc2pc4,llamacpp,26b_4b_np1,01,confianza_5090/llamacpp/26b_4b_np1/run_01/telemetria_gpu.csv,0,263,87,98,334.4,322.2,470.1,22464
confianza_5090,gtc2pc4,llamacpp,26b_4b_np1,05,confianza_5090/llamacpp/26b_4b_np1/run_05/telemetria_gpu.csv,0,234,87.0,98,318.9,316.5,455.9,20928
confianza_5090,gtc2pc4,llamacpp,26b_4b_np1,07,confianza_5090/llamacpp/26b_4b_np1/run_07/telemetria_gpu.csv,0,236,87.0,98,332.1,322.2,453.6,20928
confianza_5090,gtc2pc4,llamacpp,26b_4b_np1,06,confianza_5090/llamacpp/26b_4b_np1/run_06/telemetria_gpu.csv,0,231,87,98,334.6,325.9,479.1,20928
confianza_5090,gtc2pc4,llamacpp,26b_4b_np1,10,confianza_5090/llamacpp/26b_4b_np1/run_10/telemetria_gpu.csv,0,232,87.0,98,324.0,320.2,496.0,20928
confianza_5090,gtc2pc4,llamacpp,26b_4b_np1,09,confianza_5090/llamacpp/26b_4b_np1/run_09/telemetria_gpu.csv,0,315,69,98,299.9,241.4,518.4,20928
confianza_5090,gtc2pc4,llamacpp,26b_4b_np1,08,confianza_5090/llamacpp/26b_4b_np1/run_08/telemetria_gpu.csv,0,214,87.0,98,318.6,313.6,433.1,20928
confianza_5090,gtc2pc4,llamacpp,26b_4b_np1,03,confianza_5090/llamacpp/26b_4b_np1/run_03/telemetria_gpu.csv,0,219,87,98,316.4,307.8,450.4,20928
confianza_5090,gtc2pc4,llamacpp,26b_4b_np1,02,confianza_5090/llamacpp/26b_4b_np1/run_02/telemetria_gpu.csv,0,208,87.0,98,315.5,315.0,470.1,20928
confianza_5090,gtc2pc4,llamacpp,12b_06b_np1,04,confianza_5090/llamacpp/12b_06b_np1/run_04/telemetria_gpu.csv,0,181,94,96,361.9,366.6,448.2,32074
confianza_5090,gtc2pc4,llamacpp,12b_06b_np1,01,confianza_5090/llamacpp/12b_06b_np1/run_01/telemetria_gpu.csv,0,412,91.0,99,430.4,395.3,579.1,15604
confianza_5090,gtc2pc4,llamacpp,12b_06b_np1,05,confianza_5090/llamacpp/12b_06b_np1/run_05/telemetria_gpu.csv,0,181,94,96,361.8,366.4,440.0,31164
confianza_5090,gtc2pc4,llamacpp,12b_06b_np1,07,confianza_5090/llamacpp/12b_06b_np1/run_07/telemetria_gpu.csv,0,1112,94.0,99,364.2,368.4,509.7,32104
confianza_5090,gtc2pc4,llamacpp,12b_06b_np1,06,confianza_5090/llamacpp/12b_06b_np1/run_06/telemetria_gpu.csv,0,1250,94.0,99,360.3,364.1,492.8,32050
confianza_5090,gtc2pc4,llamacpp,12b_06b_np1,10,confianza_5090/llamacpp/12b_06b_np1/run_10/telemetria_gpu.csv,0,415,90,99,380.3,363.9,546.9,13328
confianza_5090,gtc2pc4,llamacpp,12b_06b_np1,09,confianza_5090/llamacpp/12b_06b_np1/run_09/telemetria_gpu.csv,0,428,88.0,99,380.4,356.3,556.6,13328
confianza_5090,gtc2pc4,llamacpp,12b_06b_np1,08,confianza_5090/llamacpp/12b_06b_np1/run_08/telemetria_gpu.csv,0,406,89.0,99,389.4,367.2,485.3,13328
confianza_5090,gtc2pc4,llamacpp,12b_06b_np1,03,confianza_5090/llamacpp/12b_06b_np1/run_03/telemetria_gpu.csv,0,743,94,99,363.1,371.0,480.6,32044
confianza_5090,gtc2pc4,llamacpp,12b_06b_np1,02,confianza_5090/llamacpp/12b_06b_np1/run_02/telemetria_gpu.csv,0,360,91.0,99,376.2,385.1,550.6,15604
confianza_5090,gtc2pc4,llamacpp,26b_06b_np8,04,confianza_5090/llamacpp/26b_06b_np8/run_04/telemetria_gpu.csv,0,183,62,99,291.2,274.8,501.6,24386
confianza_5090,gtc2pc4,llamacpp,26b_06b_np8,01,confianza_5090/llamacpp/26b_06b_np8/run_01/telemetria_gpu.csv,0,188,61.0,98,296.2,278.9,502.1,24386
confianza_5090,gtc2pc4,llamacpp,26b_06b_np8,05,confianza_5090/llamacpp/26b_06b_np8/run_05/telemetria_gpu.csv,0,183,61,98,298.8,286.0,493.2,24386
confianza_5090,gtc2pc4,llamacpp,26b_06b_np8,07,confianza_5090/llamacpp/26b_06b_np8/run_07/telemetria_gpu.csv,0,190,62.0,98,301.0,280.4,440.8,24386
confianza_5090,gtc2pc4,llamacpp,26b_06b_np8,06,confianza_5090/llamacpp/26b_06b_np8/run_06/telemetria_gpu.csv,0,184,61.0,99,294.8,281.1,462.9,24386
confianza_5090,gtc2pc4,llamacpp,26b_06b_np8,10,confianza_5090/llamacpp/26b_06b_np8/run_10/telemetria_gpu.csv,0,188,62.0,99,296.0,279.9,448.7,24386
confianza_5090,gtc2pc4,llamacpp,26b_06b_np8,09,confianza_5090/llamacpp/26b_06b_np8/run_09/telemetria_gpu.csv,0,185,60,98,292.7,280.1,477.5,24386
confianza_5090,gtc2pc4,llamacpp,26b_06b_np8,08,confianza_5090/llamacpp/26b_06b_np8/run_08/telemetria_gpu.csv,0,179,62,98,289.3,277.3,471.2,24386
confianza_5090,gtc2pc4,llamacpp,26b_06b_np8,03,confianza_5090/llamacpp/26b_06b_np8/run_03/telemetria_gpu.csv,0,171,61,98,291.3,277.3,465.9,24386
confianza_5090,gtc2pc4,llamacpp,26b_06b_np8,02,confianza_5090/llamacpp/26b_06b_np8/run_02/telemetria_gpu.csv,0,171,60,99,282.2,275.0,475.8,24386
confianza_5090,gtc2pc4,llamacpp,12b_4b_np1,04,confianza_5090/llamacpp/12b_4b_np1/run_04/telemetria_gpu.csv,0,417,91,99,392.7,368.8,582.8,10728
confianza_5090,gtc2pc4,llamacpp,12b_4b_np1,01,confianza_5090/llamacpp/12b_4b_np1/run_01/telemetria_gpu.csv,0,477,91,99,410.6,381.8,534.3,10728
confianza_5090,gtc2pc4,llamacpp,12b_4b_np1,05,confianza_5090/llamacpp/12b_4b_np1/run_05/telemetria_gpu.csv,0,454,89.0,99,391.1,362.1,570.3,10728
confianza_5090,gtc2pc4,llamacpp,12b_4b_np1,07,confianza_5090/llamacpp/12b_4b_np1/run_07/telemetria_gpu.csv,0,463,91,99,395.9,368.8,531.7,10728
confianza_5090,gtc2pc4,llamacpp,12b_4b_np1,06,confianza_5090/llamacpp/12b_4b_np1/run_06/telemetria_gpu.csv,0,474,89.0,99,375.8,342.0,581.9,10728
confianza_5090,gtc2pc4,llamacpp,12b_4b_np1,10,confianza_5090/llamacpp/12b_4b_np1/run_10/telemetria_gpu.csv,0,445,91,99,393.4,364.1,554.4,10728
confianza_5090,gtc2pc4,llamacpp,12b_4b_np1,09,confianza_5090/llamacpp/12b_4b_np1/run_09/telemetria_gpu.csv,0,446,91.0,100,385.1,358.9,574.0,10728
confianza_5090,gtc2pc4,llamacpp,12b_4b_np1,08,confianza_5090/llamacpp/12b_4b_np1/run_08/telemetria_gpu.csv,0,422,91.0,99,383.5,359.9,507.6,10728
confianza_5090,gtc2pc4,llamacpp,12b_4b_np1,03,confianza_5090/llamacpp/12b_4b_np1/run_03/telemetria_gpu.csv,0,485,91,99,411.5,377.5,523.6,10728
confianza_5090,gtc2pc4,llamacpp,12b_4b_np1,02,confianza_5090/llamacpp/12b_4b_np1/run_02/telemetria_gpu.csv,0,432,90.0,99,379.1,362.6,586.8,10728
confianza_5090,gtc2pc4,llamacpp,26b_4b_np8,04,confianza_5090/llamacpp/26b_4b_np8/run_04/telemetria_gpu.csv,0,184,61.5,100,304.5,289.5,501.4,26252
confianza_5090,gtc2pc4,llamacpp,26b_4b_np8,01,confianza_5090/llamacpp/26b_4b_np8/run_01/telemetria_gpu.csv,0,201,62,99,308.5,294.7,484.8,28858
confianza_5090,gtc2pc4,llamacpp,26b_4b_np8,05,confianza_5090/llamacpp/26b_4b_np8/run_05/telemetria_gpu.csv,0,191,63,100,305.5,289.8,482.8,26252
confianza_5090,gtc2pc4,llamacpp,26b_4b_np8,07,confianza_5090/llamacpp/26b_4b_np8/run_07/telemetria_gpu.csv,0,195,61,98,303.7,291.2,431.9,26252
confianza_5090,gtc2pc4,llamacpp,26b_4b_np8,06,confianza_5090/llamacpp/26b_4b_np8/run_06/telemetria_gpu.csv,0,187,61,99,301.1,288.3,527.2,26252
confianza_5090,gtc2pc4,llamacpp,26b_4b_np8,10,confianza_5090/llamacpp/26b_4b_np8/run_10/telemetria_gpu.csv,0,191,63,99,306.1,288.6,457.4,26252
confianza_5090,gtc2pc4,llamacpp,26b_4b_np8,09,confianza_5090/llamacpp/26b_4b_np8/run_09/telemetria_gpu.csv,0,186,61.5,99,304.3,289.2,531.3,26252
confianza_5090,gtc2pc4,llamacpp,26b_4b_np8,08,confianza_5090/llamacpp/26b_4b_np8/run_08/telemetria_gpu.csv,0,184,61.0,98,310.2,293.8,485.7,26252
confianza_5090,gtc2pc4,llamacpp,26b_4b_np8,03,confianza_5090/llamacpp/26b_4b_np8/run_03/telemetria_gpu.csv,0,173,64,99,303.1,290.5,484.1,26252
confianza_5090,gtc2pc4,llamacpp,26b_4b_np8,02,confianza_5090/llamacpp/26b_4b_np8/run_02/telemetria_gpu.csv,0,174,59.5,99,292.1,282.7,517.8,26252
confianza_5090,gtc2pc4,llamacpp,12b_4b_np8,04,confianza_5090/llamacpp/12b_4b_np8/run_04/telemetria_gpu.csv,0,290,66.5,99,340.2,321.4,575.9,18156
confianza_5090,gtc2pc4,llamacpp,12b_4b_np8,01,confianza_5090/llamacpp/12b_4b_np8/run_01/telemetria_gpu.csv,0,319,70,99,355.6,328.4,561.2,20762
confianza_5090,gtc2pc4,llamacpp,12b_4b_np8,05,confianza_5090/llamacpp/12b_4b_np8/run_05/telemetria_gpu.csv,0,292,70.0,100,348.0,324.8,581.6,18156
confianza_5090,gtc2pc4,llamacpp,12b_4b_np8,07,confianza_5090/llamacpp/12b_4b_np8/run_07/telemetria_gpu.csv,0,292,71.0,100,354.5,333.0,518.1,18156
confianza_5090,gtc2pc4,llamacpp,12b_4b_np8,06,confianza_5090/llamacpp/12b_4b_np8/run_06/telemetria_gpu.csv,0,299,69,99,346.4,323.6,537.9,18156
confianza_5090,gtc2pc4,llamacpp,12b_4b_np8,10,confianza_5090/llamacpp/12b_4b_np8/run_10/telemetria_gpu.csv,0,295,70,99,332.0,324.2,585.1,18156
confianza_5090,gtc2pc4,llamacpp,12b_4b_np8,09,confianza_5090/llamacpp/12b_4b_np8/run_09/telemetria_gpu.csv,0,285,70,99,343.9,333.9,576.0,18156
confianza_5090,gtc2pc4,llamacpp,12b_4b_np8,08,confianza_5090/llamacpp/12b_4b_np8/run_08/telemetria_gpu.csv,0,283,70,100,361.1,327.8,581.3,18156
confianza_5090,gtc2pc4,llamacpp,12b_4b_np8,03,confianza_5090/llamacpp/12b_4b_np8/run_03/telemetria_gpu.csv,0,310,70.5,99,368.3,331.8,530.3,18156
confianza_5090,gtc2pc4,llamacpp,12b_4b_np8,02,confianza_5090/llamacpp/12b_4b_np8/run_02/telemetria_gpu.csv,0,284,67.0,100,331.1,316.5,578.5,18156
confianza_5090,gtc2pc4,llamacpp,26b_06b_np1,04,confianza_5090/llamacpp/26b_06b_np1/run_04/telemetria_gpu.csv,0,209,87,98,306.7,309.6,471.7,22464
confianza_5090,gtc2pc4,llamacpp,26b_06b_np1,01,confianza_5090/llamacpp/26b_06b_np1/run_01/telemetria_gpu.csv,0,252,87.0,98,314.8,310.9,509.4,22464
confianza_5090,gtc2pc4,llamacpp,26b_06b_np1,05,confianza_5090/llamacpp/26b_06b_np1/run_05/telemetria_gpu.csv,0,225,87,98,315.3,317.9,445.8,22464
confianza_5090,gtc2pc4,llamacpp,26b_06b_np1,07,confianza_5090/llamacpp/26b_06b_np1/run_07/telemetria_gpu.csv,0,237,87,98,317.1,317.1,460.3,22464
confianza_5090,gtc2pc4,llamacpp,26b_06b_np1,06,confianza_5090/llamacpp/26b_06b_np1/run_06/telemetria_gpu.csv,0,223,86,98,318.4,320.6,452.1,22464
confianza_5090,gtc2pc4,llamacpp,26b_06b_np1,10,confianza_5090/llamacpp/26b_06b_np1/run_10/telemetria_gpu.csv,0,232,87.0,98,312.5,313.7,456.5,22464
confianza_5090,gtc2pc4,llamacpp,26b_06b_np1,09,confianza_5090/llamacpp/26b_06b_np1/run_09/telemetria_gpu.csv,0,218,86.0,98,315.1,318.0,501.3,22464
confianza_5090,gtc2pc4,llamacpp,26b_06b_np1,08,confianza_5090/llamacpp/26b_06b_np1/run_08/telemetria_gpu.csv,0,219,86,98,304.6,310.6,465.5,22464
confianza_5090,gtc2pc4,llamacpp,26b_06b_np1,03,confianza_5090/llamacpp/26b_06b_np1/run_03/telemetria_gpu.csv,0,215,87,98,320.8,316.1,446.4,22464
confianza_5090,gtc2pc4,llamacpp,26b_06b_np1,02,confianza_5090/llamacpp/26b_06b_np1/run_02/telemetria_gpu.csv,0,207,87,98,308.2,309.0,444.7,22464
confianza_5090,gtc2pc4,,,,confianza_5090/saturacion/telemetria_gpu.csv,0,440,98.0,100,476.4,466.4,559.7,28448
confianza_5090,gtc2pc4,ollama,26b_4b_np4,04,confianza_5090/ollama/26b_4b_np4/run_04/telemetria_gpu.csv,0,405,34,99,203.1,161.5,392.5,25514
confianza_5090,gtc2pc4,ollama,26b_4b_np4,01,confianza_5090/ollama/26b_4b_np4/run_01/telemetria_gpu.csv,0,279,39,99,237.7,240.6,461.6,25516
confianza_5090,gtc2pc4,ollama,26b_4b_np4,05,confianza_5090/ollama/26b_4b_np4/run_05/telemetria_gpu.csv,0,250,38.0,99,238.5,243.9,432.6,25514
confianza_5090,gtc2pc4,ollama,26b_4b_np4,07,confianza_5090/ollama/26b_4b_np4/run_07/telemetria_gpu.csv,0,250,39.0,99,239.4,243.4,378.8,25514
confianza_5090,gtc2pc4,ollama,26b_4b_np4,06,confianza_5090/ollama/26b_4b_np4/run_06/telemetria_gpu.csv,0,245,38,100,239.8,245.9,456.0,25516
confianza_5090,gtc2pc4,ollama,26b_4b_np4,10,confianza_5090/ollama/26b_4b_np4/run_10/telemetria_gpu.csv,0,243,39,99,238.2,238.6,446.6,25516
confianza_5090,gtc2pc4,ollama,26b_4b_np4,09,confianza_5090/ollama/26b_4b_np4/run_09/telemetria_gpu.csv,0,491,0,99,71.8,132.9,435.4,25512
confianza_5090,gtc2pc4,ollama,26b_4b_np4,08,confianza_5090/ollama/26b_4b_np4/run_08/telemetria_gpu.csv,0,352,34.0,99,218.2,172.4,405.2,25516
confianza_5090,gtc2pc4,ollama,26b_4b_np4,03,confianza_5090/ollama/26b_4b_np4/run_03/telemetria_gpu.csv,0,794,0.0,99,25.3,96.6,453.5,25512
confianza_5090,gtc2pc4,ollama,26b_4b_np4,02,confianza_5090/ollama/26b_4b_np4/run_02/telemetria_gpu.csv,0,360,32.0,99,204.9,159.4,405.4,25516
confianza_5090,gtc2pc4,ollama,26b_06b_np4,04,confianza_5090/ollama/26b_06b_np4/run_04/telemetria_gpu.csv,0,346,31.0,99,199.6,157.0,423.8,23652
confianza_5090,gtc2pc4,ollama,26b_06b_np4,01,confianza_5090/ollama/26b_06b_np4/run_01/telemetria_gpu.csv,0,264,38.5,99,235.0,229.1,402.2,23652
confianza_5090,gtc2pc4,ollama,26b_06b_np4,05,confianza_5090/ollama/26b_06b_np4/run_05/telemetria_gpu.csv,0,233,38,92,236.6,236.0,436.7,23652
confianza_5090,gtc2pc4,ollama,26b_06b_np4,07,confianza_5090/ollama/26b_06b_np4/run_07/telemetria_gpu.csv,0,251,38,92,235.7,231.2,379.1,23652
confianza_5090,gtc2pc4,ollama,26b_06b_np4,06,confianza_5090/ollama/26b_06b_np4/run_06/telemetria_gpu.csv,0,236,38.0,99,238.2,237.0,402.6,23652
confianza_5090,gtc2pc4,ollama,26b_06b_np4,10,confianza_5090/ollama/26b_06b_np4/run_10/telemetria_gpu.csv,0,244,38.0,89,234.8,229.6,373.0,23652
confianza_5090,gtc2pc4,ollama,26b_06b_np4,09,confianza_5090/ollama/26b_06b_np4/run_09/telemetria_gpu.csv,0,668,0.0,99,25.8,101.5,459.8,23652
confianza_5090,gtc2pc4,ollama,26b_06b_np4,08,confianza_5090/ollama/26b_06b_np4/run_08/telemetria_gpu.csv,0,345,30,96,209.8,167.1,421.6,23652
confianza_5090,gtc2pc4,ollama,26b_06b_np4,03,confianza_5090/ollama/26b_06b_np4/run_03/telemetria_gpu.csv,0,646,0.0,99,27.2,107.2,429.1,23652
confianza_5090,gtc2pc4,ollama,26b_06b_np4,02,confianza_5090/ollama/26b_06b_np4/run_02/telemetria_gpu.csv,0,347,28,99,186.0,151.7,404.8,23652
confianza_5090,gtc2pc4,ollama,12b_06b_np8,04,confianza_5090/ollama/12b_06b_np8/run_04/telemetria_gpu.csv,0,367,44,100,304.8,279.2,477.5,20920
confianza_5090,gtc2pc4,ollama,12b_06b_np8,01,confianza_5090/ollama/12b_06b_np8/run_01/telemetria_gpu.csv,0,370,42.0,100,304.3,272.5,499.1,20920
confianza_5090,gtc2pc4,ollama,12b_06b_np8,05,confianza_5090/ollama/12b_06b_np8/run_05/telemetria_gpu.csv,0,365,41,100,300.1,271.9,493.4,20922
confianza_5090,gtc2pc4,ollama,12b_06b_np8,07,confianza_5090/ollama/12b_06b_np8/run_07/telemetria_gpu.csv,0,378,42.5,100,305.4,274.8,484.8,20922
confianza_5090,gtc2pc4,ollama,12b_06b_np8,06,confianza_5090/ollama/12b_06b_np8/run_06/telemetria_gpu.csv,0,379,43,100,304.6,274.7,513.9,20922
confianza_5090,gtc2pc4,ollama,12b_06b_np8,10,confianza_5090/ollama/12b_06b_np8/run_10/telemetria_gpu.csv,0,369,45,100,306.2,279.4,522.5,20920
confianza_5090,gtc2pc4,ollama,12b_06b_np8,09,confianza_5090/ollama/12b_06b_np8/run_09/telemetria_gpu.csv,0,364,43.0,100,305.8,278.6,535.2,20920
confianza_5090,gtc2pc4,ollama,12b_06b_np8,08,confianza_5090/ollama/12b_06b_np8/run_08/telemetria_gpu.csv,0,363,44,100,303.6,278.9,475.7,20922
confianza_5090,gtc2pc4,ollama,12b_06b_np8,03,confianza_5090/ollama/12b_06b_np8/run_03/telemetria_gpu.csv,0,394,46.5,100,307.3,283.8,489.8,20922
confianza_5090,gtc2pc4,ollama,12b_06b_np8,02,confianza_5090/ollama/12b_06b_np8/run_02/telemetria_gpu.csv,0,353,43,100,302.3,272.8,517.5,20922
confianza_5090,gtc2pc4,ollama,12b_06b_np4,04,confianza_5090/ollama/12b_06b_np4/run_04/telemetria_gpu.csv,0,337,49,100,330.2,298.9,489.6,20520
confianza_5090,gtc2pc4,ollama,12b_06b_np4,01,confianza_5090/ollama/12b_06b_np4/run_01/telemetria_gpu.csv,0,361,49,100,329.7,296.2,484.6,20518
confianza_5090,gtc2pc4,ollama,12b_06b_np4,05,confianza_5090/ollama/12b_06b_np4/run_05/telemetria_gpu.csv,0,336,48.0,100,330.4,297.7,500.8,20518
confianza_5090,gtc2pc4,ollama,12b_06b_np4,07,confianza_5090/ollama/12b_06b_np4/run_07/telemetria_gpu.csv,0,351,48,100,330.7,300.4,499.5,20520
confianza_5090,gtc2pc4,ollama,12b_06b_np4,06,confianza_5090/ollama/12b_06b_np4/run_06/telemetria_gpu.csv,0,335,48,100,331.1,300.2,489.0,20522
confianza_5090,gtc2pc4,ollama,12b_06b_np4,10,confianza_5090/ollama/12b_06b_np4/run_10/telemetria_gpu.csv,0,344,49.0,100,329.0,296.7,492.9,20518
confianza_5090,gtc2pc4,ollama,12b_06b_np4,09,confianza_5090/ollama/12b_06b_np4/run_09/telemetria_gpu.csv,0,329,48,100,329.7,298.8,535.0,20518
confianza_5090,gtc2pc4,ollama,12b_06b_np4,08,confianza_5090/ollama/12b_06b_np4/run_08/telemetria_gpu.csv,0,331,49,100,326.7,299.1,491.3,20520
confianza_5090,gtc2pc4,ollama,12b_06b_np4,03,confianza_5090/ollama/12b_06b_np4/run_03/telemetria_gpu.csv,0,370,49.0,100,331.9,301.0,473.6,20520
confianza_5090,gtc2pc4,ollama,12b_06b_np4,02,confianza_5090/ollama/12b_06b_np4/run_02/telemetria_gpu.csv,0,324,48.0,100,321.8,293.8,475.4,20518
confianza_5090,gtc2pc4,ollama,12b_4b_np4,04,confianza_5090/ollama/12b_4b_np4/run_04/telemetria_gpu.csv,0,330,49.0,100,323.0,300.2,495.3,17918
confianza_5090,gtc2pc4,ollama,12b_4b_np4,01,confianza_5090/ollama/12b_4b_np4/run_01/telemetria_gpu.csv,0,152401,0,100,16.1,108.6,564.8,32099
confianza_5090,gtc2pc4,ollama,12b_4b_np4,05,confianza_5090/ollama/12b_4b_np4/run_05/telemetria_gpu.csv,0,337,48,100,328.3,304.3,503.4,17918
confianza_5090,gtc2pc4,ollama,12b_4b_np4,07,confianza_5090/ollama/12b_4b_np4/run_07/telemetria_gpu.csv,0,343,48,100,331.3,304.1,484.1,17918
confianza_5090,gtc2pc4,ollama,12b_4b_np4,06,confianza_5090/ollama/12b_4b_np4/run_06/telemetria_gpu.csv,0,343,50,100,332.8,310.9,511.4,17920
confianza_5090,gtc2pc4,ollama,12b_4b_np4,10,confianza_5090/ollama/12b_4b_np4/run_10/telemetria_gpu.csv,0,331,47,100,326.8,303.2,498.9,17920
confianza_5090,gtc2pc4,ollama,12b_4b_np4,09,confianza_5090/ollama/12b_4b_np4/run_09/telemetria_gpu.csv,0,336,50.0,100,330.8,306.6,500.6,17916
confianza_5090,gtc2pc4,ollama,12b_4b_np4,08,confianza_5090/ollama/12b_4b_np4/run_08/telemetria_gpu.csv,0,326,48.0,100,330.6,306.1,503.1,17918
confianza_5090,gtc2pc4,ollama,12b_4b_np4,03,confianza_5090/ollama/12b_4b_np4/run_03/telemetria_gpu.csv,0,376,50.0,100,333.4,310.4,498.4,17916
confianza_5090,gtc2pc4,ollama,12b_4b_np4,02,confianza_5090/ollama/12b_4b_np4/run_02/telemetria_gpu.csv,0,320,49.0,100,328.0,303.6,489.8,17918
confianza_5090,gtc2pc4,ollama,26b_4b_np1,04,confianza_5090/ollama/26b_4b_np1/run_04/telemetria_gpu.csv,0,558,0.0,99,196.9,154.4,462.3,23354
confianza_5090,gtc2pc4,ollama,26b_4b_np1,01,confianza_5090/ollama/26b_4b_np1/run_01/telemetria_gpu.csv,0,337,60,99,275.7,266.6,430.8,23356
confianza_5090,gtc2pc4,ollama,26b_4b_np1,05,confianza_5090/ollama/26b_4b_np1/run_05/telemetria_gpu.csv,0,292,60.0,99,272.7,265.2,404.0,23354
confianza_5090,gtc2pc4,ollama,26b_4b_np1,07,confianza_5090/ollama/26b_4b_np1/run_07/telemetria_gpu.csv,0,299,60,99,274.6,266.4,415.7,23354
confianza_5090,gtc2pc4,ollama,26b_4b_np1,06,confianza_5090/ollama/26b_4b_np1/run_06/telemetria_gpu.csv,0,283,60,99,275.0,268.9,429.5,23356
confianza_5090,gtc2pc4,ollama,26b_4b_np1,10,confianza_5090/ollama/26b_4b_np1/run_10/telemetria_gpu.csv,0,295,60,99,273.7,265.4,417.4,23356
confianza_5090,gtc2pc4,ollama,26b_4b_np1,09,confianza_5090/ollama/26b_4b_np1/run_09/telemetria_gpu.csv,0,404,56.0,99,242.5,198.6,448.4,23352
confianza_5090,gtc2pc4,ollama,26b_4b_np1,08,confianza_5090/ollama/26b_4b_np1/run_08/telemetria_gpu.csv,0,390,58.0,99,249.2,197.7,389.6,23356
confianza_5090,gtc2pc4,ollama,26b_4b_np1,03,confianza_5090/ollama/26b_4b_np1/run_03/telemetria_gpu.csv,0,943,0,100,25.5,101.8,457.4,23352
confianza_5090,gtc2pc4,ollama,26b_4b_np1,02,confianza_5090/ollama/26b_4b_np1/run_02/telemetria_gpu.csv,0,264,60.0,100,275.7,266.2,431.5,23356
confianza_5090,gtc2pc4,ollama,12b_06b_np1,04,confianza_5090/ollama/12b_06b_np1/run_04/telemetria_gpu.csv,0,440,71.0,100,381.3,345.8,564.8,16254
confianza_5090,gtc2pc4,ollama,12b_06b_np1,01,confianza_5090/ollama/12b_06b_np1/run_01/telemetria_gpu.csv,0,483,72,100,386.1,350.9,502.6,16252
confianza_5090,gtc2pc4,ollama,12b_06b_np1,05,confianza_5090/ollama/12b_06b_np1/run_05/telemetria_gpu.csv,0,442,72.0,100,381.3,348.3,516.2,16254
confianza_5090,gtc2pc4,ollama,12b_06b_np1,07,confianza_5090/ollama/12b_06b_np1/run_07/telemetria_gpu.csv,0,468,72.0,100,385.1,350.7,490.4,16254
confianza_5090,gtc2pc4,ollama,12b_06b_np1,06,confianza_5090/ollama/12b_06b_np1/run_06/telemetria_gpu.csv,0,433,72,100,384.9,350.0,516.0,16254
confianza_5090,gtc2pc4,ollama,12b_06b_np1,10,confianza_5090/ollama/12b_06b_np1/run_10/telemetria_gpu.csv,0,432,72.0,99,382.9,346.2,512.2,16254
confianza_5090,gtc2pc4,ollama,12b_06b_np1,09,confianza_5090/ollama/12b_06b_np1/run_09/telemetria_gpu.csv,0,446,72.0,100,385.0,351.6,544.0,16254
confianza_5090,gtc2pc4,ollama,12b_06b_np1,08,confianza_5090/ollama/12b_06b_np1/run_08/telemetria_gpu.csv,0,431,71,100,379.2,347.8,512.4,16254
confianza_5090,gtc2pc4,ollama,12b_06b_np1,03,confianza_5090/ollama/12b_06b_np1/run_03/telemetria_gpu.csv,0,512,72.0,100,388.0,355.3,513.1,16254
confianza_5090,gtc2pc4,ollama,12b_06b_np1,02,confianza_5090/ollama/12b_06b_np1/run_02/telemetria_gpu.csv,0,432,72.0,100,384.9,348.0,512.4,16254
confianza_5090,gtc2pc4,ollama,26b_06b_np8,04,confianza_5090/ollama/26b_06b_np8/run_04/telemetria_gpu.csv,0,951,0,98,24.3,75.3,400.3,26532
confianza_5090,gtc2pc4,ollama,26b_06b_np8,01,confianza_5090/ollama/26b_06b_np8/run_01/telemetria_gpu.csv,0,311,31,99,209.8,196.1,403.8,26532
confianza_5090,gtc2pc4,ollama,26b_06b_np8,05,confianza_5090/ollama/26b_06b_np8/run_05/telemetria_gpu.csv,0,255,32,92,221.7,221.1,413.4,26532
confianza_5090,gtc2pc4,ollama,26b_06b_np8,07,confianza_5090/ollama/26b_06b_np8/run_07/telemetria_gpu.csv,0,266,32.0,90,221.1,218.1,380.1,26532
confianza_5090,gtc2pc4,ollama,26b_06b_np8,06,confianza_5090/ollama/26b_06b_np8/run_06/telemetria_gpu.csv,0,250,32.0,99,221.2,221.2,406.6,26532
confianza_5090,gtc2pc4,ollama,26b_06b_np8,10,confianza_5090/ollama/26b_06b_np8/run_10/telemetria_gpu.csv,0,257,32,99,221.1,217.0,394.4,26534
confianza_5090,gtc2pc4,ollama,26b_06b_np8,09,confianza_5090/ollama/26b_06b_np8/run_09/telemetria_gpu.csv,0,260,32.0,99,220.9,222.7,434.1,26532
confianza_5090,gtc2pc4,ollama,26b_06b_np8,08,confianza_5090/ollama/26b_06b_np8/run_08/telemetria_gpu.csv,0,376,25.0,99,195.6,158.0,393.3,26532
confianza_5090,gtc2pc4,ollama,26b_06b_np8,03,confianza_5090/ollama/26b_06b_np8/run_03/telemetria_gpu.csv,0,805,0,95,24.6,87.2,396.0,26532
confianza_5090,gtc2pc4,ollama,26b_06b_np8,02,confianza_5090/ollama/26b_06b_np8/run_02/telemetria_gpu.csv,0,375,20,99,176.5,144.1,382.3,26532
confianza_5090,gtc2pc4,ollama,12b_4b_np1,04,confianza_5090/ollama/12b_4b_np1/run_04/telemetria_gpu.csv,0,445,72,100,382.0,347.9,520.8,13654
confianza_5090,gtc2pc4,ollama,12b_4b_np1,01,confianza_5090/ollama/12b_4b_np1/run_01/telemetria_gpu.csv,0,493,71,100,386.7,354.3,523.0,13654
confianza_5090,gtc2pc4,ollama,12b_4b_np1,05,confianza_5090/ollama/12b_4b_np1/run_05/telemetria_gpu.csv,0,454,71.0,100,385.8,354.1,526.2,13654
confianza_5090,gtc2pc4,ollama,12b_4b_np1,07,confianza_5090/ollama/12b_4b_np1/run_07/telemetria_gpu.csv,0,464,72.0,100,386.2,354.7,502.3,13654
confianza_5090,gtc2pc4,ollama,12b_4b_np1,06,confianza_5090/ollama/12b_4b_np1/run_06/telemetria_gpu.csv,0,455,72,100,386.7,354.5,562.4,13656
confianza_5090,gtc2pc4,ollama,12b_4b_np1,10,confianza_5090/ollama/12b_4b_np1/run_10/telemetria_gpu.csv,0,450,72.0,100,386.6,353.5,518.5,13656
confianza_5090,gtc2pc4,ollama,12b_4b_np1,09,confianza_5090/ollama/12b_4b_np1/run_09/telemetria_gpu.csv,0,449,71,99,384.9,352.8,533.4,13652
confianza_5090,gtc2pc4,ollama,12b_4b_np1,08,confianza_5090/ollama/12b_4b_np1/run_08/telemetria_gpu.csv,0,427,71,100,381.3,352.0,509.4,13654
confianza_5090,gtc2pc4,ollama,12b_4b_np1,03,confianza_5090/ollama/12b_4b_np1/run_03/telemetria_gpu.csv,0,514,72.0,99,388.7,358.2,493.8,13652
confianza_5090,gtc2pc4,ollama,12b_4b_np1,02,confianza_5090/ollama/12b_4b_np1/run_02/telemetria_gpu.csv,0,433,72,100,379.2,350.2,534.8,13656
confianza_5090,gtc2pc4,ollama,26b_4b_np8,04,confianza_5090/ollama/26b_4b_np8/run_04/telemetria_gpu.csv,0,366,28.0,99,204.1,163.3,423.7,28394
confianza_5090,gtc2pc4,ollama,26b_4b_np8,01,confianza_5090/ollama/26b_4b_np8/run_01/telemetria_gpu.csv,0,293,32,100,223.2,223.6,413.2,28396
confianza_5090,gtc2pc4,ollama,26b_4b_np8,05,confianza_5090/ollama/26b_4b_np8/run_05/telemetria_gpu.csv,0,264,33.0,100,224.2,229.0,437.5,28396
confianza_5090,gtc2pc4,ollama,26b_4b_np8,07,confianza_5090/ollama/26b_4b_np8/run_07/telemetria_gpu.csv,0,267,33,100,226.9,229.5,426.3,28394
confianza_5090,gtc2pc4,ollama,26b_4b_np8,06,confianza_5090/ollama/26b_4b_np8/run_06/telemetria_gpu.csv,0,263,36,99,233.4,234.1,431.0,28396
confianza_5090,gtc2pc4,ollama,26b_4b_np8,10,confianza_5090/ollama/26b_4b_np8/run_10/telemetria_gpu.csv,0,261,32,100,225.4,228.2,436.2,28398
confianza_5090,gtc2pc4,ollama,26b_4b_np8,09,confianza_5090/ollama/26b_4b_np8/run_09/telemetria_gpu.csv,0,636,0.0,99,27.5,108.1,438.5,28392
confianza_5090,gtc2pc4,ollama,26b_4b_np8,08,confianza_5090/ollama/26b_4b_np8/run_08/telemetria_gpu.csv,0,366,28.0,99,202.4,165.0,405.6,28396
confianza_5090,gtc2pc4,ollama,26b_4b_np8,03,confianza_5090/ollama/26b_4b_np8/run_03/telemetria_gpu.csv,0,801,0,98,25.2,97.0,435.1,28378
confianza_5090,gtc2pc4,ollama,26b_4b_np8,02,confianza_5090/ollama/26b_4b_np8/run_02/telemetria_gpu.csv,0,490,0.0,99,71.1,126.0,439.3,28398
confianza_5090,gtc2pc4,ollama,12b_4b_np8,04,confianza_5090/ollama/12b_4b_np8/run_04/telemetria_gpu.csv,0,352,43.0,100,305.4,286.0,515.6,22784
confianza_5090,gtc2pc4,ollama,12b_4b_np8,01,confianza_5090/ollama/12b_4b_np8/run_01/telemetria_gpu.csv,0,392,44.0,100,307.8,289.3,478.1,22782
confianza_5090,gtc2pc4,ollama,12b_4b_np8,05,confianza_5090/ollama/12b_4b_np8/run_05/telemetria_gpu.csv,0,375,43,100,307.7,283.3,452.2,22784
confianza_5090,gtc2pc4,ollama,12b_4b_np8,07,confianza_5090/ollama/12b_4b_np8/run_07/telemetria_gpu.csv,0,374,44.0,100,306.3,289.5,477.2,22782
confianza_5090,gtc2pc4,ollama,12b_4b_np8,06,confianza_5090/ollama/12b_4b_np8/run_06/telemetria_gpu.csv,0,375,45,100,307.4,289.4,513.4,22786
confianza_5090,gtc2pc4,ollama,12b_4b_np8,10,confianza_5090/ollama/12b_4b_np8/run_10/telemetria_gpu.csv,0,368,41.0,100,305.3,280.2,535.2,22784
confianza_5090,gtc2pc4,ollama,12b_4b_np8,09,confianza_5090/ollama/12b_4b_np8/run_09/telemetria_gpu.csv,0,369,44,100,307.1,284.3,530.8,22782
confianza_5090,gtc2pc4,ollama,12b_4b_np8,08,confianza_5090/ollama/12b_4b_np8/run_08/telemetria_gpu.csv,0,355,43,100,300.4,282.1,470.0,22784
confianza_5090,gtc2pc4,ollama,12b_4b_np8,03,confianza_5090/ollama/12b_4b_np8/run_03/telemetria_gpu.csv,0,400,44.0,100,307.8,290.3,510.8,22780
confianza_5090,gtc2pc4,ollama,12b_4b_np8,02,confianza_5090/ollama/12b_4b_np8/run_02/telemetria_gpu.csv,0,348,44.0,100,303.2,286.4,498.4,22782
confianza_5090,gtc2pc4,ollama,26b_06b_np1,04,confianza_5090/ollama/26b_06b_np1/run_04/telemetria_gpu.csv,0,516,0.0,99,172.5,147.8,464.2,21492
confianza_5090,gtc2pc4,ollama,26b_06b_np1,01,confianza_5090/ollama/26b_06b_np1/run_01/telemetria_gpu.csv,0,327,60,99,272.6,257.3,432.3,21492
confianza_5090,gtc2pc4,ollama,26b_06b_np1,05,confianza_5090/ollama/26b_06b_np1/run_05/telemetria_gpu.csv,0,278,60.0,99,267.8,259.3,409.3,21492
confianza_5090,gtc2pc4,ollama,26b_06b_np1,07,confianza_5090/ollama/26b_06b_np1/run_07/telemetria_gpu.csv,0,308,60.0,99,271.6,259.1,406.3,21492
confianza_5090,gtc2pc4,ollama,26b_06b_np1,06,confianza_5090/ollama/26b_06b_np1/run_06/telemetria_gpu.csv,0,285,60,99,273.4,260.5,408.8,21492
confianza_5090,gtc2pc4,ollama,26b_06b_np1,10,confianza_5090/ollama/26b_06b_np1/run_10/telemetria_gpu.csv,0,296,60.0,99,267.8,256.3,422.4,21492
confianza_5090,gtc2pc4,ollama,26b_06b_np1,09,confianza_5090/ollama/26b_06b_np1/run_09/telemetria_gpu.csv,0,395,56,99,232.6,191.1,470.8,21492
confianza_5090,gtc2pc4,ollama,26b_06b_np1,08,confianza_5090/ollama/26b_06b_np1/run_08/telemetria_gpu.csv,0,376,57.0,99,236.8,196.2,404.3,21492
confianza_5090,gtc2pc4,ollama,26b_06b_np1,03,confianza_5090/ollama/26b_06b_np1/run_03/telemetria_gpu.csv,0,781,0,99,26.5,112.4,408.8,21492
confianza_5090,gtc2pc4,ollama,26b_06b_np1,02,confianza_5090/ollama/26b_06b_np1/run_02/telemetria_gpu.csv,0,259,60,99,262.2,256.5,420.5,21492
confianza_5090,gtc2pc4,vllm,12b_06b,04,confianza_5090/vllm/12b_06b/run_04/telemetria_gpu.csv,0,93,87,100,409.4,435.3,575.2,28418
confianza_5090,gtc2pc4,vllm,12b_06b,01,confianza_5090/vllm/12b_06b/run_01/telemetria_gpu.csv,0,108,84.0,100,393.2,421.3,571.1,28418
confianza_5090,gtc2pc4,vllm,12b_06b,05,confianza_5090/vllm/12b_06b/run_05/telemetria_gpu.csv,0,104,90.0,100,435.2,449.7,575.1,28418
confianza_5090,gtc2pc4,vllm,12b_06b,07,confianza_5090/vllm/12b_06b/run_07/telemetria_gpu.csv,0,115,90,100,405.3,444.7,575.1,28418
confianza_5090,gtc2pc4,vllm,12b_06b,06,confianza_5090/vllm/12b_06b/run_06/telemetria_gpu.csv,0,100,92.0,100,447.6,456.0,575.9,28418
confianza_5090,gtc2pc4,vllm,12b_06b,10,confianza_5090/vllm/12b_06b/run_10/telemetria_gpu.csv,0,103,91,100,430.9,445.7,575.5,28418
confianza_5090,gtc2pc4,vllm,12b_06b,09,confianza_5090/vllm/12b_06b/run_09/telemetria_gpu.csv,0,103,86,100,428.9,450.6,575.3,28418
confianza_5090,gtc2pc4,vllm,12b_06b,08,confianza_5090/vllm/12b_06b/run_08/telemetria_gpu.csv,0,99,87,100,442.4,451.5,575.6,28418
confianza_5090,gtc2pc4,vllm,12b_06b,03,confianza_5090/vllm/12b_06b/run_03/telemetria_gpu.csv,0,105,90,100,410.5,439.5,573.9,28418
confianza_5090,gtc2pc4,vllm,12b_06b,02,confianza_5090/vllm/12b_06b/run_02/telemetria_gpu.csv,0,96,90.5,100,434.9,438.5,573.9,28418
confianza_5090,gtc2pc4,vllm,26b_4b,04,confianza_5090/vllm/26b_4b/run_04/telemetria_gpu.csv,0,66,99.0,100,423.7,419.4,552.5,29042
confianza_5090,gtc2pc4,vllm,26b_4b,01,confianza_5090/vllm/26b_4b/run_01/telemetria_gpu.csv,0,78,98.5,100,428.1,415.0,545.9,28446
confianza_5090,gtc2pc4,vllm,26b_4b,05,confianza_5090/vllm/26b_4b/run_05/telemetria_gpu.csv,0,61,98,100,436.7,429.0,554.0,29042
confianza_5090,gtc2pc4,vllm,26b_4b,07,confianza_5090/vllm/26b_4b/run_07/telemetria_gpu.csv,0,71,99,100,423.4,425.5,542.6,29042
confianza_5090,gtc2pc4,vllm,26b_4b,06,confianza_5090/vllm/26b_4b/run_06/telemetria_gpu.csv,0,70,98.0,100,417.9,422.0,551.2,29042
confianza_5090,gtc2pc4,vllm,26b_4b,10,confianza_5090/vllm/26b_4b/run_10/telemetria_gpu.csv,0,69,98,100,430.4,423.7,542.9,29042
confianza_5090,gtc2pc4,vllm,26b_4b,09,confianza_5090/vllm/26b_4b/run_09/telemetria_gpu.csv,0,66,98.0,100,422.8,428.5,543.8,29042
confianza_5090,gtc2pc4,vllm,26b_4b,08,confianza_5090/vllm/26b_4b/run_08/telemetria_gpu.csv,0,64,98.0,100,425.3,419.7,547.7,29042
confianza_5090,gtc2pc4,vllm,26b_4b,03,confianza_5090/vllm/26b_4b/run_03/telemetria_gpu.csv,0,62,98.0,100,413.7,420.3,549.5,29042
confianza_5090,gtc2pc4,vllm,26b_4b,02,confianza_5090/vllm/26b_4b/run_02/telemetria_gpu.csv,0,67,98,100,430.0,415.5,541.6,29042
confianza_5090,gtc2pc4,vllm,12b_4b,04,confianza_5090/vllm/12b_4b/run_04/telemetria_gpu.csv,0,103,89,100,449.7,449.7,576.6,26882
confianza_5090,gtc2pc4,vllm,12b_4b,01,confianza_5090/vllm/12b_4b/run_01/telemetria_gpu.csv,0,114,88.5,100,414.8,447.8,576.1,28418
confianza_5090,gtc2pc4,vllm,12b_4b,05,confianza_5090/vllm/12b_4b/run_05/telemetria_gpu.csv,0,106,90.5,100,444.5,457.4,575.6,26882
confianza_5090,gtc2pc4,vllm,12b_4b,07,confianza_5090/vllm/12b_4b/run_07/telemetria_gpu.csv,0,115,88,100,414.0,450.7,577.6,26882
confianza_5090,gtc2pc4,vllm,12b_4b,06,confianza_5090/vllm/12b_4b/run_06/telemetria_gpu.csv,0,108,92.5,100,460.6,461.5,578.2,26882
confianza_5090,gtc2pc4,vllm,12b_4b,10,confianza_5090/vllm/12b_4b/run_10/telemetria_gpu.csv,0,106,86.5,100,447.2,453.8,577.9,26882
confianza_5090,gtc2pc4,vllm,12b_4b,09,confianza_5090/vllm/12b_4b/run_09/telemetria_gpu.csv,0,109,91,100,445.8,456.5,577.8,26882
confianza_5090,gtc2pc4,vllm,12b_4b,08,confianza_5090/vllm/12b_4b/run_08/telemetria_gpu.csv,0,100,89.5,100,448.1,457.5,574.5,26882
confianza_5090,gtc2pc4,vllm,12b_4b,03,confianza_5090/vllm/12b_4b/run_03/telemetria_gpu.csv,0,110,90.0,100,423.6,450.9,578.0,26882
confianza_5090,gtc2pc4,vllm,12b_4b,02,confianza_5090/vllm/12b_4b/run_02/telemetria_gpu.csv,0,103,90,100,435.1,449.5,576.0,26882
confianza_5090,gtc2pc4,vllm,26b_06b,04,confianza_5090/vllm/26b_06b/run_04/telemetria_gpu.csv,0,60,99.0,100,397.6,403.7,548.3,28140
confianza_5090,gtc2pc4,vllm,26b_06b,01,confianza_5090/vllm/26b_06b/run_01/telemetria_gpu.csv,0,68,99.0,100,392.1,389.6,546.0,27566
confianza_5090,gtc2pc4,vllm,26b_06b,05,confianza_5090/vllm/26b_06b/run_05/telemetria_gpu.csv,0,61,99,100,409.7,413.5,547.8,28140
confianza_5090,gtc2pc4,vllm,26b_06b,07,confianza_5090/vllm/26b_06b/run_07/telemetria_gpu.csv,0,62,99.0,100,414.4,416.8,557.3,28140
confianza_5090,gtc2pc4,vllm,26b_06b,06,confianza_5090/vllm/26b_06b/run_06/telemetria_gpu.csv,0,61,99,100,425.5,409.0,557.5,28140
confianza_5090,gtc2pc4,vllm,26b_06b,10,confianza_5090/vllm/26b_06b/run_10/telemetria_gpu.csv,0,63,99,100,416.6,410.8,549.9,28140
confianza_5090,gtc2pc4,vllm,26b_06b,09,confianza_5090/vllm/26b_06b/run_09/telemetria_gpu.csv,0,62,99.0,100,423.2,418.9,553.9,28140
confianza_5090,gtc2pc4,vllm,26b_06b,08,confianza_5090/vllm/26b_06b/run_08/telemetria_gpu.csv,0,61,99,100,420.7,407.4,558.1,28140
confianza_5090,gtc2pc4,vllm,26b_06b,03,confianza_5090/vllm/26b_06b/run_03/telemetria_gpu.csv,0,60,99.0,100,400.6,387.5,548.5,28140
confianza_5090,gtc2pc4,vllm,26b_06b,02,confianza_5090/vllm/26b_06b/run_02/telemetria_gpu.csv,0,63,99,100,385.7,388.1,546.8,27826
