fichero,campana,maquina,motor,inicio,fin,duracion_s,n_gpus,energia_wh,energia_marginal_wh,pot_media_w,pot_pico_w,vram_pico_gb
eval/prueba_carga_usuarios/1_comparativa_3motores/llamacpp/telemetria/gpu_llamacpp_12b_06b_np1.csv,prueba_carga_usuarios/1_comparativa_3motores,voz05,llamacpp,2026-06-29T01:15:49.911000,2026-06-29T01:23:45.136000,475.2,2,59.318,14.654,449.2,647.4,24.3
eval/prueba_carga_usuarios/1_comparativa_3motores/llamacpp/telemetria/gpu_llamacpp_12b_06b_np4.csv,prueba_carga_usuarios/1_comparativa_3motores,voz05,llamacpp,2026-06-29T01:28:58.120000,2026-06-29T01:33:16.746000,258.6,2,35.103,14.731,488.4,654.1,26.4
eval/prueba_carga_usuarios/1_comparativa_3motores/llamacpp/telemetria/gpu_llamacpp_12b_06b_np8.csv,prueba_carga_usuarios/1_comparativa_3motores,voz05,llamacpp,2026-06-29T01:38:32.223000,2026-06-29T01:42:47.863000,255.6,2,34.229,17.698,481.9,670.9,29.3
eval/prueba_carga_usuarios/1_comparativa_3motores/llamacpp/telemetria/gpu_llamacpp_12b_4b_np1.csv,prueba_carga_usuarios/1_comparativa_3motores,voz05,llamacpp,2026-06-29T01:06:55.790000,2026-06-29T01:15:32.040000,516.2,2,64.637,17.791,450.6,628.4,18.3
eval/prueba_carga_usuarios/1_comparativa_3motores/llamacpp/telemetria/gpu_llamacpp_12b_4b_np4.csv,prueba_carga_usuarios/1_comparativa_3motores,voz05,llamacpp,2026-06-29T01:24:05.932000,2026-06-29T01:28:39.570000,273.6,2,37.201,15.485,489.3,688.4,20.4
eval/prueba_carga_usuarios/1_comparativa_3motores/llamacpp/telemetria/gpu_llamacpp_12b_4b_np8.csv,prueba_carga_usuarios/1_comparativa_3motores,voz05,llamacpp,2026-06-29T01:33:37.716000,2026-06-29T01:38:13.352000,275.6,2,37.636,17.212,491.4,688.7,29.3
eval/prueba_carga_usuarios/1_comparativa_3motores/llamacpp/telemetria/gpu_llamacpp_26b_06b_np1.csv,prueba_carga_usuarios/1_comparativa_3motores,voz05,llamacpp,2026-06-29T00:43:05.695000,2026-06-29T00:48:41.861000,336.2,2,34.362,8.489,367.9,567.7,33.0
eval/prueba_carga_usuarios/1_comparativa_3motores/llamacpp/telemetria/gpu_llamacpp_26b_06b_np4.csv,prueba_carga_usuarios/1_comparativa_3motores,voz05,llamacpp,2026-06-29T00:52:29.126000,2026-06-29T00:55:41.722000,192.6,2,21.748,7.278,406.3,659.8,34.8
eval/prueba_carga_usuarios/1_comparativa_3motores/llamacpp/telemetria/gpu_llamacpp_26b_06b_np8.csv,prueba_carga_usuarios/1_comparativa_3motores,voz05,llamacpp,2026-06-29T00:59:26.455000,2026-06-29T01:02:37.042000,190.6,2,21.67,9.397,409.1,631.6,37.2
eval/prueba_carga_usuarios/1_comparativa_3motores/llamacpp/telemetria/gpu_llamacpp_26b_4b_np1.csv,prueba_carga_usuarios/1_comparativa_3motores,voz05,llamacpp,2026-06-29T00:37:25.739000,2026-06-29T00:42:54.881000,329.1,2,34.361,7.232,375.7,570.4,27.0
eval/prueba_carga_usuarios/1_comparativa_3motores/llamacpp/telemetria/gpu_llamacpp_26b_4b_np4.csv,prueba_carga_usuarios/1_comparativa_3motores,voz05,llamacpp,2026-06-29T00:48:57.889000,2026-06-29T00:52:19.538000,201.6,2,23.034,7.691,411.1,636.3,34.8
eval/prueba_carga_usuarios/1_comparativa_3motores/llamacpp/telemetria/gpu_llamacpp_26b_4b_np8.csv,prueba_carga_usuarios/1_comparativa_3motores,voz05,llamacpp,2026-06-29T00:55:58.451000,2026-06-29T00:59:16.047000,197.6,2,22.298,8.804,406.0,624.3,37.2
eval/prueba_carga_usuarios/1_comparativa_3motores/ollama/telemetria/gpu_olla_12b_06b_np1.csv,prueba_carga_usuarios/1_comparativa_3motores,voz05,ollama,2026-06-25T18:07:25.371000,2026-06-25T18:15:40.624000,495.3,2,56.99,13.946,414.2,626.3,24.9
eval/prueba_carga_usuarios/1_comparativa_3motores/ollama/telemetria/gpu_olla_12b_06b_np4.csv,prueba_carga_usuarios/1_comparativa_3motores,voz05,ollama,2026-06-25T18:29:36.328000,2026-06-25T18:34:32.959000,296.6,2,34.638,12.53,420.3,669.9,29.1
eval/prueba_carga_usuarios/1_comparativa_3motores/ollama/telemetria/gpu_olla_12b_06b_np8.csv,prueba_carga_usuarios/1_comparativa_3motores,voz05,ollama,2026-06-25T18:48:50.074000,2026-06-25T18:54:00.721000,310.6,2,36.173,19.683,419.1,691.0,33.8
eval/prueba_carga_usuarios/1_comparativa_3motores/ollama/telemetria/gpu_olla_12b_4b_np1.csv,prueba_carga_usuarios/1_comparativa_3motores,voz05,ollama,2026-06-25T17:58:36.139000,2026-06-25T18:07:03.378000,507.2,2,58.418,14.701,414.6,627.4,43.4
eval/prueba_carga_usuarios/1_comparativa_3motores/ollama/telemetria/gpu_olla_12b_4b_np4.csv,prueba_carga_usuarios/1_comparativa_3motores,voz05,ollama,2026-06-25T18:24:07.180000,2026-06-25T18:29:15.851000,308.7,2,36.81,13.267,429.2,664.5,50.7
eval/prueba_carga_usuarios/1_comparativa_3motores/ollama/telemetria/gpu_olla_12b_4b_np8.csv,prueba_carga_usuarios/1_comparativa_3motores,voz05,ollama,2026-06-25T18:43:10.520000,2026-06-25T18:48:28.173000,317.7,2,37.618,17.37,426.2,722.5,59.0
eval/prueba_carga_usuarios/1_comparativa_3motores/ollama/telemetria/gpu_olla_26b_06b_np1.csv,prueba_carga_usuarios/1_comparativa_3motores,voz05,ollama,2026-06-25T17:52:54.802000,2026-06-25T17:58:15.478000,320.7,2,30.19,5.017,338.8,517.0,34.4
eval/prueba_carga_usuarios/1_comparativa_3motores/ollama/telemetria/gpu_olla_26b_06b_np4.csv,prueba_carga_usuarios/1_comparativa_3motores,voz05,ollama,2026-06-25T18:20:10.068000,2026-06-25T18:23:47.680000,217.6,2,20.516,6.709,339.3,539.6,37.5
eval/prueba_carga_usuarios/1_comparativa_3motores/ollama/telemetria/gpu_olla_26b_06b_np8.csv,prueba_carga_usuarios/1_comparativa_3motores,voz05,ollama,2026-06-25T18:39:09.344000,2026-06-25T18:42:50.451000,221.1,2,20.978,8.757,341.4,548.0,41.1
eval/prueba_carga_usuarios/1_comparativa_3motores/ollama/telemetria/gpu_olla_26b_4b_np1.csv,prueba_carga_usuarios/1_comparativa_3motores,voz05,ollama,2026-06-25T17:47:23.804000,2026-06-25T17:52:40.950000,317.1,2,29.581,4.948,335.7,560.0,28.4
eval/prueba_carga_usuarios/1_comparativa_3motores/ollama/telemetria/gpu_olla_26b_4b_np4.csv,prueba_carga_usuarios/1_comparativa_3motores,voz05,ollama,2026-06-25T18:16:20.059000,2026-06-25T18:19:56.161000,216.1,2,20.307,6.37,338.2,584.4,31.5
eval/prueba_carga_usuarios/1_comparativa_3motores/ollama/telemetria/gpu_olla_26b_4b_np8.csv,prueba_carga_usuarios/1_comparativa_3motores,voz05,ollama,2026-06-25T18:35:12.124000,2026-06-25T18:38:56.743000,224.6,2,21.408,8.805,343.1,626.2,41.1
eval/prueba_carga_usuarios/1_comparativa_3motores/vllm/telemetria/gpu_optA_12b_06b.csv,prueba_carga_usuarios/1_comparativa_3motores,voz05,vllm,2026-06-25T17:33:33.479000,2026-06-25T17:35:02.523000,89.0,2,9.602,4.326,387.1,709.1,102.8
eval/prueba_carga_usuarios/1_comparativa_3motores/vllm/telemetria/gpu_optA_12b_4b.csv,prueba_carga_usuarios/1_comparativa_3motores,voz05,vllm,2026-06-25T17:31:26.252000,2026-06-25T17:33:02.797000,96.5,2,10.407,5.493,387.1,759.5,102.8
eval/prueba_carga_usuarios/1_comparativa_3motores/vllm/telemetria/gpu_optA_26b_06b.csv,prueba_carga_usuarios/1_comparativa_3motores,voz05,vllm,2026-06-25T17:12:29.635000,2026-06-25T17:13:41.240000,71.6,2,7.492,3.923,375.7,634.4,102.7
eval/prueba_carga_usuarios/1_comparativa_3motores/vllm/telemetria/gpu_optA_26b_4b.csv,prueba_carga_usuarios/1_comparativa_3motores,voz05,vllm,2026-06-25T17:06:17.372000,2026-06-25T17:09:34.539000,197.2,2,14.311,4.347,261.1,667.8,102.7
eval/prueba_carga_usuarios/2_vllm_experimentos/prefixcache_AB/gpu_ab_pcOFF.csv,prueba_carga_usuarios/2_vllm_experimentos,voz05,vllm,2026-06-28T22:02:47.256000,2026-06-28T22:08:09.930000,322.7,2,49.125,14.484,547.7,850.3,102.7
eval/prueba_carga_usuarios/2_vllm_experimentos/prefixcache_AB/gpu_ab_pcON.csv,prueba_carga_usuarios/2_vllm_experimentos,voz05,vllm,2026-06-28T21:55:18.491000,2026-06-28T21:57:41.064000,142.6,2,19.385,9.207,488.9,710.0,102.7
eval/prueba_carga_usuarios/2_vllm_experimentos/saturacion_100-200u/gpu_vllm_sat_26b_06b.csv,prueba_carga_usuarios/2_vllm_experimentos,voz05,vllm,2026-06-28T21:30:02.483000,2026-06-28T21:31:36.538000,94.1,2,11.921,6.388,455.6,770.4,102.7
eval/prueba_carga_usuarios/3_historico/diagnosticos_vllm/telemetria/gpu_embnp8_26b_4b.csv,prueba_carga_usuarios/3_historico,voz05,vllm,2026-06-25T16:36:21.940000,2026-06-25T16:38:56.541000,154.6,2,19.431,11.556,451.7,748.4,102.7
eval/prueba_carga_usuarios/3_historico/ollama_retriever_viejo/telemetria/gpu_voz05_12b_06b.csv,prueba_carga_usuarios/3_historico,voz05,?,2026-06-23T17:23:26.896000,2026-06-23T17:26:38.604000,191.7,2,19.371,9.496,363.6,923.9,35.0
eval/prueba_carga_usuarios/3_historico/ollama_retriever_viejo/telemetria/gpu_voz05_12b_06b_np4.csv,prueba_carga_usuarios/3_historico,voz05,?,2026-06-24T18:36:42.831000,2026-06-24T18:41:48.456000,305.6,2,37.027,15.27,435.9,754.4,29.1
eval/prueba_carga_usuarios/3_historico/ollama_retriever_viejo/telemetria/gpu_voz05_12b_06b_np8.csv,prueba_carga_usuarios/3_historico,voz05,?,2026-06-24T18:42:42.149000,2026-06-24T18:47:57.317000,315.2,2,38.011,19.824,433.9,753.4,33.8
eval/prueba_carga_usuarios/3_historico/ollama_retriever_viejo/telemetria/gpu_voz05_12b_06b_warm.csv,prueba_carga_usuarios/3_historico,voz05,?,2026-06-24T17:05:57.862000,2026-06-24T17:14:10.097000,492.2,2,57.99,14.415,423.9,722.8,24.9
eval/prueba_carga_usuarios/3_historico/ollama_retriever_viejo/telemetria/gpu_voz05_12b_4b.csv,prueba_carga_usuarios/3_historico,voz05,?,2026-06-23T17:15:03.008000,2026-06-23T17:18:09.378000,186.4,2,20.373,10.692,393.3,916.5,24.6
eval/prueba_carga_usuarios/3_historico/ollama_retriever_viejo/telemetria/gpu_voz05_12b_4b_np4.csv,prueba_carga_usuarios/3_historico,voz05,?,2026-06-24T18:23:17.333000,2026-06-24T18:28:51.479000,334.1,2,45.031,20.208,484.9,916.7,23.1
eval/prueba_carga_usuarios/3_historico/ollama_retriever_viejo/telemetria/gpu_voz05_12b_4b_np8.csv,prueba_carga_usuarios/3_historico,voz05,?,2026-06-24T18:29:48.431000,2026-06-24T18:35:40.091000,351.7,2,47.0,26.188,481.0,900.7,27.8
eval/prueba_carga_usuarios/3_historico/ollama_retriever_viejo/telemetria/gpu_voz05_12b_4b_warm.csv,prueba_carga_usuarios/3_historico,voz05,?,2026-06-24T16:51:22.714000,2026-06-24T17:00:09.399000,526.7,2,65.855,19.687,450.0,947.4,18.9
eval/prueba_carga_usuarios/3_historico/ollama_retriever_viejo/telemetria/gpu_voz05_26b_06b.csv,prueba_carga_usuarios/3_historico,voz05,?,2026-06-23T17:06:58.205000,2026-06-23T17:09:35.973000,157.8,2,12.665,4.537,288.9,730.4,55.0
eval/prueba_carga_usuarios/3_historico/ollama_retriever_viejo/telemetria/gpu_voz05_26b_06b_np16.csv,prueba_carga_usuarios/3_historico,voz05,?,2026-06-24T17:45:09.217000,2026-06-24T17:49:48.860000,279.6,2,25.763,11.493,331.6,649.8,48.3
eval/prueba_carga_usuarios/3_historico/ollama_retriever_viejo/telemetria/gpu_voz05_26b_06b_np4.csv,prueba_carga_usuarios/3_historico,voz05,?,2026-06-24T17:28:23.543000,2026-06-24T17:32:09.142000,225.6,2,22.48,10.494,358.5,631.7,37.5
eval/prueba_carga_usuarios/3_historico/ollama_retriever_viejo/telemetria/gpu_voz05_26b_06b_np8.csv,prueba_carga_usuarios/3_historico,voz05,?,2026-06-24T17:37:24.984000,2026-06-24T17:41:14.097000,229.1,2,22.997,10.438,361.1,628.1,41.1
eval/prueba_carga_usuarios/3_historico/ollama_retriever_viejo/telemetria/gpu_voz05_26b_06b_warm.csv,prueba_carga_usuarios/3_historico,voz05,?,2026-06-24T16:31:01.071000,2026-06-24T16:36:35.237000,334.2,2,32.26,14.299,347.4,618.9,34.4
eval/prueba_carga_usuarios/3_historico/ollama_retriever_viejo/telemetria/gpu_voz05_26b_4b.csv,prueba_carga_usuarios/3_historico,voz05,?,2026-06-23T16:49:09.944000,2026-06-23T16:53:43.655000,273.7,2,18.468,8.329,242.7,792.2,34.9
eval/prueba_carga_usuarios/3_historico/ollama_retriever_viejo/telemetria/gpu_voz05_26b_4b_churn.csv,prueba_carga_usuarios/3_historico,voz05,?,2026-06-24T15:53:24.281000,2026-06-24T15:56:04.534000,160.3,2,13.983,5.683,314.0,791.5,34.4
eval/prueba_carga_usuarios/3_historico/ollama_retriever_viejo/telemetria/gpu_voz05_26b_4b_churn_hi.csv,prueba_carga_usuarios/3_historico,voz05,?,2026-06-24T16:11:08.820000,2026-06-24T16:16:11.215000,302.4,2,30.866,14.88,367.3,819.1,34.4
eval/prueba_carga_usuarios/3_historico/ollama_retriever_viejo/telemetria/gpu_voz05_26b_4b_np4.csv,prueba_carga_usuarios/3_historico,voz05,?,2026-06-24T18:13:36.038000,2026-06-24T18:17:18.651000,222.6,2,26.296,12.353,425.1,810.9,31.5
eval/prueba_carga_usuarios/3_historico/ollama_retriever_viejo/telemetria/gpu_voz05_26b_4b_np8.csv,prueba_carga_usuarios/3_historico,voz05,?,2026-06-24T18:18:19.485000,2026-06-24T18:22:18.101000,238.6,2,27.752,13.8,418.4,815.9,35.1
eval/prueba_carga_usuarios/3_historico/ollama_retriever_viejo/telemetria/gpu_voz05_26b_4b_warm.csv,prueba_carga_usuarios/3_historico,voz05,?,2026-06-24T16:42:58.733000,2026-06-24T16:48:20.390000,321.7,2,35.332,11.517,395.2,822.7,28.4
eval/prueba_carga_usuarios/confianza/llamacpp/12b_06b_np1/run_01/telemetria_gpu.csv,prueba_carga_usuarios/confianza,voz05,llamacpp,2026-07-04T20:02:06.162000,2026-07-04T20:07:39.216000,333.1,2,42.653,5.054,460.9,655.3,28.8
eval/prueba_carga_usuarios/confianza/llamacpp/12b_06b_np1/run_02/telemetria_gpu.csv,prueba_carga_usuarios/confianza,voz05,llamacpp,2026-07-04T20:07:40.043000,2026-07-04T20:12:18.090000,278.0,2,35.595,4.444,460.7,649.2,28.8
eval/prueba_carga_usuarios/confianza/llamacpp/12b_06b_np1/run_03/telemetria_gpu.csv,prueba_carga_usuarios/confianza,voz05,llamacpp,2026-07-04T20:12:18.704000,2026-07-04T20:18:13.758000,355.1,2,45.908,5.877,465.3,627.0,28.8
eval/prueba_carga_usuarios/confianza/llamacpp/12b_06b_np1/run_04/telemetria_gpu.csv,prueba_carga_usuarios/confianza,voz05,llamacpp,2026-07-04T20:18:14.513000,2026-07-04T20:23:08.562000,294.0,2,37.673,4.453,460.9,610.9,28.8
eval/prueba_carga_usuarios/confianza/llamacpp/12b_06b_np1/run_05/telemetria_gpu.csv,prueba_carga_usuarios/confianza,voz05,llamacpp,2026-07-04T20:23:09.351000,2026-07-04T20:28:17.399000,308.0,2,39.75,5.141,464.3,642.0,28.8
eval/prueba_carga_usuarios/confianza/llamacpp/12b_06b_np1/run_06/telemetria_gpu.csv,prueba_carga_usuarios/confianza,voz05,llamacpp,2026-07-04T20:28:18.781000,2026-07-04T20:33:09.837000,291.1,2,37.62,5.002,465.1,636.0,28.8
eval/prueba_carga_usuarios/confianza/llamacpp/12b_06b_np1/run_07/telemetria_gpu.csv,prueba_carga_usuarios/confianza,voz05,llamacpp,2026-07-04T20:33:11.041000,2026-07-04T20:38:29.098000,318.1,2,40.966,5.361,463.5,630.7,28.8
eval/prueba_carga_usuarios/confianza/llamacpp/12b_06b_np1/run_08/telemetria_gpu.csv,prueba_carga_usuarios/confianza,voz05,llamacpp,2026-07-04T20:38:29.721000,2026-07-04T20:43:17.766000,288.0,2,37.012,4.708,462.3,615.0,28.8
eval/prueba_carga_usuarios/confianza/llamacpp/12b_06b_np1/run_09/telemetria_gpu.csv,prueba_carga_usuarios/confianza,voz05,llamacpp,2026-07-04T20:43:18.859000,2026-07-04T20:48:19.912000,301.1,2,38.931,5.087,465.2,636.5,28.8
eval/prueba_carga_usuarios/confianza/llamacpp/12b_06b_np1/run_10/telemetria_gpu.csv,prueba_carga_usuarios/confianza,voz05,llamacpp,2026-07-04T20:48:20.896000,2026-07-04T20:53:16.943000,296.0,2,37.783,4.561,459.2,603.5,28.8
eval/prueba_carga_usuarios/confianza/llamacpp/12b_06b_np4/run_01/telemetria_gpu.csv,prueba_carga_usuarios/confianza,voz05,llamacpp,2026-07-04T19:03:22.759000,2026-07-04T19:06:31.797000,189.0,2,26.335,5.926,501.0,637.8,44.6
eval/prueba_carga_usuarios/confianza/llamacpp/12b_06b_np4/run_02/telemetria_gpu.csv,prueba_carga_usuarios/confianza,voz05,llamacpp,2026-07-04T19:06:32.588000,2026-07-04T19:09:02.617000,150.0,2,20.929,6.354,501.5,652.8,44.6
eval/prueba_carga_usuarios/confianza/llamacpp/12b_06b_np4/run_03/telemetria_gpu.csv,prueba_carga_usuarios/confianza,voz05,llamacpp,2026-07-04T19:09:03.753000,2026-07-04T19:12:12.792000,189.0,2,26.554,3.89,505.1,641.0,44.6
eval/prueba_carga_usuarios/confianza/llamacpp/12b_06b_np4/run_04/telemetria_gpu.csv,prueba_carga_usuarios/confianza,voz05,llamacpp,2026-07-04T19:12:14.124000,2026-07-04T19:15:01.160000,167.0,2,23.167,6.081,498.6,631.2,44.6
eval/prueba_carga_usuarios/confianza/llamacpp/12b_06b_np4/run_05/telemetria_gpu.csv,prueba_carga_usuarios/confianza,voz05,llamacpp,2026-07-04T19:15:02.176000,2026-07-04T19:17:50.211000,168.0,2,23.347,5.98,499.5,642.9,44.6
eval/prueba_carga_usuarios/confianza/llamacpp/12b_06b_np4/run_06/telemetria_gpu.csv,prueba_carga_usuarios/confianza,voz05,llamacpp,2026-07-04T19:17:51.042000,2026-07-04T19:20:36.072000,165.0,2,22.934,5.091,499.7,648.8,44.6
eval/prueba_carga_usuarios/confianza/llamacpp/12b_06b_np4/run_07/telemetria_gpu.csv,prueba_carga_usuarios/confianza,voz05,llamacpp,2026-07-04T19:20:36.808000,2026-07-04T19:23:36.842000,180.0,2,25.223,5.717,503.8,642.5,44.6
eval/prueba_carga_usuarios/confianza/llamacpp/12b_06b_np4/run_08/telemetria_gpu.csv,prueba_carga_usuarios/confianza,voz05,llamacpp,2026-07-04T19:23:37.954000,2026-07-04T19:26:12.988000,155.0,2,21.635,6.257,501.6,638.7,44.6
eval/prueba_carga_usuarios/confianza/llamacpp/12b_06b_np4/run_09/telemetria_gpu.csv,prueba_carga_usuarios/confianza,voz05,llamacpp,2026-07-04T19:26:13.674000,2026-07-04T19:29:02.705000,169.0,2,23.607,6.747,502.2,651.2,44.6
eval/prueba_carga_usuarios/confianza/llamacpp/12b_06b_np4/run_10/telemetria_gpu.csv,prueba_carga_usuarios/confianza,voz05,llamacpp,2026-07-04T19:29:03.982000,2026-07-04T19:31:51.018000,167.0,2,23.196,5.271,499.4,619.2,44.6
eval/prueba_carga_usuarios/confianza/llamacpp/12b_06b_np8/run_01/telemetria_gpu.csv,prueba_carga_usuarios/confianza,voz05,llamacpp,2026-07-04T18:03:41.512000,2026-07-04T18:06:39.553000,178.0,2,24.338,6.378,491.5,643.3,65.6
eval/prueba_carga_usuarios/confianza/llamacpp/12b_06b_np8/run_02/telemetria_gpu.csv,prueba_carga_usuarios/confianza,voz05,llamacpp,2026-07-04T18:06:39.957000,2026-07-04T18:09:18.986000,159.0,2,21.66,6.937,489.8,679.4,65.6
eval/prueba_carga_usuarios/confianza/llamacpp/12b_06b_np8/run_03/telemetria_gpu.csv,prueba_carga_usuarios/confianza,voz05,llamacpp,2026-07-04T18:09:20.121000,2026-07-04T18:12:47.162000,207.0,2,28.621,10.893,497.2,664.5,65.6
eval/prueba_carga_usuarios/confianza/llamacpp/12b_06b_np8/run_04/telemetria_gpu.csv,prueba_carga_usuarios/confianza,voz05,llamacpp,2026-07-04T18:12:48.250000,2026-07-04T18:15:36.288000,168.0,2,22.817,8.783,488.1,668.2,65.6
eval/prueba_carga_usuarios/confianza/llamacpp/12b_06b_np8/run_05/telemetria_gpu.csv,prueba_carga_usuarios/confianza,voz05,llamacpp,2026-07-04T18:15:36.695000,2026-07-04T18:18:35.728000,179.0,2,24.526,9.424,492.5,648.7,65.6
eval/prueba_carga_usuarios/confianza/llamacpp/12b_06b_np8/run_06/telemetria_gpu.csv,prueba_carga_usuarios/confianza,voz05,llamacpp,2026-07-04T18:18:36.193000,2026-07-04T18:21:19.225000,163.0,2,22.448,8.127,495.1,685.4,65.6
eval/prueba_carga_usuarios/confianza/llamacpp/12b_06b_np8/run_07/telemetria_gpu.csv,prueba_carga_usuarios/confianza,voz05,llamacpp,2026-07-04T18:21:20.111000,2026-07-04T18:24:17.146000,177.0,2,24.497,9.774,497.4,686.4,65.6
eval/prueba_carga_usuarios/confianza/llamacpp/12b_06b_np8/run_08/telemetria_gpu.csv,prueba_carga_usuarios/confianza,voz05,llamacpp,2026-07-04T18:24:17.727000,2026-07-04T18:27:09.760000,172.0,2,23.586,7.812,493.0,683.2,65.6
eval/prueba_carga_usuarios/confianza/llamacpp/12b_06b_np8/run_09/telemetria_gpu.csv,prueba_carga_usuarios/confianza,voz05,llamacpp,2026-07-04T18:27:10.582000,2026-07-04T18:30:04.617000,174.0,2,23.856,7.919,493.1,686.6,65.6
eval/prueba_carga_usuarios/confianza/llamacpp/12b_06b_np8/run_10/telemetria_gpu.csv,prueba_carga_usuarios/confianza,voz05,llamacpp,2026-07-04T18:30:05.303000,2026-07-04T18:32:56.337000,171.0,2,23.427,8.023,492.7,665.8,65.6
eval/prueba_carga_usuarios/confianza/llamacpp/12b_4b_np1/run_01/telemetria_gpu.csv,prueba_carga_usuarios/confianza,voz05,llamacpp,2026-07-04T20:53:19.224000,2026-07-04T20:59:23.290000,364.1,2,47.515,6.38,469.7,773.2,28.8
eval/prueba_carga_usuarios/confianza/llamacpp/12b_4b_np1/run_02/telemetria_gpu.csv,prueba_carga_usuarios/confianza,voz05,llamacpp,2026-07-04T20:59:24.618000,2026-07-04T21:04:09.665000,285.0,2,37.075,5.163,468.0,792.4,22.8
eval/prueba_carga_usuarios/confianza/llamacpp/12b_4b_np1/run_03/telemetria_gpu.csv,prueba_carga_usuarios/confianza,voz05,llamacpp,2026-07-04T21:04:10.847000,2026-07-04T21:10:13.903000,363.1,2,47.363,6.543,469.4,719.4,22.8
eval/prueba_carga_usuarios/confianza/llamacpp/12b_4b_np1/run_04/telemetria_gpu.csv,prueba_carga_usuarios/confianza,voz05,llamacpp,2026-07-04T21:10:14.634000,2026-07-04T21:15:13.679000,299.0,2,38.48,5.061,462.9,737.7,22.8
eval/prueba_carga_usuarios/confianza/llamacpp/12b_4b_np1/run_05/telemetria_gpu.csv,prueba_carga_usuarios/confianza,voz05,llamacpp,2026-07-04T21:15:14.095000,2026-07-04T21:20:29.149000,315.1,2,41.185,5.947,470.4,743.1,22.8
eval/prueba_carga_usuarios/confianza/llamacpp/12b_4b_np1/run_06/telemetria_gpu.csv,prueba_carga_usuarios/confianza,voz05,llamacpp,2026-07-04T21:20:29.670000,2026-07-04T21:25:29.713000,300.0,2,39.149,5.479,469.4,709.4,22.8
eval/prueba_carga_usuarios/confianza/llamacpp/12b_4b_np1/run_07/telemetria_gpu.csv,prueba_carga_usuarios/confianza,voz05,llamacpp,2026-07-04T21:25:30.331000,2026-07-04T21:30:49.384000,319.1,2,41.211,5.498,464.7,697.5,22.8
eval/prueba_carga_usuarios/confianza/llamacpp/12b_4b_np1/run_08/telemetria_gpu.csv,prueba_carga_usuarios/confianza,voz05,llamacpp,2026-07-04T21:30:50.520000,2026-07-04T21:35:26.567000,276.0,2,35.724,4.958,465.7,731.7,22.8
eval/prueba_carga_usuarios/confianza/llamacpp/12b_4b_np1/run_09/telemetria_gpu.csv,prueba_carga_usuarios/confianza,voz05,llamacpp,2026-07-04T21:35:27.724000,2026-07-04T21:40:21.776000,294.1,2,38.2,5.643,467.3,726.1,22.8
eval/prueba_carga_usuarios/confianza/llamacpp/12b_4b_np1/run_10/telemetria_gpu.csv,prueba_carga_usuarios/confianza,voz05,llamacpp,2026-07-04T21:40:22.238000,2026-07-04T21:45:17.285000,295.0,2,37.841,4.714,461.5,736.6,22.8
eval/prueba_carga_usuarios/confianza/llamacpp/12b_4b_np4/run_01/telemetria_gpu.csv,prueba_carga_usuarios/confianza,voz05,llamacpp,2026-07-04T19:31:55.971000,2026-07-04T19:35:27.016000,211.0,2,30.124,6.167,513.4,800.2,44.6
eval/prueba_carga_usuarios/confianza/llamacpp/12b_4b_np4/run_02/telemetria_gpu.csv,prueba_carga_usuarios/confianza,voz05,llamacpp,2026-07-04T19:35:28.258000,2026-07-04T19:38:12.290000,164.0,2,23.379,6.258,512.3,774.7,38.6
eval/prueba_carga_usuarios/confianza/llamacpp/12b_4b_np4/run_03/telemetria_gpu.csv,prueba_carga_usuarios/confianza,voz05,llamacpp,2026-07-04T19:38:12.815000,2026-07-04T19:41:39.853000,207.0,2,29.618,5.685,514.5,779.9,38.6
eval/prueba_carga_usuarios/confianza/llamacpp/12b_4b_np4/run_04/telemetria_gpu.csv,prueba_carga_usuarios/confianza,voz05,llamacpp,2026-07-04T19:41:40.418000,2026-07-04T19:44:26.447000,166.0,2,23.601,5.354,510.9,752.8,38.6
eval/prueba_carga_usuarios/confianza/llamacpp/12b_4b_np4/run_05/telemetria_gpu.csv,prueba_carga_usuarios/confianza,voz05,llamacpp,2026-07-04T19:44:27.152000,2026-07-04T19:47:25.183000,178.0,2,24.992,7.301,504.8,842.0,38.6
eval/prueba_carga_usuarios/confianza/llamacpp/12b_4b_np4/run_06/telemetria_gpu.csv,prueba_carga_usuarios/confianza,voz05,llamacpp,2026-07-04T19:47:25.790000,2026-07-04T19:50:26.822000,181.0,2,25.715,5.402,510.8,774.7,38.6
eval/prueba_carga_usuarios/confianza/llamacpp/12b_4b_np4/run_07/telemetria_gpu.csv,prueba_carga_usuarios/confianza,voz05,llamacpp,2026-07-04T19:50:27.726000,2026-07-04T19:53:27.759000,180.0,2,25.421,5.642,507.7,739.1,38.6
eval/prueba_carga_usuarios/confianza/llamacpp/12b_4b_np4/run_08/telemetria_gpu.csv,prueba_carga_usuarios/confianza,voz05,llamacpp,2026-07-04T19:53:28.418000,2026-07-04T19:56:11.450000,163.0,2,23.081,6.98,508.9,805.1,38.6
eval/prueba_carga_usuarios/confianza/llamacpp/12b_4b_np4/run_09/telemetria_gpu.csv,prueba_carga_usuarios/confianza,voz05,llamacpp,2026-07-04T19:56:12.299000,2026-07-04T19:59:03.330000,171.0,2,24.205,6.975,508.8,796.8,38.6
eval/prueba_carga_usuarios/confianza/llamacpp/12b_4b_np4/run_10/telemetria_gpu.csv,prueba_carga_usuarios/confianza,voz05,llamacpp,2026-07-04T19:59:04.362000,2026-07-04T20:01:51.395000,167.0,2,23.511,5.989,506.0,749.2,38.6
eval/prueba_carga_usuarios/confianza/llamacpp/12b_4b_np8/run_01/telemetria_gpu.csv,prueba_carga_usuarios/confianza,voz05,llamacpp,2026-07-04T18:33:02.312000,2026-07-04T18:36:22.356000,200.0,2,28.229,8.833,507.5,794.7,65.6
eval/prueba_carga_usuarios/confianza/llamacpp/12b_4b_np8/run_02/telemetria_gpu.csv,prueba_carga_usuarios/confianza,voz05,llamacpp,2026-07-04T18:36:23.333000,2026-07-04T18:38:58.365000,155.0,2,21.699,7.985,503.5,907.3,59.6
eval/prueba_carga_usuarios/confianza/llamacpp/12b_4b_np8/run_03/telemetria_gpu.csv,prueba_carga_usuarios/confianza,voz05,llamacpp,2026-07-04T18:38:59.021000,2026-07-04T18:42:27.061000,208.0,2,29.36,9.191,507.6,812.2,59.6
eval/prueba_carga_usuarios/confianza/llamacpp/12b_4b_np8/run_04/telemetria_gpu.csv,prueba_carga_usuarios/confianza,voz05,llamacpp,2026-07-04T18:42:27.850000,2026-07-04T18:45:13.881000,166.0,2,23.03,8.099,498.7,841.6,59.6
eval/prueba_carga_usuarios/confianza/llamacpp/12b_4b_np8/run_05/telemetria_gpu.csv,prueba_carga_usuarios/confianza,voz05,llamacpp,2026-07-04T18:45:15.061000,2026-07-04T18:48:24.103000,189.0,2,26.516,8.874,504.4,816.3,59.6
eval/prueba_carga_usuarios/confianza/llamacpp/12b_4b_np8/run_06/telemetria_gpu.csv,prueba_carga_usuarios/confianza,voz05,llamacpp,2026-07-04T18:48:25.199000,2026-07-04T18:51:29.239000,184.0,2,25.783,7.053,503.7,805.3,59.6
eval/prueba_carga_usuarios/confianza/llamacpp/12b_4b_np8/run_07/telemetria_gpu.csv,prueba_carga_usuarios/confianza,voz05,llamacpp,2026-07-04T18:51:29.730000,2026-07-04T18:54:28.762000,179.0,2,25.129,8.679,504.8,795.6,59.6
eval/prueba_carga_usuarios/confianza/llamacpp/12b_4b_np8/run_08/telemetria_gpu.csv,prueba_carga_usuarios/confianza,voz05,llamacpp,2026-07-04T18:54:29.723000,2026-07-04T18:57:11.755000,162.0,2,22.657,8.524,502.7,787.5,59.6
eval/prueba_carga_usuarios/confianza/llamacpp/12b_4b_np8/run_09/telemetria_gpu.csv,prueba_carga_usuarios/confianza,voz05,llamacpp,2026-07-04T18:57:12.853000,2026-07-04T19:00:17.892000,185.0,2,26.016,8.248,505.5,823.1,59.6
eval/prueba_carga_usuarios/confianza/llamacpp/12b_4b_np8/run_10/telemetria_gpu.csv,prueba_carga_usuarios/confianza,voz05,llamacpp,2026-07-04T19:00:19.193000,2026-07-04T19:03:09.231000,170.0,2,23.727,5.9,501.6,788.3,59.6
eval/prueba_carga_usuarios/confianza/llamacpp/26b_06b_np1/run_01/telemetria_gpu.csv,prueba_carga_usuarios/confianza,voz05,llamacpp,2026-07-04T17:07:35.110000,2026-07-04T17:10:54.150000,199.0,2,21.374,2.287,386.3,584.3,35.8
eval/prueba_carga_usuarios/confianza/llamacpp/26b_06b_np1/run_02/telemetria_gpu.csv,prueba_carga_usuarios/confianza,voz05,llamacpp,2026-07-04T17:10:54.994000,2026-07-04T17:13:25.024000,150.0,2,16.058,2.26,385.2,533.2,35.8
eval/prueba_carga_usuarios/confianza/llamacpp/26b_06b_np1/run_03/telemetria_gpu.csv,prueba_carga_usuarios/confianza,voz05,llamacpp,2026-07-04T17:13:25.811000,2026-07-04T17:16:18.844000,173.0,2,18.99,2.441,394.7,591.5,35.8
eval/prueba_carga_usuarios/confianza/llamacpp/26b_06b_np1/run_04/telemetria_gpu.csv,prueba_carga_usuarios/confianza,voz05,llamacpp,2026-07-04T17:16:20.019000,2026-07-04T17:18:57.057000,157.0,2,16.883,2.128,386.8,565.0,35.8
eval/prueba_carga_usuarios/confianza/llamacpp/26b_06b_np1/run_05/telemetria_gpu.csv,prueba_carga_usuarios/confianza,voz05,llamacpp,2026-07-04T17:18:57.842000,2026-07-04T17:21:40.876000,163.0,2,17.68,2.678,390.4,568.9,35.8
eval/prueba_carga_usuarios/confianza/llamacpp/26b_06b_np1/run_06/telemetria_gpu.csv,prueba_carga_usuarios/confianza,voz05,llamacpp,2026-07-04T17:21:41.882000,2026-07-04T17:24:26.920000,165.0,2,18.036,2.934,393.1,626.6,35.8
eval/prueba_carga_usuarios/confianza/llamacpp/26b_06b_np1/run_07/telemetria_gpu.csv,prueba_carga_usuarios/confianza,voz05,llamacpp,2026-07-04T17:24:27.573000,2026-07-04T17:27:18.607000,171.0,2,18.616,3.131,391.5,608.9,35.8
eval/prueba_carga_usuarios/confianza/llamacpp/26b_06b_np1/run_08/telemetria_gpu.csv,prueba_carga_usuarios/confianza,voz05,llamacpp,2026-07-04T17:27:19.251000,2026-07-04T17:29:53.283000,154.0,2,16.523,2.794,386.0,559.3,35.8
eval/prueba_carga_usuarios/confianza/llamacpp/26b_06b_np1/run_09/telemetria_gpu.csv,prueba_carga_usuarios/confianza,voz05,llamacpp,2026-07-04T17:29:53.906000,2026-07-04T17:32:28.937000,155.0,2,16.733,2.321,388.2,566.3,35.8
eval/prueba_carga_usuarios/confianza/llamacpp/26b_06b_np1/run_10/telemetria_gpu.csv,prueba_carga_usuarios/confianza,voz05,llamacpp,2026-07-04T17:32:29.991000,2026-07-04T17:35:24.029000,174.0,2,18.727,2.776,387.0,529.5,35.8
eval/prueba_carga_usuarios/confianza/llamacpp/26b_06b_np4/run_01/telemetria_gpu.csv,prueba_carga_usuarios/confianza,voz05,llamacpp,2026-07-04T16:30:48.042000,2026-07-04T16:32:44.070000,116.0,2,13.471,4.298,417.6,561.3,46.1
eval/prueba_carga_usuarios/confianza/llamacpp/26b_06b_np4/run_02/telemetria_gpu.csv,prueba_carga_usuarios/confianza,voz05,llamacpp,2026-07-04T16:32:45.033000,2026-07-04T16:34:21.053000,96.0,2,11.018,3.519,412.1,580.7,46.1
eval/prueba_carga_usuarios/confianza/llamacpp/26b_06b_np4/run_03/telemetria_gpu.csv,prueba_carga_usuarios/confianza,voz05,llamacpp,2026-07-04T16:34:21.797000,2026-07-04T16:36:16.821000,115.0,2,13.597,4.261,424.9,617.5,46.1
eval/prueba_carga_usuarios/confianza/llamacpp/26b_06b_np4/run_04/telemetria_gpu.csv,prueba_carga_usuarios/confianza,voz05,llamacpp,2026-07-04T16:36:17.537000,2026-07-04T16:38:02.560000,105.0,2,12.079,2.95,413.4,574.9,46.1
eval/prueba_carga_usuarios/confianza/llamacpp/26b_06b_np4/run_05/telemetria_gpu.csv,prueba_carga_usuarios/confianza,voz05,llamacpp,2026-07-04T16:38:03.464000,2026-07-04T16:39:56.488000,113.0,2,13.262,4.639,421.6,605.7,46.1
eval/prueba_carga_usuarios/confianza/llamacpp/26b_06b_np4/run_06/telemetria_gpu.csv,prueba_carga_usuarios/confianza,voz05,llamacpp,2026-07-04T16:39:57.287000,2026-07-04T16:41:51.312000,114.0,2,13.39,4.912,422.0,618.1,46.1
eval/prueba_carga_usuarios/confianza/llamacpp/26b_06b_np4/run_07/telemetria_gpu.csv,prueba_carga_usuarios/confianza,voz05,llamacpp,2026-07-04T16:41:52.430000,2026-07-04T16:43:44.458000,112.0,2,13.075,3.583,419.4,572.8,46.1
eval/prueba_carga_usuarios/confianza/llamacpp/26b_06b_np4/run_08/telemetria_gpu.csv,prueba_carga_usuarios/confianza,voz05,llamacpp,2026-07-04T16:43:45.165000,2026-07-04T16:45:30.188000,105.0,2,12.239,3.776,418.7,576.0,46.1
eval/prueba_carga_usuarios/confianza/llamacpp/26b_06b_np4/run_09/telemetria_gpu.csv,prueba_carga_usuarios/confianza,voz05,llamacpp,2026-07-04T16:45:30.778000,2026-07-04T16:47:14.802000,104.0,2,12.206,4.373,421.6,615.9,46.1
eval/prueba_carga_usuarios/confianza/llamacpp/26b_06b_np4/run_10/telemetria_gpu.csv,prueba_carga_usuarios/confianza,voz05,llamacpp,2026-07-04T16:47:16.169000,2026-07-04T16:49:03.197000,107.0,2,12.399,4.055,416.4,609.2,46.1
eval/prueba_carga_usuarios/confianza/llamacpp/26b_06b_np8/run_01/telemetria_gpu.csv,prueba_carga_usuarios/confianza,voz05,llamacpp,2026-07-04T15:54:52.849000,2026-07-04T15:56:49.883000,117.0,2,13.508,4.751,414.7,587.4,59.9
eval/prueba_carga_usuarios/confianza/llamacpp/26b_06b_np8/run_02/telemetria_gpu.csv,prueba_carga_usuarios/confianza,voz05,llamacpp,2026-07-04T15:56:50.607000,2026-07-04T15:58:21.628000,91.0,2,10.262,3.586,405.5,572.8,59.9
eval/prueba_carga_usuarios/confianza/llamacpp/26b_06b_np8/run_03/telemetria_gpu.csv,prueba_carga_usuarios/confianza,voz05,llamacpp,2026-07-04T15:58:22.535000,2026-07-04T16:00:12.557000,110.0,2,12.93,4.64,422.5,611.8,59.9
eval/prueba_carga_usuarios/confianza/llamacpp/26b_06b_np8/run_04/telemetria_gpu.csv,prueba_carga_usuarios/confianza,voz05,llamacpp,2026-07-04T16:00:13.256000,2026-07-04T16:01:54.280000,101.0,2,11.56,3.668,411.2,572.5,59.9
eval/prueba_carga_usuarios/confianza/llamacpp/26b_06b_np8/run_05/telemetria_gpu.csv,prueba_carga_usuarios/confianza,voz05,llamacpp,2026-07-04T16:01:55.271000,2026-07-04T16:03:39.294000,104.0,2,12.019,4.46,415.2,611.8,59.9
eval/prueba_carga_usuarios/confianza/llamacpp/26b_06b_np8/run_06/telemetria_gpu.csv,prueba_carga_usuarios/confianza,voz05,llamacpp,2026-07-04T16:03:39.883000,2026-07-04T16:05:27.906000,108.0,2,12.792,5.217,425.5,635.2,59.9
eval/prueba_carga_usuarios/confianza/llamacpp/26b_06b_np8/run_07/telemetria_gpu.csv,prueba_carga_usuarios/confianza,voz05,llamacpp,2026-07-04T16:05:28.985000,2026-07-04T16:07:17.012000,108.0,2,12.561,4.462,417.8,632.4,59.9
eval/prueba_carga_usuarios/confianza/llamacpp/26b_06b_np8/run_08/telemetria_gpu.csv,prueba_carga_usuarios/confianza,voz05,llamacpp,2026-07-04T16:07:17.596000,2026-07-04T16:09:00.618000,103.0,2,11.823,4.363,412.7,594.0,59.9
eval/prueba_carga_usuarios/confianza/llamacpp/26b_06b_np8/run_09/telemetria_gpu.csv,prueba_carga_usuarios/confianza,voz05,llamacpp,2026-07-04T16:09:01.302000,2026-07-04T16:10:46.329000,105.0,2,12.189,4.123,417.4,617.6,59.9
eval/prueba_carga_usuarios/confianza/llamacpp/26b_06b_np8/run_10/telemetria_gpu.csv,prueba_carga_usuarios/confianza,voz05,llamacpp,2026-07-04T16:10:47.003000,2026-07-04T16:12:33.026000,106.0,2,12.2,4.626,413.6,612.6,59.9
eval/prueba_carga_usuarios/confianza/llamacpp/26b_4b_np1/run_01/telemetria_gpu.csv,prueba_carga_usuarios/confianza,voz05,llamacpp,2026-07-04T17:35:29.560000,2026-07-04T17:38:47.601000,198.0,2,21.75,2.945,395.1,662.1,35.8
eval/prueba_carga_usuarios/confianza/llamacpp/26b_4b_np1/run_02/telemetria_gpu.csv,prueba_carga_usuarios/confianza,voz05,llamacpp,2026-07-04T17:38:48.949000,2026-07-04T17:41:18.984000,150.0,2,16.796,3.13,402.5,731.7,29.8
eval/prueba_carga_usuarios/confianza/llamacpp/26b_4b_np1/run_03/telemetria_gpu.csv,prueba_carga_usuarios/confianza,voz05,llamacpp,2026-07-04T17:41:20.219000,2026-07-04T17:44:10.258000,170.0,2,18.54,2.471,392.3,638.0,29.8
eval/prueba_carga_usuarios/confianza/llamacpp/26b_4b_np1/run_04/telemetria_gpu.csv,prueba_carga_usuarios/confianza,voz05,llamacpp,2026-07-04T17:44:11.352000,2026-07-04T17:46:51.388000,160.0,2,17.763,2.861,399.3,703.8,29.8
eval/prueba_carga_usuarios/confianza/llamacpp/26b_4b_np1/run_05/telemetria_gpu.csv,prueba_carga_usuarios/confianza,voz05,llamacpp,2026-07-04T17:46:52.797000,2026-07-04T17:49:39.834000,167.0,2,18.2,2.712,392.1,684.5,29.8
eval/prueba_carga_usuarios/confianza/llamacpp/26b_4b_np1/run_06/telemetria_gpu.csv,prueba_carga_usuarios/confianza,voz05,llamacpp,2026-07-04T17:49:41.131000,2026-07-04T17:52:24.168000,163.0,2,18.015,3.313,397.4,662.3,29.8
eval/prueba_carga_usuarios/confianza/llamacpp/26b_4b_np1/run_07/telemetria_gpu.csv,prueba_carga_usuarios/confianza,voz05,llamacpp,2026-07-04T17:52:25.220000,2026-07-04T17:55:09.258000,164.0,2,18.041,2.598,395.6,662.5,29.8
eval/prueba_carga_usuarios/confianza/llamacpp/26b_4b_np1/run_08/telemetria_gpu.csv,prueba_carga_usuarios/confianza,voz05,llamacpp,2026-07-04T17:55:10.142000,2026-07-04T17:57:46.174000,156.0,2,17.126,3.116,394.8,673.4,29.8
eval/prueba_carga_usuarios/confianza/llamacpp/26b_4b_np1/run_09/telemetria_gpu.csv,prueba_carga_usuarios/confianza,voz05,llamacpp,2026-07-04T17:57:46.619000,2026-07-04T18:00:33.652000,167.0,2,18.526,2.855,398.9,683.4,29.8
eval/prueba_carga_usuarios/confianza/llamacpp/26b_4b_np1/run_10/telemetria_gpu.csv,prueba_carga_usuarios/confianza,voz05,llamacpp,2026-07-04T18:00:34.231000,2026-07-04T18:03:28.266000,174.0,2,19.181,3.448,396.3,651.6,29.8
eval/prueba_carga_usuarios/confianza/llamacpp/26b_4b_np4/run_01/telemetria_gpu.csv,prueba_carga_usuarios/confianza,voz05,llamacpp,2026-07-04T16:49:08.499000,2026-07-04T16:51:12.530000,124.0,2,14.994,3.973,434.7,832.1,46.1
eval/prueba_carga_usuarios/confianza/llamacpp/26b_4b_np4/run_02/telemetria_gpu.csv,prueba_carga_usuarios/confianza,voz05,llamacpp,2026-07-04T16:51:13.340000,2026-07-04T16:52:51.362000,98.0,2,11.857,4.107,434.5,797.2,40.1
eval/prueba_carga_usuarios/confianza/llamacpp/26b_4b_np4/run_03/telemetria_gpu.csv,prueba_carga_usuarios/confianza,voz05,llamacpp,2026-07-04T16:52:52.443000,2026-07-04T16:54:41.470000,109.0,2,12.97,3.547,427.5,692.3,40.1
eval/prueba_carga_usuarios/confianza/llamacpp/26b_4b_np4/run_04/telemetria_gpu.csv,prueba_carga_usuarios/confianza,voz05,llamacpp,2026-07-04T16:54:42.339000,2026-07-04T16:56:29.363000,107.0,2,12.895,5.144,432.8,707.7,40.1
eval/prueba_carga_usuarios/confianza/llamacpp/26b_4b_np4/run_05/telemetria_gpu.csv,prueba_carga_usuarios/confianza,voz05,llamacpp,2026-07-04T16:56:30.108000,2026-07-04T16:58:24.132000,114.0,2,13.705,4.764,432.2,746.8,40.1
eval/prueba_carga_usuarios/confianza/llamacpp/26b_4b_np4/run_06/telemetria_gpu.csv,prueba_carga_usuarios/confianza,voz05,llamacpp,2026-07-04T16:58:24.835000,2026-07-04T17:00:09.857000,105.0,2,12.676,4.166,433.5,775.9,40.1
eval/prueba_carga_usuarios/confianza/llamacpp/26b_4b_np4/run_07/telemetria_gpu.csv,prueba_carga_usuarios/confianza,voz05,llamacpp,2026-07-04T17:00:10.329000,2026-07-04T17:01:59.353000,109.0,2,13.051,4.755,430.3,677.0,40.1
eval/prueba_carga_usuarios/confianza/llamacpp/26b_4b_np4/run_08/telemetria_gpu.csv,prueba_carga_usuarios/confianza,voz05,llamacpp,2026-07-04T17:02:00.387000,2026-07-04T17:03:42.413000,102.0,2,12.148,4.21,427.9,697.0,40.1
eval/prueba_carga_usuarios/confianza/llamacpp/26b_4b_np4/run_09/telemetria_gpu.csv,prueba_carga_usuarios/confianza,voz05,llamacpp,2026-07-04T17:03:43.614000,2026-07-04T17:05:33.640000,110.0,2,13.177,4.027,430.1,723.7,40.1
eval/prueba_carga_usuarios/confianza/llamacpp/26b_4b_np4/run_10/telemetria_gpu.csv,prueba_carga_usuarios/confianza,voz05,llamacpp,2026-07-04T17:05:34.510000,2026-07-04T17:07:21.534000,107.0,2,12.627,4.787,423.7,755.5,40.1
eval/prueba_carga_usuarios/confianza/llamacpp/26b_4b_np8/run_01/telemetria_gpu.csv,prueba_carga_usuarios/confianza,voz05,llamacpp,2026-07-04T16:12:38.837000,2026-07-04T16:14:35.869000,117.0,2,14.125,4.553,433.7,738.1,59.9
eval/prueba_carga_usuarios/confianza/llamacpp/26b_4b_np8/run_02/telemetria_gpu.csv,prueba_carga_usuarios/confianza,voz05,llamacpp,2026-07-04T16:14:37.277000,2026-07-04T16:16:06.301000,89.0,2,10.819,4.429,436.1,780.1,53.9
eval/prueba_carga_usuarios/confianza/llamacpp/26b_4b_np8/run_03/telemetria_gpu.csv,prueba_carga_usuarios/confianza,voz05,llamacpp,2026-07-04T16:16:07.118000,2026-07-04T16:17:55.142000,108.0,2,12.7,5.009,422.7,700.8,53.9
eval/prueba_carga_usuarios/confianza/llamacpp/26b_4b_np8/run_04/telemetria_gpu.csv,prueba_carga_usuarios/confianza,voz05,llamacpp,2026-07-04T16:17:56.126000,2026-07-04T16:19:38.149000,102.0,2,12.272,4.974,431.9,778.6,53.9
eval/prueba_carga_usuarios/confianza/llamacpp/26b_4b_np8/run_05/telemetria_gpu.csv,prueba_carga_usuarios/confianza,voz05,llamacpp,2026-07-04T16:19:38.555000,2026-07-04T16:21:30.578000,112.0,2,13.163,5.093,422.3,677.6,53.9
eval/prueba_carga_usuarios/confianza/llamacpp/26b_4b_np8/run_06/telemetria_gpu.csv,prueba_carga_usuarios/confianza,voz05,llamacpp,2026-07-04T16:21:31.538000,2026-07-04T16:23:23.563000,112.0,2,13.585,5.815,435.7,731.4,53.9
eval/prueba_carga_usuarios/confianza/llamacpp/26b_4b_np8/run_07/telemetria_gpu.csv,prueba_carga_usuarios/confianza,voz05,llamacpp,2026-07-04T16:23:24.085000,2026-07-04T16:25:09.108000,105.0,2,12.544,4.953,429.4,708.1,53.9
eval/prueba_carga_usuarios/confianza/llamacpp/26b_4b_np8/run_08/telemetria_gpu.csv,prueba_carga_usuarios/confianza,voz05,llamacpp,2026-07-04T16:25:10.170000,2026-07-04T16:26:47.194000,97.0,2,11.482,4.524,425.0,735.7,53.9
eval/prueba_carga_usuarios/confianza/llamacpp/26b_4b_np8/run_09/telemetria_gpu.csv,prueba_carga_usuarios/confianza,voz05,llamacpp,2026-07-04T16:26:48.558000,2026-07-04T16:28:44.585000,116.0,2,13.947,5.987,432.2,692.2,53.9
eval/prueba_carga_usuarios/confianza/llamacpp/26b_4b_np8/run_10/telemetria_gpu.csv,prueba_carga_usuarios/confianza,voz05,llamacpp,2026-07-04T16:28:45.091000,2026-07-04T16:30:34.116000,109.0,2,13.118,4.717,432.5,743.5,53.9
eval/prueba_carga_usuarios/confianza/ollama/12b_06b_np1/run_01/telemetria_gpu.csv,prueba_carga_usuarios/confianza,voz05,ollama,2026-07-04T11:41:51.502000,2026-07-04T11:48:48.568000,417.1,2,49.355,8.434,425.9,596.8,24.9
eval/prueba_carga_usuarios/confianza/ollama/12b_06b_np1/run_02/telemetria_gpu.csv,prueba_carga_usuarios/confianza,voz05,ollama,2026-07-04T11:49:23.038000,2026-07-04T11:55:04.098000,341.1,2,40.699,7.557,429.5,661.9,24.9
eval/prueba_carga_usuarios/confianza/ollama/12b_06b_np1/run_03/telemetria_gpu.csv,prueba_carga_usuarios/confianza,voz05,ollama,2026-07-04T11:55:39.867000,2026-07-04T12:02:34.927000,415.1,2,49.83,9.944,432.1,663.0,24.9
eval/prueba_carga_usuarios/confianza/ollama/12b_06b_np1/run_04/telemetria_gpu.csv,prueba_carga_usuarios/confianza,voz05,ollama,2026-07-04T12:03:11.146000,2026-07-04T12:09:19.209000,368.1,2,43.915,8.91,429.4,676.7,24.9
eval/prueba_carga_usuarios/confianza/ollama/12b_06b_np1/run_05/telemetria_gpu.csv,prueba_carga_usuarios/confianza,voz05,ollama,2026-07-04T12:09:56.090000,2026-07-04T12:15:57.151000,361.1,2,43.213,8.768,430.7,655.2,24.9
eval/prueba_carga_usuarios/confianza/ollama/12b_06b_np1/run_06/telemetria_gpu.csv,prueba_carga_usuarios/confianza,voz05,ollama,2026-07-04T12:16:32.793000,2026-07-04T12:22:16.852000,344.1,2,41.536,7.988,434.5,649.5,24.9
eval/prueba_carga_usuarios/confianza/ollama/12b_06b_np1/run_07/telemetria_gpu.csv,prueba_carga_usuarios/confianza,voz05,ollama,2026-07-04T12:22:52.053000,2026-07-04T12:29:21.122000,389.1,2,46.857,8.971,433.4,658.3,24.9
eval/prueba_carga_usuarios/confianza/ollama/12b_06b_np1/run_08/telemetria_gpu.csv,prueba_carga_usuarios/confianza,voz05,ollama,2026-07-04T12:29:52.626000,2026-07-04T12:35:40.694000,348.1,2,41.822,7.692,432.5,631.0,24.9
eval/prueba_carga_usuarios/confianza/ollama/12b_06b_np1/run_09/telemetria_gpu.csv,prueba_carga_usuarios/confianza,voz05,ollama,2026-07-04T12:36:15.398000,2026-07-04T12:42:13.457000,358.1,2,43.016,8.609,432.4,679.4,24.9
eval/prueba_carga_usuarios/confianza/ollama/12b_06b_np1/run_10/telemetria_gpu.csv,prueba_carga_usuarios/confianza,voz05,ollama,2026-07-04T12:42:48.553000,2026-07-04T12:48:48.611000,360.1,2,43.216,8.76,432.0,639.9,24.9
eval/prueba_carga_usuarios/confianza/ollama/12b_06b_np4/run_01/telemetria_gpu.csv,prueba_carga_usuarios/confianza,voz05,ollama,2026-07-04T08:07:12.042000,2026-07-04T08:11:20.088000,248.0,2,29.211,8.159,423.9,611.4,29.1
eval/prueba_carga_usuarios/confianza/ollama/12b_06b_np4/run_02/telemetria_gpu.csv,prueba_carga_usuarios/confianza,voz05,ollama,2026-07-04T08:11:53.054000,2026-07-04T08:15:36.100000,223.0,2,26.326,8.438,424.7,593.7,29.1
eval/prueba_carga_usuarios/confianza/ollama/12b_06b_np4/run_03/telemetria_gpu.csv,prueba_carga_usuarios/confianza,voz05,ollama,2026-07-04T08:16:08.390000,2026-07-04T08:20:22.441000,254.1,2,30.401,10.317,430.6,583.2,29.1
eval/prueba_carga_usuarios/confianza/ollama/12b_06b_np4/run_04/telemetria_gpu.csv,prueba_carga_usuarios/confianza,voz05,ollama,2026-07-04T08:20:54.397000,2026-07-04T08:24:43.443000,229.0,2,27.309,7.026,429.1,648.2,29.1
eval/prueba_carga_usuarios/confianza/ollama/12b_06b_np4/run_05/telemetria_gpu.csv,prueba_carga_usuarios/confianza,voz05,ollama,2026-07-04T08:25:15.598000,2026-07-04T08:29:05.644000,230.0,2,27.276,7.509,426.7,622.6,29.1
eval/prueba_carga_usuarios/confianza/ollama/12b_06b_np4/run_06/telemetria_gpu.csv,prueba_carga_usuarios/confianza,voz05,ollama,2026-07-04T08:29:38.274000,2026-07-04T08:33:25.320000,227.0,2,27.377,10.541,434.0,651.0,29.1
eval/prueba_carga_usuarios/confianza/ollama/12b_06b_np4/run_07/telemetria_gpu.csv,prueba_carga_usuarios/confianza,voz05,ollama,2026-07-04T08:33:57.606000,2026-07-04T08:38:04.655000,247.0,2,29.552,10.297,430.5,612.6,29.1
eval/prueba_carga_usuarios/confianza/ollama/12b_06b_np4/run_08/telemetria_gpu.csv,prueba_carga_usuarios/confianza,voz05,ollama,2026-07-04T08:38:37.334000,2026-07-04T08:42:29.381000,232.0,2,27.631,8.622,428.5,613.6,29.1
eval/prueba_carga_usuarios/confianza/ollama/12b_06b_np4/run_09/telemetria_gpu.csv,prueba_carga_usuarios/confianza,voz05,ollama,2026-07-04T08:42:59.814000,2026-07-04T08:46:51.860000,232.0,2,27.63,9.578,428.5,639.3,29.1
eval/prueba_carga_usuarios/confianza/ollama/12b_06b_np4/run_10/telemetria_gpu.csv,prueba_carga_usuarios/confianza,voz05,ollama,2026-07-04T08:47:22.062000,2026-07-04T08:51:13.107000,231.0,2,27.471,8.439,427.9,642.0,29.1
eval/prueba_carga_usuarios/confianza/ollama/12b_06b_np8/run_01/telemetria_gpu.csv,prueba_carga_usuarios/confianza,voz05,ollama,2026-07-04T04:48:09.988000,2026-07-04T04:52:21.038000,251.1,2,29.261,13.267,419.5,636.1,33.8
eval/prueba_carga_usuarios/confianza/ollama/12b_06b_np8/run_02/telemetria_gpu.csv,prueba_carga_usuarios/confianza,voz05,ollama,2026-07-04T04:52:53.388000,2026-07-04T04:56:45.435000,232.0,2,27.083,12.515,420.1,608.4,33.8
eval/prueba_carga_usuarios/confianza/ollama/12b_06b_np8/run_03/telemetria_gpu.csv,prueba_carga_usuarios/confianza,voz05,ollama,2026-07-04T04:57:17.922000,2026-07-04T05:01:39.976000,262.1,2,30.873,12.327,424.1,629.7,33.8
eval/prueba_carga_usuarios/confianza/ollama/12b_06b_np8/run_04/telemetria_gpu.csv,prueba_carga_usuarios/confianza,voz05,ollama,2026-07-04T05:02:14.170000,2026-07-04T05:06:13.220000,239.1,2,27.731,11.446,417.6,636.9,33.8
eval/prueba_carga_usuarios/confianza/ollama/12b_06b_np8/run_05/telemetria_gpu.csv,prueba_carga_usuarios/confianza,voz05,ollama,2026-07-04T05:06:46.183000,2026-07-04T05:10:41.230000,235.0,2,27.521,15.495,421.4,604.7,33.8
eval/prueba_carga_usuarios/confianza/ollama/12b_06b_np8/run_06/telemetria_gpu.csv,prueba_carga_usuarios/confianza,voz05,ollama,2026-07-04T05:11:14.421000,2026-07-04T05:15:03.472000,229.1,2,27.063,12.598,425.1,634.2,33.8
eval/prueba_carga_usuarios/confianza/ollama/12b_06b_np8/run_07/telemetria_gpu.csv,prueba_carga_usuarios/confianza,voz05,ollama,2026-07-04T05:15:33.570000,2026-07-04T05:19:32.617000,239.0,2,28.052,11.589,422.4,607.4,33.8
eval/prueba_carga_usuarios/confianza/ollama/12b_06b_np8/run_08/telemetria_gpu.csv,prueba_carga_usuarios/confianza,voz05,ollama,2026-07-04T05:20:03.006000,2026-07-04T05:23:50.054000,227.0,2,26.725,12.338,423.6,614.2,33.8
eval/prueba_carga_usuarios/confianza/ollama/12b_06b_np8/run_09/telemetria_gpu.csv,prueba_carga_usuarios/confianza,voz05,ollama,2026-07-04T05:24:23.001000,2026-07-04T05:28:19.048000,236.0,2,27.97,12.978,426.5,633.8,33.8
eval/prueba_carga_usuarios/confianza/ollama/12b_06b_np8/run_10/telemetria_gpu.csv,prueba_carga_usuarios/confianza,voz05,ollama,2026-07-04T05:28:51.777000,2026-07-04T05:32:51.828000,240.1,2,28.116,11.871,421.5,630.4,33.8
eval/prueba_carga_usuarios/confianza/ollama/12b_4b_np1/run_01/telemetria_gpu.csv,prueba_carga_usuarios/confianza,voz05,ollama,2026-07-04T12:49:20.282000,2026-07-04T12:56:08.352000,408.1,2,49.388,8.604,435.6,685.8,18.9
eval/prueba_carga_usuarios/confianza/ollama/12b_4b_np1/run_02/telemetria_gpu.csv,prueba_carga_usuarios/confianza,voz05,ollama,2026-07-04T12:56:41.014000,2026-07-04T13:02:23.074000,342.1,2,41.641,8.004,438.1,751.5,18.9
eval/prueba_carga_usuarios/confianza/ollama/12b_4b_np1/run_03/telemetria_gpu.csv,prueba_carga_usuarios/confianza,voz05,ollama,2026-07-04T13:02:55.469000,2026-07-04T13:09:48.533000,413.1,2,50.362,8.89,438.8,722.4,18.9
eval/prueba_carga_usuarios/confianza/ollama/12b_4b_np1/run_04/telemetria_gpu.csv,prueba_carga_usuarios/confianza,voz05,ollama,2026-07-04T13:10:20.495000,2026-07-04T13:16:13.556000,353.1,2,42.695,8.834,435.1,773.3,18.9
eval/prueba_carga_usuarios/confianza/ollama/12b_4b_np1/run_05/telemetria_gpu.csv,prueba_carga_usuarios/confianza,voz05,ollama,2026-07-04T13:16:46.166000,2026-07-04T13:22:47.224000,361.1,2,44.018,8.549,438.8,679.7,18.9
eval/prueba_carga_usuarios/confianza/ollama/12b_4b_np1/run_06/telemetria_gpu.csv,prueba_carga_usuarios/confianza,voz05,ollama,2026-07-04T13:23:19.478000,2026-07-04T13:29:13.540000,354.1,2,43.216,9.835,439.2,720.3,18.9
eval/prueba_carga_usuarios/confianza/ollama/12b_4b_np1/run_07/telemetria_gpu.csv,prueba_carga_usuarios/confianza,voz05,ollama,2026-07-04T13:29:45.178000,2026-07-04T13:36:02.246000,377.1,2,45.873,9.611,437.9,670.8,18.9
eval/prueba_carga_usuarios/confianza/ollama/12b_4b_np1/run_08/telemetria_gpu.csv,prueba_carga_usuarios/confianza,voz05,ollama,2026-07-04T13:36:34.443000,2026-07-04T13:42:20.499000,346.1,2,42.272,8.072,439.6,721.1,18.9
eval/prueba_carga_usuarios/confianza/ollama/12b_4b_np1/run_09/telemetria_gpu.csv,prueba_carga_usuarios/confianza,voz05,ollama,2026-07-04T13:42:52.225000,2026-07-04T13:48:43.288000,351.1,2,42.953,7.788,440.4,734.9,18.9
eval/prueba_carga_usuarios/confianza/ollama/12b_4b_np1/run_10/telemetria_gpu.csv,prueba_carga_usuarios/confianza,voz05,ollama,2026-07-04T13:49:15.525000,2026-07-04T13:55:12.586000,357.1,2,43.464,9.511,438.1,688.3,18.9
eval/prueba_carga_usuarios/confianza/ollama/12b_4b_np4/run_01/telemetria_gpu.csv,prueba_carga_usuarios/confianza,voz05,ollama,2026-07-04T08:51:43.474000,2026-07-04T08:55:57.523000,254.0,2,30.631,9.683,434.1,742.3,29.1
eval/prueba_carga_usuarios/confianza/ollama/12b_4b_np4/run_02/telemetria_gpu.csv,prueba_carga_usuarios/confianza,voz05,ollama,2026-07-04T08:56:28.959000,2026-07-04T09:00:06.003000,217.0,2,26.455,12.137,438.6,750.0,23.1
eval/prueba_carga_usuarios/confianza/ollama/12b_4b_np4/run_03/telemetria_gpu.csv,prueba_carga_usuarios/confianza,voz05,ollama,2026-07-04T09:00:37.249000,2026-07-04T09:05:01.300000,264.1,2,32.198,10.429,438.8,770.4,23.1
eval/prueba_carga_usuarios/confianza/ollama/12b_4b_np4/run_04/telemetria_gpu.csv,prueba_carga_usuarios/confianza,voz05,ollama,2026-07-04T09:05:32.402000,2026-07-04T09:09:19.445000,227.0,2,27.441,7.645,435.0,775.2,23.1
eval/prueba_carga_usuarios/confianza/ollama/12b_4b_np4/run_05/telemetria_gpu.csv,prueba_carga_usuarios/confianza,voz05,ollama,2026-07-04T09:09:51.748000,2026-07-04T09:13:53.796000,242.0,2,29.365,8.967,436.7,740.2,23.1
eval/prueba_carga_usuarios/confianza/ollama/12b_4b_np4/run_06/telemetria_gpu.csv,prueba_carga_usuarios/confianza,voz05,ollama,2026-07-04T09:14:25.794000,2026-07-04T09:18:27.841000,242.0,2,29.642,11.459,440.6,708.2,23.1
eval/prueba_carga_usuarios/confianza/ollama/12b_4b_np4/run_07/telemetria_gpu.csv,prueba_carga_usuarios/confianza,voz05,ollama,2026-07-04T09:18:58.794000,2026-07-04T09:23:00.843000,242.0,2,29.512,9.316,438.8,677.1,23.1
eval/prueba_carga_usuarios/confianza/ollama/12b_4b_np4/run_08/telemetria_gpu.csv,prueba_carga_usuarios/confianza,voz05,ollama,2026-07-04T09:23:32.535000,2026-07-04T09:27:13.580000,221.0,2,27.026,10.013,440.0,755.5,23.1
eval/prueba_carga_usuarios/confianza/ollama/12b_4b_np4/run_09/telemetria_gpu.csv,prueba_carga_usuarios/confianza,voz05,ollama,2026-07-04T09:27:45.354000,2026-07-04T09:31:30.400000,225.0,2,27.484,9.567,439.5,807.8,23.1
eval/prueba_carga_usuarios/confianza/ollama/12b_4b_np4/run_10/telemetria_gpu.csv,prueba_carga_usuarios/confianza,voz05,ollama,2026-07-04T09:32:02.174000,2026-07-04T09:35:53.221000,231.0,2,27.943,9.824,435.2,732.7,23.1
eval/prueba_carga_usuarios/confianza/ollama/12b_4b_np8/run_01/telemetria_gpu.csv,prueba_carga_usuarios/confianza,voz05,ollama,2026-07-04T05:33:23.903000,2026-07-04T05:37:40.956000,257.1,2,30.614,14.101,428.6,674.4,33.8
eval/prueba_carga_usuarios/confianza/ollama/12b_4b_np8/run_02/telemetria_gpu.csv,prueba_carga_usuarios/confianza,voz05,ollama,2026-07-04T05:38:12.850000,2026-07-04T05:41:59.899000,227.0,2,27.046,14.118,428.8,740.0,27.8
eval/prueba_carga_usuarios/confianza/ollama/12b_4b_np8/run_03/telemetria_gpu.csv,prueba_carga_usuarios/confianza,voz05,ollama,2026-07-04T05:42:31.998000,2026-07-04T05:46:56.047000,264.0,2,31.952,15.233,435.6,739.8,27.8
eval/prueba_carga_usuarios/confianza/ollama/12b_4b_np8/run_04/telemetria_gpu.csv,prueba_carga_usuarios/confianza,voz05,ollama,2026-07-04T05:47:27.594000,2026-07-04T05:51:16.644000,229.1,2,27.257,12.434,428.3,784.6,27.8
eval/prueba_carga_usuarios/confianza/ollama/12b_4b_np8/run_05/telemetria_gpu.csv,prueba_carga_usuarios/confianza,voz05,ollama,2026-07-04T05:51:47.922000,2026-07-04T05:55:47.971000,240.0,2,28.747,13.178,431.1,752.5,27.8
eval/prueba_carga_usuarios/confianza/ollama/12b_4b_np8/run_06/telemetria_gpu.csv,prueba_carga_usuarios/confianza,voz05,ollama,2026-07-04T05:56:20.402000,2026-07-04T06:00:24.452000,244.1,2,29.569,12.248,436.0,768.2,27.8
eval/prueba_carga_usuarios/confianza/ollama/12b_4b_np8/run_07/telemetria_gpu.csv,prueba_carga_usuarios/confianza,voz05,ollama,2026-07-04T06:00:54.174000,2026-07-04T06:04:58.224000,244.1,2,29.487,12.562,434.9,736.6,27.8
eval/prueba_carga_usuarios/confianza/ollama/12b_4b_np8/run_08/telemetria_gpu.csv,prueba_carga_usuarios/confianza,voz05,ollama,2026-07-04T06:05:29.911000,2026-07-04T06:09:21.960000,232.0,2,27.752,15.765,430.6,681.5,27.8
eval/prueba_carga_usuarios/confianza/ollama/12b_4b_np8/run_09/telemetria_gpu.csv,prueba_carga_usuarios/confianza,voz05,ollama,2026-07-04T06:09:54.142000,2026-07-04T06:13:56.194000,242.1,2,29.135,13.968,433.2,765.2,27.8
eval/prueba_carga_usuarios/confianza/ollama/12b_4b_np8/run_10/telemetria_gpu.csv,prueba_carga_usuarios/confianza,voz05,ollama,2026-07-04T06:14:28.523000,2026-07-04T06:18:24.573000,236.1,2,28.103,14.294,428.4,704.2,27.8
eval/prueba_carga_usuarios/confianza/ollama/26b_06b_np1/run_01/telemetria_gpu.csv,prueba_carga_usuarios/confianza,voz05,ollama,2026-07-04T09:36:47.194000,2026-07-04T09:40:48.237000,241.0,2,23.785,4.073,355.1,550.2,34.4
eval/prueba_carga_usuarios/confianza/ollama/26b_06b_np1/run_02/telemetria_gpu.csv,prueba_carga_usuarios/confianza,voz05,ollama,2026-07-04T09:41:20.769000,2026-07-04T09:48:44.895000,444.1,2,31.556,8.945,255.8,539.9,34.4
eval/prueba_carga_usuarios/confianza/ollama/26b_06b_np1/run_03/telemetria_gpu.csv,prueba_carga_usuarios/confianza,voz05,ollama,2026-07-04T09:49:45.098000,2026-07-04T10:02:31.383000,766.3,2,48.794,20.99,229.2,508.8,34.4
eval/prueba_carga_usuarios/confianza/ollama/26b_06b_np1/run_04/telemetria_gpu.csv,prueba_carga_usuarios/confianza,voz05,ollama,2026-07-04T10:03:31.531000,2026-07-04T10:11:13.703000,462.2,2,33.087,10.84,257.6,563.8,34.4
eval/prueba_carga_usuarios/confianza/ollama/26b_06b_np1/run_05/telemetria_gpu.csv,prueba_carga_usuarios/confianza,voz05,ollama,2026-07-04T10:12:15.226000,2026-07-04T10:15:43.266000,208.0,2,20.662,4.171,357.2,518.7,34.4
eval/prueba_carga_usuarios/confianza/ollama/26b_06b_np1/run_06/telemetria_gpu.csv,prueba_carga_usuarios/confianza,voz05,ollama,2026-07-04T10:16:14.831000,2026-07-04T10:19:41.872000,207.0,2,20.57,4.019,357.5,500.4,34.4
eval/prueba_carga_usuarios/confianza/ollama/26b_06b_np1/run_07/telemetria_gpu.csv,prueba_carga_usuarios/confianza,voz05,ollama,2026-07-04T10:20:14.178000,2026-07-04T10:24:05.221000,231.0,2,22.643,4.475,352.6,500.0,34.4
eval/prueba_carga_usuarios/confianza/ollama/26b_06b_np1/run_08/telemetria_gpu.csv,prueba_carga_usuarios/confianza,voz05,ollama,2026-07-04T10:24:37.108000,2026-07-04T10:29:59.188000,322.1,2,26.406,9.908,295.0,507.8,34.4
eval/prueba_carga_usuarios/confianza/ollama/26b_06b_np1/run_09/telemetria_gpu.csv,prueba_carga_usuarios/confianza,voz05,ollama,2026-07-04T10:31:00.994000,2026-07-04T10:34:29.032000,208.0,2,20.552,4.442,355.3,502.2,34.4
eval/prueba_carga_usuarios/confianza/ollama/26b_06b_np1/run_10/telemetria_gpu.csv,prueba_carga_usuarios/confianza,voz05,ollama,2026-07-04T10:35:01.503000,2026-07-04T10:38:38.548000,217.0,2,21.38,3.989,354.5,501.1,34.4
eval/prueba_carga_usuarios/confianza/ollama/26b_06b_np4/run_01/telemetria_gpu.csv,prueba_carga_usuarios/confianza,voz05,ollama,2026-07-04T06:19:18.278000,2026-07-04T06:22:09.321000,171.0,2,16.597,5.011,349.5,526.2,37.5
eval/prueba_carga_usuarios/confianza/ollama/26b_06b_np4/run_02/telemetria_gpu.csv,prueba_carga_usuarios/confianza,voz05,ollama,2026-07-04T06:22:40.722000,2026-07-04T06:27:16.819000,276.1,2,20.364,10.269,265.4,521.6,37.5
eval/prueba_carga_usuarios/confianza/ollama/26b_06b_np4/run_03/telemetria_gpu.csv,prueba_carga_usuarios/confianza,voz05,ollama,2026-07-04T06:28:18.273000,2026-07-04T06:41:04.526000,766.3,2,45.076,17.195,211.8,517.3,37.5
eval/prueba_carga_usuarios/confianza/ollama/26b_06b_np4/run_04/telemetria_gpu.csv,prueba_carga_usuarios/confianza,voz05,ollama,2026-07-04T06:42:06.042000,2026-07-04T06:47:22.218000,316.2,2,22.482,10.927,256.1,562.1,37.5
eval/prueba_carga_usuarios/confianza/ollama/26b_06b_np4/run_05/telemetria_gpu.csv,prueba_carga_usuarios/confianza,voz05,ollama,2026-07-04T06:47:54.152000,2026-07-04T06:50:29.189000,155.0,2,15.498,5.561,359.8,514.1,37.5
eval/prueba_carga_usuarios/confianza/ollama/26b_06b_np4/run_06/telemetria_gpu.csv,prueba_carga_usuarios/confianza,voz05,ollama,2026-07-04T06:51:01.104000,2026-07-04T06:53:33.138000,152.0,2,15.183,4.5,359.4,536.4,37.5
eval/prueba_carga_usuarios/confianza/ollama/26b_06b_np4/run_07/telemetria_gpu.csv,prueba_carga_usuarios/confianza,voz05,ollama,2026-07-04T06:54:05.316000,2026-07-04T06:56:46.353000,161.0,2,15.873,4.693,354.7,488.6,37.5
eval/prueba_carga_usuarios/confianza/ollama/26b_06b_np4/run_08/telemetria_gpu.csv,prueba_carga_usuarios/confianza,voz05,ollama,2026-07-04T06:57:17.855000,2026-07-04T07:02:02.943000,285.1,2,21.556,10.07,272.0,518.8,37.5
eval/prueba_carga_usuarios/confianza/ollama/26b_06b_np4/run_09/telemetria_gpu.csv,prueba_carga_usuarios/confianza,voz05,ollama,2026-07-04T07:03:04.414000,2026-07-04T07:10:57.590000,473.2,2,30.227,12.905,230.1,498.4,37.5
eval/prueba_carga_usuarios/confianza/ollama/26b_06b_np4/run_10/telemetria_gpu.csv,prueba_carga_usuarios/confianza,voz05,ollama,2026-07-04T07:11:29.174000,2026-07-04T07:14:07.212000,158.0,2,15.509,4.804,353.2,480.1,37.5
eval/prueba_carga_usuarios/confianza/ollama/26b_06b_np8/run_01/telemetria_gpu.csv,prueba_carga_usuarios/confianza,voz05,ollama,2026-07-04T02:51:49.517000,2026-07-04T02:54:40.555000,171.0,2,16.321,5.849,343.3,495.4,41.1
eval/prueba_carga_usuarios/confianza/ollama/26b_06b_np8/run_02/telemetria_gpu.csv,prueba_carga_usuarios/confianza,voz05,ollama,2026-07-04T02:55:13.746000,2026-07-04T02:57:26.781000,133.0,2,12.783,5.704,345.9,547.0,41.1
eval/prueba_carga_usuarios/confianza/ollama/26b_06b_np8/run_03/telemetria_gpu.csv,prueba_carga_usuarios/confianza,voz05,ollama,2026-07-04T02:58:00.338000,2026-07-04T03:10:58.687000,778.3,2,45.076,16.667,208.5,499.2,41.1
eval/prueba_carga_usuarios/confianza/ollama/26b_06b_np8/run_04/telemetria_gpu.csv,prueba_carga_usuarios/confianza,voz05,ollama,2026-07-04T03:11:59.925000,2026-07-04T03:17:14.053000,314.1,2,22.122,10.368,253.7,553.6,41.1
eval/prueba_carga_usuarios/confianza/ollama/26b_06b_np8/run_05/telemetria_gpu.csv,prueba_carga_usuarios/confianza,voz05,ollama,2026-07-04T03:17:46.579000,2026-07-04T03:20:26.617000,160.0,2,15.622,5.558,351.4,519.0,41.1
eval/prueba_carga_usuarios/confianza/ollama/26b_06b_np8/run_06/telemetria_gpu.csv,prueba_carga_usuarios/confianza,voz05,ollama,2026-07-04T03:20:58.630000,2026-07-04T03:23:37.668000,159.0,2,15.61,6.847,353.2,597.2,41.1
eval/prueba_carga_usuarios/confianza/ollama/26b_06b_np8/run_07/telemetria_gpu.csv,prueba_carga_usuarios/confianza,voz05,ollama,2026-07-04T03:24:10.510000,2026-07-04T03:26:56.549000,166.0,2,16.276,5.201,352.8,517.0,41.1
eval/prueba_carga_usuarios/confianza/ollama/26b_06b_np8/run_08/telemetria_gpu.csv,prueba_carga_usuarios/confianza,voz05,ollama,2026-07-04T03:27:28.285000,2026-07-04T03:32:15.369000,287.1,2,21.42,9.952,268.5,588.0,41.1
eval/prueba_carga_usuarios/confianza/ollama/26b_06b_np8/run_09/telemetria_gpu.csv,prueba_carga_usuarios/confianza,voz05,ollama,2026-07-04T03:33:16.878000,2026-07-04T03:40:32.014000,435.1,2,28.778,12.874,237.9,520.2,41.1
eval/prueba_carga_usuarios/confianza/ollama/26b_06b_np8/run_10/telemetria_gpu.csv,prueba_carga_usuarios/confianza,voz05,ollama,2026-07-04T03:41:33.546000,2026-07-04T03:44:10.583000,157.0,2,15.098,6.932,345.7,517.9,41.1
eval/prueba_carga_usuarios/confianza/ollama/26b_4b_np1/run_01/telemetria_gpu.csv,prueba_carga_usuarios/confianza,voz05,ollama,2026-07-04T10:39:11.390000,2026-07-04T10:43:26.436000,255.0,2,25.532,4.405,360.3,681.5,34.4
eval/prueba_carga_usuarios/confianza/ollama/26b_4b_np1/run_02/telemetria_gpu.csv,prueba_carga_usuarios/confianza,voz05,ollama,2026-07-04T10:43:58.582000,2026-07-04T10:49:26.684000,328.1,2,26.286,13.121,288.5,660.6,28.4
eval/prueba_carga_usuarios/confianza/ollama/26b_4b_np1/run_03/telemetria_gpu.csv,prueba_carga_usuarios/confianza,voz05,ollama,2026-07-04T10:49:59.194000,2026-07-04T11:02:36.469000,757.3,2,49.022,21.466,233.0,595.4,28.4
eval/prueba_carga_usuarios/confianza/ollama/26b_4b_np1/run_04/telemetria_gpu.csv,prueba_carga_usuarios/confianza,voz05,ollama,2026-07-04T11:03:30.875000,2026-07-04T11:14:09.078000,638.2,2,42.924,19.648,242.3,684.5,28.4
eval/prueba_carga_usuarios/confianza/ollama/26b_4b_np1/run_05/telemetria_gpu.csv,prueba_carga_usuarios/confianza,voz05,ollama,2026-07-04T11:14:41.866000,2026-07-04T11:18:23.905000,222.0,2,22.5,4.279,364.7,608.7,28.4
eval/prueba_carga_usuarios/confianza/ollama/26b_4b_np1/run_06/telemetria_gpu.csv,prueba_carga_usuarios/confianza,voz05,ollama,2026-07-04T11:18:56.254000,2026-07-04T11:22:28.297000,212.0,2,21.909,4.274,371.9,650.9,28.4
eval/prueba_carga_usuarios/confianza/ollama/26b_4b_np1/run_07/telemetria_gpu.csv,prueba_carga_usuarios/confianza,voz05,ollama,2026-07-04T11:23:00.266000,2026-07-04T11:26:43.306000,223.0,2,22.664,4.185,365.6,604.9,28.4
eval/prueba_carga_usuarios/confianza/ollama/26b_4b_np1/run_08/telemetria_gpu.csv,prueba_carga_usuarios/confianza,voz05,ollama,2026-07-04T11:27:16.423000,2026-07-04T11:30:55.468000,219.0,2,22.121,7.435,363.1,628.7,28.4
eval/prueba_carga_usuarios/confianza/ollama/26b_4b_np1/run_09/telemetria_gpu.csv,prueba_carga_usuarios/confianza,voz05,ollama,2026-07-04T11:31:27.654000,2026-07-04T11:37:08.737000,341.1,2,28.148,10.687,297.2,660.5,28.4
eval/prueba_carga_usuarios/confianza/ollama/26b_4b_np1/run_10/telemetria_gpu.csv,prueba_carga_usuarios/confianza,voz05,ollama,2026-07-04T11:37:42.006000,2026-07-04T11:41:17.051000,215.0,2,22.141,5.087,370.5,650.7,28.4
eval/prueba_carga_usuarios/confianza/ollama/26b_4b_np4/run_01/telemetria_gpu.csv,prueba_carga_usuarios/confianza,voz05,ollama,2026-07-04T07:14:39.758000,2026-07-04T07:17:35.797000,176.0,2,17.69,5.729,361.5,606.4,37.5
eval/prueba_carga_usuarios/confianza/ollama/26b_4b_np4/run_02/telemetria_gpu.csv,prueba_carga_usuarios/confianza,voz05,ollama,2026-07-04T07:18:08.183000,2026-07-04T07:20:25.218000,137.0,2,13.897,5.684,364.9,661.9,31.5
eval/prueba_carga_usuarios/confianza/ollama/26b_4b_np4/run_03/telemetria_gpu.csv,prueba_carga_usuarios/confianza,voz05,ollama,2026-07-04T07:20:57.242000,2026-07-04T07:33:39.530000,762.3,2,45.641,17.795,215.6,619.7,31.5
eval/prueba_carga_usuarios/confianza/ollama/26b_4b_np4/run_04/telemetria_gpu.csv,prueba_carga_usuarios/confianza,voz05,ollama,2026-07-04T07:34:39.878000,2026-07-04T07:42:26.090000,466.2,2,30.801,13.695,238.1,608.4,31.5
eval/prueba_carga_usuarios/confianza/ollama/26b_4b_np4/run_05/telemetria_gpu.csv,prueba_carga_usuarios/confianza,voz05,ollama,2026-07-04T07:42:58.307000,2026-07-04T07:45:37.344000,159.0,2,16.042,5.762,362.9,685.8,31.5
eval/prueba_carga_usuarios/confianza/ollama/26b_4b_np4/run_06/telemetria_gpu.csv,prueba_carga_usuarios/confianza,voz05,ollama,2026-07-04T07:46:10.808000,2026-07-04T07:48:43.847000,153.0,2,15.722,6.208,369.6,612.8,31.5
eval/prueba_carga_usuarios/confianza/ollama/26b_4b_np4/run_07/telemetria_gpu.csv,prueba_carga_usuarios/confianza,voz05,ollama,2026-07-04T07:49:16.840000,2026-07-04T07:51:57.876000,161.0,2,16.307,5.143,364.4,585.3,31.5
eval/prueba_carga_usuarios/confianza/ollama/26b_4b_np4/run_08/telemetria_gpu.csv,prueba_carga_usuarios/confianza,voz05,ollama,2026-07-04T07:52:30.455000,2026-07-04T07:57:25.535000,295.1,2,22.538,11.803,274.8,649.2,31.5
eval/prueba_carga_usuarios/confianza/ollama/26b_4b_np4/run_09/telemetria_gpu.csv,prueba_carga_usuarios/confianza,voz05,ollama,2026-07-04T07:58:27.673000,2026-07-04T08:03:29.759000,302.1,2,22.69,11.633,270.7,636.3,31.5
eval/prueba_carga_usuarios/confianza/ollama/26b_4b_np4/run_10/telemetria_gpu.csv,prueba_carga_usuarios/confianza,voz05,ollama,2026-07-04T08:04:02.390000,2026-07-04T08:06:36.424000,154.0,2,15.574,5.85,363.9,625.5,31.5
eval/prueba_carga_usuarios/confianza/ollama/26b_4b_np8/run_01/telemetria_gpu.csv,prueba_carga_usuarios/confianza,voz05,ollama,2026-07-04T03:44:43.926000,2026-07-04T03:47:37.964000,174.0,2,17.089,7.382,353.4,743.9,41.1
eval/prueba_carga_usuarios/confianza/ollama/26b_4b_np8/run_02/telemetria_gpu.csv,prueba_carga_usuarios/confianza,voz05,ollama,2026-07-04T03:48:10.106000,2026-07-04T03:55:26.249000,436.1,2,28.544,12.639,235.6,671.1,35.1
eval/prueba_carga_usuarios/confianza/ollama/26b_4b_np8/run_03/telemetria_gpu.csv,prueba_carga_usuarios/confianza,voz05,ollama,2026-07-04T03:56:26.091000,2026-07-04T04:09:11.359000,765.3,2,45.733,16.982,215.2,669.0,35.1
eval/prueba_carga_usuarios/confianza/ollama/26b_4b_np8/run_04/telemetria_gpu.csv,prueba_carga_usuarios/confianza,voz05,ollama,2026-07-04T04:10:10.987000,2026-07-04T04:17:41.128000,450.1,2,29.891,13.393,239.1,687.8,35.1
eval/prueba_carga_usuarios/confianza/ollama/26b_4b_np8/run_05/telemetria_gpu.csv,prueba_carga_usuarios/confianza,voz05,ollama,2026-07-04T04:18:41.104000,2026-07-04T04:21:13.138000,152.0,2,15.127,5.865,358.1,603.2,35.1
eval/prueba_carga_usuarios/confianza/ollama/26b_4b_np8/run_06/telemetria_gpu.csv,prueba_carga_usuarios/confianza,voz05,ollama,2026-07-04T04:21:45.308000,2026-07-04T04:24:21.345000,156.0,2,15.744,6.99,363.0,657.5,35.1
eval/prueba_carga_usuarios/confianza/ollama/26b_4b_np8/run_07/telemetria_gpu.csv,prueba_carga_usuarios/confianza,voz05,ollama,2026-07-04T04:24:53.942000,2026-07-04T04:27:28.977000,155.0,2,15.542,7.59,360.9,578.8,35.1
eval/prueba_carga_usuarios/confianza/ollama/26b_4b_np8/run_08/telemetria_gpu.csv,prueba_carga_usuarios/confianza,voz05,ollama,2026-07-04T04:28:03.078000,2026-07-04T04:32:52.154000,289.1,2,21.765,11.198,270.9,657.0,35.1
eval/prueba_carga_usuarios/confianza/ollama/26b_4b_np8/run_09/telemetria_gpu.csv,prueba_carga_usuarios/confianza,voz05,ollama,2026-07-04T04:33:54.255000,2026-07-04T04:44:25.468000,631.2,2,38.672,15.044,220.7,679.6,35.1
eval/prueba_carga_usuarios/confianza/ollama/26b_4b_np8/run_10/telemetria_gpu.csv,prueba_carga_usuarios/confianza,voz05,ollama,2026-07-04T04:45:00.012000,2026-07-04T04:47:35.047000,155.0,2,15.594,6.164,362.0,658.3,35.1
eval/prueba_carga_usuarios/confianza/vllm/12b_06b/run_01/telemetria_gpu.csv,prueba_carga_usuarios/confianza,voz05,vllm,2026-07-04T22:49:15.990000,2026-07-04T22:50:30.018000,74.0,2,8.95,2.249,434.1,718.2,102.9
eval/prueba_carga_usuarios/confianza/vllm/12b_06b/run_02/telemetria_gpu.csv,prueba_carga_usuarios/confianza,voz05,vllm,2026-07-04T22:50:30.507000,2026-07-04T22:51:25.524000,55.0,2,6.807,1.878,444.1,730.9,102.9
eval/prueba_carga_usuarios/confianza/vllm/12b_06b/run_03/telemetria_gpu.csv,prueba_carga_usuarios/confianza,voz05,vllm,2026-07-04T22:51:26.637000,2026-07-04T22:53:50.687000,144.1,2,12.517,5.293,312.4,758.8,102.9
eval/prueba_carga_usuarios/confianza/vllm/12b_06b/run_04/telemetria_gpu.csv,prueba_carga_usuarios/confianza,voz05,vllm,2026-07-04T22:53:51.246000,2026-07-04T22:54:52.263000,61.0,2,7.422,1.836,436.0,728.0,102.9
eval/prueba_carga_usuarios/confianza/vllm/12b_06b/run_05/telemetria_gpu.csv,prueba_carga_usuarios/confianza,voz05,vllm,2026-07-04T22:54:53.382000,2026-07-04T22:55:55.405000,62.0,2,7.625,2.004,441.5,770.2,102.9
eval/prueba_carga_usuarios/confianza/vllm/12b_06b/run_06/telemetria_gpu.csv,prueba_carga_usuarios/confianza,voz05,vllm,2026-07-04T22:55:56.727000,2026-07-04T22:56:50.749000,54.0,2,6.8,2.206,453.1,803.4,102.9
eval/prueba_carga_usuarios/confianza/vllm/12b_06b/run_07/telemetria_gpu.csv,prueba_carga_usuarios/confianza,voz05,vllm,2026-07-04T22:56:51.971000,2026-07-04T22:58:02.995000,71.0,2,8.705,1.738,440.4,749.0,102.9
eval/prueba_carga_usuarios/confianza/vllm/12b_06b/run_08/telemetria_gpu.csv,prueba_carga_usuarios/confianza,voz05,vllm,2026-07-04T22:58:04.207000,2026-07-04T22:58:59.228000,55.0,2,6.835,1.782,446.3,740.4,102.9
eval/prueba_carga_usuarios/confianza/vllm/12b_06b/run_09/telemetria_gpu.csv,prueba_carga_usuarios/confianza,voz05,vllm,2026-07-04T22:59:00.302000,2026-07-04T23:00:01.326000,61.0,2,7.684,1.815,452.7,764.9,102.9
eval/prueba_carga_usuarios/confianza/vllm/12b_06b/run_10/telemetria_gpu.csv,prueba_carga_usuarios/confianza,voz05,vllm,2026-07-04T23:00:02.653000,2026-07-04T23:01:04.678000,62.0,2,7.615,2.013,440.8,757.5,102.9
eval/prueba_carga_usuarios/confianza/vllm/12b_4b/run_01/telemetria_gpu.csv,prueba_carga_usuarios/confianza,voz05,vllm,2026-07-04T22:37:54.743000,2026-07-04T22:39:14.769000,80.0,2,10.283,2.431,461.5,879.8,96.9
eval/prueba_carga_usuarios/confianza/vllm/12b_4b/run_02/telemetria_gpu.csv,prueba_carga_usuarios/confianza,voz05,vllm,2026-07-04T22:39:16.086000,2026-07-04T22:40:22.112000,66.0,2,8.453,2.784,459.1,858.0,96.9
eval/prueba_carga_usuarios/confianza/vllm/12b_4b/run_03/telemetria_gpu.csv,prueba_carga_usuarios/confianza,voz05,vllm,2026-07-04T22:40:22.695000,2026-07-04T22:41:33.713000,71.0,2,9.332,2.76,472.1,873.5,96.9
eval/prueba_carga_usuarios/confianza/vllm/12b_4b/run_04/telemetria_gpu.csv,prueba_carga_usuarios/confianza,voz05,vllm,2026-07-04T22:41:34.603000,2026-07-04T22:42:39.619000,65.0,2,8.405,2.683,464.0,930.1,96.9
eval/prueba_carga_usuarios/confianza/vllm/12b_4b/run_05/telemetria_gpu.csv,prueba_carga_usuarios/confianza,voz05,vllm,2026-07-04T22:42:40.599000,2026-07-04T22:43:44.613000,64.0,2,8.139,2.494,456.4,894.7,96.9
eval/prueba_carga_usuarios/confianza/vllm/12b_4b/run_06/telemetria_gpu.csv,prueba_carga_usuarios/confianza,voz05,vllm,2026-07-04T22:43:45.235000,2026-07-04T22:44:43.252000,58.0,2,7.56,2.575,467.6,806.1,96.9
eval/prueba_carga_usuarios/confianza/vllm/12b_4b/run_07/telemetria_gpu.csv,prueba_carga_usuarios/confianza,voz05,vllm,2026-07-04T22:44:44.318000,2026-07-04T22:45:57.345000,73.0,2,9.157,1.923,450.1,837.3,96.9
eval/prueba_carga_usuarios/confianza/vllm/12b_4b/run_08/telemetria_gpu.csv,prueba_carga_usuarios/confianza,voz05,vllm,2026-07-04T22:45:57.933000,2026-07-04T22:46:55.948000,58.0,2,7.415,2.422,458.2,868.3,96.9
eval/prueba_carga_usuarios/confianza/vllm/12b_4b/run_09/telemetria_gpu.csv,prueba_carga_usuarios/confianza,voz05,vllm,2026-07-04T22:46:56.227000,2026-07-04T22:48:01.245000,65.0,2,8.393,2.409,463.6,859.7,96.9
eval/prueba_carga_usuarios/confianza/vllm/12b_4b/run_10/telemetria_gpu.csv,prueba_carga_usuarios/confianza,voz05,vllm,2026-07-04T22:48:01.767000,2026-07-04T22:49:02.784000,61.0,2,7.77,2.316,457.1,829.1,96.9
eval/prueba_carga_usuarios/confianza/vllm/26b_06b/run_01/telemetria_gpu.csv,prueba_carga_usuarios/confianza,voz05,vllm,2026-07-04T01:04:21.273000,2026-07-04T01:05:12.297000,51.0,2,5.739,3.055,403.7,602.9,102.7
eval/prueba_carga_usuarios/confianza/vllm/26b_06b/run_02/telemetria_gpu.csv,prueba_carga_usuarios/confianza,voz05,vllm,2026-07-04T01:05:13.340000,2026-07-04T01:05:53.357000,40.0,2,4.798,1.313,430.4,622.2,102.7
eval/prueba_carga_usuarios/confianza/vllm/26b_06b/run_03/telemetria_gpu.csv,prueba_carga_usuarios/confianza,voz05,vllm,2026-07-04T01:05:54.804000,2026-07-04T01:07:20.835000,86.0,2,7.431,3.092,310.3,613.9,102.7
eval/prueba_carga_usuarios/confianza/vllm/26b_06b/run_04/telemetria_gpu.csv,prueba_carga_usuarios/confianza,voz05,vllm,2026-07-04T01:07:21.997000,2026-07-04T01:08:04.018000,42.0,2,4.983,1.487,424.7,629.2,102.7
eval/prueba_carga_usuarios/confianza/vllm/26b_06b/run_05/telemetria_gpu.csv,prueba_carga_usuarios/confianza,voz05,vllm,2026-07-04T01:08:05.004000,2026-07-04T01:08:45.015000,40.0,2,4.687,1.401,421.0,558.6,102.7
eval/prueba_carga_usuarios/confianza/vllm/26b_06b/run_06/telemetria_gpu.csv,prueba_carga_usuarios/confianza,voz05,vllm,2026-07-04T01:08:46.267000,2026-07-04T01:09:24.288000,38.0,2,4.548,1.765,430.6,685.6,102.7
eval/prueba_carga_usuarios/confianza/vllm/26b_06b/run_07/telemetria_gpu.csv,prueba_carga_usuarios/confianza,voz05,vllm,2026-07-04T01:09:25.500000,2026-07-04T01:10:14.519000,49.0,2,5.835,2.012,427.7,645.7,102.7
eval/prueba_carga_usuarios/confianza/vllm/26b_06b/run_08/telemetria_gpu.csv,prueba_carga_usuarios/confianza,voz05,vllm,2026-07-04T01:10:15.280000,2026-07-04T01:11:19.302000,64.0,2,6.178,2.942,346.5,625.2,102.7
eval/prueba_carga_usuarios/confianza/vllm/26b_06b/run_09/telemetria_gpu.csv,prueba_carga_usuarios/confianza,voz05,vllm,2026-07-04T01:11:20.044000,2026-07-04T01:12:07.058000,47.0,2,5.527,1.438,421.0,635.1,102.7
eval/prueba_carga_usuarios/confianza/vllm/26b_06b/run_10/telemetria_gpu.csv,prueba_carga_usuarios/confianza,voz05,vllm,2026-07-04T01:12:07.867000,2026-07-04T01:12:53.880000,46.0,2,5.407,1.659,422.8,667.9,102.7
eval/prueba_carga_usuarios/confianza/vllm/26b_4b/run_01/telemetria_gpu.csv,prueba_carga_usuarios/confianza,voz05,vllm,2026-07-04T22:26:25.225000,2026-07-04T22:27:21.246000,56.0,2,7.149,2.361,457.3,829.4,96.7
eval/prueba_carga_usuarios/confianza/vllm/26b_4b/run_02/telemetria_gpu.csv,prueba_carga_usuarios/confianza,voz05,vllm,2026-07-04T22:27:22.276000,2026-07-04T22:28:04.294000,42.0,2,5.338,1.987,455.7,768.4,96.7
eval/prueba_carga_usuarios/confianza/vllm/26b_4b/run_03/telemetria_gpu.csv,prueba_carga_usuarios/confianza,voz05,vllm,2026-07-04T22:28:05.245000,2026-07-04T22:28:49.259000,44.0,2,5.294,2.603,432.4,758.9,96.7
eval/prueba_carga_usuarios/confianza/vllm/26b_4b/run_04/telemetria_gpu.csv,prueba_carga_usuarios/confianza,voz05,vllm,2026-07-04T22:28:49.811000,2026-07-04T22:29:39.823000,50.0,2,6.071,1.902,436.4,678.3,96.7
eval/prueba_carga_usuarios/confianza/vllm/26b_4b/run_05/telemetria_gpu.csv,prueba_carga_usuarios/confianza,voz05,vllm,2026-07-04T22:29:40.501000,2026-07-04T22:30:23.515000,43.0,2,5.149,1.633,429.4,653.9,96.7
eval/prueba_carga_usuarios/confianza/vllm/26b_4b/run_06/telemetria_gpu.csv,prueba_carga_usuarios/confianza,voz05,vllm,2026-07-04T22:30:24.210000,2026-07-04T22:31:11.225000,47.0,2,5.916,2.274,451.2,781.9,96.7
eval/prueba_carga_usuarios/confianza/vllm/26b_4b/run_07/telemetria_gpu.csv,prueba_carga_usuarios/confianza,voz05,vllm,2026-07-04T22:31:12.086000,2026-07-04T22:32:02.101000,50.0,2,6.19,1.582,443.9,763.6,96.7
eval/prueba_carga_usuarios/confianza/vllm/26b_4b/run_08/telemetria_gpu.csv,prueba_carga_usuarios/confianza,voz05,vllm,2026-07-04T22:32:02.485000,2026-07-04T22:32:49.497000,47.0,2,5.764,1.785,440.3,692.6,96.7
eval/prueba_carga_usuarios/confianza/vllm/26b_4b/run_09/telemetria_gpu.csv,prueba_carga_usuarios/confianza,voz05,vllm,2026-07-04T22:32:50.386000,2026-07-04T22:33:36.400000,46.0,2,5.742,1.957,448.0,816.1,96.7
eval/prueba_carga_usuarios/confianza/vllm/26b_4b/run_10/telemetria_gpu.csv,prueba_carga_usuarios/confianza,voz05,vllm,2026-07-04T22:33:37.009000,2026-07-04T22:34:25.023000,48.0,2,5.977,2.352,445.9,739.3,96.7
eval/prueba_carga_usuarios/confianza_5090/llamacpp/12b_06b_np1/run_01/telemetria_gpu.csv,prueba_carga_usuarios/confianza_5090,gtc2pc4,llamacpp,2026-07-27T12:44:59.363000,2026-07-27T12:51:50.471000,411.1,1,45.171,16.561,395.3,579.1,15.2
eval/prueba_carga_usuarios/confianza_5090/llamacpp/12b_06b_np1/run_02/telemetria_gpu.csv,prueba_carga_usuarios/confianza_5090,gtc2pc4,llamacpp,2026-07-27T12:51:56.915000,2026-07-27T12:57:56.010000,359.1,1,38.412,13.615,385.1,550.6,15.2
eval/prueba_carga_usuarios/confianza_5090/llamacpp/12b_06b_np1/run_03/telemetria_gpu.csv,prueba_carga_usuarios/confianza_5090,gtc2pc4,llamacpp,2026-07-27T12:58:02.800000,2026-07-27T13:10:24.961000,742.2,1,76.483,6.256,371.0,480.6,31.3
eval/prueba_carga_usuarios/confianza_5090/llamacpp/12b_06b_np1/run_04/telemetria_gpu.csv,prueba_carga_usuarios/confianza_5090,gtc2pc4,llamacpp,2026-07-27T13:13:26.024000,2026-07-27T13:16:26.072000,180.0,1,18.334,0.749,366.6,448.2,31.3
eval/prueba_carga_usuarios/confianza_5090/llamacpp/12b_06b_np1/run_05/telemetria_gpu.csv,prueba_carga_usuarios/confianza_5090,gtc2pc4,llamacpp,2026-07-27T13:19:26.367000,2026-07-27T13:22:26.403000,180.0,1,18.326,0.725,366.4,440.0,30.4
eval/prueba_carga_usuarios/confianza_5090/llamacpp/12b_06b_np1/run_06/telemetria_gpu.csv,prueba_carga_usuarios/confianza_5090,gtc2pc4,llamacpp,2026-07-27T13:23:45.378000,2026-07-27T13:44:34.811000,1249.4,1,126.384,12.033,364.1,492.8,31.3
eval/prueba_carga_usuarios/confianza_5090/llamacpp/12b_06b_np1/run_07/telemetria_gpu.csv,prueba_carga_usuarios/confianza_5090,gtc2pc4,llamacpp,2026-07-27T13:44:59.938000,2026-07-27T14:03:31.208000,1111.3,1,113.711,12.36,368.4,509.7,31.4
eval/prueba_carga_usuarios/confianza_5090/llamacpp/12b_06b_np1/run_08/telemetria_gpu.csv,prueba_carga_usuarios/confianza_5090,gtc2pc4,llamacpp,2026-07-27T14:03:38.709000,2026-07-27T14:10:23.812000,405.1,1,41.34,21.017,367.2,485.3,13.0
eval/prueba_carga_usuarios/confianza_5090/llamacpp/12b_06b_np1/run_09/telemetria_gpu.csv,prueba_carga_usuarios/confianza_5090,gtc2pc4,llamacpp,2026-07-27T14:10:32.116000,2026-07-27T14:17:39.220000,427.1,1,42.31,30.09,356.3,556.6,13.0
eval/prueba_carga_usuarios/confianza_5090/llamacpp/12b_06b_np1/run_10/telemetria_gpu.csv,prueba_carga_usuarios/confianza_5090,gtc2pc4,llamacpp,2026-07-27T14:17:47.091000,2026-07-27T14:24:41.193000,414.1,1,41.935,24.971,363.9,546.9,13.0
eval/prueba_carga_usuarios/confianza_5090/llamacpp/12b_06b_np4/run_01/telemetria_gpu.csv,prueba_carga_usuarios/confianza_5090,gtc2pc4,llamacpp,2026-07-27T11:01:48.359000,2026-07-27T11:07:06.444000,318.1,1,30.776,20.215,348.1,527.3,21.5
eval/prueba_carga_usuarios/confianza_5090/llamacpp/12b_06b_np4/run_02/telemetria_gpu.csv,prueba_carga_usuarios/confianza_5090,gtc2pc4,llamacpp,2026-07-27T11:07:14.493000,2026-07-27T11:11:32.563000,258.1,1,24.849,14.383,346.5,573.1,19.7
eval/prueba_carga_usuarios/confianza_5090/llamacpp/12b_06b_np4/run_03/telemetria_gpu.csv,prueba_carga_usuarios/confianza_5090,gtc2pc4,llamacpp,2026-07-27T11:11:40.794000,2026-07-27T11:17:04.881000,324.1,1,33.224,17.922,369.1,537.7,25.0
eval/prueba_carga_usuarios/confianza_5090/llamacpp/12b_06b_np4/run_04/telemetria_gpu.csv,prueba_carga_usuarios/confianza_5090,gtc2pc4,llamacpp,2026-07-27T11:17:13.208000,2026-07-27T11:22:01.288000,288.1,1,28.273,14.65,353.4,558.5,23.6
eval/prueba_carga_usuarios/confianza_5090/llamacpp/12b_06b_np4/run_05/telemetria_gpu.csv,prueba_carga_usuarios/confianza_5090,gtc2pc4,llamacpp,2026-07-27T11:22:09.441000,2026-07-27T11:26:28.516000,259.1,1,24.89,16.211,346.0,521.6,20.1
eval/prueba_carga_usuarios/confianza_5090/llamacpp/12b_06b_np4/run_06/telemetria_gpu.csv,prueba_carga_usuarios/confianza_5090,gtc2pc4,llamacpp,2026-07-27T11:26:37.054000,2026-07-27T11:33:48.166000,431.1,1,48.596,8.78,405.7,502.4,29.3
eval/prueba_carga_usuarios/confianza_5090/llamacpp/12b_06b_np4/run_07/telemetria_gpu.csv,prueba_carga_usuarios/confianza_5090,gtc2pc4,llamacpp,2026-07-27T11:34:01.703000,2026-07-27T11:40:25.807000,384.1,1,41.589,9.772,389.7,525.8,29.3
eval/prueba_carga_usuarios/confianza_5090/llamacpp/12b_06b_np4/run_08/telemetria_gpu.csv,prueba_carga_usuarios/confianza_5090,gtc2pc4,llamacpp,2026-07-27T11:40:36.909000,2026-07-27T11:45:25.988000,289.1,1,28.802,12.419,358.7,515.6,23.9
eval/prueba_carga_usuarios/confianza_5090/llamacpp/12b_06b_np4/run_09/telemetria_gpu.csv,prueba_carga_usuarios/confianza_5090,gtc2pc4,llamacpp,2026-07-27T11:45:34.138000,2026-07-27T11:50:32.219000,298.1,1,29.718,14.457,358.9,561.6,20.1
eval/prueba_carga_usuarios/confianza_5090/llamacpp/12b_06b_np4/run_10/telemetria_gpu.csv,prueba_carga_usuarios/confianza_5090,gtc2pc4,llamacpp,2026-07-27T11:50:41.735000,2026-07-27T11:55:43.820000,302.1,1,30.184,13.311,359.7,558.3,20.1
eval/prueba_carga_usuarios/confianza_5090/llamacpp/12b_06b_np8/run_01/telemetria_gpu.csv,prueba_carga_usuarios/confianza_5090,gtc2pc4,llamacpp,2026-07-31T12:10:48.967000,2026-07-31T12:15:19.044000,270.1,1,24.602,18.34,328.1,502.5,15.9
eval/prueba_carga_usuarios/confianza_5090/llamacpp/12b_06b_np8/run_02/telemetria_gpu.csv,prueba_carga_usuarios/confianza_5090,gtc2pc4,llamacpp,2026-07-31T12:15:31.215000,2026-07-31T12:19:57.290000,266.1,1,22.727,17.35,307.8,519.9,15.9
eval/prueba_carga_usuarios/confianza_5090/llamacpp/12b_06b_np8/run_03/telemetria_gpu.csv,prueba_carga_usuarios/confianza_5090,gtc2pc4,llamacpp,2026-07-31T12:20:11.514000,2026-07-31T12:25:13.599000,302.1,1,27.634,21.477,329.5,523.8,15.9
eval/prueba_carga_usuarios/confianza_5090/llamacpp/12b_06b_np8/run_04/telemetria_gpu.csv,prueba_carga_usuarios/confianza_5090,gtc2pc4,llamacpp,2026-07-31T12:25:24.373000,2026-07-31T12:30:06.453000,282.1,1,24.401,18.714,311.7,584.0,15.9
eval/prueba_carga_usuarios/confianza_5090/llamacpp/12b_06b_np8/run_05/telemetria_gpu.csv,prueba_carga_usuarios/confianza_5090,gtc2pc4,llamacpp,2026-07-31T12:30:19.890000,2026-07-31T12:35:00.969000,281.1,1,24.433,18.752,313.2,578.7,15.9
eval/prueba_carga_usuarios/confianza_5090/llamacpp/12b_06b_np8/run_06/telemetria_gpu.csv,prueba_carga_usuarios/confianza_5090,gtc2pc4,llamacpp,2026-07-31T12:35:11.454000,2026-07-31T12:39:47.531000,276.1,1,24.124,18.563,314.9,565.0,15.9
eval/prueba_carga_usuarios/confianza_5090/llamacpp/12b_06b_np8/run_07/telemetria_gpu.csv,prueba_carga_usuarios/confianza_5090,gtc2pc4,llamacpp,2026-07-31T12:40:00.767000,2026-07-31T12:44:54.851000,294.1,1,26.639,20.697,326.4,529.7,15.9
eval/prueba_carga_usuarios/confianza_5090/llamacpp/12b_06b_np8/run_08/telemetria_gpu.csv,prueba_carga_usuarios/confianza_5090,gtc2pc4,llamacpp,2026-07-31T12:45:08.278000,2026-07-31T12:49:38.354000,270.1,1,23.897,18.387,318.9,523.3,15.9
eval/prueba_carga_usuarios/confianza_5090/llamacpp/12b_06b_np8/run_09/telemetria_gpu.csv,prueba_carga_usuarios/confianza_5090,gtc2pc4,llamacpp,2026-07-31T12:49:51.423000,2026-07-31T12:54:44.504000,293.1,1,25.217,19.313,310.0,581.8,15.9
eval/prueba_carga_usuarios/confianza_5090/llamacpp/12b_06b_np8/run_10/telemetria_gpu.csv,prueba_carga_usuarios/confianza_5090,gtc2pc4,llamacpp,2026-07-31T12:54:58.468000,2026-07-31T12:59:36.546000,278.1,1,24.661,19.054,319.6,524.1,15.9
eval/prueba_carga_usuarios/confianza_5090/llamacpp/12b_4b_np1/run_01/telemetria_gpu.csv,prueba_carga_usuarios/confianza_5090,gtc2pc4,llamacpp,2026-07-27T14:24:47.632000,2026-07-27T14:32:43.752000,476.1,1,50.533,20.94,381.8,534.3,10.5
eval/prueba_carga_usuarios/confianza_5090/llamacpp/12b_4b_np1/run_02/telemetria_gpu.csv,prueba_carga_usuarios/confianza_5090,gtc2pc4,llamacpp,2026-07-27T14:32:51.172000,2026-07-27T14:40:02.280000,431.1,1,43.42,22.829,362.6,586.8,10.5
eval/prueba_carga_usuarios/confianza_5090/llamacpp/12b_4b_np1/run_03/telemetria_gpu.csv,prueba_carga_usuarios/confianza_5090,gtc2pc4,llamacpp,2026-07-27T14:40:08.784000,2026-07-27T14:48:12.907000,484.1,1,50.797,23.782,377.5,523.6,10.5
eval/prueba_carga_usuarios/confianza_5090/llamacpp/12b_4b_np1/run_04/telemetria_gpu.csv,prueba_carga_usuarios/confianza_5090,gtc2pc4,llamacpp,2026-07-27T14:48:18.004000,2026-07-27T14:55:14.114000,416.1,1,42.666,20.776,368.8,582.8,10.5
eval/prueba_carga_usuarios/confianza_5090/llamacpp/12b_4b_np1/run_05/telemetria_gpu.csv,prueba_carga_usuarios/confianza_5090,gtc2pc4,llamacpp,2026-07-27T14:55:20.796000,2026-07-27T15:02:53.908000,453.1,1,45.597,32.232,362.1,570.3,10.5
eval/prueba_carga_usuarios/confianza_5090/llamacpp/12b_4b_np1/run_06/telemetria_gpu.csv,prueba_carga_usuarios/confianza_5090,gtc2pc4,llamacpp,2026-07-27T15:03:01.289000,2026-07-27T15:10:54.401000,473.1,1,44.967,32.324,342.0,581.9,10.5
eval/prueba_carga_usuarios/confianza_5090/llamacpp/12b_4b_np1/run_07/telemetria_gpu.csv,prueba_carga_usuarios/confianza_5090,gtc2pc4,llamacpp,2026-07-27T15:11:00.808000,2026-07-27T15:18:42.922000,462.1,1,47.37,27.027,368.8,531.7,10.5
eval/prueba_carga_usuarios/confianza_5090/llamacpp/12b_4b_np1/run_08/telemetria_gpu.csv,prueba_carga_usuarios/confianza_5090,gtc2pc4,llamacpp,2026-07-27T15:18:49.485000,2026-07-27T15:25:50.581000,421.1,1,42.125,22.581,359.9,507.6,10.5
eval/prueba_carga_usuarios/confianza_5090/llamacpp/12b_4b_np1/run_09/telemetria_gpu.csv,prueba_carga_usuarios/confianza_5090,gtc2pc4,llamacpp,2026-07-27T15:25:57.847000,2026-07-27T15:33:22.946000,445.1,1,44.397,31.314,358.9,574.0,10.5
eval/prueba_carga_usuarios/confianza_5090/llamacpp/12b_4b_np1/run_10/telemetria_gpu.csv,prueba_carga_usuarios/confianza_5090,gtc2pc4,llamacpp,2026-07-27T15:33:29.712000,2026-07-27T15:40:53.825000,444.1,1,44.947,30.885,364.1,554.4,10.5
eval/prueba_carga_usuarios/confianza_5090/llamacpp/12b_4b_np4/run_01/telemetria_gpu.csv,prueba_carga_usuarios/confianza_5090,gtc2pc4,llamacpp,2026-07-27T11:55:49.592000,2026-07-27T12:01:14.682000,325.1,1,33.283,14.576,368.5,542.0,20.1
eval/prueba_carga_usuarios/confianza_5090/llamacpp/12b_4b_np4/run_02/telemetria_gpu.csv,prueba_carga_usuarios/confianza_5090,gtc2pc4,llamacpp,2026-07-27T12:01:20.432000,2026-07-27T12:05:54.505000,274.1,1,27.234,12.514,357.8,581.4,17.5
eval/prueba_carga_usuarios/confianza_5090/llamacpp/12b_4b_np4/run_03/telemetria_gpu.csv,prueba_carga_usuarios/confianza_5090,gtc2pc4,llamacpp,2026-07-27T12:06:00.724000,2026-07-27T12:10:38.801000,278.1,1,28.149,16.188,364.4,573.6,14.9
eval/prueba_carga_usuarios/confianza_5090/llamacpp/12b_4b_np4/run_04/telemetria_gpu.csv,prueba_carga_usuarios/confianza_5090,gtc2pc4,llamacpp,2026-07-27T12:10:46.676000,2026-07-27T12:15:03.748000,257.1,1,25.219,13.81,353.6,580.3,14.9
eval/prueba_carga_usuarios/confianza_5090/llamacpp/12b_4b_np4/run_05/telemetria_gpu.csv,prueba_carga_usuarios/confianza_5090,gtc2pc4,llamacpp,2026-07-27T12:15:10.292000,2026-07-27T12:19:40.368000,270.1,1,26.941,17.244,359.5,576.0,14.9
eval/prueba_carga_usuarios/confianza_5090/llamacpp/12b_4b_np4/run_06/telemetria_gpu.csv,prueba_carga_usuarios/confianza_5090,gtc2pc4,llamacpp,2026-07-27T12:19:46.372000,2026-07-27T12:24:12.446000,266.1,1,26.576,15.861,359.5,579.2,14.9
eval/prueba_carga_usuarios/confianza_5090/llamacpp/12b_4b_np4/run_07/telemetria_gpu.csv,prueba_carga_usuarios/confianza_5090,gtc2pc4,llamacpp,2026-07-27T12:24:18.868000,2026-07-27T12:28:46.943000,268.1,1,26.873,16.646,361.1,549.2,14.9
eval/prueba_carga_usuarios/confianza_5090/llamacpp/12b_4b_np4/run_08/telemetria_gpu.csv,prueba_carga_usuarios/confianza_5090,gtc2pc4,llamacpp,2026-07-27T12:28:52.809000,2026-07-27T12:33:06.880000,254.1,1,24.75,15.458,350.7,505.0,14.9
eval/prueba_carga_usuarios/confianza_5090/llamacpp/12b_4b_np4/run_09/telemetria_gpu.csv,prueba_carga_usuarios/confianza_5090,gtc2pc4,llamacpp,2026-07-27T12:33:12.300000,2026-07-27T12:37:32.371000,260.1,1,25.744,14.333,356.3,554.5,14.9
eval/prueba_carga_usuarios/confianza_5090/llamacpp/12b_4b_np4/run_10/telemetria_gpu.csv,prueba_carga_usuarios/confianza_5090,gtc2pc4,llamacpp,2026-07-27T12:37:39.879000,2026-07-27T12:42:01.952000,262.1,1,25.885,13.517,355.9,524.2,14.9
eval/prueba_carga_usuarios/confianza_5090/llamacpp/12b_4b_np8/run_01/telemetria_gpu.csv,prueba_carga_usuarios/confianza_5090,gtc2pc4,llamacpp,2026-07-31T12:59:49.563000,2026-07-31T13:05:07.652000,318.1,1,29.012,22.598,328.4,561.2,20.3
eval/prueba_carga_usuarios/confianza_5090/llamacpp/12b_4b_np8/run_02/telemetria_gpu.csv,prueba_carga_usuarios/confianza_5090,gtc2pc4,llamacpp,2026-07-31T13:05:19.567000,2026-07-31T13:10:02.647000,283.1,1,24.889,19.192,316.5,578.5,17.7
eval/prueba_carga_usuarios/confianza_5090/llamacpp/12b_4b_np8/run_03/telemetria_gpu.csv,prueba_carga_usuarios/confianza_5090,gtc2pc4,llamacpp,2026-07-31T13:10:14.177000,2026-07-31T13:15:23.264000,309.1,1,28.459,22.191,331.8,530.3,17.7
eval/prueba_carga_usuarios/confianza_5090/llamacpp/12b_4b_np8/run_04/telemetria_gpu.csv,prueba_carga_usuarios/confianza_5090,gtc2pc4,llamacpp,2026-07-31T13:15:36.991000,2026-07-31T13:20:26.071000,289.1,1,25.773,19.897,321.4,575.9,17.7
eval/prueba_carga_usuarios/confianza_5090/llamacpp/12b_4b_np8/run_05/telemetria_gpu.csv,prueba_carga_usuarios/confianza_5090,gtc2pc4,llamacpp,2026-07-31T13:20:37.423000,2026-07-31T13:25:28.505000,291.1,1,26.254,20.364,324.8,581.6,17.7
eval/prueba_carga_usuarios/confianza_5090/llamacpp/12b_4b_np8/run_06/telemetria_gpu.csv,prueba_carga_usuarios/confianza_5090,gtc2pc4,llamacpp,2026-07-31T13:25:39.526000,2026-07-31T13:30:37.610000,298.1,1,26.781,20.772,323.6,537.9,17.7
eval/prueba_carga_usuarios/confianza_5090/llamacpp/12b_4b_np8/run_07/telemetria_gpu.csv,prueba_carga_usuarios/confianza_5090,gtc2pc4,llamacpp,2026-07-31T13:30:51.055000,2026-07-31T13:35:42.136000,291.1,1,26.892,20.986,333.0,518.1,17.7
eval/prueba_carga_usuarios/confianza_5090/llamacpp/12b_4b_np8/run_08/telemetria_gpu.csv,prueba_carga_usuarios/confianza_5090,gtc2pc4,llamacpp,2026-07-31T13:35:55.459000,2026-07-31T13:40:37.538000,282.1,1,25.659,19.961,327.8,581.3,17.7
eval/prueba_carga_usuarios/confianza_5090/llamacpp/12b_4b_np8/run_09/telemetria_gpu.csv,prueba_carga_usuarios/confianza_5090,gtc2pc4,llamacpp,2026-07-31T13:40:51.313000,2026-07-31T13:45:35.392000,284.1,1,26.314,20.387,333.9,576.0,17.7
eval/prueba_carga_usuarios/confianza_5090/llamacpp/12b_4b_np8/run_10/telemetria_gpu.csv,prueba_carga_usuarios/confianza_5090,gtc2pc4,llamacpp,2026-07-31T13:45:49.339000,2026-07-31T13:50:43.422000,294.1,1,26.452,20.536,324.2,585.1,17.7
eval/prueba_carga_usuarios/confianza_5090/llamacpp/26b_06b_np1/run_01/telemetria_gpu.csv,prueba_carga_usuarios/confianza_5090,gtc2pc4,llamacpp,2026-07-16T21:50:25.076000,2026-07-16T21:54:36.143000,251.1,1,21.705,7.156,310.9,509.4,21.9
eval/prueba_carga_usuarios/confianza_5090/llamacpp/26b_06b_np1/run_02/telemetria_gpu.csv,prueba_carga_usuarios/confianza_5090,gtc2pc4,llamacpp,2026-07-16T21:54:39.632000,2026-07-16T21:58:05.689000,206.1,1,17.686,5.122,309.0,444.7,21.9
eval/prueba_carga_usuarios/confianza_5090/llamacpp/26b_06b_np1/run_03/telemetria_gpu.csv,prueba_carga_usuarios/confianza_5090,gtc2pc4,llamacpp,2026-07-16T21:58:09.626000,2026-07-16T22:01:43.684000,214.1,1,18.792,5.277,316.1,446.4,21.9
eval/prueba_carga_usuarios/confianza_5090/llamacpp/26b_06b_np1/run_04/telemetria_gpu.csv,prueba_carga_usuarios/confianza_5090,gtc2pc4,llamacpp,2026-07-16T22:01:47.999000,2026-07-16T22:05:16.057000,208.1,1,17.898,5.494,309.6,471.7,21.9
eval/prueba_carga_usuarios/confianza_5090/llamacpp/26b_06b_np1/run_05/telemetria_gpu.csv,prueba_carga_usuarios/confianza_5090,gtc2pc4,llamacpp,2026-07-16T22:05:19.198000,2026-07-16T22:09:03.261000,224.1,1,19.8,5.245,317.9,445.8,21.9
eval/prueba_carga_usuarios/confianza_5090/llamacpp/26b_06b_np1/run_06/telemetria_gpu.csv,prueba_carga_usuarios/confianza_5090,gtc2pc4,llamacpp,2026-07-16T22:09:07.142000,2026-07-16T22:12:49.203000,222.1,1,19.776,4.03,320.6,452.1,21.9
eval/prueba_carga_usuarios/confianza_5090/llamacpp/26b_06b_np1/run_07/telemetria_gpu.csv,prueba_carga_usuarios/confianza_5090,gtc2pc4,llamacpp,2026-07-16T22:12:53.190000,2026-07-16T22:16:49.255000,236.1,1,20.789,6.444,317.1,460.3,21.9
eval/prueba_carga_usuarios/confianza_5090/llamacpp/26b_06b_np1/run_08/telemetria_gpu.csv,prueba_carga_usuarios/confianza_5090,gtc2pc4,llamacpp,2026-07-16T22:16:52.758000,2026-07-16T22:20:30.818000,218.1,1,18.816,5.913,310.6,465.5,21.9
eval/prueba_carga_usuarios/confianza_5090/llamacpp/26b_06b_np1/run_09/telemetria_gpu.csv,prueba_carga_usuarios/confianza_5090,gtc2pc4,llamacpp,2026-07-16T22:20:34.042000,2026-07-16T22:24:11.102000,217.1,1,19.171,5.834,318.0,501.3,21.9
eval/prueba_carga_usuarios/confianza_5090/llamacpp/26b_06b_np1/run_10/telemetria_gpu.csv,prueba_carga_usuarios/confianza_5090,gtc2pc4,llamacpp,2026-07-16T22:24:15.218000,2026-07-16T22:28:06.281000,231.1,1,20.132,5.786,313.7,456.5,21.9
eval/prueba_carga_usuarios/confianza_5090/llamacpp/26b_06b_np4/run_01/telemetria_gpu.csv,prueba_carga_usuarios/confianza_5090,gtc2pc4,llamacpp,2026-07-16T20:42:49.625000,2026-07-16T20:45:55.678000,186.1,1,14.814,7.941,286.3,489.2,23.8
eval/prueba_carga_usuarios/confianza_5090/llamacpp/26b_06b_np4/run_02/telemetria_gpu.csv,prueba_carga_usuarios/confianza_5090,gtc2pc4,llamacpp,2026-07-16T20:46:00.221000,2026-07-16T20:48:43.268000,163.0,1,13.07,6.747,288.8,444.2,23.8
eval/prueba_carga_usuarios/confianza_5090/llamacpp/26b_06b_np4/run_03/telemetria_gpu.csv,prueba_carga_usuarios/confianza_5090,gtc2pc4,llamacpp,2026-07-16T20:48:47.830000,2026-07-16T20:51:36.879000,169.0,1,13.872,6.713,295.6,446.2,23.8
eval/prueba_carga_usuarios/confianza_5090/llamacpp/26b_06b_np4/run_04/telemetria_gpu.csv,prueba_carga_usuarios/confianza_5090,gtc2pc4,llamacpp,2026-07-16T20:51:41.818000,2026-07-16T20:54:30.867000,169.0,1,13.581,6.958,289.4,504.2,23.8
eval/prueba_carga_usuarios/confianza_5090/llamacpp/26b_06b_np4/run_05/telemetria_gpu.csv,prueba_carga_usuarios/confianza_5090,gtc2pc4,llamacpp,2026-07-16T20:54:35.262000,2026-07-16T20:57:29.313000,174.1,1,14.329,7.384,296.4,447.7,23.8
eval/prueba_carga_usuarios/confianza_5090/llamacpp/26b_06b_np4/run_06/telemetria_gpu.csv,prueba_carga_usuarios/confianza_5090,gtc2pc4,llamacpp,2026-07-16T20:57:34.316000,2026-07-16T21:00:31.368000,177.1,1,14.831,7.667,301.7,442.2,23.8
eval/prueba_carga_usuarios/confianza_5090/llamacpp/26b_06b_np4/run_07/telemetria_gpu.csv,prueba_carga_usuarios/confianza_5090,gtc2pc4,llamacpp,2026-07-16T21:00:36.062000,2026-07-16T21:03:35.113000,179.1,1,14.75,7.274,296.6,446.4,23.8
eval/prueba_carga_usuarios/confianza_5090/llamacpp/26b_06b_np4/run_08/telemetria_gpu.csv,prueba_carga_usuarios/confianza_5090,gtc2pc4,llamacpp,2026-07-16T21:03:40.085000,2026-07-16T21:06:34.136000,174.1,1,14.201,5.628,293.8,443.2,23.8
eval/prueba_carga_usuarios/confianza_5090/llamacpp/26b_06b_np4/run_09/telemetria_gpu.csv,prueba_carga_usuarios/confianza_5090,gtc2pc4,llamacpp,2026-07-16T21:06:39.113000,2026-07-16T21:09:33.163000,174.1,1,14.384,7.5,297.6,542.2,23.8
eval/prueba_carga_usuarios/confianza_5090/llamacpp/26b_06b_np4/run_10/telemetria_gpu.csv,prueba_carga_usuarios/confianza_5090,gtc2pc4,llamacpp,2026-07-16T21:09:37.454000,2026-07-16T21:12:38.505000,181.1,1,14.617,7.902,290.9,447.9,23.8
eval/prueba_carga_usuarios/confianza_5090/llamacpp/26b_06b_np8/run_01/telemetria_gpu.csv,prueba_carga_usuarios/confianza_5090,gtc2pc4,llamacpp,2026-07-31T11:02:34.795000,2026-07-31T11:05:41.848000,187.1,1,14.494,9.291,278.9,502.1,23.8
eval/prueba_carga_usuarios/confianza_5090/llamacpp/26b_06b_np8/run_02/telemetria_gpu.csv,prueba_carga_usuarios/confianza_5090,gtc2pc4,llamacpp,2026-07-31T11:05:48.762000,2026-07-31T11:08:38.810000,170.0,1,12.981,8.212,275.0,475.8,23.8
eval/prueba_carga_usuarios/confianza_5090/llamacpp/26b_06b_np8/run_03/telemetria_gpu.csv,prueba_carga_usuarios/confianza_5090,gtc2pc4,llamacpp,2026-07-31T11:08:45.171000,2026-07-31T11:11:35.219000,170.0,1,13.097,8.498,277.3,465.9,23.8
eval/prueba_carga_usuarios/confianza_5090/llamacpp/26b_06b_np8/run_04/telemetria_gpu.csv,prueba_carga_usuarios/confianza_5090,gtc2pc4,llamacpp,2026-07-31T11:11:41.954000,2026-07-31T11:14:44.006000,182.1,1,13.893,8.855,274.8,501.6,23.8
eval/prueba_carga_usuarios/confianza_5090/llamacpp/26b_06b_np8/run_05/telemetria_gpu.csv,prueba_carga_usuarios/confianza_5090,gtc2pc4,llamacpp,2026-07-31T11:14:49.743000,2026-07-31T11:17:51.795000,182.1,1,14.461,9.425,286.0,493.2,23.8
eval/prueba_carga_usuarios/confianza_5090/llamacpp/26b_06b_np8/run_06/telemetria_gpu.csv,prueba_carga_usuarios/confianza_5090,gtc2pc4,llamacpp,2026-07-31T11:17:58.051000,2026-07-31T11:21:01.102000,183.1,1,14.295,9.203,281.1,462.9,23.8
eval/prueba_carga_usuarios/confianza_5090/llamacpp/26b_06b_np8/run_07/telemetria_gpu.csv,prueba_carga_usuarios/confianza_5090,gtc2pc4,llamacpp,2026-07-31T11:21:07.247000,2026-07-31T11:24:16.299000,189.1,1,14.723,9.398,280.4,440.8,23.8
eval/prueba_carga_usuarios/confianza_5090/llamacpp/26b_06b_np8/run_08/telemetria_gpu.csv,prueba_carga_usuarios/confianza_5090,gtc2pc4,llamacpp,2026-07-31T11:24:22.403000,2026-07-31T11:27:20.452000,178.0,1,13.715,8.769,277.3,471.2,23.8
eval/prueba_carga_usuarios/confianza_5090/llamacpp/26b_06b_np8/run_09/telemetria_gpu.csv,prueba_carga_usuarios/confianza_5090,gtc2pc4,llamacpp,2026-07-31T11:27:26.939000,2026-07-31T11:30:30.990000,184.1,1,14.318,9.188,280.1,477.5,23.8
eval/prueba_carga_usuarios/confianza_5090/llamacpp/26b_06b_np8/run_10/telemetria_gpu.csv,prueba_carga_usuarios/confianza_5090,gtc2pc4,llamacpp,2026-07-31T11:30:37.495000,2026-07-31T11:33:44.547000,187.1,1,14.547,8.944,279.9,448.7,23.8
eval/prueba_carga_usuarios/confianza_5090/llamacpp/26b_4b_np1/run_01/telemetria_gpu.csv,prueba_carga_usuarios/confianza_5090,gtc2pc4,llamacpp,2026-07-16T22:28:11.313000,2026-07-16T22:32:33.383000,262.1,1,23.455,6.714,322.2,470.1,21.9
eval/prueba_carga_usuarios/confianza_5090/llamacpp/26b_4b_np1/run_02/telemetria_gpu.csv,prueba_carga_usuarios/confianza_5090,gtc2pc4,llamacpp,2026-07-16T22:32:38.343000,2026-07-16T22:36:05.401000,207.1,1,18.105,5.459,315.0,470.1,20.4
eval/prueba_carga_usuarios/confianza_5090/llamacpp/26b_4b_np1/run_03/telemetria_gpu.csv,prueba_carga_usuarios/confianza_5090,gtc2pc4,llamacpp,2026-07-16T22:36:10.406000,2026-07-16T22:39:48.466000,218.1,1,18.637,9.16,307.8,450.4,20.4
eval/prueba_carga_usuarios/confianza_5090/llamacpp/26b_4b_np1/run_04/telemetria_gpu.csv,prueba_carga_usuarios/confianza_5090,gtc2pc4,llamacpp,2026-07-16T22:39:52.853000,2026-07-16T22:46:09.951000,377.1,1,20.645,18.905,197.0,511.6,20.4
eval/prueba_carga_usuarios/confianza_5090/llamacpp/26b_4b_np1/run_05/telemetria_gpu.csv,prueba_carga_usuarios/confianza_5090,gtc2pc4,llamacpp,2026-07-16T22:46:14.509000,2026-07-16T22:50:07.574000,233.1,1,20.498,6.551,316.5,455.9,20.4
eval/prueba_carga_usuarios/confianza_5090/llamacpp/26b_4b_np1/run_06/telemetria_gpu.csv,prueba_carga_usuarios/confianza_5090,gtc2pc4,llamacpp,2026-07-16T22:50:11.974000,2026-07-16T22:54:02.036000,230.1,1,20.825,6.521,325.9,479.1,20.4
eval/prueba_carga_usuarios/confianza_5090/llamacpp/26b_4b_np1/run_07/telemetria_gpu.csv,prueba_carga_usuarios/confianza_5090,gtc2pc4,llamacpp,2026-07-16T22:54:07.201000,2026-07-16T22:58:02.265000,235.1,1,21.04,6.83,322.2,453.6,20.4
eval/prueba_carga_usuarios/confianza_5090/llamacpp/26b_4b_np1/run_08/telemetria_gpu.csv,prueba_carga_usuarios/confianza_5090,gtc2pc4,llamacpp,2026-07-16T22:58:06.888000,2026-07-16T23:01:39.948000,213.1,1,18.556,6.045,313.6,433.1,20.4
eval/prueba_carga_usuarios/confianza_5090/llamacpp/26b_4b_np1/run_09/telemetria_gpu.csv,prueba_carga_usuarios/confianza_5090,gtc2pc4,llamacpp,2026-07-16T23:01:44.864000,2026-07-16T23:06:58.949000,314.1,1,21.08,19.588,241.4,518.4,20.4
eval/prueba_carga_usuarios/confianza_5090/llamacpp/26b_4b_np1/run_10/telemetria_gpu.csv,prueba_carga_usuarios/confianza_5090,gtc2pc4,llamacpp,2026-07-16T23:07:03.984000,2026-07-16T23:10:55.047000,231.1,1,20.535,6.907,320.2,496.0,20.4
eval/prueba_carga_usuarios/confianza_5090/llamacpp/26b_4b_np4/run_01/telemetria_gpu.csv,prueba_carga_usuarios/confianza_5090,gtc2pc4,llamacpp,2026-07-16T21:12:44.720000,2026-07-16T21:15:57.775000,193.1,1,16.544,6.743,308.7,491.5,23.8
eval/prueba_carga_usuarios/confianza_5090/llamacpp/26b_4b_np4/run_02/telemetria_gpu.csv,prueba_carga_usuarios/confianza_5090,gtc2pc4,llamacpp,2026-07-16T21:16:03.829000,2026-07-16T21:18:46.875000,163.0,1,13.337,7.226,294.8,476.6,22.2
eval/prueba_carga_usuarios/confianza_5090/llamacpp/26b_4b_np4/run_03/telemetria_gpu.csv,prueba_carga_usuarios/confianza_5090,gtc2pc4,llamacpp,2026-07-16T21:18:52.360000,2026-07-16T21:21:38.407000,166.0,1,13.871,6.602,300.9,459.8,22.2
eval/prueba_carga_usuarios/confianza_5090/llamacpp/26b_4b_np4/run_04/telemetria_gpu.csv,prueba_carga_usuarios/confianza_5090,gtc2pc4,llamacpp,2026-07-16T21:21:44.499000,2026-07-16T21:24:36.549000,172.1,1,14.35,7.682,300.3,523.0,22.2
eval/prueba_carga_usuarios/confianza_5090/llamacpp/26b_4b_np4/run_05/telemetria_gpu.csv,prueba_carga_usuarios/confianza_5090,gtc2pc4,llamacpp,2026-07-16T21:24:42.926000,2026-07-16T21:27:40.977000,178.1,1,14.943,7.77,302.3,440.8,22.2
eval/prueba_carga_usuarios/confianza_5090/llamacpp/26b_4b_np4/run_06/telemetria_gpu.csv,prueba_carga_usuarios/confianza_5090,gtc2pc4,llamacpp,2026-07-16T21:27:47.774000,2026-07-16T21:30:50.826000,183.1,1,15.681,8.18,308.5,452.3,22.2
eval/prueba_carga_usuarios/confianza_5090/llamacpp/26b_4b_np4/run_07/telemetria_gpu.csv,prueba_carga_usuarios/confianza_5090,gtc2pc4,llamacpp,2026-07-16T21:30:57.263000,2026-07-16T21:33:57.314000,180.1,1,15.243,6.707,305.0,440.5,22.2
eval/prueba_carga_usuarios/confianza_5090/llamacpp/26b_4b_np4/run_08/telemetria_gpu.csv,prueba_carga_usuarios/confianza_5090,gtc2pc4,llamacpp,2026-07-16T21:34:04.028000,2026-07-16T21:36:54.077000,170.0,1,14.11,7.904,298.8,465.0,22.2
eval/prueba_carga_usuarios/confianza_5090/llamacpp/26b_4b_np4/run_09/telemetria_gpu.csv,prueba_carga_usuarios/confianza_5090,gtc2pc4,llamacpp,2026-07-16T21:36:59.151000,2026-07-16T21:39:51.202000,172.1,1,14.373,8.43,301.0,478.8,22.2
eval/prueba_carga_usuarios/confianza_5090/llamacpp/26b_4b_np4/run_10/telemetria_gpu.csv,prueba_carga_usuarios/confianza_5090,gtc2pc4,llamacpp,2026-07-16T21:39:56.689000,2026-07-16T21:42:55.740000,179.1,1,15.153,7.196,304.7,484.9,22.2
eval/prueba_carga_usuarios/confianza_5090/llamacpp/26b_4b_np8/run_01/telemetria_gpu.csv,prueba_carga_usuarios/confianza_5090,gtc2pc4,llamacpp,2026-07-31T11:33:54.991000,2026-07-31T11:37:15.047000,200.1,1,16.372,9.42,294.7,484.8,28.2
eval/prueba_carga_usuarios/confianza_5090/llamacpp/26b_4b_np8/run_02/telemetria_gpu.csv,prueba_carga_usuarios/confianza_5090,gtc2pc4,llamacpp,2026-07-31T11:37:22.891000,2026-07-31T11:40:15.941000,173.1,1,13.575,8.821,282.7,517.8,25.6
eval/prueba_carga_usuarios/confianza_5090/llamacpp/26b_4b_np8/run_03/telemetria_gpu.csv,prueba_carga_usuarios/confianza_5090,gtc2pc4,llamacpp,2026-07-31T11:40:24.041000,2026-07-31T11:43:16.090000,172.0,1,13.87,9.038,290.5,484.1,25.6
eval/prueba_carga_usuarios/confianza_5090/llamacpp/26b_4b_np8/run_04/telemetria_gpu.csv,prueba_carga_usuarios/confianza_5090,gtc2pc4,llamacpp,2026-07-31T11:43:23.691000,2026-07-31T11:46:26.743000,183.1,1,14.707,9.577,289.5,501.4,25.6
eval/prueba_carga_usuarios/confianza_5090/llamacpp/26b_4b_np8/run_05/telemetria_gpu.csv,prueba_carga_usuarios/confianza_5090,gtc2pc4,llamacpp,2026-07-31T11:46:34.954000,2026-07-31T11:49:45.009000,190.1,1,15.291,9.484,289.8,482.8,25.6
eval/prueba_carga_usuarios/confianza_5090/llamacpp/26b_4b_np8/run_06/telemetria_gpu.csv,prueba_carga_usuarios/confianza_5090,gtc2pc4,llamacpp,2026-07-31T11:49:52.347000,2026-07-31T11:52:58.399000,186.1,1,14.89,9.612,288.3,527.2,25.6
eval/prueba_carga_usuarios/confianza_5090/llamacpp/26b_4b_np8/run_07/telemetria_gpu.csv,prueba_carga_usuarios/confianza_5090,gtc2pc4,llamacpp,2026-07-31T11:53:06.450000,2026-07-31T11:56:20.505000,194.1,1,15.687,10.24,291.2,431.9,25.6
eval/prueba_carga_usuarios/confianza_5090/llamacpp/26b_4b_np8/run_08/telemetria_gpu.csv,prueba_carga_usuarios/confianza_5090,gtc2pc4,llamacpp,2026-07-31T11:56:28.268000,2026-07-31T11:59:31.320000,183.1,1,14.93,9.844,293.8,485.7,25.6
eval/prueba_carga_usuarios/confianza_5090/llamacpp/26b_4b_np8/run_09/telemetria_gpu.csv,prueba_carga_usuarios/confianza_5090,gtc2pc4,llamacpp,2026-07-31T11:59:38.499000,2026-07-31T12:02:43.552000,185.1,1,14.857,9.679,289.2,531.3,25.6
eval/prueba_carga_usuarios/confianza_5090/llamacpp/26b_4b_np8/run_10/telemetria_gpu.csv,prueba_carga_usuarios/confianza_5090,gtc2pc4,llamacpp,2026-07-31T12:02:50.675000,2026-07-31T12:06:00.729000,190.1,1,15.238,9.98,288.6,457.4,25.6
eval/prueba_carga_usuarios/confianza_5090/ollama/12b_06b_np1/run_01/telemetria_gpu.csv,prueba_carga_usuarios/confianza_5090,gtc2pc4,ollama,2026-07-27T21:08:34.581000,2026-07-27T21:16:36.705000,482.1,1,47.027,13.04,350.9,502.6,15.9
eval/prueba_carga_usuarios/confianza_5090/ollama/12b_06b_np1/run_02/telemetria_gpu.csv,prueba_carga_usuarios/confianza_5090,gtc2pc4,ollama,2026-07-27T21:17:04.318000,2026-07-27T21:24:15.427000,431.1,1,41.699,12.893,348.0,512.4,15.9
eval/prueba_carga_usuarios/confianza_5090/ollama/12b_06b_np1/run_03/telemetria_gpu.csv,prueba_carga_usuarios/confianza_5090,gtc2pc4,ollama,2026-07-27T21:24:44.237000,2026-07-27T21:33:15.359000,511.1,1,50.483,13.35,355.3,513.1,15.9
eval/prueba_carga_usuarios/confianza_5090/ollama/12b_06b_np1/run_04/telemetria_gpu.csv,prueba_carga_usuarios/confianza_5090,gtc2pc4,ollama,2026-07-27T21:33:42.341000,2026-07-27T21:41:01.455000,439.1,1,42.206,13.537,345.8,564.8,15.9
eval/prueba_carga_usuarios/confianza_5090/ollama/12b_06b_np1/run_05/telemetria_gpu.csv,prueba_carga_usuarios/confianza_5090,gtc2pc4,ollama,2026-07-27T21:41:28.237000,2026-07-27T21:48:49.357000,441.1,1,42.704,13.39,348.3,516.2,15.9
eval/prueba_carga_usuarios/confianza_5090/ollama/12b_06b_np1/run_06/telemetria_gpu.csv,prueba_carga_usuarios/confianza_5090,gtc2pc4,ollama,2026-07-27T21:49:18.220000,2026-07-27T21:56:30.331000,432.1,1,42.039,12.323,350.0,516.0,15.9
eval/prueba_carga_usuarios/confianza_5090/ollama/12b_06b_np1/run_07/telemetria_gpu.csv,prueba_carga_usuarios/confianza_5090,gtc2pc4,ollama,2026-07-27T21:56:58.420000,2026-07-27T22:04:45.545000,467.1,1,45.532,12.714,350.7,490.4,15.9
eval/prueba_carga_usuarios/confianza_5090/ollama/12b_06b_np1/run_08/telemetria_gpu.csv,prueba_carga_usuarios/confianza_5090,gtc2pc4,ollama,2026-07-27T22:05:14.557000,2026-07-27T22:12:24.667000,430.1,1,41.578,13.684,347.8,512.4,15.9
eval/prueba_carga_usuarios/confianza_5090/ollama/12b_06b_np1/run_09/telemetria_gpu.csv,prueba_carga_usuarios/confianza_5090,gtc2pc4,ollama,2026-07-27T22:12:52.093000,2026-07-27T22:20:17.210000,445.1,1,43.515,12.614,351.6,544.0,15.9
eval/prueba_carga_usuarios/confianza_5090/ollama/12b_06b_np1/run_10/telemetria_gpu.csv,prueba_carga_usuarios/confianza_5090,gtc2pc4,ollama,2026-07-27T22:20:46.597000,2026-07-27T22:27:57.707000,431.1,1,41.485,12.931,346.2,512.2,15.9
eval/prueba_carga_usuarios/confianza_5090/ollama/12b_06b_np4/run_01/telemetria_gpu.csv,prueba_carga_usuarios/confianza_5090,gtc2pc4,ollama,2026-07-27T19:06:35.870000,2026-07-27T19:12:35.966000,360.1,1,29.648,14.753,296.2,484.6,20.0
eval/prueba_carga_usuarios/confianza_5090/ollama/12b_06b_np4/run_02/telemetria_gpu.csv,prueba_carga_usuarios/confianza_5090,gtc2pc4,ollama,2026-07-27T19:13:01.859000,2026-07-27T19:18:24.947000,323.1,1,26.388,15.763,293.8,475.4,20.0
eval/prueba_carga_usuarios/confianza_5090/ollama/12b_06b_np4/run_03/telemetria_gpu.csv,prueba_carga_usuarios/confianza_5090,gtc2pc4,ollama,2026-07-27T19:18:51.529000,2026-07-27T19:25:00.628000,369.1,1,30.872,17.554,301.0,473.6,20.0
eval/prueba_carga_usuarios/confianza_5090/ollama/12b_06b_np4/run_04/telemetria_gpu.csv,prueba_carga_usuarios/confianza_5090,gtc2pc4,ollama,2026-07-27T19:25:27.356000,2026-07-27T19:31:03.447000,336.1,1,27.918,14.461,298.9,489.6,20.0
eval/prueba_carga_usuarios/confianza_5090/ollama/12b_06b_np4/run_05/telemetria_gpu.csv,prueba_carga_usuarios/confianza_5090,gtc2pc4,ollama,2026-07-27T19:31:29.729000,2026-07-27T19:37:04.822000,335.1,1,27.721,17.537,297.7,500.8,20.0
eval/prueba_carga_usuarios/confianza_5090/ollama/12b_06b_np4/run_06/telemetria_gpu.csv,prueba_carga_usuarios/confianza_5090,gtc2pc4,ollama,2026-07-27T19:37:31.196000,2026-07-27T19:43:05.289000,334.1,1,27.877,18.281,300.2,489.0,20.0
eval/prueba_carga_usuarios/confianza_5090/ollama/12b_06b_np4/run_07/telemetria_gpu.csv,prueba_carga_usuarios/confianza_5090,gtc2pc4,ollama,2026-07-27T19:43:32.386000,2026-07-27T19:49:22.482000,350.1,1,29.238,17.647,300.4,499.5,20.0
eval/prueba_carga_usuarios/confianza_5090/ollama/12b_06b_np4/run_08/telemetria_gpu.csv,prueba_carga_usuarios/confianza_5090,gtc2pc4,ollama,2026-07-27T19:49:49.321000,2026-07-27T19:55:19.412000,330.1,1,27.442,17.129,299.1,491.3,20.0
eval/prueba_carga_usuarios/confianza_5090/ollama/12b_06b_np4/run_09/telemetria_gpu.csv,prueba_carga_usuarios/confianza_5090,gtc2pc4,ollama,2026-07-27T19:55:46.548000,2026-07-27T20:01:14.639000,328.1,1,27.248,14.969,298.8,535.0,20.0
eval/prueba_carga_usuarios/confianza_5090/ollama/12b_06b_np4/run_10/telemetria_gpu.csv,prueba_carga_usuarios/confianza_5090,gtc2pc4,ollama,2026-07-27T20:01:41.309000,2026-07-27T20:07:24.403000,343.1,1,28.297,14.922,296.7,492.9,20.0
eval/prueba_carga_usuarios/confianza_5090/ollama/12b_06b_np8/run_01/telemetria_gpu.csv,prueba_carga_usuarios/confianza_5090,gtc2pc4,ollama,2026-08-01T02:28:07.320000,2026-08-01T02:34:16.421000,369.1,1,27.925,20.369,272.5,499.1,20.4
eval/prueba_carga_usuarios/confianza_5090/ollama/12b_06b_np8/run_02/telemetria_gpu.csv,prueba_carga_usuarios/confianza_5090,gtc2pc4,ollama,2026-08-01T02:34:41.092000,2026-08-01T02:40:33.188000,352.1,1,26.67,19.531,272.8,517.5,20.4
eval/prueba_carga_usuarios/confianza_5090/ollama/12b_06b_np8/run_03/telemetria_gpu.csv,prueba_carga_usuarios/confianza_5090,gtc2pc4,ollama,2026-08-01T02:40:57.963000,2026-08-01T02:47:31.069000,393.1,1,30.977,20.392,283.8,489.8,20.4
eval/prueba_carga_usuarios/confianza_5090/ollama/12b_06b_np8/run_04/telemetria_gpu.csv,prueba_carga_usuarios/confianza_5090,gtc2pc4,ollama,2026-08-01T02:47:56.567000,2026-08-01T02:54:02.667000,366.1,1,28.378,20.907,279.2,477.5,20.4
eval/prueba_carga_usuarios/confianza_5090/ollama/12b_06b_np8/run_05/telemetria_gpu.csv,prueba_carga_usuarios/confianza_5090,gtc2pc4,ollama,2026-08-01T02:54:27.363000,2026-08-01T03:00:31.462000,364.1,1,27.484,20.113,271.9,493.4,20.4
eval/prueba_carga_usuarios/confianza_5090/ollama/12b_06b_np8/run_06/telemetria_gpu.csv,prueba_carga_usuarios/confianza_5090,gtc2pc4,ollama,2026-08-01T03:00:56.325000,2026-08-01T03:07:14.427000,378.1,1,28.838,21.216,274.7,513.9,20.4
eval/prueba_carga_usuarios/confianza_5090/ollama/12b_06b_np8/run_07/telemetria_gpu.csv,prueba_carga_usuarios/confianza_5090,gtc2pc4,ollama,2026-08-01T03:07:39.539000,2026-08-01T03:13:56.641000,377.1,1,28.769,21.113,274.8,484.8,20.4
eval/prueba_carga_usuarios/confianza_5090/ollama/12b_06b_np8/run_08/telemetria_gpu.csv,prueba_carga_usuarios/confianza_5090,gtc2pc4,ollama,2026-08-01T03:14:21.835000,2026-08-01T03:20:23.936000,362.1,1,28.041,20.634,278.9,475.7,20.4
eval/prueba_carga_usuarios/confianza_5090/ollama/12b_06b_np8/run_09/telemetria_gpu.csv,prueba_carga_usuarios/confianza_5090,gtc2pc4,ollama,2026-08-01T03:20:49.160000,2026-08-01T03:26:52.259000,363.1,1,28.089,20.655,278.6,535.2,20.4
eval/prueba_carga_usuarios/confianza_5090/ollama/12b_06b_np8/run_10/telemetria_gpu.csv,prueba_carga_usuarios/confianza_5090,gtc2pc4,ollama,2026-08-01T03:27:17.635000,2026-08-01T03:33:25.736000,368.1,1,28.549,20.803,279.4,522.5,20.4
eval/prueba_carga_usuarios/confianza_5090/ollama/12b_4b_np1/run_01/telemetria_gpu.csv,prueba_carga_usuarios/confianza_5090,gtc2pc4,ollama,2026-07-27T22:28:20.206000,2026-07-27T22:36:32.326000,492.1,1,48.444,13.983,354.3,523.0,13.3
eval/prueba_carga_usuarios/confianza_5090/ollama/12b_4b_np1/run_02/telemetria_gpu.csv,prueba_carga_usuarios/confianza_5090,gtc2pc4,ollama,2026-07-27T22:36:55.557000,2026-07-27T22:44:07.667000,432.1,1,42.047,13.053,350.2,534.8,13.3
eval/prueba_carga_usuarios/confianza_5090/ollama/12b_4b_np1/run_03/telemetria_gpu.csv,prueba_carga_usuarios/confianza_5090,gtc2pc4,ollama,2026-07-27T22:44:32.489000,2026-07-27T22:53:05.617000,513.1,1,51.048,13.217,358.2,493.8,13.3
eval/prueba_carga_usuarios/confianza_5090/ollama/12b_4b_np1/run_04/telemetria_gpu.csv,prueba_carga_usuarios/confianza_5090,gtc2pc4,ollama,2026-07-27T22:53:29.066000,2026-07-27T23:00:53.180000,444.1,1,42.912,14.013,347.9,520.8,13.3
eval/prueba_carga_usuarios/confianza_5090/ollama/12b_4b_np1/run_05/telemetria_gpu.csv,prueba_carga_usuarios/confianza_5090,gtc2pc4,ollama,2026-07-27T23:01:15.687000,2026-07-27T23:08:48.806000,453.1,1,44.586,14.529,354.1,526.2,13.3
eval/prueba_carga_usuarios/confianza_5090/ollama/12b_4b_np1/run_06/telemetria_gpu.csv,prueba_carga_usuarios/confianza_5090,gtc2pc4,ollama,2026-07-27T23:09:11.535000,2026-07-27T23:16:45.653000,454.1,1,44.716,14.456,354.5,562.4,13.3
eval/prueba_carga_usuarios/confianza_5090/ollama/12b_4b_np1/run_07/telemetria_gpu.csv,prueba_carga_usuarios/confianza_5090,gtc2pc4,ollama,2026-07-27T23:17:10.214000,2026-07-27T23:24:53.335000,463.1,1,45.62,15.005,354.7,502.3,13.3
eval/prueba_carga_usuarios/confianza_5090/ollama/12b_4b_np1/run_08/telemetria_gpu.csv,prueba_carga_usuarios/confianza_5090,gtc2pc4,ollama,2026-07-27T23:25:15.518000,2026-07-27T23:32:21.634000,426.1,1,41.679,12.278,352.0,509.4,13.3
eval/prueba_carga_usuarios/confianza_5090/ollama/12b_4b_np1/run_09/telemetria_gpu.csv,prueba_carga_usuarios/confianza_5090,gtc2pc4,ollama,2026-07-27T23:32:46.065000,2026-07-27T23:40:14.181000,448.1,1,43.907,13.809,352.8,533.4,13.3
eval/prueba_carga_usuarios/confianza_5090/ollama/12b_4b_np1/run_10/telemetria_gpu.csv,prueba_carga_usuarios/confianza_5090,gtc2pc4,ollama,2026-07-27T23:40:36.481000,2026-07-27T23:48:05.599000,449.1,1,44.118,12.482,353.5,518.5,13.3
eval/prueba_carga_usuarios/confianza_5090/ollama/12b_4b_np4/run_01/telemetria_gpu.csv,prueba_carga_usuarios/confianza_5090,gtc2pc4,ollama,2026-07-27T20:07:49.548000,2026-07-29T14:22:33.123000,152083.6,1,4570.369,3963.302,108.6,564.8,31.4
eval/prueba_carga_usuarios/confianza_5090/ollama/12b_4b_np4/run_02/telemetria_gpu.csv,prueba_carga_usuarios/confianza_5090,gtc2pc4,ollama,2026-07-27T20:14:10.402000,2026-07-27T20:19:29.490000,319.1,1,26.884,12.977,303.6,489.8,17.5
eval/prueba_carga_usuarios/confianza_5090/ollama/12b_4b_np4/run_03/telemetria_gpu.csv,prueba_carga_usuarios/confianza_5090,gtc2pc4,ollama,2026-07-27T20:19:54.389000,2026-07-27T20:26:09.490000,375.1,1,32.323,15.575,310.4,498.4,17.5
eval/prueba_carga_usuarios/confianza_5090/ollama/12b_4b_np4/run_04/telemetria_gpu.csv,prueba_carga_usuarios/confianza_5090,gtc2pc4,ollama,2026-07-27T20:26:34.520000,2026-07-27T20:32:03.609000,329.1,1,27.429,12.405,300.2,495.3,17.5
eval/prueba_carga_usuarios/confianza_5090/ollama/12b_4b_np4/run_05/telemetria_gpu.csv,prueba_carga_usuarios/confianza_5090,gtc2pc4,ollama,2026-07-27T20:32:28.019000,2026-07-27T20:38:04.111000,336.1,1,28.391,13.801,304.3,503.4,17.5
eval/prueba_carga_usuarios/confianza_5090/ollama/12b_4b_np4/run_06/telemetria_gpu.csv,prueba_carga_usuarios/confianza_5090,gtc2pc4,ollama,2026-07-27T20:38:29.255000,2026-07-27T20:44:11.348000,342.1,1,29.527,13.966,310.9,511.4,17.5
eval/prueba_carga_usuarios/confianza_5090/ollama/12b_4b_np4/run_07/telemetria_gpu.csv,prueba_carga_usuarios/confianza_5090,gtc2pc4,ollama,2026-07-27T20:44:34.912000,2026-07-27T20:50:17.006000,342.1,1,28.877,15.11,304.1,484.1,17.5
eval/prueba_carga_usuarios/confianza_5090/ollama/12b_4b_np4/run_08/telemetria_gpu.csv,prueba_carga_usuarios/confianza_5090,gtc2pc4,ollama,2026-07-27T20:50:39.357000,2026-07-27T20:56:04.443000,325.1,1,27.613,14.882,306.1,503.1,17.5
eval/prueba_carga_usuarios/confianza_5090/ollama/12b_4b_np4/run_09/telemetria_gpu.csv,prueba_carga_usuarios/confianza_5090,gtc2pc4,ollama,2026-07-27T20:56:29.029000,2026-07-27T21:02:04.119000,335.1,1,28.521,14.113,306.6,500.6,17.5
eval/prueba_carga_usuarios/confianza_5090/ollama/12b_4b_np4/run_10/telemetria_gpu.csv,prueba_carga_usuarios/confianza_5090,gtc2pc4,ollama,2026-07-27T21:02:28.869000,2026-07-27T21:07:58.958000,330.1,1,27.78,13.694,303.2,498.9,17.5
eval/prueba_carga_usuarios/confianza_5090/ollama/12b_4b_np8/run_01/telemetria_gpu.csv,prueba_carga_usuarios/confianza_5090,gtc2pc4,ollama,2026-08-01T03:33:51.235000,2026-08-01T03:40:22.341000,391.1,1,31.405,22.513,289.3,478.1,22.2
eval/prueba_carga_usuarios/confianza_5090/ollama/12b_4b_np8/run_02/telemetria_gpu.csv,prueba_carga_usuarios/confianza_5090,gtc2pc4,ollama,2026-08-01T03:40:45.293000,2026-08-01T03:46:32.389000,347.1,1,27.593,20.493,286.4,498.4,22.2
eval/prueba_carga_usuarios/confianza_5090/ollama/12b_4b_np8/run_03/telemetria_gpu.csv,prueba_carga_usuarios/confianza_5090,gtc2pc4,ollama,2026-08-01T03:46:56.688000,2026-08-01T03:53:35.798000,399.1,1,32.163,22.482,290.3,510.8,22.2
eval/prueba_carga_usuarios/confianza_5090/ollama/12b_4b_np8/run_04/telemetria_gpu.csv,prueba_carga_usuarios/confianza_5090,gtc2pc4,ollama,2026-08-01T03:53:59.547000,2026-08-01T03:59:50.643000,351.1,1,27.87,20.585,286.0,515.6,22.2
eval/prueba_carga_usuarios/confianza_5090/ollama/12b_4b_np8/run_05/telemetria_gpu.csv,prueba_carga_usuarios/confianza_5090,gtc2pc4,ollama,2026-08-01T04:00:14.628000,2026-08-01T04:06:28.744000,374.1,1,29.412,21.76,283.3,452.2,22.2
eval/prueba_carga_usuarios/confianza_5090/ollama/12b_4b_np8/run_06/telemetria_gpu.csv,prueba_carga_usuarios/confianza_5090,gtc2pc4,ollama,2026-08-01T04:06:53.366000,2026-08-01T04:13:07.469000,374.1,1,30.045,22.415,289.4,513.4,22.2
eval/prueba_carga_usuarios/confianza_5090/ollama/12b_4b_np8/run_07/telemetria_gpu.csv,prueba_carga_usuarios/confianza_5090,gtc2pc4,ollama,2026-08-01T04:13:31.638000,2026-08-01T04:19:44.740000,373.1,1,29.981,22.276,289.5,477.2,22.2
eval/prueba_carga_usuarios/confianza_5090/ollama/12b_4b_np8/run_08/telemetria_gpu.csv,prueba_carga_usuarios/confianza_5090,gtc2pc4,ollama,2026-08-01T04:20:09.340000,2026-08-01T04:26:03.437000,354.1,1,27.724,20.552,282.1,470.0,22.2
eval/prueba_carga_usuarios/confianza_5090/ollama/12b_4b_np8/run_09/telemetria_gpu.csv,prueba_carga_usuarios/confianza_5090,gtc2pc4,ollama,2026-08-01T04:26:27.653000,2026-08-01T04:32:35.753000,368.1,1,29.06,21.597,284.3,530.8,22.2
eval/prueba_carga_usuarios/confianza_5090/ollama/12b_4b_np8/run_10/telemetria_gpu.csv,prueba_carga_usuarios/confianza_5090,gtc2pc4,ollama,2026-08-01T04:33:00.107000,2026-08-01T04:39:07.208000,367.1,1,28.547,21.131,280.2,535.2,22.2
eval/prueba_carga_usuarios/confianza_5090/ollama/26b_06b_np1/run_01/telemetria_gpu.csv,prueba_carga_usuarios/confianza_5090,gtc2pc4,ollama,2026-08-01T00:08:32.311000,2026-08-01T00:13:58.394000,326.1,1,23.312,7.627,257.3,432.3,21.0
eval/prueba_carga_usuarios/confianza_5090/ollama/26b_06b_np1/run_02/telemetria_gpu.csv,prueba_carga_usuarios/confianza_5090,gtc2pc4,ollama,2026-08-01T00:14:23.440000,2026-08-01T00:18:41.509000,258.1,1,18.397,6.193,256.5,420.5,21.0
eval/prueba_carga_usuarios/confianza_5090/ollama/26b_06b_np1/run_03/telemetria_gpu.csv,prueba_carga_usuarios/confianza_5090,gtc2pc4,ollama,2026-08-01T00:19:05.779000,2026-08-01T00:32:06.056000,780.3,1,24.355,19.623,112.4,408.8,21.0
eval/prueba_carga_usuarios/confianza_5090/ollama/26b_06b_np1/run_04/telemetria_gpu.csv,prueba_carga_usuarios/confianza_5090,gtc2pc4,ollama,2026-08-01T00:32:30.403000,2026-08-01T00:41:05.538000,515.1,1,21.157,17.926,147.8,464.2,21.0
eval/prueba_carga_usuarios/confianza_5090/ollama/26b_06b_np1/run_05/telemetria_gpu.csv,prueba_carga_usuarios/confianza_5090,gtc2pc4,ollama,2026-08-01T00:41:29.816000,2026-08-01T00:46:06.892000,277.1,1,19.963,6.855,259.3,409.3,21.0
eval/prueba_carga_usuarios/confianza_5090/ollama/26b_06b_np1/run_06/telemetria_gpu.csv,prueba_carga_usuarios/confianza_5090,gtc2pc4,ollama,2026-08-01T00:46:31.839000,2026-08-01T00:51:15.917000,284.1,1,20.562,7.116,260.5,408.8,21.0
eval/prueba_carga_usuarios/confianza_5090/ollama/26b_06b_np1/run_07/telemetria_gpu.csv,prueba_carga_usuarios/confianza_5090,gtc2pc4,ollama,2026-08-01T00:51:40.047000,2026-08-01T00:56:47.127000,307.1,1,22.094,7.308,259.1,406.3,21.0
eval/prueba_carga_usuarios/confianza_5090/ollama/26b_06b_np1/run_08/telemetria_gpu.csv,prueba_carga_usuarios/confianza_5090,gtc2pc4,ollama,2026-08-01T00:57:12.392000,2026-08-01T01:03:27.492000,375.1,1,20.468,18.147,196.2,404.3,21.0
eval/prueba_carga_usuarios/confianza_5090/ollama/26b_06b_np1/run_09/telemetria_gpu.csv,prueba_carga_usuarios/confianza_5090,gtc2pc4,ollama,2026-08-01T01:03:51.892000,2026-08-01T01:10:25.997000,394.1,1,20.907,18.423,191.1,470.8,21.0
eval/prueba_carga_usuarios/confianza_5090/ollama/26b_06b_np1/run_10/telemetria_gpu.csv,prueba_carga_usuarios/confianza_5090,gtc2pc4,ollama,2026-08-01T01:10:51.059000,2026-08-01T01:15:46.139000,295.1,1,21.016,6.516,256.3,422.4,21.0
eval/prueba_carga_usuarios/confianza_5090/ollama/26b_06b_np4/run_01/telemetria_gpu.csv,prueba_carga_usuarios/confianza_5090,gtc2pc4,ollama,2026-07-31T21:59:46.716000,2026-07-31T22:04:09.788000,263.1,1,16.732,7.994,229.1,402.2,23.1
eval/prueba_carga_usuarios/confianza_5090/ollama/26b_06b_np4/run_02/telemetria_gpu.csv,prueba_carga_usuarios/confianza_5090,gtc2pc4,ollama,2026-07-31T22:04:33.864000,2026-07-31T22:10:19.958000,346.1,1,14.562,12.475,151.7,404.8,23.1
eval/prueba_carga_usuarios/confianza_5090/ollama/26b_06b_np4/run_03/telemetria_gpu.csv,prueba_carga_usuarios/confianza_5090,gtc2pc4,ollama,2026-07-31T22:10:44.324000,2026-07-31T22:21:29.497000,645.2,1,19.203,15.289,107.2,429.1,23.1
eval/prueba_carga_usuarios/confianza_5090/ollama/26b_06b_np4/run_04/telemetria_gpu.csv,prueba_carga_usuarios/confianza_5090,gtc2pc4,ollama,2026-07-31T22:21:54.370000,2026-07-31T22:27:39.465000,345.1,1,15.062,12.927,157.0,423.8,23.1
eval/prueba_carga_usuarios/confianza_5090/ollama/26b_06b_np4/run_05/telemetria_gpu.csv,prueba_carga_usuarios/confianza_5090,gtc2pc4,ollama,2026-07-31T22:28:03.613000,2026-07-31T22:31:55.676000,232.1,1,15.216,8.642,236.0,436.7,23.1
eval/prueba_carga_usuarios/confianza_5090/ollama/26b_06b_np4/run_06/telemetria_gpu.csv,prueba_carga_usuarios/confianza_5090,gtc2pc4,ollama,2026-07-31T22:32:20.079000,2026-07-31T22:36:15.141000,235.1,1,15.473,7.283,237.0,402.6,23.1
eval/prueba_carga_usuarios/confianza_5090/ollama/26b_06b_np4/run_07/telemetria_gpu.csv,prueba_carga_usuarios/confianza_5090,gtc2pc4,ollama,2026-07-31T22:36:39.116000,2026-07-31T22:40:49.185000,250.1,1,16.063,6.542,231.2,379.1,23.1
eval/prueba_carga_usuarios/confianza_5090/ollama/26b_06b_np4/run_08/telemetria_gpu.csv,prueba_carga_usuarios/confianza_5090,gtc2pc4,ollama,2026-07-31T22:41:13.603000,2026-07-31T22:46:57.696000,344.1,1,15.99,13.847,167.1,421.6,23.1
eval/prueba_carga_usuarios/confianza_5090/ollama/26b_06b_np4/run_09/telemetria_gpu.csv,prueba_carga_usuarios/confianza_5090,gtc2pc4,ollama,2026-07-31T22:47:22.319000,2026-07-31T22:58:29.527000,667.2,1,18.804,14.807,101.5,459.8,23.1
eval/prueba_carga_usuarios/confianza_5090/ollama/26b_06b_np4/run_10/telemetria_gpu.csv,prueba_carga_usuarios/confianza_5090,gtc2pc4,ollama,2026-07-31T22:58:54.555000,2026-07-31T23:02:57.621000,243.1,1,15.497,6.377,229.6,373.0,23.1
eval/prueba_carga_usuarios/confianza_5090/ollama/26b_06b_np8/run_01/telemetria_gpu.csv,prueba_carga_usuarios/confianza_5090,gtc2pc4,ollama,2026-07-31T19:36:35.076000,2026-07-31T19:41:45.163000,310.1,1,16.884,10.75,196.1,403.8,25.9
eval/prueba_carga_usuarios/confianza_5090/ollama/26b_06b_np8/run_02/telemetria_gpu.csv,prueba_carga_usuarios/confianza_5090,gtc2pc4,ollama,2026-07-31T19:42:09.271000,2026-07-31T19:48:23.368000,374.1,1,14.955,12.685,144.1,382.3,25.9
eval/prueba_carga_usuarios/confianza_5090/ollama/26b_06b_np8/run_03/telemetria_gpu.csv,prueba_carga_usuarios/confianza_5090,gtc2pc4,ollama,2026-07-31T19:48:47.338000,2026-07-31T20:02:11.597000,804.3,1,19.481,14.762,87.2,396.0,25.9
eval/prueba_carga_usuarios/confianza_5090/ollama/26b_06b_np8/run_04/telemetria_gpu.csv,prueba_carga_usuarios/confianza_5090,gtc2pc4,ollama,2026-07-31T20:02:35.467000,2026-07-31T20:18:25.755000,950.3,1,19.869,14.22,75.3,400.3,25.9
eval/prueba_carga_usuarios/confianza_5090/ollama/26b_06b_np8/run_05/telemetria_gpu.csv,prueba_carga_usuarios/confianza_5090,gtc2pc4,ollama,2026-07-31T20:18:50.588000,2026-07-31T20:23:04.662000,254.1,1,15.607,8.927,221.1,413.4,25.9
eval/prueba_carga_usuarios/confianza_5090/ollama/26b_06b_np8/run_06/telemetria_gpu.csv,prueba_carga_usuarios/confianza_5090,gtc2pc4,ollama,2026-07-31T20:23:28.620000,2026-07-31T20:27:37.689000,249.1,1,15.308,8.628,221.2,406.6,25.9
eval/prueba_carga_usuarios/confianza_5090/ollama/26b_06b_np8/run_07/telemetria_gpu.csv,prueba_carga_usuarios/confianza_5090,gtc2pc4,ollama,2026-07-31T20:28:01.592000,2026-07-31T20:32:26.665000,265.1,1,16.056,8.787,218.1,380.1,25.9
eval/prueba_carga_usuarios/confianza_5090/ollama/26b_06b_np8/run_08/telemetria_gpu.csv,prueba_carga_usuarios/confianza_5090,gtc2pc4,ollama,2026-07-31T20:32:51.171000,2026-07-31T20:39:06.272000,375.1,1,16.476,14.186,158.0,393.3,25.9
eval/prueba_carga_usuarios/confianza_5090/ollama/26b_06b_np8/run_09/telemetria_gpu.csv,prueba_carga_usuarios/confianza_5090,gtc2pc4,ollama,2026-07-31T20:39:30.368000,2026-07-31T20:43:49.447000,259.1,1,16.028,9.179,222.7,434.1,25.9
eval/prueba_carga_usuarios/confianza_5090/ollama/26b_06b_np8/run_10/telemetria_gpu.csv,prueba_carga_usuarios/confianza_5090,gtc2pc4,ollama,2026-07-31T20:44:13.751000,2026-07-31T20:48:29.818000,256.1,1,15.429,8.813,217.0,394.4,25.9
eval/prueba_carga_usuarios/confianza_5090/ollama/26b_4b_np1/run_01/telemetria_gpu.csv,prueba_carga_usuarios/confianza_5090,gtc2pc4,ollama,2026-08-01T01:16:10.214000,2026-08-01T01:21:46.303000,336.1,1,24.895,7.783,266.6,430.8,22.8
eval/prueba_carga_usuarios/confianza_5090/ollama/26b_4b_np1/run_02/telemetria_gpu.csv,prueba_carga_usuarios/confianza_5090,gtc2pc4,ollama,2026-08-01T01:22:10.060000,2026-08-01T01:26:33.131000,263.1,1,19.45,6.81,266.2,431.5,22.8
eval/prueba_carga_usuarios/confianza_5090/ollama/26b_4b_np1/run_03/telemetria_gpu.csv,prueba_carga_usuarios/confianza_5090,gtc2pc4,ollama,2026-08-01T01:26:58.196000,2026-08-01T01:42:40.444000,942.2,1,26.645,20.941,101.8,457.4,22.8
eval/prueba_carga_usuarios/confianza_5090/ollama/26b_4b_np1/run_04/telemetria_gpu.csv,prueba_carga_usuarios/confianza_5090,gtc2pc4,ollama,2026-08-01T01:43:04.676000,2026-08-01T01:52:21.850000,557.2,1,23.908,20.523,154.4,462.3,22.8
eval/prueba_carga_usuarios/confianza_5090/ollama/26b_4b_np1/run_05/telemetria_gpu.csv,prueba_carga_usuarios/confianza_5090,gtc2pc4,ollama,2026-08-01T01:52:46.016000,2026-08-01T01:57:37.092000,291.1,1,21.447,6.025,265.2,404.0,22.8
eval/prueba_carga_usuarios/confianza_5090/ollama/26b_4b_np1/run_06/telemetria_gpu.csv,prueba_carga_usuarios/confianza_5090,gtc2pc4,ollama,2026-08-01T01:58:01.332000,2026-08-01T02:02:43.408000,282.1,1,21.076,7.355,268.9,429.5,22.8
eval/prueba_carga_usuarios/confianza_5090/ollama/26b_4b_np1/run_07/telemetria_gpu.csv,prueba_carga_usuarios/confianza_5090,gtc2pc4,ollama,2026-08-01T02:03:07.996000,2026-08-01T02:08:06.076000,298.1,1,22.054,6.911,266.4,415.7,22.8
eval/prueba_carga_usuarios/confianza_5090/ollama/26b_4b_np1/run_08/telemetria_gpu.csv,prueba_carga_usuarios/confianza_5090,gtc2pc4,ollama,2026-08-01T02:08:30.548000,2026-08-01T02:14:59.651000,389.1,1,21.384,18.827,197.7,389.6,22.8
eval/prueba_carga_usuarios/confianza_5090/ollama/26b_4b_np1/run_09/telemetria_gpu.csv,prueba_carga_usuarios/confianza_5090,gtc2pc4,ollama,2026-08-01T02:15:24.588000,2026-08-01T02:22:07.696000,403.1,1,22.222,19.628,198.6,448.4,22.8
eval/prueba_carga_usuarios/confianza_5090/ollama/26b_4b_np1/run_10/telemetria_gpu.csv,prueba_carga_usuarios/confianza_5090,gtc2pc4,ollama,2026-08-01T02:22:32.208000,2026-08-01T02:27:26.285000,294.1,1,21.678,7.036,265.4,417.4,22.8
eval/prueba_carga_usuarios/confianza_5090/ollama/26b_4b_np4/run_01/telemetria_gpu.csv,prueba_carga_usuarios/confianza_5090,gtc2pc4,ollama,2026-07-31T23:03:22.771000,2026-07-31T23:08:00.846000,278.1,1,18.582,7.153,240.6,461.6,24.9
eval/prueba_carga_usuarios/confianza_5090/ollama/26b_4b_np4/run_02/telemetria_gpu.csv,prueba_carga_usuarios/confianza_5090,gtc2pc4,ollama,2026-07-31T23:08:24.670000,2026-07-31T23:14:23.779000,359.1,1,15.877,13.674,159.4,405.4,24.9
eval/prueba_carga_usuarios/confianza_5090/ollama/26b_4b_np4/run_03/telemetria_gpu.csv,prueba_carga_usuarios/confianza_5090,gtc2pc4,ollama,2026-07-31T23:14:47.568000,2026-07-31T23:28:00.783000,793.2,1,21.278,16.539,96.6,453.5,24.9
eval/prueba_carga_usuarios/confianza_5090/ollama/26b_4b_np4/run_04/telemetria_gpu.csv,prueba_carga_usuarios/confianza_5090,gtc2pc4,ollama,2026-07-31T23:28:24.707000,2026-07-31T23:35:08.877000,404.2,1,18.104,15.654,161.5,392.5,24.9
eval/prueba_carga_usuarios/confianza_5090/ollama/26b_4b_np4/run_05/telemetria_gpu.csv,prueba_carga_usuarios/confianza_5090,gtc2pc4,ollama,2026-07-31T23:35:34.019000,2026-07-31T23:39:43.087000,249.1,1,16.868,7.079,243.9,432.6,24.9
eval/prueba_carga_usuarios/confianza_5090/ollama/26b_4b_np4/run_06/telemetria_gpu.csv,prueba_carga_usuarios/confianza_5090,gtc2pc4,ollama,2026-07-31T23:40:06.831000,2026-07-31T23:44:10.898000,244.1,1,16.669,8.911,245.9,456.0,24.9
eval/prueba_carga_usuarios/confianza_5090/ollama/26b_4b_np4/run_07/telemetria_gpu.csv,prueba_carga_usuarios/confianza_5090,gtc2pc4,ollama,2026-07-31T23:44:34.460000,2026-07-31T23:48:43.528000,249.1,1,16.84,6.531,243.4,378.8,24.9
eval/prueba_carga_usuarios/confianza_5090/ollama/26b_4b_np4/run_08/telemetria_gpu.csv,prueba_carga_usuarios/confianza_5090,gtc2pc4,ollama,2026-07-31T23:49:07.341000,2026-07-31T23:54:58.438000,351.1,1,16.82,14.704,172.4,405.2,24.9
eval/prueba_carga_usuarios/confianza_5090/ollama/26b_4b_np4/run_09/telemetria_gpu.csv,prueba_carga_usuarios/confianza_5090,gtc2pc4,ollama,2026-07-31T23:55:23.648000,2026-08-01T00:03:33.909000,490.3,1,18.101,15.154,132.9,435.4,24.9
eval/prueba_carga_usuarios/confianza_5090/ollama/26b_4b_np4/run_10/telemetria_gpu.csv,prueba_carga_usuarios/confianza_5090,gtc2pc4,ollama,2026-08-01T00:03:58.472000,2026-08-01T00:08:00.534000,242.1,1,16.041,7.264,238.6,446.6,24.9
eval/prueba_carga_usuarios/confianza_5090/ollama/26b_4b_np8/run_01/telemetria_gpu.csv,prueba_carga_usuarios/confianza_5090,gtc2pc4,ollama,2026-07-31T20:48:54.355000,2026-07-31T20:53:46.434000,292.1,1,18.131,9.734,223.6,413.2,27.7
eval/prueba_carga_usuarios/confianza_5090/ollama/26b_4b_np8/run_02/telemetria_gpu.csv,prueba_carga_usuarios/confianza_5090,gtc2pc4,ollama,2026-07-31T20:54:12.047000,2026-07-31T21:02:21.177000,489.1,1,17.112,14.159,126.0,439.3,27.7
eval/prueba_carga_usuarios/confianza_5090/ollama/26b_4b_np8/run_03/telemetria_gpu.csv,prueba_carga_usuarios/confianza_5090,gtc2pc4,ollama,2026-07-31T21:02:45.940000,2026-07-31T21:16:06.292000,800.4,1,21.556,16.803,97.0,435.1,27.7
eval/prueba_carga_usuarios/confianza_5090/ollama/26b_4b_np8/run_04/telemetria_gpu.csv,prueba_carga_usuarios/confianza_5090,gtc2pc4,ollama,2026-07-31T21:16:31.608000,2026-07-31T21:22:36.707000,365.1,1,16.569,14.374,163.3,423.7,27.7
eval/prueba_carga_usuarios/confianza_5090/ollama/26b_4b_np8/run_05/telemetria_gpu.csv,prueba_carga_usuarios/confianza_5090,gtc2pc4,ollama,2026-07-31T21:23:01.307000,2026-07-31T21:27:24.380000,263.1,1,16.732,8.327,229.0,437.5,27.7
eval/prueba_carga_usuarios/confianza_5090/ollama/26b_4b_np8/run_06/telemetria_gpu.csv,prueba_carga_usuarios/confianza_5090,gtc2pc4,ollama,2026-07-31T21:27:49.112000,2026-07-31T21:32:11.179000,262.1,1,17.038,9.942,234.1,431.0,27.7
eval/prueba_carga_usuarios/confianza_5090/ollama/26b_4b_np8/run_07/telemetria_gpu.csv,prueba_carga_usuarios/confianza_5090,gtc2pc4,ollama,2026-07-31T21:32:35.563000,2026-07-31T21:37:01.647000,266.1,1,16.958,9.741,229.5,426.3,27.7
eval/prueba_carga_usuarios/confianza_5090/ollama/26b_4b_np8/run_08/telemetria_gpu.csv,prueba_carga_usuarios/confianza_5090,gtc2pc4,ollama,2026-07-31T21:37:25.598000,2026-07-31T21:43:30.696000,365.1,1,16.743,14.54,165.0,405.6,27.7
eval/prueba_carga_usuarios/confianza_5090/ollama/26b_4b_np8/run_09/telemetria_gpu.csv,prueba_carga_usuarios/confianza_5090,gtc2pc4,ollama,2026-07-31T21:43:54.992000,2026-07-31T21:54:30.322000,635.3,1,19.075,15.327,108.1,438.5,27.7
eval/prueba_carga_usuarios/confianza_5090/ollama/26b_4b_np8/run_10/telemetria_gpu.csv,prueba_carga_usuarios/confianza_5090,gtc2pc4,ollama,2026-07-31T21:54:55.064000,2026-07-31T21:59:15.139000,260.1,1,16.48,9.403,228.2,436.2,27.7
eval/prueba_carga_usuarios/confianza_5090/saturacion/telemetria_gpu.csv,prueba_carga_usuarios/confianza_5090,gtc2pc4,?,2026-07-16T18:29:42.201000,2026-07-16T18:37:01.318000,439.1,1,56.927,12.961,466.4,559.7,27.8
eval/prueba_carga_usuarios/confianza_5090/saturacion_noPC/telemetria_gpu.csv,prueba_carga_usuarios/confianza_5090,gtc2pc4,?,2026-07-16T18:46:09.828000,2026-07-16T18:54:15.958000,486.1,1,64.683,11.964,478.7,564.5,28.4
eval/prueba_carga_usuarios/confianza_5090/vllm/12b_06b/run_01/telemetria_gpu.csv,prueba_carga_usuarios/confianza_5090,gtc2pc4,vllm,2026-07-16T01:31:25.666000,2026-07-16T01:33:12.695000,107.0,1,12.545,3.094,421.3,571.1,27.8
eval/prueba_carga_usuarios/confianza_5090/vllm/12b_06b/run_02/telemetria_gpu.csv,prueba_carga_usuarios/confianza_5090,gtc2pc4,vllm,2026-07-16T01:33:21.495000,2026-07-16T01:34:56.523000,95.0,1,11.605,3.497,438.5,573.9,27.8
eval/prueba_carga_usuarios/confianza_5090/vllm/12b_06b/run_03/telemetria_gpu.csv,prueba_carga_usuarios/confianza_5090,gtc2pc4,vllm,2026-07-16T01:35:01.601000,2026-07-16T01:36:45.631000,104.0,1,12.725,3.214,439.5,573.9,27.8
eval/prueba_carga_usuarios/confianza_5090/vllm/12b_06b/run_04/telemetria_gpu.csv,prueba_carga_usuarios/confianza_5090,gtc2pc4,vllm,2026-07-16T01:36:48.068000,2026-07-16T01:38:20.093000,92.0,1,11.155,3.066,435.3,575.2,27.8
eval/prueba_carga_usuarios/confianza_5090/vllm/12b_06b/run_05/telemetria_gpu.csv,prueba_carga_usuarios/confianza_5090,gtc2pc4,vllm,2026-07-16T01:38:25.294000,2026-07-16T01:40:08.324000,103.0,1,12.897,3.154,449.7,575.1,27.8
eval/prueba_carga_usuarios/confianza_5090/vllm/12b_06b/run_06/telemetria_gpu.csv,prueba_carga_usuarios/confianza_5090,gtc2pc4,vllm,2026-07-16T01:40:13.563000,2026-07-16T01:41:52.591000,99.0,1,12.582,4.052,456.0,575.9,27.8
eval/prueba_carga_usuarios/confianza_5090/vllm/12b_06b/run_07/telemetria_gpu.csv,prueba_carga_usuarios/confianza_5090,gtc2pc4,vllm,2026-07-16T01:41:59.258000,2026-07-16T01:43:53.288000,114.0,1,14.109,3.31,444.7,575.1,27.8
eval/prueba_carga_usuarios/confianza_5090/vllm/12b_06b/run_08/telemetria_gpu.csv,prueba_carga_usuarios/confianza_5090,gtc2pc4,vllm,2026-07-16T01:43:58.035000,2026-07-16T01:45:36.063000,98.0,1,12.329,4.119,451.5,575.6,27.8
eval/prueba_carga_usuarios/confianza_5090/vllm/12b_06b/run_09/telemetria_gpu.csv,prueba_carga_usuarios/confianza_5090,gtc2pc4,vllm,2026-07-16T01:45:41.314000,2026-07-16T01:47:23.342000,102.0,1,12.795,3.521,450.6,575.3,27.8
eval/prueba_carga_usuarios/confianza_5090/vllm/12b_06b/run_10/telemetria_gpu.csv,prueba_carga_usuarios/confianza_5090,gtc2pc4,vllm,2026-07-16T01:47:25.976000,2026-07-16T01:49:08.006000,102.0,1,12.662,3.766,445.7,575.5,27.8
eval/prueba_carga_usuarios/confianza_5090/vllm/12b_4b/run_01/telemetria_gpu.csv,prueba_carga_usuarios/confianza_5090,gtc2pc4,vllm,2026-07-16T01:49:13.276000,2026-07-16T01:51:06.306000,113.0,1,14.08,3.013,447.8,576.1,27.8
eval/prueba_carga_usuarios/confianza_5090/vllm/12b_4b/run_02/telemetria_gpu.csv,prueba_carga_usuarios/confianza_5090,gtc2pc4,vllm,2026-07-16T01:51:10.656000,2026-07-16T01:52:52.685000,102.0,1,12.77,3.788,449.5,576.0,26.2
eval/prueba_carga_usuarios/confianza_5090/vllm/12b_4b/run_03/telemetria_gpu.csv,prueba_carga_usuarios/confianza_5090,gtc2pc4,vllm,2026-07-16T01:52:56.973000,2026-07-16T01:54:46.004000,109.0,1,13.679,3.671,450.9,578.0,26.2
eval/prueba_carga_usuarios/confianza_5090/vllm/12b_4b/run_04/telemetria_gpu.csv,prueba_carga_usuarios/confianza_5090,gtc2pc4,vllm,2026-07-16T01:54:51.006000,2026-07-16T01:56:33.035000,102.0,1,12.769,3.627,449.7,576.6,26.2
eval/prueba_carga_usuarios/confianza_5090/vllm/12b_4b/run_05/telemetria_gpu.csv,prueba_carga_usuarios/confianza_5090,gtc2pc4,vllm,2026-07-16T01:56:37.862000,2026-07-16T01:58:22.892000,105.0,1,13.374,4.146,457.4,575.6,26.2
eval/prueba_carga_usuarios/confianza_5090/vllm/12b_4b/run_06/telemetria_gpu.csv,prueba_carga_usuarios/confianza_5090,gtc2pc4,vllm,2026-07-16T01:58:27.606000,2026-07-16T02:00:14.636000,107.0,1,13.766,4.802,461.5,578.2,26.2
eval/prueba_carga_usuarios/confianza_5090/vllm/12b_4b/run_07/telemetria_gpu.csv,prueba_carga_usuarios/confianza_5090,gtc2pc4,vllm,2026-07-16T02:00:20.008000,2026-07-16T02:02:14.039000,114.0,1,14.3,3.754,450.7,577.6,26.2
eval/prueba_carga_usuarios/confianza_5090/vllm/12b_4b/run_08/telemetria_gpu.csv,prueba_carga_usuarios/confianza_5090,gtc2pc4,vllm,2026-07-16T02:02:18.465000,2026-07-16T02:03:57.491000,99.0,1,12.612,4.035,457.5,574.5,26.2
eval/prueba_carga_usuarios/confianza_5090/vllm/12b_4b/run_09/telemetria_gpu.csv,prueba_carga_usuarios/confianza_5090,gtc2pc4,vllm,2026-07-16T02:04:02.078000,2026-07-16T02:05:50.109000,108.0,1,13.724,4.81,456.5,577.8,26.2
eval/prueba_carga_usuarios/confianza_5090/vllm/12b_4b/run_10/telemetria_gpu.csv,prueba_carga_usuarios/confianza_5090,gtc2pc4,vllm,2026-07-16T02:05:54.492000,2026-07-16T02:07:39.521000,105.0,1,13.265,3.68,453.8,577.9,26.2
eval/prueba_carga_usuarios/confianza_5090/vllm/26b_06b/run_01/telemetria_gpu.csv,prueba_carga_usuarios/confianza_5090,gtc2pc4,vllm,2026-07-31T10:47:34.830000,2026-07-31T10:48:41.851000,67.0,1,7.276,3.559,389.6,546.0,26.9
eval/prueba_carga_usuarios/confianza_5090/vllm/26b_06b/run_02/telemetria_gpu.csv,prueba_carga_usuarios/confianza_5090,gtc2pc4,vllm,2026-07-31T10:48:44.989000,2026-07-31T10:49:47.008000,62.0,1,6.707,2.977,388.1,546.8,27.2
eval/prueba_carga_usuarios/confianza_5090/vllm/26b_06b/run_03/telemetria_gpu.csv,prueba_carga_usuarios/confianza_5090,gtc2pc4,vllm,2026-07-31T10:49:49.435000,2026-07-31T10:50:48.454000,59.0,1,6.384,4.631,387.5,548.5,27.5
eval/prueba_carga_usuarios/confianza_5090/vllm/26b_06b/run_04/telemetria_gpu.csv,prueba_carga_usuarios/confianza_5090,gtc2pc4,vllm,2026-07-31T10:50:50.501000,2026-07-31T10:51:49.520000,59.0,1,6.638,2.278,403.7,548.3,27.5
eval/prueba_carga_usuarios/confianza_5090/vllm/26b_06b/run_05/telemetria_gpu.csv,prueba_carga_usuarios/confianza_5090,gtc2pc4,vllm,2026-07-31T10:51:52.390000,2026-07-31T10:52:52.409000,60.0,1,6.926,2.631,413.5,547.8,27.5
eval/prueba_carga_usuarios/confianza_5090/vllm/26b_06b/run_06/telemetria_gpu.csv,prueba_carga_usuarios/confianza_5090,gtc2pc4,vllm,2026-07-31T10:52:54.671000,2026-07-31T10:53:54.690000,60.0,1,6.846,3.059,409.0,557.5,27.5
eval/prueba_carga_usuarios/confianza_5090/vllm/26b_06b/run_07/telemetria_gpu.csv,prueba_carga_usuarios/confianza_5090,gtc2pc4,vllm,2026-07-31T10:53:57.186000,2026-07-31T10:54:58.205000,61.0,1,7.09,2.256,416.8,557.3,27.5
eval/prueba_carga_usuarios/confianza_5090/vllm/26b_06b/run_08/telemetria_gpu.csv,prueba_carga_usuarios/confianza_5090,gtc2pc4,vllm,2026-07-31T10:55:01.105000,2026-07-31T10:56:01.124000,60.0,1,6.819,2.73,407.4,558.1,27.5
eval/prueba_carga_usuarios/confianza_5090/vllm/26b_06b/run_09/telemetria_gpu.csv,prueba_carga_usuarios/confianza_5090,gtc2pc4,vllm,2026-07-31T10:56:03.774000,2026-07-31T10:57:04.792000,61.0,1,7.125,3.137,418.9,553.9,27.5
eval/prueba_carga_usuarios/confianza_5090/vllm/26b_06b/run_10/telemetria_gpu.csv,prueba_carga_usuarios/confianza_5090,gtc2pc4,vllm,2026-07-31T10:57:07.398000,2026-07-31T10:58:09.417000,62.0,1,7.108,2.738,410.8,549.9,27.5
eval/prueba_carga_usuarios/confianza_5090/vllm/26b_4b/run_01/telemetria_gpu.csv,prueba_carga_usuarios/confianza_5090,gtc2pc4,vllm,2026-07-16T09:55:49.197000,2026-07-16T09:57:06.219000,77.0,1,8.905,2.914,415.0,545.9,27.8
eval/prueba_carga_usuarios/confianza_5090/vllm/26b_4b/run_02/telemetria_gpu.csv,prueba_carga_usuarios/confianza_5090,gtc2pc4,vllm,2026-07-16T09:57:08.538000,2026-07-16T09:58:14.558000,66.0,1,7.65,3.051,415.5,541.6,28.4
eval/prueba_carga_usuarios/confianza_5090/vllm/26b_4b/run_03/telemetria_gpu.csv,prueba_carga_usuarios/confianza_5090,gtc2pc4,vllm,2026-07-16T09:58:16.391000,2026-07-16T09:59:17.410000,61.0,1,7.141,2.033,420.3,549.5,28.4
eval/prueba_carga_usuarios/confianza_5090/vllm/26b_4b/run_04/telemetria_gpu.csv,prueba_carga_usuarios/confianza_5090,gtc2pc4,vllm,2026-07-16T09:59:19.897000,2026-07-16T10:00:24.917000,65.0,1,7.595,2.011,419.4,552.5,28.4
eval/prueba_carga_usuarios/confianza_5090/vllm/26b_4b/run_05/telemetria_gpu.csv,prueba_carga_usuarios/confianza_5090,gtc2pc4,vllm,2026-07-16T10:00:27.155000,2026-07-16T10:01:27.174000,60.0,1,7.173,2.302,429.0,554.0,28.4
eval/prueba_carga_usuarios/confianza_5090/vllm/26b_4b/run_06/telemetria_gpu.csv,prueba_carga_usuarios/confianza_5090,gtc2pc4,vllm,2026-07-16T10:01:29.372000,2026-07-16T10:02:38.394000,69.0,1,8.111,3.024,422.0,551.2,28.4
eval/prueba_carga_usuarios/confianza_5090/vllm/26b_4b/run_07/telemetria_gpu.csv,prueba_carga_usuarios/confianza_5090,gtc2pc4,vllm,2026-07-16T10:02:40.873000,2026-07-16T10:03:50.894000,70.0,1,8.296,2.063,425.5,542.6,28.4
eval/prueba_carga_usuarios/confianza_5090/vllm/26b_4b/run_08/telemetria_gpu.csv,prueba_carga_usuarios/confianza_5090,gtc2pc4,vllm,2026-07-16T10:03:52.752000,2026-07-16T10:04:55.771000,63.0,1,7.363,2.783,419.7,547.7,28.4
eval/prueba_carga_usuarios/confianza_5090/vllm/26b_4b/run_09/telemetria_gpu.csv,prueba_carga_usuarios/confianza_5090,gtc2pc4,vllm,2026-07-16T10:04:58.488000,2026-07-16T10:06:03.508000,65.0,1,7.76,2.458,428.5,543.8,28.4
eval/prueba_carga_usuarios/confianza_5090/vllm/26b_4b/run_10/telemetria_gpu.csv,prueba_carga_usuarios/confianza_5090,gtc2pc4,vllm,2026-07-16T10:06:06.196000,2026-07-16T10:07:14.217000,68.0,1,8.033,2.775,423.7,542.9,28.4
eval/prueba_carga_usuarios/confianza_spec/on/vllm/26b_06b/run_01/telemetria_gpu.csv,prueba_carga_usuarios/confianza_spec,voz05,vllm,2026-07-05T12:04:13.273000,2026-07-05T12:05:12.297000,59.0,2,6.207,3.002,377.3,639.1,102.8
eval/prueba_carga_usuarios/confianza_spec/on/vllm/26b_06b/run_02/telemetria_gpu.csv,prueba_carga_usuarios/confianza_spec,voz05,vllm,2026-07-05T12:05:13.143000,2026-07-05T12:05:59.158000,46.0,2,5.101,1.363,397.9,604.2,102.8
eval/prueba_carga_usuarios/confianza_spec/on/vllm/26b_06b/run_03/telemetria_gpu.csv,prueba_carga_usuarios/confianza_spec,voz05,vllm,2026-07-05T12:06:00.183000,2026-07-05T12:06:47.203000,47.0,2,5.177,2.54,396.1,626.3,102.8
eval/prueba_carga_usuarios/confianza_spec/on/vllm/26b_06b/run_04/telemetria_gpu.csv,prueba_carga_usuarios/confianza_spec,voz05,vllm,2026-07-05T12:06:48.375000,2026-07-05T12:07:35.398000,47.0,2,5.169,1.335,394.3,625.4,102.8
eval/prueba_carga_usuarios/confianza_spec/on/vllm/26b_06b/run_05/telemetria_gpu.csv,prueba_carga_usuarios/confianza_spec,voz05,vllm,2026-07-05T12:07:36.349000,2026-07-05T12:08:20.363000,44.0,2,4.926,1.302,401.7,602.1,102.8
eval/prueba_carga_usuarios/confianza_spec/on/vllm/26b_06b/run_06/telemetria_gpu.csv,prueba_carga_usuarios/confianza_spec,voz05,vllm,2026-07-05T12:08:21.099000,2026-07-05T12:09:08.114000,47.0,2,5.244,1.537,400.4,638.5,102.8
eval/prueba_carga_usuarios/confianza_spec/on/vllm/26b_06b/run_07/telemetria_gpu.csv,prueba_carga_usuarios/confianza_spec,voz05,vllm,2026-07-05T12:09:08.909000,2026-07-05T12:10:04.927000,56.0,2,6.158,1.724,394.4,599.2,102.8
eval/prueba_carga_usuarios/confianza_spec/on/vllm/26b_06b/run_08/telemetria_gpu.csv,prueba_carga_usuarios/confianza_spec,voz05,vllm,2026-07-05T12:10:05.407000,2026-07-05T12:10:51.421000,46.0,2,5.118,1.396,398.9,678.1,102.8
eval/prueba_carga_usuarios/confianza_spec/on/vllm/26b_06b/run_09/telemetria_gpu.csv,prueba_carga_usuarios/confianza_spec,voz05,vllm,2026-07-05T12:10:51.926000,2026-07-05T12:11:40.941000,49.0,2,5.423,1.731,397.8,630.7,102.8
eval/prueba_carga_usuarios/confianza_spec/on/vllm/26b_06b/run_10/telemetria_gpu.csv,prueba_carga_usuarios/confianza_spec,voz05,vllm,2026-07-05T12:11:41.767000,2026-07-05T12:12:29.780000,48.0,2,5.279,1.497,395.8,584.8,102.8
eval/prueba_carga_usuarios/confianza_spec/on_12b_mtp/vllm/12b_06b/run_01/telemetria_gpu.csv,prueba_carga_usuarios/confianza_spec,voz05,vllm,2026-07-05T13:12:28.083000,2026-07-05T13:13:26.105000,58.0,2,6.814,3.891,420.9,758.1,103.1
eval/prueba_carga_usuarios/confianza_spec/on_12b_mtp/vllm/12b_06b/run_02/telemetria_gpu.csv,prueba_carga_usuarios/confianza_spec,voz05,vllm,2026-07-05T13:13:26.615000,2026-07-05T13:14:09.628000,43.0,2,5.572,2.357,464.2,748.3,103.1
eval/prueba_carga_usuarios/confianza_spec/on_12b_mtp/vllm/12b_06b/run_03/telemetria_gpu.csv,prueba_carga_usuarios/confianza_spec,voz05,vllm,2026-07-05T13:14:10.872000,2026-07-05T13:14:57.892000,47.0,2,6.108,2.025,464.9,770.1,103.1
eval/prueba_carga_usuarios/confianza_spec/on_12b_mtp/vllm/12b_06b/run_04/telemetria_gpu.csv,prueba_carga_usuarios/confianza_spec,voz05,vllm,2026-07-05T13:14:58.851000,2026-07-05T13:15:39.864000,41.0,2,5.181,1.622,451.3,726.4,103.1
eval/prueba_carga_usuarios/confianza_spec/on_12b_mtp/vllm/12b_06b/run_05/telemetria_gpu.csv,prueba_carga_usuarios/confianza_spec,voz05,vllm,2026-07-05T13:15:40.498000,2026-07-05T13:16:24.512000,44.0,2,5.678,1.938,462.1,746.6,103.1
eval/prueba_carga_usuarios/confianza_spec/on_12b_mtp/vllm/12b_06b/run_06/telemetria_gpu.csv,prueba_carga_usuarios/confianza_spec,voz05,vllm,2026-07-05T13:16:25.153000,2026-07-05T13:17:03.167000,38.0,2,5.135,2.176,485.5,807.4,103.1
eval/prueba_carga_usuarios/confianza_spec/on_12b_mtp/vllm/12b_06b/run_07/telemetria_gpu.csv,prueba_carga_usuarios/confianza_spec,voz05,vllm,2026-07-05T13:17:04.498000,2026-07-05T13:17:53.518000,49.0,2,6.214,1.872,455.2,737.1,103.1
eval/prueba_carga_usuarios/confianza_spec/on_12b_mtp/vllm/12b_06b/run_08/telemetria_gpu.csv,prueba_carga_usuarios/confianza_spec,voz05,vllm,2026-07-05T13:17:53.995000,2026-07-05T13:18:37.008000,43.0,2,5.688,2.093,473.6,758.2,103.1
eval/prueba_carga_usuarios/confianza_spec/on_12b_mtp/vllm/12b_06b/run_09/telemetria_gpu.csv,prueba_carga_usuarios/confianza_spec,voz05,vllm,2026-07-05T13:18:37.699000,2026-07-05T13:19:21.712000,44.0,2,5.649,1.902,461.3,762.7,103.1
eval/prueba_carga_usuarios/confianza_spec/on_12b_mtp/vllm/12b_06b/run_10/telemetria_gpu.csv,prueba_carga_usuarios/confianza_spec,voz05,vllm,2026-07-05T13:19:22.863000,2026-07-05T13:20:05.882000,43.0,2,5.582,2.142,464.8,788.8,103.1
eval/prueba_carga_usuarios/confianza_spec/qwen36_off/vllm/26b_06b/run_01/telemetria_gpu.csv,prueba_carga_usuarios/confianza_spec,voz05,vllm,2026-07-05T15:52:00.687000,2026-07-05T15:55:03.737000,183.1,2,27.921,6.489,548.2,806.1,102.7
eval/prueba_carga_usuarios/confianza_spec/qwen36_off/vllm/26b_06b/run_02/telemetria_gpu.csv,prueba_carga_usuarios/confianza_spec,voz05,vllm,2026-07-05T15:55:04.254000,2026-07-05T15:57:49.290000,165.0,2,26.396,6.767,575.3,807.1,102.7
eval/prueba_carga_usuarios/confianza_spec/qwen36_off/vllm/26b_06b/run_03/telemetria_gpu.csv,prueba_carga_usuarios/confianza_spec,voz05,vllm,2026-07-05T15:57:50.073000,2026-07-05T16:01:03.113000,193.0,2,29.808,6.834,555.3,767.4,102.7
eval/prueba_carga_usuarios/confianza_spec/qwen36_off/vllm/26b_06b/run_04/telemetria_gpu.csv,prueba_carga_usuarios/confianza_spec,voz05,vllm,2026-07-05T16:01:04.083000,2026-07-05T16:03:51.115000,167.0,2,25.565,5.989,550.4,778.4,102.7
eval/prueba_carga_usuarios/confianza_spec/qwen36_off/vllm/26b_06b/run_05/telemetria_gpu.csv,prueba_carga_usuarios/confianza_spec,voz05,vllm,2026-07-05T16:03:52.513000,2026-07-05T16:06:51.561000,179.0,2,28.759,7.554,577.5,777.6,102.7
eval/prueba_carga_usuarios/confianza_spec/qwen36_off/vllm/26b_06b/run_06/telemetria_gpu.csv,prueba_carga_usuarios/confianza_spec,voz05,vllm,2026-07-05T16:06:52.398000,2026-07-05T16:09:58.436000,186.0,2,29.45,7.571,569.2,790.9,102.7
eval/prueba_carga_usuarios/confianza_spec/qwen36_off/vllm/26b_06b/run_07/telemetria_gpu.csv,prueba_carga_usuarios/confianza_spec,voz05,vllm,2026-07-05T16:09:59.088000,2026-07-05T16:13:17.125000,198.0,2,30.57,7.298,555.1,795.6,102.7
eval/prueba_carga_usuarios/confianza_spec/qwen36_off/vllm/26b_06b/run_08/telemetria_gpu.csv,prueba_carga_usuarios/confianza_spec,voz05,vllm,2026-07-05T16:13:18.339000,2026-07-05T16:16:16.386000,178.0,2,27.955,6.929,564.7,796.0,102.7
eval/prueba_carga_usuarios/confianza_spec/qwen36_off/vllm/26b_06b/run_09/telemetria_gpu.csv,prueba_carga_usuarios/confianza_spec,voz05,vllm,2026-07-05T16:16:17.735000,2026-07-05T16:19:20.781000,183.0,2,28.794,7.203,565.7,781.7,102.7
eval/prueba_carga_usuarios/confianza_spec/qwen36_off/vllm/26b_06b/run_10/telemetria_gpu.csv,prueba_carga_usuarios/confianza_spec,voz05,vllm,2026-07-05T16:19:21.348000,2026-07-05T16:22:13.381000,172.0,2,26.726,6.437,558.6,760.0,102.7
eval/prueba_carga_usuarios/confianza_spec/qwen36_on/vllm/26b_06b/run_01/telemetria_gpu.csv,prueba_carga_usuarios/confianza_spec,voz05,vllm,2026-07-05T14:17:32.472000,2026-07-05T14:20:12.514000,160.0,2,25.16,8.01,565.0,788.3,105.7
eval/prueba_carga_usuarios/confianza_spec/qwen36_on/vllm/26b_06b/run_02/telemetria_gpu.csv,prueba_carga_usuarios/confianza_spec,voz05,vllm,2026-07-05T14:20:13.704000,2026-07-05T14:22:40.743000,147.0,2,24.268,7.981,593.1,793.2,105.7
eval/prueba_carga_usuarios/confianza_spec/qwen36_on/vllm/26b_06b/run_03/telemetria_gpu.csv,prueba_carga_usuarios/confianza_spec,voz05,vllm,2026-07-05T14:22:41.837000,2026-07-05T14:25:25.874000,164.0,2,26.213,8.023,574.6,802.6,105.7
eval/prueba_carga_usuarios/confianza_spec/qwen36_on/vllm/26b_06b/run_04/telemetria_gpu.csv,prueba_carga_usuarios/confianza_spec,voz05,vllm,2026-07-05T14:25:26.507000,2026-07-05T14:27:49.537000,143.0,2,23.174,6.669,582.2,779.3,105.7
eval/prueba_carga_usuarios/confianza_spec/qwen36_on/vllm/26b_06b/run_05/telemetria_gpu.csv,prueba_carga_usuarios/confianza_spec,voz05,vllm,2026-07-05T14:27:50.493000,2026-07-05T14:30:24.524000,154.0,2,25.754,8.53,600.5,779.1,105.7
eval/prueba_carga_usuarios/confianza_spec/qwen36_on/vllm/26b_06b/run_06/telemetria_gpu.csv,prueba_carga_usuarios/confianza_spec,voz05,vllm,2026-07-05T14:30:25.091000,2026-07-05T14:33:06.124000,161.0,2,26.803,8.677,598.3,798.8,105.7
eval/prueba_carga_usuarios/confianza_spec/qwen36_on/vllm/26b_06b/run_07/telemetria_gpu.csv,prueba_carga_usuarios/confianza_spec,voz05,vllm,2026-07-05T14:33:07.530000,2026-07-05T14:35:52.569000,165.0,2,26.553,7.908,578.2,770.8,105.7
eval/prueba_carga_usuarios/confianza_spec/qwen36_on/vllm/26b_06b/run_08/telemetria_gpu.csv,prueba_carga_usuarios/confianza_spec,voz05,vllm,2026-07-05T14:35:53.219000,2026-07-05T14:38:23.249000,150.0,2,24.549,7.935,587.9,797.9,105.7
eval/prueba_carga_usuarios/confianza_spec/qwen36_on/vllm/26b_06b/run_09/telemetria_gpu.csv,prueba_carga_usuarios/confianza_spec,voz05,vllm,2026-07-05T14:38:23.839000,2026-07-05T14:40:58.868000,155.0,2,25.354,8.263,587.7,764.9,105.7
eval/prueba_carga_usuarios/confianza_spec/qwen36_on/vllm/26b_06b/run_10/telemetria_gpu.csv,prueba_carga_usuarios/confianza_spec,voz05,vllm,2026-07-05T14:41:00.084000,2026-07-05T14:43:19.124000,139.0,2,23.0,7.422,594.5,777.6,105.7
eval/prueba_carga_usuarios/confianza_spec/qwen36_on_n2/vllm/26b_06b/run_01/telemetria_gpu.csv,prueba_carga_usuarios/confianza_spec,voz05,vllm,2026-07-06T00:49:31.804000,2026-07-06T00:51:51.842000,140.0,2,22.757,7.79,583.6,784.2,104.7
eval/prueba_carga_usuarios/confianza_spec/qwen36_on_n2/vllm/26b_06b/run_02/telemetria_gpu.csv,prueba_carga_usuarios/confianza_spec,voz05,vllm,2026-07-06T00:51:52.620000,2026-07-06T00:54:06.647000,134.0,2,22.782,7.477,610.6,782.6,104.8
eval/prueba_carga_usuarios/confianza_spec/qwen36_on_n2/vllm/26b_06b/run_03/telemetria_gpu.csv,prueba_carga_usuarios/confianza_spec,voz05,vllm,2026-07-06T00:54:07.674000,2026-07-06T00:56:32.711000,145.0,2,23.954,7.812,593.4,766.7,104.8
eval/prueba_carga_usuarios/confianza_spec/qwen36_on_n2/vllm/26b_06b/run_04/telemetria_gpu.csv,prueba_carga_usuarios/confianza_spec,voz05,vllm,2026-07-06T00:56:33.235000,2026-07-06T00:58:45.263000,132.0,2,22.154,6.891,602.5,772.9,104.8
eval/prueba_carga_usuarios/confianza_spec/qwen36_on_n2/vllm/26b_06b/run_05/telemetria_gpu.csv,prueba_carga_usuarios/confianza_spec,voz05,vllm,2026-07-06T00:58:45.764000,2026-07-06T01:01:00.793000,135.0,2,23.568,7.81,626.9,774.9,104.8
eval/prueba_carga_usuarios/confianza_spec/qwen36_on_n2/vllm/26b_06b/run_06/telemetria_gpu.csv,prueba_carga_usuarios/confianza_spec,voz05,vllm,2026-07-06T01:01:02.159000,2026-07-06T01:03:25.201000,143.0,2,24.538,7.881,616.2,775.1,104.8
eval/prueba_carga_usuarios/confianza_spec/qwen36_on_n2/vllm/26b_06b/run_07/telemetria_gpu.csv,prueba_carga_usuarios/confianza_spec,voz05,vllm,2026-07-06T01:03:26.168000,2026-07-06T01:05:53.195000,147.0,2,24.519,7.854,599.7,835.8,104.8
eval/prueba_carga_usuarios/confianza_spec/qwen36_on_n2/vllm/26b_06b/run_08/telemetria_gpu.csv,prueba_carga_usuarios/confianza_spec,voz05,vllm,2026-07-06T01:05:54.396000,2026-07-06T01:08:08.427000,134.0,2,22.672,7.585,607.7,788.1,104.8
eval/prueba_carga_usuarios/confianza_spec/qwen36_on_n2/vllm/26b_06b/run_09/telemetria_gpu.csv,prueba_carga_usuarios/confianza_spec,voz05,vllm,2026-07-06T01:08:09.766000,2026-07-06T01:10:36.808000,147.0,2,25.081,8.569,612.9,816.0,104.8
eval/prueba_carga_usuarios/confianza_spec/qwen36_on_n2/vllm/26b_06b/run_10/telemetria_gpu.csv,prueba_carga_usuarios/confianza_spec,voz05,vllm,2026-07-06T01:10:37.806000,2026-07-06T01:12:47.843000,130.0,2,21.972,7.142,607.3,791.0,104.8
eval/prueba_carga_usuarios/confianza_spec/qwen36_on_n3/vllm/26b_06b/run_01/telemetria_gpu.csv,prueba_carga_usuarios/confianza_spec,voz05,vllm,2026-07-06T06:36:17.749000,2026-07-06T06:38:29.788000,132.0,2,22.107,7.211,601.2,774.4,104.7
eval/prueba_carga_usuarios/confianza_spec/qwen36_on_n3/vllm/26b_06b/run_02/telemetria_gpu.csv,prueba_carga_usuarios/confianza_spec,voz05,vllm,2026-07-06T06:40:51.192000,2026-07-06T06:42:56.227000,125.0,2,21.565,7.256,618.9,784.2,104.7
eval/prueba_carga_usuarios/confianza_spec/qwen36_on_n3/vllm/26b_06b/run_03/telemetria_gpu.csv,prueba_carga_usuarios/confianza_spec,voz05,vllm,2026-07-06T06:42:57.207000,2026-07-06T06:45:18.235000,141.0,2,23.5,7.191,598.6,785.6,104.7
eval/prueba_carga_usuarios/confianza_spec/qwen36_on_n3/vllm/26b_06b/run_04/telemetria_gpu.csv,prueba_carga_usuarios/confianza_spec,voz05,vllm,2026-07-06T06:50:00.724000,2026-07-06T06:52:05.760000,125.0,2,20.981,6.464,602.1,781.0,104.7
eval/prueba_carga_usuarios/confianza_spec/qwen36_on_n3/vllm/26b_06b/run_05/telemetria_gpu.csv,prueba_carga_usuarios/confianza_spec,voz05,vllm,2026-07-06T06:52:06.463000,2026-07-06T06:54:21.492000,135.0,2,23.523,8.406,625.7,789.9,104.7
