experimento,campana,maquina,motor,celda,run,fecha,modelo_gen,rerank,coleccion,niveles,n_requests,n_ok,wall_s,duracion_telemetria_s,n_consultas_log,tokens_entrada,tokens_salida,tokens_salida_estim_palabras,energia_wh,energia_marginal_wh,pot_media_w,n_gpus
eval/prueba_carga_usuarios/confianza/llamacpp/12b_06b_np1/run_01,confianza,voz05,llamacpp,12b_06b_np1,run_01,2026-07-04 20:02:06,gemma4:12b,embed,docs_rag_qwen3_06b,1/5/10/15/20/25,76,76,333.3,333.1,79,279635,31449,29358,42.653,5.054,460.9,2
eval/prueba_carga_usuarios/confianza/llamacpp/12b_06b_np1/run_02,confianza,voz05,llamacpp,12b_06b_np1,run_02,2026-07-04 20:07:39,gemma4:12b,embed,docs_rag_qwen3_06b,1/5/10/15/20/25,76,76,278.3,278.0,78,339286,24298,22220,35.595,4.444,460.7,2
eval/prueba_carga_usuarios/confianza/llamacpp/12b_06b_np1/run_03,confianza,voz05,llamacpp,12b_06b_np1,run_03,2026-07-04 20:12:18,gemma4:12b,embed,docs_rag_qwen3_06b,1/5/10/15/20/25,76,76,355.5,355.1,78,342139,31836,29623,45.908,5.877,465.3,2
eval/prueba_carga_usuarios/confianza/llamacpp/12b_06b_np1/run_04,confianza,voz05,llamacpp,12b_06b_np1,run_04,2026-07-04 20:18:14,gemma4:12b,embed,docs_rag_qwen3_06b,1/5/10/15/20/25,76,76,294.4,294.0,79,315465,26228,23957,37.673,4.453,460.9,2
eval/prueba_carga_usuarios/confianza/llamacpp/12b_06b_np1/run_05,confianza,voz05,llamacpp,12b_06b_np1,run_05,2026-07-04 20:23:09,gemma4:12b,embed,docs_rag_qwen3_06b,1/5/10/15/20/25,76,76,309.0,308.0,78,348357,25836,23977,39.75,5.141,464.3,2
eval/prueba_carga_usuarios/confianza/llamacpp/12b_06b_np1/run_06,confianza,voz05,llamacpp,12b_06b_np1,run_06,2026-07-04 20:28:18,gemma4:12b,embed,docs_rag_qwen3_06b,1/5/10/15/20/25,76,76,291.9,291.1,78,381207,24062,22087,37.62,5.002,465.1,2
eval/prueba_carga_usuarios/confianza/llamacpp/12b_06b_np1/run_07,confianza,voz05,llamacpp,12b_06b_np1,run_07,2026-07-04 20:33:10,gemma4:12b,embed,docs_rag_qwen3_06b,1/5/10/15/20/25,76,76,318.2,318.1,78,353507,27240,25337,40.966,5.361,463.5,2
eval/prueba_carga_usuarios/confianza/llamacpp/12b_06b_np1/run_08,confianza,voz05,llamacpp,12b_06b_np1,run_08,2026-07-04 20:38:29,gemma4:12b,embed,docs_rag_qwen3_06b,1/5/10/15/20/25,76,76,288.7,288.0,78,355283,24607,22608,37.012,4.708,462.3,2
eval/prueba_carga_usuarios/confianza/llamacpp/12b_06b_np1/run_09,confianza,voz05,llamacpp,12b_06b_np1,run_09,2026-07-04 20:43:18,gemma4:12b,embed,docs_rag_qwen3_06b,1/5/10/15/20/25,76,76,301.7,301.1,80,375904,25267,22978,38.931,5.087,465.2,2
eval/prueba_carga_usuarios/confianza/llamacpp/12b_06b_np1/run_10,confianza,voz05,llamacpp,12b_06b_np1,run_10,2026-07-04 20:48:20,gemma4:12b,embed,docs_rag_qwen3_06b,1/5/10/15/20/25,76,76,296.1,296.0,79,336018,26085,23902,37.783,4.561,459.2,2
eval/prueba_carga_usuarios/confianza/llamacpp/12b_06b_np4/run_01,confianza,voz05,llamacpp,12b_06b_np4,run_01,2026-07-04 19:03:22,gemma4:12b,embed,docs_rag_qwen3_06b,1/5/10/15/20/25,76,76,189.2,189.0,81,288719,31798,29167,26.335,5.926,501.0,2
eval/prueba_carga_usuarios/confianza/llamacpp/12b_06b_np4/run_02,confianza,voz05,llamacpp,12b_06b_np4,run_02,2026-07-04 19:06:32,gemma4:12b,embed,docs_rag_qwen3_06b,1/5/10/15/20/25,76,76,150.7,150.0,77,324008,22538,21019,20.929,6.354,501.5,2
eval/prueba_carga_usuarios/confianza/llamacpp/12b_06b_np4/run_03,confianza,voz05,llamacpp,12b_06b_np4,run_03,2026-07-04 19:09:03,gemma4:12b,embed,docs_rag_qwen3_06b,1/5/10/15/20/25,76,76,190.0,189.0,81,352015,34076,30945,26.554,3.89,505.1,2
eval/prueba_carga_usuarios/confianza/llamacpp/12b_06b_np4/run_04,confianza,voz05,llamacpp,12b_06b_np4,run_04,2026-07-04 19:12:13,gemma4:12b,embed,docs_rag_qwen3_06b,1/5/10/15/20/25,76,76,167.7,167.0,82,329289,27040,24240,23.167,6.081,498.6,2
eval/prueba_carga_usuarios/confianza/llamacpp/12b_06b_np4/run_05,confianza,voz05,llamacpp,12b_06b_np4,run_05,2026-07-04 19:15:01,gemma4:12b,embed,docs_rag_qwen3_06b,1/5/10/15/20/25,76,76,168.5,168.0,81,366600,26217,23718,23.347,5.98,499.5,2
eval/prueba_carga_usuarios/confianza/llamacpp/12b_06b_np4/run_06,confianza,voz05,llamacpp,12b_06b_np4,run_06,2026-07-04 19:17:50,gemma4:12b,embed,docs_rag_qwen3_06b,1/5/10/15/20/25,76,76,165.4,165.0,78,384093,22993,20977,22.934,5.091,499.7,2
eval/prueba_carga_usuarios/confianza/llamacpp/12b_06b_np4/run_07,confianza,voz05,llamacpp,12b_06b_np4,run_07,2026-07-04 19:20:36,gemma4:12b,embed,docs_rag_qwen3_06b,1/5/10/15/20/25,76,76,180.7,180.0,79,360506,27609,25391,25.223,5.717,503.8,2
eval/prueba_carga_usuarios/confianza/llamacpp/12b_06b_np4/run_08,confianza,voz05,llamacpp,12b_06b_np4,run_08,2026-07-04 19:23:37,gemma4:12b,embed,docs_rag_qwen3_06b,1/5/10/15/20/25,76,76,155.3,155.0,78,353745,23543,21686,21.635,6.257,501.6,2
eval/prueba_carga_usuarios/confianza/llamacpp/12b_06b_np4/run_09,confianza,voz05,llamacpp,12b_06b_np4,run_09,2026-07-04 19:26:13,gemma4:12b,embed,docs_rag_qwen3_06b,1/5/10/15/20/25,76,76,169.9,169.0,82,376528,26393,23383,23.607,6.747,502.2,2
eval/prueba_carga_usuarios/confianza/llamacpp/12b_06b_np4/run_10,confianza,voz05,llamacpp,12b_06b_np4,run_10,2026-07-04 19:29:03,gemma4:12b,embed,docs_rag_qwen3_06b,1/5/10/15/20/25,76,76,167.9,167.0,78,332999,26824,24753,23.196,5.271,499.4,2
eval/prueba_carga_usuarios/confianza/llamacpp/12b_06b_np8/run_01,confianza,voz05,llamacpp,12b_06b_np8,run_01,2026-07-04 18:03:41,gemma4:12b,embed,docs_rag_qwen3_06b,1/5/10/15/20/25,76,76,177.8,178.0,78,274257,30015,28301,24.338,6.378,491.5,2
eval/prueba_carga_usuarios/confianza/llamacpp/12b_06b_np8/run_02,confianza,voz05,llamacpp,12b_06b_np8,run_02,2026-07-04 18:06:39,gemma4:12b,embed,docs_rag_qwen3_06b,1/5/10/15/20/25,76,76,159.8,159.0,77,329457,23203,21608,21.66,6.937,489.8,2
eval/prueba_carga_usuarios/confianza/llamacpp/12b_06b_np8/run_03,confianza,voz05,llamacpp,12b_06b_np8,run_03,2026-07-04 18:09:19,gemma4:12b,embed,docs_rag_qwen3_06b,1/5/10/15/20/25,76,76,207.8,207.0,78,343363,32374,30395,28.621,10.893,497.2,2
eval/prueba_carga_usuarios/confianza/llamacpp/12b_06b_np8/run_04,confianza,voz05,llamacpp,12b_06b_np8,run_04,2026-07-04 18:12:47,gemma4:12b,embed,docs_rag_qwen3_06b,1/5/10/15/20/25,76,76,168.1,168.0,78,314839,25788,24189,22.817,8.783,488.1,2
eval/prueba_carga_usuarios/confianza/llamacpp/12b_06b_np8/run_05,confianza,voz05,llamacpp,12b_06b_np8,run_05,2026-07-04 18:15:36,gemma4:12b,embed,docs_rag_qwen3_06b,1/5/10/15/20/25,76,76,179.2,179.0,78,348296,25196,23635,24.526,9.424,492.5,2
eval/prueba_carga_usuarios/confianza/llamacpp/12b_06b_np8/run_06,confianza,voz05,llamacpp,12b_06b_np8,run_06,2026-07-04 18:18:35,gemma4:12b,embed,docs_rag_qwen3_06b,1/5/10/15/20/25,76,76,163.5,163.0,78,381392,22267,20744,22.448,8.127,495.1,2
eval/prueba_carga_usuarios/confianza/llamacpp/12b_06b_np8/run_07,confianza,voz05,llamacpp,12b_06b_np8,run_07,2026-07-04 18:21:19,gemma4:12b,embed,docs_rag_qwen3_06b,1/5/10/15/20/25,76,76,177.2,177.0,77,350449,27587,25716,24.497,9.774,497.4,2
eval/prueba_carga_usuarios/confianza/llamacpp/12b_06b_np8/run_08,confianza,voz05,llamacpp,12b_06b_np8,run_08,2026-07-04 18:24:17,gemma4:12b,embed,docs_rag_qwen3_06b,1/5/10/15/20/25,76,76,172.5,172.0,77,351137,23976,22241,23.586,7.812,493.0,2
eval/prueba_carga_usuarios/confianza/llamacpp/12b_06b_np8/run_09,confianza,voz05,llamacpp,12b_06b_np8,run_09,2026-07-04 18:27:10,gemma4:12b,embed,docs_rag_qwen3_06b,1/5/10/15/20/25,76,76,174.3,174.0,78,366362,25682,24051,23.856,7.919,493.1,2
eval/prueba_carga_usuarios/confianza/llamacpp/12b_06b_np8/run_10,confianza,voz05,llamacpp,12b_06b_np8,run_10,2026-07-04 18:30:04,gemma4:12b,embed,docs_rag_qwen3_06b,1/5/10/15/20/25,76,76,172.0,171.0,78,333134,27218,25011,23.427,8.023,492.7,2
eval/prueba_carga_usuarios/confianza/llamacpp/12b_4b_np1/run_01,confianza,voz05,llamacpp,12b_4b_np1,run_01,2026-07-04 20:53:18,gemma4:12b,embed,docs_rag_qwen3,1/5/10/15/20/25,76,76,364.9,364.1,79,325860,33168,30922,47.515,6.38,469.7,2
eval/prueba_carga_usuarios/confianza/llamacpp/12b_4b_np1/run_02,confianza,voz05,llamacpp,12b_4b_np1,run_02,2026-07-04 20:59:24,gemma4:12b,embed,docs_rag_qwen3,1/5/10/15/20/25,76,76,285.9,285.0,78,348959,24558,22422,37.075,5.163,468.0,2
eval/prueba_carga_usuarios/confianza/llamacpp/12b_4b_np1/run_03,confianza,voz05,llamacpp,12b_4b_np1,run_03,2026-07-04 21:04:10,gemma4:12b,embed,docs_rag_qwen3,1/5/10/15/20/25,76,76,363.4,363.1,78,328862,32742,30588,47.363,6.543,469.4,2
eval/prueba_carga_usuarios/confianza/llamacpp/12b_4b_np1/run_04,confianza,voz05,llamacpp,12b_4b_np1,run_04,2026-07-04 21:10:14,gemma4:12b,embed,docs_rag_qwen3,1/5/10/15/20/25,76,76,299.1,299.0,80,335813,27105,24917,38.48,5.061,462.9,2
eval/prueba_carga_usuarios/confianza/llamacpp/12b_4b_np1/run_05,confianza,voz05,llamacpp,12b_4b_np1,run_05,2026-07-04 21:15:13,gemma4:12b,embed,docs_rag_qwen3,1/5/10/15/20/25,76,76,315.1,315.1,79,388507,26210,24035,41.185,5.947,470.4,2
eval/prueba_carga_usuarios/confianza/llamacpp/12b_4b_np1/run_06,confianza,voz05,llamacpp,12b_4b_np1,run_06,2026-07-04 21:20:29,gemma4:12b,embed,docs_rag_qwen3,1/5/10/15/20/25,76,76,300.3,300.0,77,403921,24904,22663,39.149,5.479,469.4,2
eval/prueba_carga_usuarios/confianza/llamacpp/12b_4b_np1/run_07,confianza,voz05,llamacpp,12b_4b_np1,run_07,2026-07-04 21:25:30,gemma4:12b,embed,docs_rag_qwen3,1/5/10/15/20/25,76,76,319.9,319.1,78,354647,28052,26152,41.211,5.498,464.7,2
eval/prueba_carga_usuarios/confianza/llamacpp/12b_4b_np1/run_08,confianza,voz05,llamacpp,12b_4b_np1,run_08,2026-07-04 21:30:50,gemma4:12b,embed,docs_rag_qwen3,1/5/10/15/20/25,76,76,276.7,276.0,77,360509,23538,21979,35.724,4.958,465.7,2
eval/prueba_carga_usuarios/confianza/llamacpp/12b_4b_np1/run_09,confianza,voz05,llamacpp,12b_4b_np1,run_09,2026-07-04 21:35:27,gemma4:12b,embed,docs_rag_qwen3,1/5/10/15/20/25,76,76,294.1,294.1,79,376105,25104,22964,38.2,5.643,467.3,2
eval/prueba_carga_usuarios/confianza/llamacpp/12b_4b_np1/run_10,confianza,voz05,llamacpp,12b_4b_np1,run_10,2026-07-04 21:40:21,gemma4:12b,embed,docs_rag_qwen3,1/5/10/15/20/25,76,76,295.4,295.0,76,338895,25554,24088,37.841,4.714,461.5,2
eval/prueba_carga_usuarios/confianza/llamacpp/12b_4b_np4/run_01,confianza,voz05,llamacpp,12b_4b_np4,run_01,2026-07-04 19:31:55,gemma4:12b,embed,docs_rag_qwen3,1/5/10/15/20/25,76,76,211.9,211.0,80,329798,33709,31193,30.124,6.167,513.4,2
eval/prueba_carga_usuarios/confianza/llamacpp/12b_4b_np4/run_02,confianza,voz05,llamacpp,12b_4b_np4,run_02,2026-07-04 19:35:27,gemma4:12b,embed,docs_rag_qwen3,1/5/10/15/20/25,76,76,164.2,164.0,78,349901,25051,23075,23.379,6.258,512.3,2
eval/prueba_carga_usuarios/confianza/llamacpp/12b_4b_np4/run_03,confianza,voz05,llamacpp,12b_4b_np4,run_03,2026-07-04 19:38:12,gemma4:12b,embed,docs_rag_qwen3,1/5/10/15/20/25,76,76,207.2,207.0,81,345850,32952,30229,29.618,5.685,514.5,2
eval/prueba_carga_usuarios/confianza/llamacpp/12b_4b_np4/run_04,confianza,voz05,llamacpp,12b_4b_np4,run_04,2026-07-04 19:41:40,gemma4:12b,embed,docs_rag_qwen3,1/5/10/15/20/25,76,76,166.3,166.0,79,322510,26250,24382,23.601,5.354,510.9,2
eval/prueba_carga_usuarios/confianza/llamacpp/12b_4b_np4/run_05,confianza,voz05,llamacpp,12b_4b_np4,run_05,2026-07-04 19:44:26,gemma4:12b,embed,docs_rag_qwen3,1/5/10/15/20/25,76,76,178.2,178.0,78,369312,25670,23987,24.992,7.301,504.8,2
eval/prueba_carga_usuarios/confianza/llamacpp/12b_4b_np4/run_06,confianza,voz05,llamacpp,12b_4b_np4,run_06,2026-07-04 19:47:25,gemma4:12b,embed,docs_rag_qwen3,1/5/10/15/20/25,76,76,181.5,181.0,78,402805,25111,23148,25.715,5.402,510.8,2
eval/prueba_carga_usuarios/confianza/llamacpp/12b_4b_np4/run_07,confianza,voz05,llamacpp,12b_4b_np4,run_07,2026-07-04 19:50:27,gemma4:12b,embed,docs_rag_qwen3,1/5/10/15/20/25,76,76,180.3,180.0,79,357059,27942,25931,25.421,5.642,507.7,2
eval/prueba_carga_usuarios/confianza/llamacpp/12b_4b_np4/run_08,confianza,voz05,llamacpp,12b_4b_np4,run_08,2026-07-04 19:53:28,gemma4:12b,embed,docs_rag_qwen3,1/5/10/15/20/25,76,76,163.6,163.0,78,358625,23935,22248,23.081,6.98,508.9,2
eval/prueba_carga_usuarios/confianza/llamacpp/12b_4b_np4/run_09,confianza,voz05,llamacpp,12b_4b_np4,run_09,2026-07-04 19:56:12,gemma4:12b,embed,docs_rag_qwen3,1/5/10/15/20/25,76,76,171.6,171.0,82,386402,26698,23862,24.205,6.975,508.8,2
eval/prueba_carga_usuarios/confianza/llamacpp/12b_4b_np4/run_10,confianza,voz05,llamacpp,12b_4b_np4,run_10,2026-07-04 19:59:04,gemma4:12b,embed,docs_rag_qwen3,1/5/10/15/20/25,76,76,167.4,167.0,77,350970,26508,24566,23.511,5.989,506.0,2
eval/prueba_carga_usuarios/confianza/llamacpp/12b_4b_np8/run_01,confianza,voz05,llamacpp,12b_4b_np8,run_01,2026-07-04 18:33:01,gemma4:12b,embed,docs_rag_qwen3,1/5/10/15/20/25,76,76,200.5,200.0,82,341169,34751,31464,28.229,8.833,507.5,2
eval/prueba_carga_usuarios/confianza/llamacpp/12b_4b_np8/run_02,confianza,voz05,llamacpp,12b_4b_np8,run_02,2026-07-04 18:36:23,gemma4:12b,embed,docs_rag_qwen3,1/5/10/15/20/25,76,76,155.2,155.0,77,340360,23591,21979,21.699,7.985,503.5,2
eval/prueba_carga_usuarios/confianza/llamacpp/12b_4b_np8/run_03,confianza,voz05,llamacpp,12b_4b_np8,run_03,2026-07-04 18:38:58,gemma4:12b,embed,docs_rag_qwen3,1/5/10/15/20/25,76,76,208.4,208.0,78,334063,32611,30389,29.36,9.191,507.6,2
eval/prueba_carga_usuarios/confianza/llamacpp/12b_4b_np8/run_04,confianza,voz05,llamacpp,12b_4b_np8,run_04,2026-07-04 18:42:27,gemma4:12b,embed,docs_rag_qwen3,1/5/10/15/20/25,76,76,166.8,166.0,78,318370,25634,23953,23.03,8.099,498.7,2
eval/prueba_carga_usuarios/confianza/llamacpp/12b_4b_np8/run_05,confianza,voz05,llamacpp,12b_4b_np8,run_05,2026-07-04 18:45:14,gemma4:12b,embed,docs_rag_qwen3,1/5/10/15/20/25,76,76,189.8,189.0,78,368268,26223,24454,26.516,8.874,504.4,2
eval/prueba_carga_usuarios/confianza/llamacpp/12b_4b_np8/run_06,confianza,voz05,llamacpp,12b_4b_np8,run_06,2026-07-04 18:48:24,gemma4:12b,embed,docs_rag_qwen3,1/5/10/15/20/25,76,76,184.1,184.0,78,402407,24881,22996,25.783,7.053,503.7,2
eval/prueba_carga_usuarios/confianza/llamacpp/12b_4b_np8/run_07,confianza,voz05,llamacpp,12b_4b_np8,run_07,2026-07-04 18:51:29,gemma4:12b,embed,docs_rag_qwen3,1/5/10/15/20/25,76,76,179.5,179.0,77,347576,27235,25594,25.129,8.679,504.8,2
eval/prueba_carga_usuarios/confianza/llamacpp/12b_4b_np8/run_08,confianza,voz05,llamacpp,12b_4b_np8,run_08,2026-07-04 18:54:29,gemma4:12b,embed,docs_rag_qwen3,1/5/10/15/20/25,76,76,162.8,162.0,77,355337,24076,22328,22.657,8.524,502.7,2
eval/prueba_carga_usuarios/confianza/llamacpp/12b_4b_np8/run_09,confianza,voz05,llamacpp,12b_4b_np8,run_09,2026-07-04 18:57:12,gemma4:12b,embed,docs_rag_qwen3,1/5/10/15/20/25,76,76,185.9,185.0,78,372782,25412,23697,26.016,8.248,505.5,2
eval/prueba_carga_usuarios/confianza/llamacpp/12b_4b_np8/run_10,confianza,voz05,llamacpp,12b_4b_np8,run_10,2026-07-04 19:00:18,gemma4:12b,embed,docs_rag_qwen3,1/5/10/15/20/25,76,76,170.5,170.0,77,348528,25078,23367,23.727,5.9,501.6,2
eval/prueba_carga_usuarios/confianza/llamacpp/26b_06b_np1/run_01,confianza,voz05,llamacpp,26b_06b_np1,run_01,2026-07-04 17:07:34,gemma4:26b,embed,docs_rag_qwen3_06b,1/5/10/15/20/25,76,76,199.3,199.0,82,294105,30339,27824,21.374,2.287,386.3,2
eval/prueba_carga_usuarios/confianza/llamacpp/26b_06b_np1/run_02,confianza,voz05,llamacpp,26b_06b_np1,run_02,2026-07-04 17:10:54,gemma4:26b,embed,docs_rag_qwen3_06b,1/5/10/15/20/25,76,76,150.4,150.0,82,345018,22755,20162,16.058,2.26,385.2,2
eval/prueba_carga_usuarios/confianza/llamacpp/26b_06b_np1/run_03,confianza,voz05,llamacpp,26b_06b_np1,run_03,2026-07-04 17:13:25,gemma4:26b,embed,docs_rag_qwen3_06b,1/5/10/15/20/25,76,76,173.8,173.0,82,332441,25652,24093,18.99,2.441,394.7,2
eval/prueba_carga_usuarios/confianza/llamacpp/26b_06b_np1/run_04,confianza,voz05,llamacpp,26b_06b_np1,run_04,2026-07-04 17:16:19,gemma4:26b,embed,docs_rag_qwen3_06b,1/5/10/15/20/25,76,76,157.3,157.0,82,314579,23571,21756,16.883,2.128,386.8,2
eval/prueba_carga_usuarios/confianza/llamacpp/26b_06b_np1/run_05,confianza,voz05,llamacpp,26b_06b_np1,run_05,2026-07-04 17:18:57,gemma4:26b,embed,docs_rag_qwen3_06b,1/5/10/15/20/25,76,76,163.7,163.0,82,415742,23668,21051,17.68,2.678,390.4,2
eval/prueba_carga_usuarios/confianza/llamacpp/26b_06b_np1/run_06,confianza,voz05,llamacpp,26b_06b_np1,run_06,2026-07-04 17:21:41,gemma4:26b,embed,docs_rag_qwen3_06b,1/5/10/15/20/25,76,76,165.2,165.0,81,422283,23421,21134,18.036,2.934,393.1,2
eval/prueba_carga_usuarios/confianza/llamacpp/26b_06b_np1/run_07,confianza,voz05,llamacpp,26b_06b_np1,run_07,2026-07-04 17:24:27,gemma4:26b,embed,docs_rag_qwen3_06b,1/5/10/15/20/25,76,76,171.3,171.0,81,362666,24856,22315,18.616,3.131,391.5,2
eval/prueba_carga_usuarios/confianza/llamacpp/26b_06b_np1/run_08,confianza,voz05,llamacpp,26b_06b_np1,run_08,2026-07-04 17:27:18,gemma4:26b,embed,docs_rag_qwen3_06b,1/5/10/15/20/25,76,76,154.3,154.0,82,383175,23377,20742,16.523,2.794,386.0,2
eval/prueba_carga_usuarios/confianza/llamacpp/26b_06b_np1/run_09,confianza,voz05,llamacpp,26b_06b_np1,run_09,2026-07-04 17:29:53,gemma4:26b,embed,docs_rag_qwen3_06b,1/5/10/15/20/25,76,76,155.7,155.0,82,380374,22629,20343,16.733,2.321,388.2,2
eval/prueba_carga_usuarios/confianza/llamacpp/26b_06b_np1/run_10,confianza,voz05,llamacpp,26b_06b_np1,run_10,2026-07-04 17:32:29,gemma4:26b,embed,docs_rag_qwen3_06b,1/5/10/15/20/25,76,76,174.8,174.0,79,341809,27392,24118,18.727,2.776,387.0,2
eval/prueba_carga_usuarios/confianza/llamacpp/26b_06b_np4/run_01,confianza,voz05,llamacpp,26b_06b_np4,run_01,2026-07-04 16:30:47,gemma4:26b,embed,docs_rag_qwen3_06b,1/5/10/15/20/25,76,76,116.4,116.0,83,322171,29801,27105,13.471,4.298,417.6,2
eval/prueba_carga_usuarios/confianza/llamacpp/26b_06b_np4/run_02,confianza,voz05,llamacpp,26b_06b_np4,run_02,2026-07-04 16:32:44,gemma4:26b,embed,docs_rag_qwen3_06b,1/5/10/15/20/25,76,76,96.4,96.0,83,347944,22969,19969,11.018,3.519,412.1,2
eval/prueba_carga_usuarios/confianza/llamacpp/26b_06b_np4/run_03,confianza,voz05,llamacpp,26b_06b_np4,run_03,2026-07-04 16:34:21,gemma4:26b,embed,docs_rag_qwen3_06b,1/5/10/15/20/25,76,76,115.3,115.0,84,336013,27280,24725,13.597,4.261,424.9,2
eval/prueba_carga_usuarios/confianza/llamacpp/26b_06b_np4/run_04,confianza,voz05,llamacpp,26b_06b_np4,run_04,2026-07-04 16:36:17,gemma4:26b,embed,docs_rag_qwen3_06b,1/5/10/15/20/25,76,76,105.5,105.0,82,322194,24234,22821,12.079,2.95,413.4,2
eval/prueba_carga_usuarios/confianza/llamacpp/26b_06b_np4/run_05,confianza,voz05,llamacpp,26b_06b_np4,run_05,2026-07-04 16:38:03,gemma4:26b,embed,docs_rag_qwen3_06b,1/5/10/15/20/25,76,76,113.4,113.0,82,417269,24413,21733,13.262,4.639,421.6,2
eval/prueba_carga_usuarios/confianza/llamacpp/26b_06b_np4/run_06,confianza,voz05,llamacpp,26b_06b_np4,run_06,2026-07-04 16:39:56,gemma4:26b,embed,docs_rag_qwen3_06b,1/5/10/15/20/25,76,76,114.8,114.0,82,417922,25736,22255,13.39,4.912,422.0,2
eval/prueba_carga_usuarios/confianza/llamacpp/26b_06b_np4/run_07,confianza,voz05,llamacpp,26b_06b_np4,run_07,2026-07-04 16:41:52,gemma4:26b,embed,docs_rag_qwen3_06b,1/5/10/15/20/25,76,76,112.3,112.0,82,371257,26399,23288,13.075,3.583,419.4,2
eval/prueba_carga_usuarios/confianza/llamacpp/26b_06b_np4/run_08,confianza,voz05,llamacpp,26b_06b_np4,run_08,2026-07-04 16:43:44,gemma4:26b,embed,docs_rag_qwen3_06b,1/5/10/15/20/25,76,76,105.3,105.0,83,381707,23812,21026,12.239,3.776,418.7,2
eval/prueba_carga_usuarios/confianza/llamacpp/26b_06b_np4/run_09,confianza,voz05,llamacpp,26b_06b_np4,run_09,2026-07-04 16:45:30,gemma4:26b,embed,docs_rag_qwen3_06b,1/5/10/15/20/25,76,76,105.0,104.0,82,381049,23004,21129,12.206,4.373,421.6,2
eval/prueba_carga_usuarios/confianza/llamacpp/26b_06b_np4/run_10,confianza,voz05,llamacpp,26b_06b_np4,run_10,2026-07-04 16:47:15,gemma4:26b,embed,docs_rag_qwen3_06b,1/5/10/15/20/25,76,76,107.9,107.0,80,335197,27043,24508,12.399,4.055,416.4,2
eval/prueba_carga_usuarios/confianza/llamacpp/26b_06b_np8/run_01,confianza,voz05,llamacpp,26b_06b_np8,run_01,2026-07-04 15:54:52,gemma4:26b,embed,docs_rag_qwen3_06b,1/5/10/15/20/25,76,76,117.1,117.0,82,308947,30538,27922,13.508,4.751,414.7,2
eval/prueba_carga_usuarios/confianza/llamacpp/26b_06b_np8/run_02,confianza,voz05,llamacpp,26b_06b_np8,run_02,2026-07-04 15:56:50,gemma4:26b,embed,docs_rag_qwen3_06b,1/5/10/15/20/25,76,76,91.6,91.0,83,343650,22796,20200,10.262,3.586,405.5,2
eval/prueba_carga_usuarios/confianza/llamacpp/26b_06b_np8/run_03,confianza,voz05,llamacpp,26b_06b_np8,run_03,2026-07-04 15:58:22,gemma4:26b,embed,docs_rag_qwen3_06b,1/5/10/15/20/25,76,76,110.4,110.0,83,335233,25903,24696,12.93,4.64,422.5,2
eval/prueba_carga_usuarios/confianza/llamacpp/26b_06b_np8/run_04,confianza,voz05,llamacpp,26b_06b_np8,run_04,2026-07-04 16:00:12,gemma4:26b,embed,docs_rag_qwen3_06b,1/5/10/15/20/25,76,76,101.6,101.0,82,310878,23271,22000,11.56,3.668,411.2,2
eval/prueba_carga_usuarios/confianza/llamacpp/26b_06b_np8/run_05,confianza,voz05,llamacpp,26b_06b_np8,run_05,2026-07-04 16:01:55,gemma4:26b,embed,docs_rag_qwen3_06b,1/5/10/15/20/25,76,76,104.2,104.0,82,409814,23917,21478,12.019,4.46,415.2,2
eval/prueba_carga_usuarios/confianza/llamacpp/26b_06b_np8/run_06,confianza,voz05,llamacpp,26b_06b_np8,run_06,2026-07-04 16:03:39,gemma4:26b,embed,docs_rag_qwen3_06b,1/5/10/15/20/25,76,76,108.7,108.0,78,393476,22326,21212,12.792,5.217,425.5,2
eval/prueba_carga_usuarios/confianza/llamacpp/26b_06b_np8/run_07,confianza,voz05,llamacpp,26b_06b_np8,run_07,2026-07-04 16:05:28,gemma4:26b,embed,docs_rag_qwen3_06b,1/5/10/15/20/25,76,76,108.2,108.0,81,358667,24677,22091,12.561,4.462,417.8,2
eval/prueba_carga_usuarios/confianza/llamacpp/26b_06b_np8/run_08,confianza,voz05,llamacpp,26b_06b_np8,run_08,2026-07-04 16:07:17,gemma4:26b,embed,docs_rag_qwen3_06b,1/5/10/15/20/25,76,76,103.4,103.0,82,388358,24225,21576,11.823,4.363,412.7,2
eval/prueba_carga_usuarios/confianza/llamacpp/26b_06b_np8/run_09,confianza,voz05,llamacpp,26b_06b_np8,run_09,2026-07-04 16:09:01,gemma4:26b,embed,docs_rag_qwen3_06b,1/5/10/15/20/25,76,76,105.4,105.0,82,379000,23938,21841,12.189,4.123,417.4,2
eval/prueba_carga_usuarios/confianza/llamacpp/26b_06b_np8/run_10,confianza,voz05,llamacpp,26b_06b_np8,run_10,2026-07-04 16:10:46,gemma4:26b,embed,docs_rag_qwen3_06b,1/5/10/15/20/25,76,76,106.9,106.0,78,338618,26646,24127,12.2,4.626,413.6,2
eval/prueba_carga_usuarios/confianza/llamacpp/26b_4b_np1/run_01,confianza,voz05,llamacpp,26b_4b_np1,run_01,2026-07-04 17:35:29,gemma4:26b,embed,docs_rag_qwen3,1/5/10/15/20/25,76,76,198.9,198.0,82,330925,31968,29207,21.75,2.945,395.1,2
eval/prueba_carga_usuarios/confianza/llamacpp/26b_4b_np1/run_02,confianza,voz05,llamacpp,26b_4b_np1,run_02,2026-07-04 17:38:48,gemma4:26b,embed,docs_rag_qwen3,1/5/10/15/20/25,76,76,150.8,150.0,82,332890,22092,19532,16.796,3.13,402.5,2
eval/prueba_carga_usuarios/confianza/llamacpp/26b_4b_np1/run_03,confianza,voz05,llamacpp,26b_4b_np1,run_03,2026-07-04 17:41:19,gemma4:26b,embed,docs_rag_qwen3,1/5/10/15/20/25,76,76,170.7,170.0,82,307205,26843,24892,18.54,2.471,392.3,2
eval/prueba_carga_usuarios/confianza/llamacpp/26b_4b_np1/run_04,confianza,voz05,llamacpp,26b_4b_np1,run_04,2026-07-04 17:44:11,gemma4:26b,embed,docs_rag_qwen3,1/5/10/15/20/25,76,76,161.0,160.0,82,329199,24168,22033,17.763,2.861,399.3,2
eval/prueba_carga_usuarios/confianza/llamacpp/26b_4b_np1/run_05,confianza,voz05,llamacpp,26b_4b_np1,run_05,2026-07-04 17:46:52,gemma4:26b,embed,docs_rag_qwen3,1/5/10/15/20/25,76,76,168.0,167.0,80,360738,24807,23008,18.2,2.712,392.1,2
eval/prueba_carga_usuarios/confianza/llamacpp/26b_4b_np1/run_06,confianza,voz05,llamacpp,26b_4b_np1,run_06,2026-07-04 17:49:40,gemma4:26b,embed,docs_rag_qwen3,1/5/10/15/20/25,76,76,163.7,163.0,81,406939,24056,21686,18.015,3.313,397.4,2
eval/prueba_carga_usuarios/confianza/llamacpp/26b_4b_np1/run_07,confianza,voz05,llamacpp,26b_4b_np1,run_07,2026-07-04 17:52:24,gemma4:26b,embed,docs_rag_qwen3,1/5/10/15/20/25,76,76,164.5,164.0,81,364355,24765,21969,18.041,2.598,395.6,2
eval/prueba_carga_usuarios/confianza/llamacpp/26b_4b_np1/run_08,confianza,voz05,llamacpp,26b_4b_np1,run_08,2026-07-04 17:55:09,gemma4:26b,embed,docs_rag_qwen3,1/5/10/15/20/25,76,76,156.1,156.0,80,369726,23926,21181,17.126,3.116,394.8,2
eval/prueba_carga_usuarios/confianza/llamacpp/26b_4b_np1/run_09,confianza,voz05,llamacpp,26b_4b_np1,run_09,2026-07-04 17:57:46,gemma4:26b,embed,docs_rag_qwen3,1/5/10/15/20/25,76,76,167.2,167.0,82,387458,24824,22031,18.526,2.855,398.9,2
eval/prueba_carga_usuarios/confianza/llamacpp/26b_4b_np1/run_10,confianza,voz05,llamacpp,26b_4b_np1,run_10,2026-07-04 18:00:33,gemma4:26b,embed,docs_rag_qwen3,1/5/10/15/20/25,76,76,174.0,174.0,77,353134,25402,23736,19.181,3.448,396.3,2
eval/prueba_carga_usuarios/confianza/llamacpp/26b_4b_np4/run_01,confianza,voz05,llamacpp,26b_4b_np4,run_01,2026-07-04 16:49:08,gemma4:26b,embed,docs_rag_qwen3,1/5/10/15/20/25,76,76,124.4,124.0,84,335820,30075,27411,14.994,3.973,434.7,2
eval/prueba_carga_usuarios/confianza/llamacpp/26b_4b_np4/run_02,confianza,voz05,llamacpp,26b_4b_np4,run_02,2026-07-04 16:51:13,gemma4:26b,embed,docs_rag_qwen3,1/5/10/15/20/25,76,76,98.7,98.0,84,336954,22005,19481,11.857,4.107,434.5,2
eval/prueba_carga_usuarios/confianza/llamacpp/26b_4b_np4/run_03,confianza,voz05,llamacpp,26b_4b_np4,run_03,2026-07-04 16:52:52,gemma4:26b,embed,docs_rag_qwen3,1/5/10/15/20/25,76,76,109.4,109.0,83,312343,26164,24043,12.97,3.547,427.5,2
eval/prueba_carga_usuarios/confianza/llamacpp/26b_4b_np4/run_04,confianza,voz05,llamacpp,26b_4b_np4,run_04,2026-07-04 16:54:42,gemma4:26b,embed,docs_rag_qwen3,1/5/10/15/20/25,76,76,107.4,107.0,82,333807,24659,22490,12.895,5.144,432.8,2
eval/prueba_carga_usuarios/confianza/llamacpp/26b_4b_np4/run_05,confianza,voz05,llamacpp,26b_4b_np4,run_05,2026-07-04 16:56:29,gemma4:26b,embed,docs_rag_qwen3,1/5/10/15/20/25,76,76,114.3,114.0,82,377940,26732,23805,13.705,4.764,432.2,2
eval/prueba_carga_usuarios/confianza/llamacpp/26b_4b_np4/run_06,confianza,voz05,llamacpp,26b_4b_np4,run_06,2026-07-04 16:58:24,gemma4:26b,embed,docs_rag_qwen3,1/5/10/15/20/25,76,76,105.1,105.0,82,418624,23832,20500,12.676,4.166,433.5,2
eval/prueba_carga_usuarios/confianza/llamacpp/26b_4b_np4/run_07,confianza,voz05,llamacpp,26b_4b_np4,run_07,2026-07-04 17:00:10,gemma4:26b,embed,docs_rag_qwen3,1/5/10/15/20/25,76,76,109.6,109.0,82,367915,25312,22135,13.051,4.755,430.3,2
eval/prueba_carga_usuarios/confianza/llamacpp/26b_4b_np4/run_08,confianza,voz05,llamacpp,26b_4b_np4,run_08,2026-07-04 17:02:00,gemma4:26b,embed,docs_rag_qwen3,1/5/10/15/20/25,76,76,102.9,102.0,82,374623,24122,21197,12.148,4.21,427.9,2
eval/prueba_carga_usuarios/confianza/llamacpp/26b_4b_np4/run_09,confianza,voz05,llamacpp,26b_4b_np4,run_09,2026-07-04 17:03:43,gemma4:26b,embed,docs_rag_qwen3,1/5/10/15/20/25,76,76,110.5,110.0,82,384339,25406,22418,13.177,4.027,430.1,2
eval/prueba_carga_usuarios/confianza/llamacpp/26b_4b_np4/run_10,confianza,voz05,llamacpp,26b_4b_np4,run_10,2026-07-04 17:05:34,gemma4:26b,embed,docs_rag_qwen3,1/5/10/15/20/25,76,76,107.2,107.0,77,349931,24472,23030,12.627,4.787,423.7,2
eval/prueba_carga_usuarios/confianza/llamacpp/26b_4b_np8/run_01,confianza,voz05,llamacpp,26b_4b_np8,run_01,2026-07-04 16:12:38,gemma4:26b,embed,docs_rag_qwen3,1/5/10/15/20/25,76,76,118.0,117.0,82,325105,30753,28299,14.125,4.553,433.7,2
eval/prueba_carga_usuarios/confianza/llamacpp/26b_4b_np8/run_02,confianza,voz05,llamacpp,26b_4b_np8,run_02,2026-07-04 16:14:36,gemma4:26b,embed,docs_rag_qwen3,1/5/10/15/20/25,76,76,89.5,89.0,82,337608,22376,19930,10.819,4.429,436.1,2
eval/prueba_carga_usuarios/confianza/llamacpp/26b_4b_np8/run_03,confianza,voz05,llamacpp,26b_4b_np8,run_03,2026-07-04 16:16:06,gemma4:26b,embed,docs_rag_qwen3,1/5/10/15/20/25,76,76,108.6,108.0,82,304216,25613,24143,12.7,5.009,422.7,2
eval/prueba_carga_usuarios/confianza/llamacpp/26b_4b_np8/run_04,confianza,voz05,llamacpp,26b_4b_np8,run_04,2026-07-04 16:17:55,gemma4:26b,embed,docs_rag_qwen3,1/5/10/15/20/25,76,76,102.1,102.0,82,339920,26076,23765,12.272,4.974,431.9,2
eval/prueba_carga_usuarios/confianza/llamacpp/26b_4b_np8/run_05,confianza,voz05,llamacpp,26b_4b_np8,run_05,2026-07-04 16:19:38,gemma4:26b,embed,docs_rag_qwen3,1/5/10/15/20/25,76,76,112.6,112.0,82,377947,27333,24178,13.163,5.093,422.3,2
eval/prueba_carga_usuarios/confianza/llamacpp/26b_4b_np8/run_06,confianza,voz05,llamacpp,26b_4b_np8,run_06,2026-07-04 16:21:31,gemma4:26b,embed,docs_rag_qwen3,1/5/10/15/20/25,76,76,112.2,112.0,79,394155,23588,21700,13.585,5.815,435.7,2
eval/prueba_carga_usuarios/confianza/llamacpp/26b_4b_np8/run_07,confianza,voz05,llamacpp,26b_4b_np8,run_07,2026-07-04 16:23:23,gemma4:26b,embed,docs_rag_qwen3,1/5/10/15/20/25,76,76,105.6,105.0,82,366495,26221,23272,12.544,4.953,429.4,2
eval/prueba_carga_usuarios/confianza/llamacpp/26b_4b_np8/run_08,confianza,voz05,llamacpp,26b_4b_np8,run_08,2026-07-04 16:25:09,gemma4:26b,embed,docs_rag_qwen3,1/5/10/15/20/25,76,76,98.0,97.0,78,351284,23997,22297,11.482,4.524,425.0,2
eval/prueba_carga_usuarios/confianza/llamacpp/26b_4b_np8/run_09,confianza,voz05,llamacpp,26b_4b_np8,run_09,2026-07-04 16:26:48,gemma4:26b,embed,docs_rag_qwen3,1/5/10/15/20/25,76,76,116.1,116.0,82,394242,26656,23593,13.947,5.987,432.2,2
eval/prueba_carga_usuarios/confianza/llamacpp/26b_4b_np8/run_10,confianza,voz05,llamacpp,26b_4b_np8,run_10,2026-07-04 16:28:44,gemma4:26b,embed,docs_rag_qwen3,1/5/10/15/20/25,76,76,109.7,109.0,77,349588,24126,22714,13.118,4.717,432.5,2
eval/prueba_carga_usuarios/confianza/ollama/12b_06b_np1/run_01,confianza,voz05,ollama,12b_06b_np1,run_01,2026-07-04 11:41:51,gemma4:12b,embed,docs_rag_qwen3_06b,1/5/10/15/20/25,76,76,416.9,417.1,76,274488,33446,31802,49.355,8.434,425.9,2
eval/prueba_carga_usuarios/confianza/ollama/12b_06b_np1/run_02,confianza,voz05,ollama,12b_06b_np1,run_02,2026-07-04 11:49:22,gemma4:12b,embed,docs_rag_qwen3_06b,1/5/10/15/20/25,76,76,340.9,341.1,76,326192,23969,22723,40.699,7.557,429.5,2
eval/prueba_carga_usuarios/confianza/ollama/12b_06b_np1/run_03,confianza,voz05,ollama,12b_06b_np1,run_03,2026-07-04 11:55:39,gemma4:12b,embed,docs_rag_qwen3_06b,1/5/10/15/20/25,76,76,415.6,415.1,76,313720,32557,30949,49.83,9.944,432.1,2
eval/prueba_carga_usuarios/confianza/ollama/12b_06b_np1/run_04,confianza,voz05,ollama,12b_06b_np1,run_04,2026-07-04 12:03:11,gemma4:12b,embed,docs_rag_qwen3_06b,1/5/10/15/20/25,76,76,368.7,368.1,76,305557,27444,25994,43.915,8.91,429.4,2
eval/prueba_carga_usuarios/confianza/ollama/12b_06b_np1/run_05,confianza,voz05,ollama,12b_06b_np1,run_05,2026-07-04 12:09:55,gemma4:12b,embed,docs_rag_qwen3_06b,1/5/10/15/20/25,76,76,361.1,361.1,76,341408,25921,24516,43.213,8.768,430.7,2
eval/prueba_carga_usuarios/confianza/ollama/12b_06b_np1/run_06,confianza,voz05,ollama,12b_06b_np1,run_06,2026-07-04 12:16:32,gemma4:12b,embed,docs_rag_qwen3_06b,1/5/10/15/20/25,76,76,344.8,344.1,76,384935,23677,22401,41.536,7.988,434.5,2
eval/prueba_carga_usuarios/confianza/ollama/12b_06b_np1/run_07,confianza,voz05,ollama,12b_06b_np1,run_07,2026-07-04 12:22:51,gemma4:12b,embed,docs_rag_qwen3_06b,1/5/10/15/20/25,76,76,389.4,389.1,76,348407,28781,27375,46.857,8.971,433.4,2
eval/prueba_carga_usuarios/confianza/ollama/12b_06b_np1/run_08,confianza,voz05,ollama,12b_06b_np1,run_08,2026-07-04 12:29:52,gemma4:12b,embed,docs_rag_qwen3_06b,1/5/10/15/20/25,76,76,348.4,348.1,76,356685,24212,22893,41.822,7.692,432.5,2
eval/prueba_carga_usuarios/confianza/ollama/12b_06b_np1/run_09,confianza,voz05,ollama,12b_06b_np1,run_09,2026-07-04 12:36:15,gemma4:12b,embed,docs_rag_qwen3_06b,1/5/10/15/20/25,76,76,358.6,358.1,76,362682,25446,24019,43.016,8.609,432.4,2
eval/prueba_carga_usuarios/confianza/ollama/12b_06b_np1/run_10,confianza,voz05,ollama,12b_06b_np1,run_10,2026-07-04 12:42:48,gemma4:12b,embed,docs_rag_qwen3_06b,1/5/10/15/20/25,76,76,360.0,360.1,76,327984,26274,24810,43.216,8.76,432.0,2
eval/prueba_carga_usuarios/confianza/ollama/12b_06b_np4/run_01,confianza,voz05,ollama,12b_06b_np4,run_01,2026-07-04 08:07:11,gemma4:12b,embed,docs_rag_qwen3_06b,1/5/10/15/20/25,76,76,248.6,248.0,76,270183,31930,30293,29.211,8.159,423.9,2
eval/prueba_carga_usuarios/confianza/ollama/12b_06b_np4/run_02,confianza,voz05,ollama,12b_06b_np4,run_02,2026-07-04 08:11:52,gemma4:12b,embed,docs_rag_qwen3_06b,1/5/10/15/20/25,76,76,223.0,223.0,76,329594,24062,22771,26.326,8.438,424.7,2
eval/prueba_carga_usuarios/confianza/ollama/12b_06b_np4/run_03,confianza,voz05,ollama,12b_06b_np4,run_03,2026-07-04 08:16:08,gemma4:12b,embed,docs_rag_qwen3_06b,1/5/10/15/20/25,76,76,254.0,254.1,76,318002,32449,30713,30.401,10.317,430.6,2
eval/prueba_carga_usuarios/confianza/ollama/12b_06b_np4/run_04,confianza,voz05,ollama,12b_06b_np4,run_04,2026-07-04 08:20:54,gemma4:12b,embed,docs_rag_qwen3_06b,1/5/10/15/20/25,76,76,229.7,229.0,76,307242,26649,25198,27.309,7.026,429.1,2
eval/prueba_carga_usuarios/confianza/ollama/12b_06b_np4/run_05,confianza,voz05,ollama,12b_06b_np4,run_05,2026-07-04 08:25:15,gemma4:12b,embed,docs_rag_qwen3_06b,1/5/10/15/20/25,76,76,230.4,230.0,76,342165,25969,24508,27.276,7.509,426.7,2
eval/prueba_carga_usuarios/confianza/ollama/12b_06b_np4/run_06,confianza,voz05,ollama,12b_06b_np4,run_06,2026-07-04 08:29:38,gemma4:12b,embed,docs_rag_qwen3_06b,1/5/10/15/20/25,76,76,227.7,227.0,76,382193,24214,22832,27.377,10.541,434.0,2
eval/prueba_carga_usuarios/confianza/ollama/12b_06b_np4/run_07,confianza,voz05,ollama,12b_06b_np4,run_07,2026-07-04 08:33:57,gemma4:12b,embed,docs_rag_qwen3_06b,1/5/10/15/20/25,76,76,247.3,247.0,76,353101,27870,26482,29.552,10.297,430.5,2
eval/prueba_carga_usuarios/confianza/ollama/12b_06b_np4/run_08,confianza,voz05,ollama,12b_06b_np4,run_08,2026-07-04 08:38:37,gemma4:12b,embed,docs_rag_qwen3_06b,1/5/10/15/20/25,76,76,232.2,232.0,76,354418,24403,23000,27.631,8.622,428.5,2
eval/prueba_carga_usuarios/confianza/ollama/12b_06b_np4/run_09,confianza,voz05,ollama,12b_06b_np4,run_09,2026-07-04 08:42:59,gemma4:12b,embed,docs_rag_qwen3_06b,1/5/10/15/20/25,76,76,232.1,232.0,76,358245,25483,23989,27.63,9.578,428.5,2
eval/prueba_carga_usuarios/confianza/ollama/12b_06b_np4/run_10,confianza,voz05,ollama,12b_06b_np4,run_10,2026-07-04 08:47:21,gemma4:12b,embed,docs_rag_qwen3_06b,1/5/10/15/20/25,76,76,231.5,231.0,76,322466,26710,25181,27.471,8.439,427.9,2
eval/prueba_carga_usuarios/confianza/ollama/12b_06b_np8/run_01,confianza,voz05,ollama,12b_06b_np8,run_01,2026-07-04 04:48:09,gemma4:12b,embed,docs_rag_qwen3_06b,1/5/10/15/20/25,76,76,251.0,251.1,76,267536,31838,30239,29.261,13.267,419.5,2
eval/prueba_carga_usuarios/confianza/ollama/12b_06b_np8/run_02,confianza,voz05,ollama,12b_06b_np8,run_02,2026-07-04 04:52:53,gemma4:12b,embed,docs_rag_qwen3_06b,1/5/10/15/20/25,76,76,232.4,232.0,76,328743,25219,23869,27.083,12.515,420.1,2
eval/prueba_carga_usuarios/confianza/ollama/12b_06b_np8/run_03,confianza,voz05,ollama,12b_06b_np8,run_03,2026-07-04 04:57:17,gemma4:12b,embed,docs_rag_qwen3_06b,1/5/10/15/20/25,76,76,262.5,262.1,76,316227,31340,29557,30.873,12.327,424.1,2
eval/prueba_carga_usuarios/confianza/ollama/12b_06b_np8/run_04,confianza,voz05,ollama,12b_06b_np8,run_04,2026-07-04 05:02:14,gemma4:12b,embed,docs_rag_qwen3_06b,1/5/10/15/20/25,76,76,239.4,239.1,76,308156,27015,25540,27.731,11.446,417.6,2
eval/prueba_carga_usuarios/confianza/ollama/12b_06b_np8/run_05,confianza,voz05,ollama,12b_06b_np8,run_05,2026-07-04 05:06:46,gemma4:12b,embed,docs_rag_qwen3_06b,1/5/10/15/20/25,76,76,235.7,235.0,76,344879,25708,24195,27.521,15.495,421.4,2
eval/prueba_carga_usuarios/confianza/ollama/12b_06b_np8/run_06,confianza,voz05,ollama,12b_06b_np8,run_06,2026-07-04 05:11:14,gemma4:12b,embed,docs_rag_qwen3_06b,1/5/10/15/20/25,76,76,229.0,229.1,76,378034,23763,22431,27.063,12.598,425.1,2
eval/prueba_carga_usuarios/confianza/ollama/12b_06b_np8/run_07,confianza,voz05,ollama,12b_06b_np8,run_07,2026-07-04 05:15:33,gemma4:12b,embed,docs_rag_qwen3_06b,1/5/10/15/20/25,76,76,239.2,239.0,76,347566,26331,24958,28.052,11.589,422.4,2
eval/prueba_carga_usuarios/confianza/ollama/12b_06b_np8/run_08,confianza,voz05,ollama,12b_06b_np8,run_08,2026-07-04 05:20:02,gemma4:12b,embed,docs_rag_qwen3_06b,1/5/10/15/20/25,76,76,227.8,227.0,76,358023,23897,22562,26.725,12.338,423.6,2
eval/prueba_carga_usuarios/confianza/ollama/12b_06b_np8/run_09,confianza,voz05,ollama,12b_06b_np8,run_09,2026-07-04 05:24:22,gemma4:12b,embed,docs_rag_qwen3_06b,1/5/10/15/20/25,76,76,236.7,236.0,76,361804,25421,23930,27.97,12.978,426.5,2
eval/prueba_carga_usuarios/confianza/ollama/12b_06b_np8/run_10,confianza,voz05,ollama,12b_06b_np8,run_10,2026-07-04 05:28:51,gemma4:12b,embed,docs_rag_qwen3_06b,1/5/10/15/20/25,76,76,240.3,240.1,76,325301,26459,24995,28.116,11.871,421.5,2
eval/prueba_carga_usuarios/confianza/ollama/12b_4b_np1/run_01,confianza,voz05,ollama,12b_4b_np1,run_01,2026-07-04 12:49:20,gemma4:12b,embed,docs_rag_qwen3,1/5/10/15/20/25,76,76,408.7,408.1,76,311517,32207,30521,49.388,8.604,435.6,2
eval/prueba_carga_usuarios/confianza/ollama/12b_4b_np1/run_02,confianza,voz05,ollama,12b_4b_np1,run_02,2026-07-04 12:56:40,gemma4:12b,embed,docs_rag_qwen3,1/5/10/15/20/25,76,76,342.4,342.1,76,322441,24229,22990,41.641,8.004,438.1,2
eval/prueba_carga_usuarios/confianza/ollama/12b_4b_np1/run_03,confianza,voz05,ollama,12b_4b_np1,run_03,2026-07-04 13:02:55,gemma4:12b,embed,docs_rag_qwen3,1/5/10/15/20/25,76,76,413.2,413.1,76,317332,32102,30263,50.362,8.89,438.8,2
eval/prueba_carga_usuarios/confianza/ollama/12b_4b_np1/run_04,confianza,voz05,ollama,12b_4b_np1,run_04,2026-07-04 13:10:20,gemma4:12b,embed,docs_rag_qwen3,1/5/10/15/20/25,76,76,353.8,353.1,76,306016,25599,24119,42.695,8.834,435.1,2
eval/prueba_carga_usuarios/confianza/ollama/12b_4b_np1/run_05,confianza,voz05,ollama,12b_4b_np1,run_05,2026-07-04 13:16:46,gemma4:12b,embed,docs_rag_qwen3,1/5/10/15/20/25,76,76,361.6,361.1,76,347698,26032,24552,44.018,8.549,438.8,2
eval/prueba_carga_usuarios/confianza/ollama/12b_4b_np1/run_06,confianza,voz05,ollama,12b_4b_np1,run_06,2026-07-04 13:23:19,gemma4:12b,embed,docs_rag_qwen3,1/5/10/15/20/25,76,76,354.1,354.1,76,396703,24374,22959,43.216,9.835,439.2,2
eval/prueba_carga_usuarios/confianza/ollama/12b_4b_np1/run_07,confianza,voz05,ollama,12b_4b_np1,run_07,2026-07-04 13:29:45,gemma4:12b,embed,docs_rag_qwen3,1/5/10/15/20/25,76,76,377.7,377.1,76,353155,27570,26221,45.873,9.611,437.9,2
eval/prueba_carga_usuarios/confianza/ollama/12b_4b_np1/run_08,confianza,voz05,ollama,12b_4b_np1,run_08,2026-07-04 13:36:34,gemma4:12b,embed,docs_rag_qwen3,1/5/10/15/20/25,76,76,346.0,346.1,76,360690,23814,22509,42.272,8.072,439.6,2
eval/prueba_carga_usuarios/confianza/ollama/12b_4b_np1/run_09,confianza,voz05,ollama,12b_4b_np1,run_09,2026-07-04 13:42:52,gemma4:12b,embed,docs_rag_qwen3,1/5/10/15/20/25,76,76,351.7,351.1,76,369015,24451,23004,42.953,7.788,440.4,2
eval/prueba_carga_usuarios/confianza/ollama/12b_4b_np1/run_10,confianza,voz05,ollama,12b_4b_np1,run_10,2026-07-04 13:49:15,gemma4:12b,embed,docs_rag_qwen3,1/5/10/15/20/25,76,76,357.5,357.1,76,342249,25403,23902,43.464,9.511,438.1,2
eval/prueba_carga_usuarios/confianza/ollama/12b_4b_np4/run_01,confianza,voz05,ollama,12b_4b_np4,run_01,2026-07-04 08:51:43,gemma4:12b,embed,docs_rag_qwen3,1/5/10/15/20/25,76,76,254.2,254.0,76,309025,32175,30488,30.631,9.683,434.1,2
eval/prueba_carga_usuarios/confianza/ollama/12b_4b_np4/run_02,confianza,voz05,ollama,12b_4b_np4,run_02,2026-07-04 08:56:28,gemma4:12b,embed,docs_rag_qwen3,1/5/10/15/20/25,76,76,217.3,217.0,76,324386,24266,22910,26.455,12.137,438.6,2
eval/prueba_carga_usuarios/confianza/ollama/12b_4b_np4/run_03,confianza,voz05,ollama,12b_4b_np4,run_03,2026-07-04 09:00:37,gemma4:12b,embed,docs_rag_qwen3,1/5/10/15/20/25,76,76,264.0,264.1,76,320616,32269,30485,32.198,10.429,438.8,2
eval/prueba_carga_usuarios/confianza/ollama/12b_4b_np4/run_04,confianza,voz05,ollama,12b_4b_np4,run_04,2026-07-04 09:05:32,gemma4:12b,embed,docs_rag_qwen3,1/5/10/15/20/25,76,76,227.6,227.0,76,304970,25909,24373,27.441,7.645,435.0,2
eval/prueba_carga_usuarios/confianza/ollama/12b_4b_np4/run_05,confianza,voz05,ollama,12b_4b_np4,run_05,2026-07-04 09:09:51,gemma4:12b,embed,docs_rag_qwen3,1/5/10/15/20/25,76,76,242.4,242.0,76,347085,26962,25430,29.365,8.967,436.7,2
eval/prueba_carga_usuarios/confianza/ollama/12b_4b_np4/run_06,confianza,voz05,ollama,12b_4b_np4,run_06,2026-07-04 09:14:25,gemma4:12b,embed,docs_rag_qwen3,1/5/10/15/20/25,76,76,242.0,242.0,76,396899,25546,24006,29.642,11.459,440.6,2
eval/prueba_carga_usuarios/confianza/ollama/12b_4b_np4/run_07,confianza,voz05,ollama,12b_4b_np4,run_07,2026-07-04 09:18:58,gemma4:12b,embed,docs_rag_qwen3,1/5/10/15/20/25,76,76,242.6,242.0,76,346721,27631,26222,29.512,9.316,438.8,2
eval/prueba_carga_usuarios/confianza/ollama/12b_4b_np4/run_08,confianza,voz05,ollama,12b_4b_np4,run_08,2026-07-04 09:23:32,gemma4:12b,embed,docs_rag_qwen3,1/5/10/15/20/25,76,76,221.5,221.0,76,363079,22901,21608,27.026,10.013,440.0,2
eval/prueba_carga_usuarios/confianza/ollama/12b_4b_np4/run_09,confianza,voz05,ollama,12b_4b_np4,run_09,2026-07-04 09:27:45,gemma4:12b,embed,docs_rag_qwen3,1/5/10/15/20/25,76,76,224.9,225.0,76,368264,24430,22935,27.484,9.567,439.5,2
eval/prueba_carga_usuarios/confianza/ollama/12b_4b_np4/run_10,confianza,voz05,ollama,12b_4b_np4,run_10,2026-07-04 09:32:02,gemma4:12b,embed,docs_rag_qwen3,1/5/10/15/20/25,76,76,231.3,231.0,76,341772,25265,23744,27.943,9.824,435.2,2
eval/prueba_carga_usuarios/confianza/ollama/12b_4b_np8/run_01,confianza,voz05,ollama,12b_4b_np8,run_01,2026-07-04 05:33:23,gemma4:12b,embed,docs_rag_qwen3,1/5/10/15/20/25,76,76,257.0,257.1,76,314650,32533,30851,30.614,14.101,428.6,2
eval/prueba_carga_usuarios/confianza/ollama/12b_4b_np8/run_02,confianza,voz05,ollama,12b_4b_np8,run_02,2026-07-04 05:38:12,gemma4:12b,embed,docs_rag_qwen3,1/5/10/15/20/25,76,76,227.3,227.0,76,315323,23932,22710,27.046,14.118,428.8,2
eval/prueba_carga_usuarios/confianza/ollama/12b_4b_np8/run_03,confianza,voz05,ollama,12b_4b_np8,run_03,2026-07-04 05:42:31,gemma4:12b,embed,docs_rag_qwen3,1/5/10/15/20/25,76,76,264.4,264.0,76,320378,32435,30515,31.952,15.233,435.6,2
eval/prueba_carga_usuarios/confianza/ollama/12b_4b_np8/run_04,confianza,voz05,ollama,12b_4b_np8,run_04,2026-07-04 05:47:27,gemma4:12b,embed,docs_rag_qwen3,1/5/10/15/20/25,76,76,229.0,229.1,76,312763,25489,24028,27.257,12.434,428.3,2
eval/prueba_carga_usuarios/confianza/ollama/12b_4b_np8/run_05,confianza,voz05,ollama,12b_4b_np8,run_05,2026-07-04 05:51:47,gemma4:12b,embed,docs_rag_qwen3,1/5/10/15/20/25,76,76,240.7,240.0,76,349452,26225,24643,28.747,13.178,431.1,2
eval/prueba_carga_usuarios/confianza/ollama/12b_4b_np8/run_06,confianza,voz05,ollama,12b_4b_np8,run_06,2026-07-04 05:56:20,gemma4:12b,embed,docs_rag_qwen3,1/5/10/15/20/25,76,76,244.1,244.1,76,398413,25165,23685,29.569,12.248,436.0,2
eval/prueba_carga_usuarios/confianza/ollama/12b_4b_np8/run_07,confianza,voz05,ollama,12b_4b_np8,run_07,2026-07-04 06:00:54,gemma4:12b,embed,docs_rag_qwen3,1/5/10/15/20/25,76,76,243.9,244.1,76,346298,27278,25919,29.487,12.562,434.9,2
eval/prueba_carga_usuarios/confianza/ollama/12b_4b_np8/run_08,confianza,voz05,ollama,12b_4b_np8,run_08,2026-07-04 06:05:29,gemma4:12b,embed,docs_rag_qwen3,1/5/10/15/20/25,76,76,232.5,232.0,76,357013,23251,21983,27.752,15.765,430.6,2
eval/prueba_carga_usuarios/confianza/ollama/12b_4b_np8/run_09,confianza,voz05,ollama,12b_4b_np8,run_09,2026-07-04 06:09:54,gemma4:12b,embed,docs_rag_qwen3,1/5/10/15/20/25,76,76,242.7,242.1,76,370494,24957,23496,29.135,13.968,433.2,2
eval/prueba_carga_usuarios/confianza/ollama/12b_4b_np8/run_10,confianza,voz05,ollama,12b_4b_np8,run_10,2026-07-04 06:14:28,gemma4:12b,embed,docs_rag_qwen3,1/5/10/15/20/25,76,76,236.1,236.1,76,341637,26141,24615,28.103,14.294,428.4,2
eval/prueba_carga_usuarios/confianza/ollama/26b_06b_np1/run_01,confianza,voz05,ollama,26b_06b_np1,run_01,2026-07-04 09:36:47,gemma4:26b,embed,docs_rag_qwen3_06b,1/5/10/15/20/25,76,76,241.6,241.0,76,308562,29730,28281,23.785,4.073,355.1,2
eval/prueba_carga_usuarios/confianza/ollama/26b_06b_np1/run_02,confianza,voz05,ollama,26b_06b_np1,run_02,2026-07-04 09:41:20,gemma4:26b,embed,docs_rag_qwen3_06b,1/5/10/15/20/25,76,76,444.3,444.1,76,308693,19442,18553,31.556,8.945,255.8,2
eval/prueba_carga_usuarios/confianza/ollama/26b_06b_np1/run_03,confianza,voz05,ollama,26b_06b_np1,run_03,2026-07-04 09:49:44,gemma4:26b,embed,docs_rag_qwen3_06b,1/5/10/15/20/25,76,76,766.4,766.3,76,298997,25111,23955,48.794,20.99,229.2,2
eval/prueba_carga_usuarios/confianza/ollama/26b_06b_np1/run_04,confianza,voz05,ollama,26b_06b_np1,run_04,2026-07-04 10:03:31,gemma4:26b,embed,docs_rag_qwen3_06b,1/5/10/15/20/25,76,76,462.0,462.2,76,301425,22966,21844,33.087,10.84,257.6,2
eval/prueba_carga_usuarios/confianza/ollama/26b_06b_np1/run_05,confianza,voz05,ollama,26b_06b_np1,run_05,2026-07-04 10:12:14,gemma4:26b,embed,docs_rag_qwen3_06b,1/5/10/15/20/25,76,76,208.2,208.0,76,393744,22265,21175,20.662,4.171,357.2,2
eval/prueba_carga_usuarios/confianza/ollama/26b_06b_np1/run_06,confianza,voz05,ollama,26b_06b_np1,run_06,2026-07-04 10:16:14,gemma4:26b,embed,docs_rag_qwen3_06b,1/5/10/15/20/25,76,76,207.4,207.0,76,384440,21966,20878,20.57,4.019,357.5,2
eval/prueba_carga_usuarios/confianza/ollama/26b_06b_np1/run_07,confianza,voz05,ollama,26b_06b_np1,run_07,2026-07-04 10:20:14,gemma4:26b,embed,docs_rag_qwen3_06b,1/5/10/15/20/25,76,76,231.1,231.0,76,337032,27076,25825,22.643,4.475,352.6,2
eval/prueba_carga_usuarios/confianza/ollama/26b_06b_np1/run_08,confianza,voz05,ollama,26b_06b_np1,run_08,2026-07-04 10:24:36,gemma4:26b,embed,docs_rag_qwen3_06b,1/5/10/15/20/25,76,76,322.8,322.1,76,358935,22242,21208,26.406,9.908,295.0,2
eval/prueba_carga_usuarios/confianza/ollama/26b_06b_np1/run_09,confianza,voz05,ollama,26b_06b_np1,run_09,2026-07-04 10:31:00,gemma4:26b,embed,docs_rag_qwen3_06b,1/5/10/15/20/25,76,76,209.0,208.0,76,351595,22753,21869,20.552,4.442,355.3,2
eval/prueba_carga_usuarios/confianza/ollama/26b_06b_np1/run_10,confianza,voz05,ollama,26b_06b_np1,run_10,2026-07-04 10:35:01,gemma4:26b,embed,docs_rag_qwen3_06b,1/5/10/15/20/25,76,76,217.3,217.0,76,327748,24757,23317,21.38,3.989,354.5,2
eval/prueba_carga_usuarios/confianza/ollama/26b_06b_np4/run_01,confianza,voz05,ollama,26b_06b_np4,run_01,2026-07-04 06:19:18,gemma4:26b,embed,docs_rag_qwen3_06b,1/5/10/15/20/25,76,76,170.9,171.0,76,307066,30332,28865,16.597,5.011,349.5,2
eval/prueba_carga_usuarios/confianza/ollama/26b_06b_np4/run_02,confianza,voz05,ollama,26b_06b_np4,run_02,2026-07-04 06:22:40,gemma4:26b,embed,docs_rag_qwen3_06b,1/5/10/15/20/25,76,76,276.3,276.1,76,314505,19485,18553,20.364,10.269,265.4,2
eval/prueba_carga_usuarios/confianza/ollama/26b_06b_np4/run_03,confianza,voz05,ollama,26b_06b_np4,run_03,2026-07-04 06:28:17,gemma4:26b,embed,docs_rag_qwen3_06b,1/5/10/15/20/25,76,76,766.6,766.3,76,296479,24260,23279,45.076,17.195,211.8,2
eval/prueba_carga_usuarios/confianza/ollama/26b_06b_np4/run_04,confianza,voz05,ollama,26b_06b_np4,run_04,2026-07-04 06:42:05,gemma4:26b,embed,docs_rag_qwen3_06b,1/5/10/15/20/25,76,76,316.6,316.2,76,297021,21896,21051,22.482,10.927,256.1,2
eval/prueba_carga_usuarios/confianza/ollama/26b_06b_np4/run_05,confianza,voz05,ollama,26b_06b_np4,run_05,2026-07-04 06:47:54,gemma4:26b,embed,docs_rag_qwen3_06b,1/5/10/15/20/25,76,76,155.4,155.0,76,384562,22054,20946,15.498,5.561,359.8,2
eval/prueba_carga_usuarios/confianza/ollama/26b_06b_np4/run_06,confianza,voz05,ollama,26b_06b_np4,run_06,2026-07-04 06:51:00,gemma4:26b,embed,docs_rag_qwen3_06b,1/5/10/15/20/25,76,76,152.5,152.0,76,392066,22213,21097,15.183,4.5,359.4,2
eval/prueba_carga_usuarios/confianza/ollama/26b_06b_np4/run_07,confianza,voz05,ollama,26b_06b_np4,run_07,2026-07-04 06:54:05,gemma4:26b,embed,docs_rag_qwen3_06b,1/5/10/15/20/25,76,76,161.1,161.0,76,332647,25541,24383,15.873,4.693,354.7,2
eval/prueba_carga_usuarios/confianza/ollama/26b_06b_np4/run_08,confianza,voz05,ollama,26b_06b_np4,run_08,2026-07-04 06:57:17,gemma4:26b,embed,docs_rag_qwen3_06b,1/5/10/15/20/25,76,76,285.2,285.1,76,354700,21816,20783,21.556,10.07,272.0,2
eval/prueba_carga_usuarios/confianza/ollama/26b_06b_np4/run_09,confianza,voz05,ollama,26b_06b_np4,run_09,2026-07-04 07:03:04,gemma4:26b,embed,docs_rag_qwen3_06b,1/5/10/15/20/25,76,76,473.4,473.2,76,351281,22031,20951,30.227,12.905,230.1,2
eval/prueba_carga_usuarios/confianza/ollama/26b_06b_np4/run_10,confianza,voz05,ollama,26b_06b_np4,run_10,2026-07-04 07:11:29,gemma4:26b,embed,docs_rag_qwen3_06b,1/5/10/15/20/25,76,76,158.0,158.0,76,329165,24635,23261,15.509,4.804,353.2,2
eval/prueba_carga_usuarios/confianza/ollama/26b_06b_np8/run_01,confianza,voz05,ollama,26b_06b_np8,run_01,2026-07-04 02:51:49,gemma4:26b,embed,docs_rag_qwen3_06b,1/5/10/15/20/25,76,76,171.5,171.0,76,307102,30326,28858,16.321,5.849,343.3,2
eval/prueba_carga_usuarios/confianza/ollama/26b_06b_np8/run_02,confianza,voz05,ollama,26b_06b_np8,run_02,2026-07-04 02:55:13,gemma4:26b,embed,docs_rag_qwen3_06b,1/5/10/15/20/25,76,76,133.6,133.0,76,320440,19161,18333,12.783,5.704,345.9,2
eval/prueba_carga_usuarios/confianza/ollama/26b_06b_np8/run_03,confianza,voz05,ollama,26b_06b_np8,run_03,2026-07-04 02:58:00,gemma4:26b,embed,docs_rag_qwen3_06b,1/5/10/15/20/25,76,76,778.3,778.3,76,290212,24180,23176,45.076,16.667,208.5,2
eval/prueba_carga_usuarios/confianza/ollama/26b_06b_np8/run_04,confianza,voz05,ollama,26b_06b_np8,run_04,2026-07-04 03:11:59,gemma4:26b,embed,docs_rag_qwen3_06b,1/5/10/15/20/25,76,76,314.6,314.1,76,294582,21259,20479,22.122,10.368,253.7,2
eval/prueba_carga_usuarios/confianza/ollama/26b_06b_np8/run_05,confianza,voz05,ollama,26b_06b_np8,run_05,2026-07-04 03:17:46,gemma4:26b,embed,docs_rag_qwen3_06b,1/5/10/15/20/25,76,76,160.5,160.0,76,388804,21843,20778,15.622,5.558,351.4,2
eval/prueba_carga_usuarios/confianza/ollama/26b_06b_np8/run_06,confianza,voz05,ollama,26b_06b_np8,run_06,2026-07-04 03:20:58,gemma4:26b,embed,docs_rag_qwen3_06b,1/5/10/15/20/25,76,76,159.7,159.0,76,393800,21737,20680,15.61,6.847,353.2,2
eval/prueba_carga_usuarios/confianza/ollama/26b_06b_np8/run_07,confianza,voz05,ollama,26b_06b_np8,run_07,2026-07-04 03:24:10,gemma4:26b,embed,docs_rag_qwen3_06b,1/5/10/15/20/25,76,76,166.0,166.0,76,332018,26324,25155,16.276,5.201,352.8,2
eval/prueba_carga_usuarios/confianza/ollama/26b_06b_np8/run_08,confianza,voz05,ollama,26b_06b_np8,run_08,2026-07-04 03:27:28,gemma4:26b,embed,docs_rag_qwen3_06b,1/5/10/15/20/25,76,76,287.3,287.1,76,355366,21726,20734,21.42,9.952,268.5,2
eval/prueba_carga_usuarios/confianza/ollama/26b_06b_np8/run_09,confianza,voz05,ollama,26b_06b_np8,run_09,2026-07-04 03:33:16,gemma4:26b,embed,docs_rag_qwen3_06b,1/5/10/15/20/25,76,76,435.5,435.1,76,349171,22945,21819,28.778,12.874,237.9,2
eval/prueba_carga_usuarios/confianza/ollama/26b_06b_np8/run_10,confianza,voz05,ollama,26b_06b_np8,run_10,2026-07-04 03:41:33,gemma4:26b,embed,docs_rag_qwen3_06b,1/5/10/15/20/25,76,76,157.9,157.0,76,330473,25064,23638,15.098,6.932,345.7,2
eval/prueba_carga_usuarios/confianza/ollama/26b_4b_np1/run_01,confianza,voz05,ollama,26b_4b_np1,run_01,2026-07-04 10:39:11,gemma4:26b,embed,docs_rag_qwen3,1/5/10/15/20/25,76,76,255.1,255.0,76,298639,32521,30949,25.532,4.405,360.3,2
eval/prueba_carga_usuarios/confianza/ollama/26b_4b_np1/run_02,confianza,voz05,ollama,26b_4b_np1,run_02,2026-07-04 10:43:58,gemma4:26b,embed,docs_rag_qwen3,1/5/10/15/20/25,76,76,328.5,328.1,76,321102,20156,19295,26.286,13.121,288.5,2
eval/prueba_carga_usuarios/confianza/ollama/26b_4b_np1/run_03,confianza,voz05,ollama,26b_4b_np1,run_03,2026-07-04 10:49:59,gemma4:26b,embed,docs_rag_qwen3,1/5/10/15/20/25,76,76,757.9,757.3,76,304667,25186,24180,49.022,21.466,233.0,2
eval/prueba_carga_usuarios/confianza/ollama/26b_4b_np1/run_04,confianza,voz05,ollama,26b_4b_np1,run_04,2026-07-04 11:03:30,gemma4:26b,embed,docs_rag_qwen3,1/5/10/15/20/25,76,76,638.6,638.2,76,310380,24577,23434,42.924,19.648,242.3,2
eval/prueba_carga_usuarios/confianza/ollama/26b_4b_np1/run_05,confianza,voz05,ollama,26b_4b_np1,run_05,2026-07-04 11:14:41,gemma4:26b,embed,docs_rag_qwen3,1/5/10/15/20/25,76,76,222.8,222.0,76,351068,25422,24210,22.5,4.279,364.7,2
eval/prueba_carga_usuarios/confianza/ollama/26b_4b_np1/run_06,confianza,voz05,ollama,26b_4b_np1,run_06,2026-07-04 11:18:56,gemma4:26b,embed,docs_rag_qwen3,1/5/10/15/20/25,76,76,212.2,212.0,76,394733,22860,21703,21.909,4.274,371.9,2
eval/prueba_carga_usuarios/confianza/ollama/26b_4b_np1/run_07,confianza,voz05,ollama,26b_4b_np1,run_07,2026-07-04 11:23:00,gemma4:26b,embed,docs_rag_qwen3,1/5/10/15/20/25,76,76,223.5,223.0,76,345718,25562,24320,22.664,4.185,365.6,2
eval/prueba_carga_usuarios/confianza/ollama/26b_4b_np1/run_08,confianza,voz05,ollama,26b_4b_np1,run_08,2026-07-04 11:27:16,gemma4:26b,embed,docs_rag_qwen3,1/5/10/15/20/25,76,76,219.1,219.0,76,350334,23572,22415,22.121,7.435,363.1,2
eval/prueba_carga_usuarios/confianza/ollama/26b_4b_np1/run_09,confianza,voz05,ollama,26b_4b_np1,run_09,2026-07-04 11:31:27,gemma4:26b,embed,docs_rag_qwen3,1/5/10/15/20/25,76,76,341.7,341.1,76,356633,24173,22960,28.148,10.687,297.2,2
eval/prueba_carga_usuarios/confianza/ollama/26b_4b_np1/run_10,confianza,voz05,ollama,26b_4b_np1,run_10,2026-07-04 11:37:41,gemma4:26b,embed,docs_rag_qwen3,1/5/10/15/20/25,76,76,215.0,215.0,76,326810,24077,22839,22.141,5.087,370.5,2
eval/prueba_carga_usuarios/confianza/ollama/26b_4b_np4/run_01,confianza,voz05,ollama,26b_4b_np4,run_01,2026-07-04 07:14:39,gemma4:26b,embed,docs_rag_qwen3,1/5/10/15/20/25,76,76,176.3,176.0,76,298244,32595,31045,17.69,5.729,361.5,2
eval/prueba_carga_usuarios/confianza/ollama/26b_4b_np4/run_02,confianza,voz05,ollama,26b_4b_np4,run_02,2026-07-04 07:18:08,gemma4:26b,embed,docs_rag_qwen3,1/5/10/15/20/25,76,76,137.2,137.0,76,317859,20154,19323,13.897,5.684,364.9,2
eval/prueba_carga_usuarios/confianza/ollama/26b_4b_np4/run_03,confianza,voz05,ollama,26b_4b_np4,run_03,2026-07-04 07:20:57,gemma4:26b,embed,docs_rag_qwen3,1/5/10/15/20/25,76,76,762.9,762.3,76,302852,25380,24663,45.641,17.795,215.6,2
eval/prueba_carga_usuarios/confianza/ollama/26b_4b_np4/run_04,confianza,voz05,ollama,26b_4b_np4,run_04,2026-07-04 07:34:39,gemma4:26b,embed,docs_rag_qwen3,1/5/10/15/20/25,76,76,466.5,466.2,76,313360,25426,24309,30.801,13.695,238.1,2
eval/prueba_carga_usuarios/confianza/ollama/26b_4b_np4/run_05,confianza,voz05,ollama,26b_4b_np4,run_05,2026-07-04 07:42:58,gemma4:26b,embed,docs_rag_qwen3,1/5/10/15/20/25,76,76,159.3,159.0,76,360914,24492,23292,16.042,5.762,362.9,2
eval/prueba_carga_usuarios/confianza/ollama/26b_4b_np4/run_06,confianza,voz05,ollama,26b_4b_np4,run_06,2026-07-04 07:46:10,gemma4:26b,embed,docs_rag_qwen3,1/5/10/15/20/25,76,76,153.4,153.0,76,393951,21522,20482,15.722,6.208,369.6,2
eval/prueba_carga_usuarios/confianza/ollama/26b_4b_np4/run_07,confianza,voz05,ollama,26b_4b_np4,run_07,2026-07-04 07:49:16,gemma4:26b,embed,docs_rag_qwen3,1/5/10/15/20/25,76,76,160.8,161.0,76,347235,25232,24058,16.307,5.143,364.4,2
eval/prueba_carga_usuarios/confianza/ollama/26b_4b_np4/run_08,confianza,voz05,ollama,26b_4b_np4,run_08,2026-07-04 07:52:30,gemma4:26b,embed,docs_rag_qwen3,1/5/10/15/20/25,76,76,295.3,295.1,76,349971,22676,21541,22.538,11.803,274.8,2
eval/prueba_carga_usuarios/confianza/ollama/26b_4b_np4/run_09,confianza,voz05,ollama,26b_4b_np4,run_09,2026-07-04 07:58:27,gemma4:26b,embed,docs_rag_qwen3,1/5/10/15/20/25,76,76,302.4,302.1,76,353417,22881,22111,22.69,11.633,270.7,2
eval/prueba_carga_usuarios/confianza/ollama/26b_4b_np4/run_10,confianza,voz05,ollama,26b_4b_np4,run_10,2026-07-04 08:04:02,gemma4:26b,embed,docs_rag_qwen3,1/5/10/15/20/25,76,76,154.7,154.0,76,327231,23898,22665,15.574,5.85,363.9,2
eval/prueba_carga_usuarios/confianza/ollama/26b_4b_np8/run_01,confianza,voz05,ollama,26b_4b_np8,run_01,2026-07-04 03:44:43,gemma4:26b,embed,docs_rag_qwen3,1/5/10/15/20/25,76,76,174.2,174.0,76,297320,31771,30275,17.089,7.382,353.4,2
eval/prueba_carga_usuarios/confianza/ollama/26b_4b_np8/run_02,confianza,voz05,ollama,26b_4b_np8,run_02,2026-07-04 03:48:09,gemma4:26b,embed,docs_rag_qwen3,1/5/10/15/20/25,76,76,436.3,436.1,76,330408,19962,19061,28.544,12.639,235.6,2
eval/prueba_carga_usuarios/confianza/ollama/26b_4b_np8/run_03,confianza,voz05,ollama,26b_4b_np8,run_03,2026-07-04 03:56:25,gemma4:26b,embed,docs_rag_qwen3,1/5/10/15/20/25,76,76,765.4,765.3,76,305572,25029,24079,45.733,16.982,215.2,2
eval/prueba_carga_usuarios/confianza/ollama/26b_4b_np8/run_04,confianza,voz05,ollama,26b_4b_np8,run_04,2026-07-04 04:10:10,gemma4:26b,embed,docs_rag_qwen3,1/5/10/15/20/25,76,76,450.4,450.1,76,312398,25492,24317,29.891,13.393,239.1,2
eval/prueba_carga_usuarios/confianza/ollama/26b_4b_np8/run_05,confianza,voz05,ollama,26b_4b_np8,run_05,2026-07-04 04:18:40,gemma4:26b,embed,docs_rag_qwen3,1/5/10/15/20/25,76,76,152.1,152.0,76,357869,23592,22533,15.127,5.865,358.1,2
eval/prueba_carga_usuarios/confianza/ollama/26b_4b_np8/run_06,confianza,voz05,ollama,26b_4b_np8,run_06,2026-07-04 04:21:45,gemma4:26b,embed,docs_rag_qwen3,1/5/10/15/20/25,76,76,156.2,156.0,76,392919,22556,21448,15.744,6.99,363.0,2
eval/prueba_carga_usuarios/confianza/ollama/26b_4b_np8/run_07,confianza,voz05,ollama,26b_4b_np8,run_07,2026-07-04 04:24:53,gemma4:26b,embed,docs_rag_qwen3,1/5/10/15/20/25,76,76,154.8,155.0,76,347736,24895,23755,15.542,7.59,360.9,2
eval/prueba_carga_usuarios/confianza/ollama/26b_4b_np8/run_08,confianza,voz05,ollama,26b_4b_np8,run_08,2026-07-04 04:28:02,gemma4:26b,embed,docs_rag_qwen3,1/5/10/15/20/25,76,76,289.4,289.1,76,352776,22389,21256,21.765,11.198,270.9,2
eval/prueba_carga_usuarios/confianza/ollama/26b_4b_np8/run_09,confianza,voz05,ollama,26b_4b_np8,run_09,2026-07-04 04:33:53,gemma4:26b,embed,docs_rag_qwen3,1/5/10/15/20/25,76,76,632.1,631.2,76,359701,23392,22237,38.672,15.044,220.7,2
eval/prueba_carga_usuarios/confianza/ollama/26b_4b_np8/run_10,confianza,voz05,ollama,26b_4b_np8,run_10,2026-07-04 04:44:59,gemma4:26b,embed,docs_rag_qwen3,1/5/10/15/20/25,76,76,155.3,155.0,76,330740,24620,23309,15.594,6.164,362.0,2
eval/prueba_carga_usuarios/confianza/vllm/12b_06b/run_01,confianza,voz05,vllm,12b_06b,run_01,2026-07-04 22:49:15,gemma4:12b,embed,docs_rag_qwen3_06b,1/5/10/15/20/25,76,75,74.1,74.0,85,330430,34339,30837,8.95,2.249,434.1,2
eval/prueba_carga_usuarios/confianza/vllm/12b_06b/run_02,confianza,voz05,vllm,12b_06b,run_02,2026-07-04 22:50:30,gemma4:12b,embed,docs_rag_qwen3_06b,1/5/10/15/20/25,76,76,55.9,55.0,81,360602,25255,22204,6.807,1.878,444.1,2
eval/prueba_carga_usuarios/confianza/vllm/12b_06b/run_03,confianza,voz05,vllm,12b_06b,run_03,2026-07-04 22:51:26,gemma4:12b,embed,docs_rag_qwen3_06b,1/5/10/15/20/25,76,76,144.1,144.1,83,344078,30857,27348,12.517,5.293,312.4,2
eval/prueba_carga_usuarios/confianza/vllm/12b_06b/run_04,confianza,voz05,vllm,12b_06b,run_04,2026-07-04 22:53:50,gemma4:12b,embed,docs_rag_qwen3_06b,1/5/10/15/20/25,76,74,61.6,61.0,82,295797,25760,23142,7.422,1.836,436.0,2
eval/prueba_carga_usuarios/confianza/vllm/12b_06b/run_05,confianza,voz05,vllm,12b_06b,run_05,2026-07-04 22:54:53,gemma4:12b,embed,docs_rag_qwen3_06b,1/5/10/15/20/25,76,76,63.0,62.0,83,414461,25612,22950,7.625,2.004,441.5,2
eval/prueba_carga_usuarios/confianza/vllm/12b_06b/run_06,confianza,voz05,vllm,12b_06b,run_06,2026-07-04 22:55:56,gemma4:12b,embed,docs_rag_qwen3_06b,1/5/10/15/20/25,76,76,55.0,54.0,78,390022,22964,20983,6.8,2.206,453.1,2
eval/prueba_carga_usuarios/confianza/vllm/12b_06b/run_07,confianza,voz05,vllm,12b_06b,run_07,2026-07-04 22:56:51,gemma4:12b,embed,docs_rag_qwen3_06b,1/5/10/15/20/25,76,76,71.6,71.0,82,391168,28287,25162,8.705,1.738,440.4,2
eval/prueba_carga_usuarios/confianza/vllm/12b_06b/run_08,confianza,voz05,vllm,12b_06b,run_08,2026-07-04 22:58:03,gemma4:12b,embed,docs_rag_qwen3_06b,1/5/10/15/20/25,76,76,55.9,55.0,81,390499,22723,20073,6.835,1.782,446.3,2
eval/prueba_carga_usuarios/confianza/vllm/12b_06b/run_09,confianza,voz05,vllm,12b_06b,run_09,2026-07-04 22:59:00,gemma4:12b,embed,docs_rag_qwen3_06b,1/5/10/15/20/25,76,74,61.8,61.0,82,358422,27950,24666,7.684,1.815,452.7,2
eval/prueba_carga_usuarios/confianza/vllm/12b_06b/run_10,confianza,voz05,vllm,12b_06b,run_10,2026-07-04 23:00:02,gemma4:12b,embed,docs_rag_qwen3_06b,1/5/10/15/20/25,76,76,63.0,62.0,76,336946,27610,26169,7.615,2.013,440.8,2
eval/prueba_carga_usuarios/confianza/vllm/12b_4b/run_01,confianza,voz05,vllm,12b_4b,run_01,2026-07-04 22:37:54,gemma4:12b,embed,docs_rag_qwen3,1/5/10/15/20/25,76,76,80.7,80.0,82,342867,35934,32714,10.283,2.431,461.5,2
eval/prueba_carga_usuarios/confianza/vllm/12b_4b/run_02,confianza,voz05,vllm,12b_4b,run_02,2026-07-04 22:39:15,gemma4:12b,embed,docs_rag_qwen3,1/5/10/15/20/25,76,76,66.2,66.0,82,351526,25573,22189,8.453,2.784,459.1,2
eval/prueba_carga_usuarios/confianza/vllm/12b_4b/run_03,confianza,voz05,vllm,12b_4b,run_03,2026-07-04 22:40:22,gemma4:12b,embed,docs_rag_qwen3,1/5/10/15/20/25,76,76,71.6,71.0,82,336863,30905,27540,9.332,2.76,472.1,2
eval/prueba_carga_usuarios/confianza/vllm/12b_4b/run_04,confianza,voz05,vllm,12b_4b,run_04,2026-07-04 22:41:34,gemma4:12b,embed,docs_rag_qwen3,1/5/10/15/20/25,76,76,65.6,65.0,82,345158,27462,24719,8.405,2.683,464.0,2
eval/prueba_carga_usuarios/confianza/vllm/12b_4b/run_05,confianza,voz05,vllm,12b_4b,run_05,2026-07-04 22:42:40,gemma4:12b,embed,docs_rag_qwen3,1/5/10/15/20/25,76,76,64.2,64.0,82,398857,27439,24566,8.139,2.494,456.4,2
eval/prueba_carga_usuarios/confianza/vllm/12b_4b/run_06,confianza,voz05,vllm,12b_4b,run_06,2026-07-04 22:43:44,gemma4:12b,embed,docs_rag_qwen3,1/5/10/15/20/25,76,76,58.9,58.0,78,404313,23417,21345,7.56,2.575,467.6,2
eval/prueba_carga_usuarios/confianza/vllm/12b_4b/run_07,confianza,voz05,vllm,12b_4b,run_07,2026-07-04 22:44:44,gemma4:12b,embed,docs_rag_qwen3,1/5/10/15/20/25,76,76,73.0,73.0,82,381810,30151,27022,9.157,1.923,450.1,2
eval/prueba_carga_usuarios/confianza/vllm/12b_4b/run_08,confianza,voz05,vllm,12b_4b,run_08,2026-07-04 22:45:57,gemma4:12b,embed,docs_rag_qwen3,1/5/10/15/20/25,76,76,58.1,58.0,81,370526,23783,21000,7.415,2.422,458.2,2
eval/prueba_carga_usuarios/confianza/vllm/12b_4b/run_09,confianza,voz05,vllm,12b_4b,run_09,2026-07-04 22:46:56,gemma4:12b,embed,docs_rag_qwen3,1/5/10/15/20/25,76,76,64.9,65.0,82,388277,27494,24560,8.393,2.409,463.6,2
eval/prueba_carga_usuarios/confianza/vllm/12b_4b/run_10,confianza,voz05,vllm,12b_4b,run_10,2026-07-04 22:48:01,gemma4:12b,embed,docs_rag_qwen3,1/5/10/15/20/25,76,76,61.4,61.0,77,357821,26863,24662,7.77,2.316,457.1,2
eval/prueba_carga_usuarios/confianza/vllm/26b_06b/run_01,confianza,voz05,vllm,26b_06b,run_01,2026-07-04 01:04:20,gemma4:26b,embed,docs_rag_qwen3_06b,1/5/10/15/20/25,76,76,51.7,51.0,92,353947,33759,27695,5.739,3.055,403.7,2
eval/prueba_carga_usuarios/confianza/vllm/26b_06b/run_02,confianza,voz05,vllm,26b_06b,run_02,2026-07-04 01:05:13,gemma4:26b,embed,docs_rag_qwen3_06b,1/5/10/15/20/25,76,76,40.8,40.0,82,329465,25008,21619,4.798,1.313,430.4,2
eval/prueba_carga_usuarios/confianza/vllm/26b_06b/run_03,confianza,voz05,vllm,26b_06b,run_03,2026-07-04 01:05:54,gemma4:26b,embed,docs_rag_qwen3_06b,1/5/10/15/20/25,76,76,86.8,86.0,91,359090,28725,24975,7.431,3.092,310.3,2
eval/prueba_carga_usuarios/confianza/vllm/26b_06b/run_04,confianza,voz05,vllm,26b_06b,run_04,2026-07-04 01:07:21,gemma4:26b,embed,docs_rag_qwen3_06b,1/5/10/15/20/25,76,76,42.8,42.0,92,381254,25407,21643,4.983,1.487,424.7,2
eval/prueba_carga_usuarios/confianza/vllm/26b_06b/run_05,confianza,voz05,vllm,26b_06b,run_05,2026-07-04 01:08:04,gemma4:26b,embed,docs_rag_qwen3_06b,1/5/10/15/20/25,76,76,40.6,40.0,92,471210,26035,20688,4.687,1.401,421.0,2
eval/prueba_carga_usuarios/confianza/vllm/26b_06b/run_06,confianza,voz05,vllm,26b_06b,run_06,2026-07-04 01:08:45,gemma4:26b,embed,docs_rag_qwen3_06b,1/5/10/15/20/25,76,76,39.0,38.0,82,397298,24931,21204,4.548,1.765,430.6,2
eval/prueba_carga_usuarios/confianza/vllm/26b_06b/run_07,confianza,voz05,vllm,26b_06b,run_07,2026-07-04 01:09:25,gemma4:26b,embed,docs_rag_qwen3_06b,1/5/10/15/20/25,76,76,49.1,49.0,86,380135,29018,25115,5.835,2.012,427.7,2
eval/prueba_carga_usuarios/confianza/vllm/26b_06b/run_08,confianza,voz05,vllm,26b_06b,run_08,2026-07-04 01:10:14,gemma4:26b,embed,docs_rag_qwen3_06b,1/5/10/15/20/25,76,76,64.3,64.0,82,394036,24696,21274,6.178,2.942,346.5,2
eval/prueba_carga_usuarios/confianza/vllm/26b_06b/run_09,confianza,voz05,vllm,26b_06b,run_09,2026-07-04 01:11:19,gemma4:26b,embed,docs_rag_qwen3_06b,1/5/10/15/20/25,76,76,47.6,47.0,90,440847,28816,24576,5.527,1.438,421.0,2
eval/prueba_carga_usuarios/confianza/vllm/26b_06b/run_10,confianza,voz05,vllm,26b_06b,run_10,2026-07-04 01:12:07,gemma4:26b,embed,docs_rag_qwen3_06b,1/5/10/15/20/25,76,76,46.6,46.0,76,335142,26080,24665,5.407,1.659,422.8,2
eval/prueba_carga_usuarios/confianza/vllm/26b_4b/run_01,confianza,voz05,vllm,26b_4b,run_01,2026-07-04 22:26:24,gemma4:26b,embed,docs_rag_qwen3,1/5/10/15/20/25,76,76,56.8,56.0,91,380896,37059,31371,7.149,2.361,457.3,2
eval/prueba_carga_usuarios/confianza/vllm/26b_4b/run_02,confianza,voz05,vllm,26b_4b,run_02,2026-07-04 22:27:22,gemma4:26b,embed,docs_rag_qwen3,1/5/10/15/20/25,76,76,42.4,42.0,91,378959,25643,19956,5.338,1.987,455.7,2
eval/prueba_carga_usuarios/confianza/vllm/26b_4b/run_03,confianza,voz05,vllm,26b_4b,run_03,2026-07-04 22:28:04,gemma4:26b,embed,docs_rag_qwen3,1/5/10/15/20/25,76,76,44.4,44.0,90,342974,26314,23614,5.294,2.603,432.4,2
eval/prueba_carga_usuarios/confianza/vllm/26b_4b/run_04,confianza,voz05,vllm,26b_4b,run_04,2026-07-04 22:28:49,gemma4:26b,embed,docs_rag_qwen3,1/5/10/15/20/25,76,76,50.1,50.0,91,393276,26641,23552,6.071,1.902,436.4,2
eval/prueba_carga_usuarios/confianza/vllm/26b_4b/run_05,confianza,voz05,vllm,26b_4b,run_05,2026-07-04 22:29:40,gemma4:26b,embed,docs_rag_qwen3,1/5/10/15/20/25,76,76,43.5,43.0,85,400122,24625,21128,5.149,1.633,429.4,2
eval/prueba_carga_usuarios/confianza/vllm/26b_4b/run_06,confianza,voz05,vllm,26b_4b,run_06,2026-07-04 22:30:24,gemma4:26b,embed,docs_rag_qwen3,1/5/10/15/20/25,76,76,47.3,47.0,83,431895,27093,22986,5.916,2.274,451.2,2
eval/prueba_carga_usuarios/confianza/vllm/26b_4b/run_07,confianza,voz05,vllm,26b_4b,run_07,2026-07-04 22:31:11,gemma4:26b,embed,docs_rag_qwen3,1/5/10/15/20/25,76,76,50.0,50.0,85,379300,28841,24741,6.19,1.582,443.9,2
eval/prueba_carga_usuarios/confianza/vllm/26b_4b/run_08,confianza,voz05,vllm,26b_4b,run_08,2026-07-04 22:32:02,gemma4:26b,embed,docs_rag_qwen3,1/5/10/15/20/25,76,76,47.4,47.0,86,382220,25599,21942,5.764,1.785,440.3,2
eval/prueba_carga_usuarios/confianza/vllm/26b_4b/run_09,confianza,voz05,vllm,26b_4b,run_09,2026-07-04 22:32:50,gemma4:26b,embed,docs_rag_qwen3,1/5/10/15/20/25,76,76,46.5,46.0,88,411605,27755,24539,5.742,1.957,448.0,2
eval/prueba_carga_usuarios/confianza/vllm/26b_4b/run_10,confianza,voz05,vllm,26b_4b,run_10,2026-07-04 22:33:36,gemma4:26b,embed,docs_rag_qwen3,1/5/10/15/20/25,76,76,48.3,48.0,76,346547,26606,25194,5.977,2.352,445.9,2
eval/prueba_carga_usuarios/confianza_5090/llamacpp/12b_06b_np1/run_01,confianza_5090,gtc2pc4,llamacpp,12b_06b_np1,run_01,2026-07-27 12:44:59,gemma4:12b,embed,docs_rag_qwen3_06b,1/5/10/15/20/25,76,76,411.4,411.1,78,277936,31865,29833,45.171,16.561,395.3,1
eval/prueba_carga_usuarios/confianza_5090/llamacpp/12b_06b_np1/run_02,confianza_5090,gtc2pc4,llamacpp,12b_06b_np1,run_02,2026-07-27 12:51:56,gemma4:12b,embed,docs_rag_qwen3_06b,1/5/10/15/20/25,76,76,359.6,359.1,77,334439,23760,22286,38.412,13.615,385.1,1
eval/prueba_carga_usuarios/confianza_5090/llamacpp/12b_06b_np1/run_06,confianza_5090,gtc2pc4,llamacpp,12b_06b_np1,run_06,2026-07-27 13:23:45,gemma4:12b,embed,docs_rag_qwen3_06b,1/5/10/15/20/25,76,76,1249.8,1249.4,78,383604,23102,17301,126.384,12.033,364.1,1
eval/prueba_carga_usuarios/confianza_5090/llamacpp/12b_06b_np1/run_07,confianza_5090,gtc2pc4,llamacpp,12b_06b_np1,run_07,2026-07-27 13:44:59,gemma4:12b,embed,docs_rag_qwen3_06b,1/5/10/15/20/25,76,76,1111.6,1111.3,77,351125,27137,19146,113.711,12.36,368.4,1
eval/prueba_carga_usuarios/confianza_5090/llamacpp/12b_06b_np1/run_08,confianza_5090,gtc2pc4,llamacpp,12b_06b_np1,run_08,2026-07-27 14:03:38,gemma4:12b,embed,docs_rag_qwen3_06b,1/5/10/15/20/25,76,76,405.7,405.1,77,352781,24713,23005,41.34,21.017,367.2,1
eval/prueba_carga_usuarios/confianza_5090/llamacpp/12b_06b_np1/run_09,confianza_5090,gtc2pc4,llamacpp,12b_06b_np1,run_09,2026-07-27 14:10:32,gemma4:12b,embed,docs_rag_qwen3_06b,1/5/10/15/20/25,76,76,427.5,427.1,77,366114,25172,23469,42.31,30.09,356.3,1
eval/prueba_carga_usuarios/confianza_5090/llamacpp/12b_06b_np1/run_10,confianza_5090,gtc2pc4,llamacpp,12b_06b_np1,run_10,2026-07-27 14:17:47,gemma4:12b,embed,docs_rag_qwen3_06b,1/5/10/15/20/25,76,76,414.7,414.1,78,335461,25397,23718,41.935,24.971,363.9,1
eval/prueba_carga_usuarios/confianza_5090/llamacpp/12b_06b_np4/run_01,confianza_5090,gtc2pc4,llamacpp,12b_06b_np4,run_01,2026-07-27 11:01:48,gemma4:12b,embed,docs_rag_qwen3_06b,1/5/10/15/20/25,76,76,317.9,318.1,78,283363,32638,30624,30.776,20.215,348.1,1
eval/prueba_carga_usuarios/confianza_5090/llamacpp/12b_06b_np4/run_02,confianza_5090,gtc2pc4,llamacpp,12b_06b_np4,run_02,2026-07-27 11:07:14,gemma4:12b,embed,docs_rag_qwen3_06b,1/5/10/15/20/25,76,76,257.8,258.1,77,322663,21849,20537,24.849,14.383,346.5,1
eval/prueba_carga_usuarios/confianza_5090/llamacpp/12b_06b_np4/run_03,confianza_5090,gtc2pc4,llamacpp,12b_06b_np4,run_03,2026-07-27 11:11:40,gemma4:12b,embed,docs_rag_qwen3_06b,1/5/10/15/20/25,76,76,324.0,324.1,78,349443,33610,31467,33.224,17.922,369.1,1
eval/prueba_carga_usuarios/confianza_5090/llamacpp/12b_06b_np4/run_04,confianza_5090,gtc2pc4,llamacpp,12b_06b_np4,run_04,2026-07-27 11:17:13,gemma4:12b,embed,docs_rag_qwen3_06b,1/5/10/15/20/25,76,76,288.6,288.1,78,314468,25944,24074,28.273,14.65,353.4,1
eval/prueba_carga_usuarios/confianza_5090/llamacpp/12b_06b_np4/run_05,confianza_5090,gtc2pc4,llamacpp,12b_06b_np4,run_05,2026-07-27 11:22:09,gemma4:12b,embed,docs_rag_qwen3_06b,1/5/10/15/20/25,76,76,259.5,259.1,78,353829,25317,23543,24.89,16.211,346.0,1
eval/prueba_carga_usuarios/confianza_5090/llamacpp/12b_06b_np4/run_06,confianza_5090,gtc2pc4,llamacpp,12b_06b_np4,run_06,2026-07-27 11:26:37,gemma4:12b,embed,docs_rag_qwen3_06b,1/5/10/15/20/25,76,76,431.7,431.1,77,378812,23089,21601,48.596,8.78,405.7,1
eval/prueba_carga_usuarios/confianza_5090/llamacpp/12b_06b_np4/run_07,confianza_5090,gtc2pc4,llamacpp,12b_06b_np4,run_07,2026-07-27 11:34:01,gemma4:12b,embed,docs_rag_qwen3_06b,1/5/10/15/20/25,76,76,384.8,384.1,77,351878,26622,24916,41.589,9.772,389.7,1
eval/prueba_carga_usuarios/confianza_5090/llamacpp/12b_06b_np4/run_08,confianza_5090,gtc2pc4,llamacpp,12b_06b_np4,run_08,2026-07-27 11:40:36,gemma4:12b,embed,docs_rag_qwen3_06b,1/5/10/15/20/25,76,76,288.8,289.1,77,348457,24162,22520,28.802,12.419,358.7,1
eval/prueba_carga_usuarios/confianza_5090/llamacpp/12b_06b_np4/run_09,confianza_5090,gtc2pc4,llamacpp,12b_06b_np4,run_09,2026-07-27 11:45:34,gemma4:12b,embed,docs_rag_qwen3_06b,1/5/10/15/20/25,76,76,298.6,298.1,77,363058,25301,23653,29.718,14.457,358.9,1
eval/prueba_carga_usuarios/confianza_5090/llamacpp/12b_06b_np4/run_10,confianza_5090,gtc2pc4,llamacpp,12b_06b_np4,run_10,2026-07-27 11:50:41,gemma4:12b,embed,docs_rag_qwen3_06b,1/5/10/15/20/25,76,76,301.8,302.1,78,332186,25931,24131,30.184,13.311,359.7,1
eval/prueba_carga_usuarios/confianza_5090/llamacpp/12b_06b_np8/run_01,confianza_5090,gtc2pc4,llamacpp,12b_06b_np8,run_01,2026-07-31 12:10:49,gemma4:12b,embed,docs_rag_qwen3_06b,1/5/10/15/20/25,76,76,270.5,270.1,77,267671,31074,29268,24.602,18.34,328.1,1
eval/prueba_carga_usuarios/confianza_5090/llamacpp/12b_06b_np8/run_02,confianza_5090,gtc2pc4,llamacpp,12b_06b_np8,run_02,2026-07-31 12:15:31,gemma4:12b,embed,docs_rag_qwen3_06b,1/5/10/15/20/25,76,76,266.5,266.1,77,324087,22063,20664,22.727,17.35,307.8,1
eval/prueba_carga_usuarios/confianza_5090/llamacpp/12b_06b_np8/run_03,confianza_5090,gtc2pc4,llamacpp,12b_06b_np8,run_03,2026-07-31 12:20:11,gemma4:12b,embed,docs_rag_qwen3_06b,1/5/10/15/20/25,76,76,302.0,302.1,77,341786,32953,30946,27.634,21.477,329.5,1
eval/prueba_carga_usuarios/confianza_5090/llamacpp/12b_06b_np8/run_04,confianza_5090,gtc2pc4,llamacpp,12b_06b_np8,run_04,2026-07-31 12:25:24,gemma4:12b,embed,docs_rag_qwen3_06b,1/5/10/15/20/25,76,76,281.8,282.1,77,312828,26738,24954,24.401,18.714,311.7,1
eval/prueba_carga_usuarios/confianza_5090/llamacpp/12b_06b_np8/run_05,confianza_5090,gtc2pc4,llamacpp,12b_06b_np8,run_05,2026-07-31 12:30:19,gemma4:12b,embed,docs_rag_qwen3_06b,1/5/10/15/20/25,76,76,280.8,281.1,77,350828,24122,22559,24.433,18.752,313.2,1
eval/prueba_carga_usuarios/confianza_5090/llamacpp/12b_06b_np8/run_06,confianza_5090,gtc2pc4,llamacpp,12b_06b_np8,run_06,2026-07-31 12:35:11,gemma4:12b,embed,docs_rag_qwen3_06b,1/5/10/15/20/25,76,76,276.7,276.1,77,379463,23214,21526,24.124,18.563,314.9,1
eval/prueba_carga_usuarios/confianza_5090/llamacpp/12b_06b_np8/run_07,confianza_5090,gtc2pc4,llamacpp,12b_06b_np8,run_07,2026-07-31 12:40:00,gemma4:12b,embed,docs_rag_qwen3_06b,1/5/10/15/20/25,76,76,294.1,294.1,77,351819,28041,26331,26.639,20.697,326.4,1
eval/prueba_carga_usuarios/confianza_5090/llamacpp/12b_06b_np8/run_08,confianza_5090,gtc2pc4,llamacpp,12b_06b_np8,run_08,2026-07-31 12:45:08,gemma4:12b,embed,docs_rag_qwen3_06b,1/5/10/15/20/25,76,76,270.0,270.1,77,352257,24643,23072,23.897,18.387,318.9,1
eval/prueba_carga_usuarios/confianza_5090/llamacpp/12b_06b_np8/run_09,confianza_5090,gtc2pc4,llamacpp,12b_06b_np8,run_09,2026-07-31 12:49:51,gemma4:12b,embed,docs_rag_qwen3_06b,1/5/10/15/20/25,76,76,292.8,293.1,77,360829,25041,23327,25.217,19.313,310.0,1
eval/prueba_carga_usuarios/confianza_5090/llamacpp/12b_06b_np8/run_10,confianza_5090,gtc2pc4,llamacpp,12b_06b_np8,run_10,2026-07-31 12:54:58,gemma4:12b,embed,docs_rag_qwen3_06b,1/5/10/15/20/25,76,76,277.9,278.1,77,325382,26721,25112,24.661,19.054,319.6,1
eval/prueba_carga_usuarios/confianza_5090/llamacpp/12b_4b_np1/run_01,confianza_5090,gtc2pc4,llamacpp,12b_4b_np1,run_01,2026-07-27 14:24:47,gemma4:12b,embed,docs_rag_qwen3,1/5/10/15/20/25,76,76,476.4,476.1,77,314516,33078,31121,50.533,20.94,381.8,1
eval/prueba_carga_usuarios/confianza_5090/llamacpp/12b_4b_np1/run_02,confianza_5090,gtc2pc4,llamacpp,12b_4b_np1,run_02,2026-07-27 14:32:51,gemma4:12b,embed,docs_rag_qwen3,1/5/10/15/20/25,76,76,430.9,431.1,77,340043,24743,23272,43.42,22.829,362.6,1
eval/prueba_carga_usuarios/confianza_5090/llamacpp/12b_4b_np1/run_03,confianza_5090,gtc2pc4,llamacpp,12b_4b_np1,run_03,2026-07-27 14:40:08,gemma4:12b,embed,docs_rag_qwen3,1/5/10/15/20/25,76,76,483.8,484.1,78,319651,33100,31082,50.797,23.782,377.5,1
eval/prueba_carga_usuarios/confianza_5090/llamacpp/12b_4b_np1/run_04,confianza_5090,gtc2pc4,llamacpp,12b_4b_np1,run_04,2026-07-27 14:48:18,gemma4:12b,embed,docs_rag_qwen3,1/5/10/15/20/25,76,76,416.6,416.1,77,298226,25787,24168,42.666,20.776,368.8,1
eval/prueba_carga_usuarios/confianza_5090/llamacpp/12b_4b_np1/run_05,confianza_5090,gtc2pc4,llamacpp,12b_4b_np1,run_05,2026-07-27 14:55:20,gemma4:12b,embed,docs_rag_qwen3,1/5/10/15/20/25,76,76,453.5,453.1,78,376002,26720,24775,45.597,32.232,362.1,1
eval/prueba_carga_usuarios/confianza_5090/llamacpp/12b_4b_np1/run_06,confianza_5090,gtc2pc4,llamacpp,12b_4b_np1,run_06,2026-07-27 15:03:01,gemma4:12b,embed,docs_rag_qwen3,1/5/10/15/20/25,76,76,473.5,473.1,77,393113,24715,23180,44.967,32.324,342.0,1
eval/prueba_carga_usuarios/confianza_5090/llamacpp/12b_4b_np1/run_07,confianza_5090,gtc2pc4,llamacpp,12b_4b_np1,run_07,2026-07-27 15:11:00,gemma4:12b,embed,docs_rag_qwen3,1/5/10/15/20/25,76,76,462.6,462.1,77,346816,28855,27194,47.37,27.027,368.8,1
eval/prueba_carga_usuarios/confianza_5090/llamacpp/12b_4b_np1/run_08,confianza_5090,gtc2pc4,llamacpp,12b_4b_np1,run_08,2026-07-27 15:18:49,gemma4:12b,embed,docs_rag_qwen3,1/5/10/15/20/25,76,76,421.7,421.1,77,347218,24002,22476,42.125,22.581,359.9,1
eval/prueba_carga_usuarios/confianza_5090/llamacpp/12b_4b_np1/run_09,confianza_5090,gtc2pc4,llamacpp,12b_4b_np1,run_09,2026-07-27 15:25:57,gemma4:12b,embed,docs_rag_qwen3,1/5/10/15/20/25,76,76,445.1,445.1,77,362271,25180,23520,44.397,31.314,358.9,1
eval/prueba_carga_usuarios/confianza_5090/llamacpp/12b_4b_np1/run_10,confianza_5090,gtc2pc4,llamacpp,12b_4b_np1,run_10,2026-07-27 15:33:29,gemma4:12b,embed,docs_rag_qwen3,1/5/10/15/20/25,76,76,444.0,444.1,76,338949,26586,25010,44.947,30.885,364.1,1
eval/prueba_carga_usuarios/confianza_5090/llamacpp/12b_4b_np4/run_01,confianza_5090,gtc2pc4,llamacpp,12b_4b_np4,run_01,2026-07-27 11:55:49,gemma4:12b,embed,docs_rag_qwen3,1/5/10/15/20/25,76,76,325.1,325.1,78,321172,33957,32125,33.283,14.576,368.5,1
eval/prueba_carga_usuarios/confianza_5090/llamacpp/12b_4b_np4/run_02,confianza_5090,gtc2pc4,llamacpp,12b_4b_np4,run_02,2026-07-27 12:01:20,gemma4:12b,embed,docs_rag_qwen3,1/5/10/15/20/25,76,76,274.8,274.1,78,344670,25252,23457,27.234,12.514,357.8,1
eval/prueba_carga_usuarios/confianza_5090/llamacpp/12b_4b_np4/run_03,confianza_5090,gtc2pc4,llamacpp,12b_4b_np4,run_03,2026-07-27 12:06:00,gemma4:12b,embed,docs_rag_qwen3,1/5/10/15/20/25,76,76,278.4,278.1,78,324450,32843,30625,28.149,16.188,364.4,1
eval/prueba_carga_usuarios/confianza_5090/llamacpp/12b_4b_np4/run_04,confianza_5090,gtc2pc4,llamacpp,12b_4b_np4,run_04,2026-07-27 12:10:46,gemma4:12b,embed,docs_rag_qwen3,1/5/10/15/20/25,76,76,256.8,257.1,78,315364,27567,25687,25.219,13.81,353.6,1
eval/prueba_carga_usuarios/confianza_5090/llamacpp/12b_4b_np4/run_05,confianza_5090,gtc2pc4,llamacpp,12b_4b_np4,run_05,2026-07-27 12:15:10,gemma4:12b,embed,docs_rag_qwen3,1/5/10/15/20/25,76,76,270.4,270.1,78,373509,26345,24720,26.941,17.244,359.5,1
eval/prueba_carga_usuarios/confianza_5090/llamacpp/12b_4b_np4/run_06,confianza_5090,gtc2pc4,llamacpp,12b_4b_np4,run_06,2026-07-27 12:19:46,gemma4:12b,embed,docs_rag_qwen3,1/5/10/15/20/25,76,76,266.5,266.1,78,398530,25507,23362,26.576,15.861,359.5,1
eval/prueba_carga_usuarios/confianza_5090/llamacpp/12b_4b_np4/run_07,confianza_5090,gtc2pc4,llamacpp,12b_4b_np4,run_07,2026-07-27 12:24:18,gemma4:12b,embed,docs_rag_qwen3,1/5/10/15/20/25,76,76,268.5,268.1,78,351648,28742,27069,26.873,16.646,361.1,1
eval/prueba_carga_usuarios/confianza_5090/llamacpp/12b_4b_np4/run_08,confianza_5090,gtc2pc4,llamacpp,12b_4b_np4,run_08,2026-07-27 12:28:52,gemma4:12b,embed,docs_rag_qwen3,1/5/10/15/20/25,76,76,254.0,254.1,78,347340,24167,22426,24.75,15.458,350.7,1
eval/prueba_carga_usuarios/confianza_5090/llamacpp/12b_4b_np4/run_09,confianza_5090,gtc2pc4,llamacpp,12b_4b_np4,run_09,2026-07-27 12:33:12,gemma4:12b,embed,docs_rag_qwen3,1/5/10/15/20/25,76,76,260.0,260.1,78,370404,25228,23261,25.744,14.333,356.3,1
eval/prueba_carga_usuarios/confianza_5090/llamacpp/12b_4b_np4/run_10,confianza_5090,gtc2pc4,llamacpp,12b_4b_np4,run_10,2026-07-27 12:37:39,gemma4:12b,embed,docs_rag_qwen3,1/5/10/15/20/25,76,76,262.6,262.1,76,340578,26670,25133,25.885,13.517,355.9,1
eval/prueba_carga_usuarios/confianza_5090/llamacpp/12b_4b_np8/run_01,confianza_5090,gtc2pc4,llamacpp,12b_4b_np8,run_01,2026-07-31 12:59:49,gemma4:12b,embed,docs_rag_qwen3,1/5/10/15/20/25,76,76,318.0,318.1,77,316821,33225,31565,29.012,22.598,328.4,1
eval/prueba_carga_usuarios/confianza_5090/llamacpp/12b_4b_np8/run_02,confianza_5090,gtc2pc4,llamacpp,12b_4b_np8,run_02,2026-07-31 13:05:19,gemma4:12b,embed,docs_rag_qwen3,1/5/10/15/20/25,76,76,282.8,283.1,77,341590,23438,22146,24.889,19.192,316.5,1
eval/prueba_carga_usuarios/confianza_5090/llamacpp/12b_4b_np8/run_03,confianza_5090,gtc2pc4,llamacpp,12b_4b_np8,run_03,2026-07-31 13:10:14,gemma4:12b,embed,docs_rag_qwen3,1/5/10/15/20/25,76,76,309.8,309.1,77,320737,32315,30304,28.459,22.191,331.8,1
eval/prueba_carga_usuarios/confianza_5090/llamacpp/12b_4b_np8/run_04,confianza_5090,gtc2pc4,llamacpp,12b_4b_np8,run_04,2026-07-31 13:15:37,gemma4:12b,embed,docs_rag_qwen3,1/5/10/15/20/25,76,76,288.9,289.1,77,310754,27189,25606,25.773,19.897,321.4,1
eval/prueba_carga_usuarios/confianza_5090/llamacpp/12b_4b_np8/run_05,confianza_5090,gtc2pc4,llamacpp,12b_4b_np8,run_05,2026-07-31 13:20:37,gemma4:12b,embed,docs_rag_qwen3,1/5/10/15/20/25,76,76,290.9,291.1,77,369909,25833,24361,26.254,20.364,324.8,1
eval/prueba_carga_usuarios/confianza_5090/llamacpp/12b_4b_np8/run_06,confianza_5090,gtc2pc4,llamacpp,12b_4b_np8,run_06,2026-07-31 13:25:39,gemma4:12b,embed,docs_rag_qwen3,1/5/10/15/20/25,76,76,298.2,298.1,77,396274,25472,23746,26.781,20.772,323.6,1
eval/prueba_carga_usuarios/confianza_5090/llamacpp/12b_4b_np8/run_07,confianza_5090,gtc2pc4,llamacpp,12b_4b_np8,run_07,2026-07-31 13:30:51,gemma4:12b,embed,docs_rag_qwen3,1/5/10/15/20/25,76,76,291.3,291.1,77,346191,29027,27364,26.892,20.986,333.0,1
eval/prueba_carga_usuarios/confianza_5090/llamacpp/12b_4b_np8/run_08,confianza_5090,gtc2pc4,llamacpp,12b_4b_np8,run_08,2026-07-31 13:35:55,gemma4:12b,embed,docs_rag_qwen3,1/5/10/15/20/25,76,76,282.2,282.1,77,350147,24159,22562,25.659,19.961,327.8,1
eval/prueba_carga_usuarios/confianza_5090/llamacpp/12b_4b_np8/run_09,confianza_5090,gtc2pc4,llamacpp,12b_4b_np8,run_09,2026-07-31 13:40:51,gemma4:12b,embed,docs_rag_qwen3,1/5/10/15/20/25,76,76,284.4,284.1,77,367925,25465,23752,26.314,20.387,333.9,1
eval/prueba_carga_usuarios/confianza_5090/llamacpp/12b_4b_np8/run_10,confianza_5090,gtc2pc4,llamacpp,12b_4b_np8,run_10,2026-07-31 13:45:49,gemma4:12b,embed,docs_rag_qwen3,1/5/10/15/20/25,76,76,293.9,294.1,76,338176,26169,24653,26.452,20.536,324.2,1
eval/prueba_carga_usuarios/confianza_5090/llamacpp/26b_06b_np1/run_01,confianza_5090,gtc2pc4,llamacpp,26b_06b_np1,run_01,2026-07-16 21:50:25,gemma4:26b,embed,docs_rag_qwen3_06b,1/5/10/15/20/25,76,76,250.9,251.1,80,274329,26130,25343,21.705,7.156,310.9,1
eval/prueba_carga_usuarios/confianza_5090/llamacpp/26b_06b_np1/run_02,confianza_5090,gtc2pc4,llamacpp,26b_06b_np1,run_02,2026-07-16 21:54:39,gemma4:26b,embed,docs_rag_qwen3_06b,1/5/10/15/20/25,76,76,206.4,206.1,81,318681,19732,18699,17.686,5.122,309.0,1
eval/prueba_carga_usuarios/confianza_5090/llamacpp/26b_06b_np1/run_03,confianza_5090,gtc2pc4,llamacpp,26b_06b_np1,run_03,2026-07-16 21:58:09,gemma4:26b,embed,docs_rag_qwen3_06b,1/5/10/15/20/25,76,76,214.7,214.1,80,309539,24368,23674,18.792,5.277,316.1,1
eval/prueba_carga_usuarios/confianza_5090/llamacpp/26b_06b_np1/run_04,confianza_5090,gtc2pc4,llamacpp,26b_06b_np1,run_04,2026-07-16 22:01:48,gemma4:26b,embed,docs_rag_qwen3_06b,1/5/10/15/20/25,76,76,207.7,208.1,80,301926,20612,19594,17.898,5.494,309.6,1
eval/prueba_carga_usuarios/confianza_5090/llamacpp/26b_06b_np1/run_05,confianza_5090,gtc2pc4,llamacpp,26b_06b_np1,run_05,2026-07-16 22:05:19,gemma4:26b,embed,docs_rag_qwen3_06b,1/5/10/15/20/25,76,76,224.3,224.1,80,394869,23418,21596,19.8,5.245,317.9,1
eval/prueba_carga_usuarios/confianza_5090/llamacpp/26b_06b_np1/run_06,confianza_5090,gtc2pc4,llamacpp,26b_06b_np1,run_06,2026-07-16 22:09:07,gemma4:26b,embed,docs_rag_qwen3_06b,1/5/10/15/20/25,76,76,222.5,222.1,79,390930,21441,20546,19.776,4.03,320.6,1
eval/prueba_carga_usuarios/confianza_5090/llamacpp/26b_06b_np1/run_07,confianza_5090,gtc2pc4,llamacpp,26b_06b_np1,run_07,2026-07-16 22:12:53,gemma4:26b,embed,docs_rag_qwen3_06b,1/5/10/15/20/25,76,76,236.0,236.1,78,332580,21995,21039,20.789,6.444,317.1,1
eval/prueba_carga_usuarios/confianza_5090/llamacpp/26b_06b_np1/run_08,confianza_5090,gtc2pc4,llamacpp,26b_06b_np1,run_08,2026-07-16 22:16:52,gemma4:26b,embed,docs_rag_qwen3_06b,1/5/10/15/20/25,76,76,217.7,218.1,78,350286,22798,21214,18.816,5.913,310.6,1
eval/prueba_carga_usuarios/confianza_5090/llamacpp/26b_06b_np1/run_09,confianza_5090,gtc2pc4,llamacpp,26b_06b_np1,run_09,2026-07-16 22:20:34,gemma4:26b,embed,docs_rag_qwen3_06b,1/5/10/15/20/25,76,76,217.7,217.1,79,377355,22412,21071,19.171,5.834,318.0,1
eval/prueba_carga_usuarios/confianza_5090/llamacpp/26b_06b_np1/run_10,confianza_5090,gtc2pc4,llamacpp,26b_06b_np1,run_10,2026-07-16 22:24:15,gemma4:26b,embed,docs_rag_qwen3_06b,1/5/10/15/20/25,76,76,231.5,231.1,78,319757,24313,22793,20.132,5.786,313.7,1
eval/prueba_carga_usuarios/confianza_5090/llamacpp/26b_06b_np4/run_01,confianza_5090,gtc2pc4,llamacpp,26b_06b_np4,run_01,2026-07-16 20:42:49,gemma4:26b,embed,docs_rag_qwen3_06b,1/5/10/15/20/25,76,76,185.9,186.1,78,272965,28404,27375,14.814,7.941,286.3,1
eval/prueba_carga_usuarios/confianza_5090/llamacpp/26b_06b_np4/run_02,confianza_5090,gtc2pc4,llamacpp,26b_06b_np4,run_02,2026-07-16 20:46:00,gemma4:26b,embed,docs_rag_qwen3_06b,1/5/10/15/20/25,76,76,163.2,163.0,78,330904,21274,20385,13.07,6.747,288.8,1
eval/prueba_carga_usuarios/confianza_5090/llamacpp/26b_06b_np4/run_03,confianza_5090,gtc2pc4,llamacpp,26b_06b_np4,run_03,2026-07-16 20:48:47,gemma4:26b,embed,docs_rag_qwen3_06b,1/5/10/15/20/25,76,76,169.3,169.0,80,316551,24951,24072,13.872,6.713,295.6,1
eval/prueba_carga_usuarios/confianza_5090/llamacpp/26b_06b_np4/run_04,confianza_5090,gtc2pc4,llamacpp,26b_06b_np4,run_04,2026-07-16 20:51:41,gemma4:26b,embed,docs_rag_qwen3_06b,1/5/10/15/20/25,76,76,168.8,169.0,78,300733,22818,21983,13.581,6.958,289.4,1
eval/prueba_carga_usuarios/confianza_5090/llamacpp/26b_06b_np4/run_05,confianza_5090,gtc2pc4,llamacpp,26b_06b_np4,run_05,2026-07-16 20:54:35,gemma4:26b,embed,docs_rag_qwen3_06b,1/5/10/15/20/25,76,76,174.4,174.1,79,389197,22903,21525,14.329,7.384,296.4,1
eval/prueba_carga_usuarios/confianza_5090/llamacpp/26b_06b_np4/run_06,confianza_5090,gtc2pc4,llamacpp,26b_06b_np4,run_06,2026-07-16 20:57:34,gemma4:26b,embed,docs_rag_qwen3_06b,1/5/10/15/20/25,76,76,177.4,177.1,78,392123,22939,21647,14.831,7.667,301.7,1
eval/prueba_carga_usuarios/confianza_5090/llamacpp/26b_06b_np4/run_07,confianza_5090,gtc2pc4,llamacpp,26b_06b_np4,run_07,2026-07-16 21:00:36,gemma4:26b,embed,docs_rag_qwen3_06b,1/5/10/15/20/25,76,76,179.6,179.1,78,334860,22978,21886,14.75,7.274,296.6,1
eval/prueba_carga_usuarios/confianza_5090/llamacpp/26b_06b_np4/run_08,confianza_5090,gtc2pc4,llamacpp,26b_06b_np4,run_08,2026-07-16 21:03:40,gemma4:26b,embed,docs_rag_qwen3_06b,1/5/10/15/20/25,76,76,174.5,174.1,78,351589,22472,21050,14.201,5.628,293.8,1
eval/prueba_carga_usuarios/confianza_5090/llamacpp/26b_06b_np4/run_09,confianza_5090,gtc2pc4,llamacpp,26b_06b_np4,run_09,2026-07-16 21:06:39,gemma4:26b,embed,docs_rag_qwen3_06b,1/5/10/15/20/25,76,76,173.9,174.1,79,381485,23365,21957,14.384,7.5,297.6,1
eval/prueba_carga_usuarios/confianza_5090/llamacpp/26b_06b_np4/run_10,confianza_5090,gtc2pc4,llamacpp,26b_06b_np4,run_10,2026-07-16 21:09:37,gemma4:26b,embed,docs_rag_qwen3_06b,1/5/10/15/20/25,76,76,181.2,181.1,78,337589,26912,24644,14.617,7.902,290.9,1
eval/prueba_carga_usuarios/confianza_5090/llamacpp/26b_06b_np8/run_01,confianza_5090,gtc2pc4,llamacpp,26b_06b_np8,run_01,2026-07-31 11:02:34,gemma4:26b,embed,docs_rag_qwen3_06b,1/5/10/15/20/25,76,76,187.6,187.1,78,284191,26366,25481,14.494,9.291,278.9,1
eval/prueba_carga_usuarios/confianza_5090/llamacpp/26b_06b_np8/run_02,confianza_5090,gtc2pc4,llamacpp,26b_06b_np8,run_02,2026-07-31 11:05:48,gemma4:26b,embed,docs_rag_qwen3_06b,1/5/10/15/20/25,76,76,170.3,170.0,79,331004,21356,20530,12.981,8.212,275.0,1
eval/prueba_carga_usuarios/confianza_5090/llamacpp/26b_06b_np8/run_03,confianza_5090,gtc2pc4,llamacpp,26b_06b_np8,run_03,2026-07-31 11:08:45,gemma4:26b,embed,docs_rag_qwen3_06b,1/5/10/15/20/25,76,76,170.4,170.0,78,308639,22868,22454,13.097,8.498,277.3,1
eval/prueba_carga_usuarios/confianza_5090/llamacpp/26b_06b_np8/run_04,confianza_5090,gtc2pc4,llamacpp,26b_06b_np8,run_04,2026-07-31 11:11:42,gemma4:26b,embed,docs_rag_qwen3_06b,1/5/10/15/20/25,76,76,181.7,182.1,78,301375,22700,21864,13.893,8.855,274.8,1
eval/prueba_carga_usuarios/confianza_5090/llamacpp/26b_06b_np8/run_05,confianza_5090,gtc2pc4,llamacpp,26b_06b_np8,run_05,2026-07-31 11:14:49,gemma4:26b,embed,docs_rag_qwen3_06b,1/5/10/15/20/25,76,76,182.1,182.1,78,386291,22342,21210,14.461,9.425,286.0,1
eval/prueba_carga_usuarios/confianza_5090/llamacpp/26b_06b_np8/run_06,confianza_5090,gtc2pc4,llamacpp,26b_06b_np8,run_06,2026-07-31 11:17:58,gemma4:26b,embed,docs_rag_qwen3_06b,1/5/10/15/20/25,76,76,182.7,183.1,78,390659,22013,20799,14.295,9.203,281.1,1
eval/prueba_carga_usuarios/confianza_5090/llamacpp/26b_06b_np8/run_07,confianza_5090,gtc2pc4,llamacpp,26b_06b_np8,run_07,2026-07-31 11:21:07,gemma4:26b,embed,docs_rag_qwen3_06b,1/5/10/15/20/25,76,76,189.1,189.1,78,331981,22741,21691,14.723,9.398,280.4,1
eval/prueba_carga_usuarios/confianza_5090/llamacpp/26b_06b_np8/run_08,confianza_5090,gtc2pc4,llamacpp,26b_06b_np8,run_08,2026-07-31 11:24:22,gemma4:26b,embed,docs_rag_qwen3_06b,1/5/10/15/20/25,76,76,178.4,178.0,78,361867,23873,22140,13.715,8.769,277.3,1
eval/prueba_carga_usuarios/confianza_5090/llamacpp/26b_06b_np8/run_09,confianza_5090,gtc2pc4,llamacpp,26b_06b_np8,run_09,2026-07-31 11:27:27,gemma4:26b,embed,docs_rag_qwen3_06b,1/5/10/15/20/25,76,76,184.2,184.1,78,377925,24011,22516,14.318,9.188,280.1,1
eval/prueba_carga_usuarios/confianza_5090/llamacpp/26b_06b_np8/run_10,confianza_5090,gtc2pc4,llamacpp,26b_06b_np8,run_10,2026-07-31 11:30:37,gemma4:26b,embed,docs_rag_qwen3_06b,1/5/10/15/20/25,76,76,187.0,187.1,78,336481,26464,24352,14.547,8.944,279.9,1
eval/prueba_carga_usuarios/confianza_5090/llamacpp/26b_4b_np1/run_01,confianza_5090,gtc2pc4,llamacpp,26b_4b_np1,run_01,2026-07-16 22:28:11,gemma4:26b,embed,docs_rag_qwen3,1/5/10/15/20/25,76,76,261.9,262.1,79,319946,31995,29907,23.455,6.714,322.2,1
eval/prueba_carga_usuarios/confianza_5090/llamacpp/26b_4b_np1/run_02,confianza_5090,gtc2pc4,llamacpp,26b_4b_np1,run_02,2026-07-16 22:32:38,gemma4:26b,embed,docs_rag_qwen3,1/5/10/15/20/25,76,76,207.3,207.1,77,315735,20167,18978,18.105,5.459,315.0,1
eval/prueba_carga_usuarios/confianza_5090/llamacpp/26b_4b_np1/run_03,confianza_5090,gtc2pc4,llamacpp,26b_4b_np1,run_03,2026-07-16 22:36:10,gemma4:26b,embed,docs_rag_qwen3,1/5/10/15/20/25,76,76,218.0,218.1,79,300103,23038,22116,18.637,9.16,307.8,1
eval/prueba_carga_usuarios/confianza_5090/llamacpp/26b_4b_np1/run_04,confianza_5090,gtc2pc4,llamacpp,26b_4b_np1,run_04,2026-07-16 22:39:52,gemma4:26b,embed,docs_rag_qwen3,1/5/10/15/20/25,76,76,376.9,377.1,79,316494,23854,22328,20.645,18.905,197.0,1
eval/prueba_carga_usuarios/confianza_5090/llamacpp/26b_4b_np1/run_05,confianza_5090,gtc2pc4,llamacpp,26b_4b_np1,run_05,2026-07-16 22:46:14,gemma4:26b,embed,docs_rag_qwen3,1/5/10/15/20/25,76,76,233.3,233.1,79,355286,25677,23619,20.498,6.551,316.5,1
eval/prueba_carga_usuarios/confianza_5090/llamacpp/26b_4b_np1/run_06,confianza_5090,gtc2pc4,llamacpp,26b_4b_np1,run_06,2026-07-16 22:50:12,gemma4:26b,embed,docs_rag_qwen3,1/5/10/15/20/25,76,76,230.3,230.1,78,402370,24246,21927,20.825,6.521,325.9,1
eval/prueba_carga_usuarios/confianza_5090/llamacpp/26b_4b_np1/run_07,confianza_5090,gtc2pc4,llamacpp,26b_4b_np1,run_07,2026-07-16 22:54:07,gemma4:26b,embed,docs_rag_qwen3,1/5/10/15/20/25,76,76,235.4,235.1,78,350114,26020,24110,21.04,6.83,322.2,1
eval/prueba_carga_usuarios/confianza_5090/llamacpp/26b_4b_np1/run_08,confianza_5090,gtc2pc4,llamacpp,26b_4b_np1,run_08,2026-07-16 22:58:06,gemma4:26b,embed,docs_rag_qwen3,1/5/10/15/20/25,76,76,213.5,213.1,78,345745,22072,20162,18.556,6.045,313.6,1
eval/prueba_carga_usuarios/confianza_5090/llamacpp/26b_4b_np1/run_09,confianza_5090,gtc2pc4,llamacpp,26b_4b_np1,run_09,2026-07-16 23:01:44,gemma4:26b,embed,docs_rag_qwen3,1/5/10/15/20/25,76,76,314.6,314.1,78,369000,23772,22041,21.08,19.588,241.4,1
eval/prueba_carga_usuarios/confianza_5090/llamacpp/26b_4b_np1/run_10,confianza_5090,gtc2pc4,llamacpp,26b_4b_np1,run_10,2026-07-16 23:07:04,gemma4:26b,embed,docs_rag_qwen3,1/5/10/15/20/25,76,76,231.7,231.1,76,359031,24208,22932,20.535,6.907,320.2,1
eval/prueba_carga_usuarios/confianza_5090/llamacpp/26b_4b_np4/run_01,confianza_5090,gtc2pc4,llamacpp,26b_4b_np4,run_01,2026-07-16 21:12:44,gemma4:26b,embed,docs_rag_qwen3,1/5/10/15/20/25,76,76,193.0,193.1,78,304003,30047,28508,16.544,6.743,308.7,1
eval/prueba_carga_usuarios/confianza_5090/llamacpp/26b_4b_np4/run_02,confianza_5090,gtc2pc4,llamacpp,26b_4b_np4,run_02,2026-07-16 21:16:03,gemma4:26b,embed,docs_rag_qwen3,1/5/10/15/20/25,76,76,162.7,163.0,79,319824,21408,20093,13.337,7.226,294.8,1
eval/prueba_carga_usuarios/confianza_5090/llamacpp/26b_4b_np4/run_03,confianza_5090,gtc2pc4,llamacpp,26b_4b_np4,run_03,2026-07-16 21:18:52,gemma4:26b,embed,docs_rag_qwen3,1/5/10/15/20/25,76,76,166.6,166.0,79,303863,24018,23041,13.871,6.602,300.9,1
eval/prueba_carga_usuarios/confianza_5090/llamacpp/26b_4b_np4/run_04,confianza_5090,gtc2pc4,llamacpp,26b_4b_np4,run_04,2026-07-16 21:21:44,gemma4:26b,embed,docs_rag_qwen3,1/5/10/15/20/25,76,76,172.7,172.1,78,298775,23210,22137,14.35,7.682,300.3,1
eval/prueba_carga_usuarios/confianza_5090/llamacpp/26b_4b_np4/run_05,confianza_5090,gtc2pc4,llamacpp,26b_4b_np4,run_05,2026-07-16 21:24:43,gemma4:26b,embed,docs_rag_qwen3,1/5/10/15/20/25,76,76,178.7,178.1,78,348890,25801,23869,14.943,7.77,302.3,1
eval/prueba_carga_usuarios/confianza_5090/llamacpp/26b_4b_np4/run_06,confianza_5090,gtc2pc4,llamacpp,26b_4b_np4,run_06,2026-07-16 21:27:47,gemma4:26b,embed,docs_rag_qwen3,1/5/10/15/20/25,76,76,183.5,183.1,78,401889,23467,21839,15.681,8.18,308.5,1
eval/prueba_carga_usuarios/confianza_5090/llamacpp/26b_4b_np4/run_07,confianza_5090,gtc2pc4,llamacpp,26b_4b_np4,run_07,2026-07-16 21:30:57,gemma4:26b,embed,docs_rag_qwen3,1/5/10/15/20/25,76,76,180.6,180.1,78,337420,24715,22990,15.243,6.707,305.0,1
eval/prueba_carga_usuarios/confianza_5090/llamacpp/26b_4b_np4/run_08,confianza_5090,gtc2pc4,llamacpp,26b_4b_np4,run_08,2026-07-16 21:34:04,gemma4:26b,embed,docs_rag_qwen3,1/5/10/15/20/25,76,76,169.8,170.0,78,342407,23202,21319,14.11,7.904,298.8,1
eval/prueba_carga_usuarios/confianza_5090/llamacpp/26b_4b_np4/run_09,confianza_5090,gtc2pc4,llamacpp,26b_4b_np4,run_09,2026-07-16 21:36:59,gemma4:26b,embed,docs_rag_qwen3,1/5/10/15/20/25,76,76,172.1,172.1,78,369438,23605,21904,14.373,8.43,301.0,1
eval/prueba_carga_usuarios/confianza_5090/llamacpp/26b_4b_np4/run_10,confianza_5090,gtc2pc4,llamacpp,26b_4b_np4,run_10,2026-07-16 21:39:56,gemma4:26b,embed,docs_rag_qwen3,1/5/10/15/20/25,76,76,178.7,179.1,76,346820,24526,23523,15.153,7.196,304.7,1
eval/prueba_carga_usuarios/confianza_5090/llamacpp/26b_4b_np8/run_01,confianza_5090,gtc2pc4,llamacpp,26b_4b_np8,run_01,2026-07-31 11:33:55,gemma4:26b,embed,docs_rag_qwen3,1/5/10/15/20/25,76,76,200.5,200.1,78,310986,30374,28795,16.372,9.42,294.7,1
eval/prueba_carga_usuarios/confianza_5090/llamacpp/26b_4b_np8/run_02,confianza_5090,gtc2pc4,llamacpp,26b_4b_np8,run_02,2026-07-31 11:37:22,gemma4:26b,embed,docs_rag_qwen3,1/5/10/15/20/25,76,76,173.6,173.1,79,314838,21228,19934,13.575,8.821,282.7,1
eval/prueba_carga_usuarios/confianza_5090/llamacpp/26b_4b_np8/run_03,confianza_5090,gtc2pc4,llamacpp,26b_4b_np8,run_03,2026-07-31 11:40:24,gemma4:26b,embed,docs_rag_qwen3,1/5/10/15/20/25,76,76,172.2,172.0,78,292352,24621,23880,13.87,9.038,290.5,1
eval/prueba_carga_usuarios/confianza_5090/llamacpp/26b_4b_np8/run_04,confianza_5090,gtc2pc4,llamacpp,26b_4b_np8,run_04,2026-07-31 11:43:23,gemma4:26b,embed,docs_rag_qwen3,1/5/10/15/20/25,76,76,183.3,183.1,78,308233,24934,23407,14.707,9.577,289.5,1
eval/prueba_carga_usuarios/confianza_5090/llamacpp/26b_4b_np8/run_05,confianza_5090,gtc2pc4,llamacpp,26b_4b_np8,run_05,2026-07-31 11:46:35,gemma4:26b,embed,docs_rag_qwen3,1/5/10/15/20/25,76,76,190.1,190.1,78,344078,26129,24293,15.291,9.484,289.8,1
eval/prueba_carga_usuarios/confianza_5090/llamacpp/26b_4b_np8/run_06,confianza_5090,gtc2pc4,llamacpp,26b_4b_np8,run_06,2026-07-31 11:49:52,gemma4:26b,embed,docs_rag_qwen3,1/5/10/15/20/25,76,76,186.5,186.1,78,400282,25151,22638,14.89,9.612,288.3,1
eval/prueba_carga_usuarios/confianza_5090/llamacpp/26b_4b_np8/run_07,confianza_5090,gtc2pc4,llamacpp,26b_4b_np8,run_07,2026-07-31 11:53:06,gemma4:26b,embed,docs_rag_qwen3,1/5/10/15/20/25,76,76,194.2,194.1,78,323489,23955,22494,15.687,10.24,291.2,1
eval/prueba_carga_usuarios/confianza_5090/llamacpp/26b_4b_np8/run_08,confianza_5090,gtc2pc4,llamacpp,26b_4b_np8,run_08,2026-07-31 11:56:28,gemma4:26b,embed,docs_rag_qwen3,1/5/10/15/20/25,76,76,182.8,183.1,78,347299,24092,22139,14.93,9.844,293.8,1
eval/prueba_carga_usuarios/confianza_5090/llamacpp/26b_4b_np8/run_09,confianza_5090,gtc2pc4,llamacpp,26b_4b_np8,run_09,2026-07-31 11:59:38,gemma4:26b,embed,docs_rag_qwen3,1/5/10/15/20/25,76,76,184.9,185.1,78,371562,23053,21445,14.857,9.679,289.2,1
eval/prueba_carga_usuarios/confianza_5090/llamacpp/26b_4b_np8/run_10,confianza_5090,gtc2pc4,llamacpp,26b_4b_np8,run_10,2026-07-31 12:02:50,gemma4:26b,embed,docs_rag_qwen3,1/5/10/15/20/25,76,76,189.9,190.1,76,340662,23409,22433,15.238,9.98,288.6,1
eval/prueba_carga_usuarios/confianza_5090/ollama/12b_06b_np1/run_01,confianza_5090,gtc2pc4,ollama,12b_06b_np1,run_01,2026-07-27 21:08:34,gemma4:12b,embed,docs_rag_qwen3_06b,1/5/10/15/20/25,76,76,482.1,482.1,76,274581,31024,29300,47.027,13.04,350.9,1
eval/prueba_carga_usuarios/confianza_5090/ollama/12b_06b_np1/run_02,confianza_5090,gtc2pc4,ollama,12b_06b_np1,run_02,2026-07-27 21:17:04,gemma4:12b,embed,docs_rag_qwen3_06b,1/5/10/15/20/25,76,76,431.7,431.1,76,322285,24883,23487,41.699,12.893,348.0,1
eval/prueba_carga_usuarios/confianza_5090/ollama/12b_06b_np1/run_03,confianza_5090,gtc2pc4,ollama,12b_06b_np1,run_03,2026-07-27 21:24:44,gemma4:12b,embed,docs_rag_qwen3_06b,1/5/10/15/20/25,76,76,511.6,511.1,76,311549,33400,31539,50.483,13.35,355.3,1
eval/prueba_carga_usuarios/confianza_5090/ollama/12b_06b_np1/run_04,confianza_5090,gtc2pc4,ollama,12b_06b_np1,run_04,2026-07-27 21:33:42,gemma4:12b,embed,docs_rag_qwen3_06b,1/5/10/15/20/25,76,76,439.3,439.1,76,309559,25938,24493,42.206,13.537,345.8,1
eval/prueba_carga_usuarios/confianza_5090/ollama/12b_06b_np1/run_05,confianza_5090,gtc2pc4,ollama,12b_06b_np1,run_05,2026-07-27 21:41:28,gemma4:12b,embed,docs_rag_qwen3_06b,1/5/10/15/20/25,76,76,441.6,441.1,76,344237,25491,24056,42.704,13.39,348.3,1
eval/prueba_carga_usuarios/confianza_5090/ollama/12b_06b_np1/run_06,confianza_5090,gtc2pc4,ollama,12b_06b_np1,run_06,2026-07-27 21:49:18,gemma4:12b,embed,docs_rag_qwen3_06b,1/5/10/15/20/25,76,76,432.1,432.1,76,389381,23915,22457,42.039,12.323,350.0,1
eval/prueba_carga_usuarios/confianza_5090/ollama/12b_06b_np1/run_07,confianza_5090,gtc2pc4,ollama,12b_06b_np1,run_07,2026-07-27 21:56:58,gemma4:12b,embed,docs_rag_qwen3_06b,1/5/10/15/20/25,76,76,467.5,467.1,76,348482,27820,26362,45.532,12.714,350.7,1
eval/prueba_carga_usuarios/confianza_5090/ollama/12b_06b_np1/run_08,confianza_5090,gtc2pc4,ollama,12b_06b_np1,run_08,2026-07-27 22:05:14,gemma4:12b,embed,docs_rag_qwen3_06b,1/5/10/15/20/25,76,76,430.2,430.1,76,362866,24033,22586,41.578,13.684,347.8,1
eval/prueba_carga_usuarios/confianza_5090/ollama/12b_06b_np1/run_09,confianza_5090,gtc2pc4,ollama,12b_06b_np1,run_09,2026-07-27 22:12:52,gemma4:12b,embed,docs_rag_qwen3_06b,1/5/10/15/20/25,76,76,445.6,445.1,76,359382,25590,24067,43.515,12.614,351.6,1
eval/prueba_carga_usuarios/confianza_5090/ollama/12b_06b_np1/run_10,confianza_5090,gtc2pc4,ollama,12b_06b_np1,run_10,2026-07-27 22:20:46,gemma4:12b,embed,docs_rag_qwen3_06b,1/5/10/15/20/25,76,76,431.7,431.1,76,328251,24681,23207,41.485,12.931,346.2,1
eval/prueba_carga_usuarios/confianza_5090/ollama/12b_06b_np4/run_01,confianza_5090,gtc2pc4,ollama,12b_06b_np4,run_01,2026-07-27 19:06:35,gemma4:12b,embed,docs_rag_qwen3_06b,1/5/10/15/20/25,76,76,359.9,360.1,76,271809,31752,30162,29.648,14.753,296.2,1
eval/prueba_carga_usuarios/confianza_5090/ollama/12b_06b_np4/run_02,confianza_5090,gtc2pc4,ollama,12b_06b_np4,run_02,2026-07-27 19:13:01,gemma4:12b,embed,docs_rag_qwen3_06b,1/5/10/15/20/25,76,76,322.8,323.1,76,326514,24012,22781,26.388,15.763,293.8,1
eval/prueba_carga_usuarios/confianza_5090/ollama/12b_06b_np4/run_03,confianza_5090,gtc2pc4,ollama,12b_06b_np4,run_03,2026-07-27 19:18:51,gemma4:12b,embed,docs_rag_qwen3_06b,1/5/10/15/20/25,76,76,369.2,369.1,76,316026,31629,29959,30.872,17.554,301.0,1
eval/prueba_carga_usuarios/confianza_5090/ollama/12b_06b_np4/run_04,confianza_5090,gtc2pc4,ollama,12b_06b_np4,run_04,2026-07-27 19:25:27,gemma4:12b,embed,docs_rag_qwen3_06b,1/5/10/15/20/25,76,76,335.7,336.1,76,308404,26756,25392,27.918,14.461,298.9,1
eval/prueba_carga_usuarios/confianza_5090/ollama/12b_06b_np4/run_05,confianza_5090,gtc2pc4,ollama,12b_06b_np4,run_05,2026-07-27 19:31:29,gemma4:12b,embed,docs_rag_qwen3_06b,1/5/10/15/20/25,76,76,334.9,335.1,76,342954,25780,24243,27.721,17.537,297.7,1
eval/prueba_carga_usuarios/confianza_5090/ollama/12b_06b_np4/run_06,confianza_5090,gtc2pc4,ollama,12b_06b_np4,run_06,2026-07-27 19:37:31,gemma4:12b,embed,docs_rag_qwen3_06b,1/5/10/15/20/25,76,76,334.6,334.1,76,379265,24896,23484,27.877,18.281,300.2,1
eval/prueba_carga_usuarios/confianza_5090/ollama/12b_06b_np4/run_07,confianza_5090,gtc2pc4,ollama,12b_06b_np4,run_07,2026-07-27 19:43:32,gemma4:12b,embed,docs_rag_qwen3_06b,1/5/10/15/20/25,76,76,350.0,350.1,76,352095,27764,26314,29.238,17.647,300.4,1
eval/prueba_carga_usuarios/confianza_5090/ollama/12b_06b_np4/run_08,confianza_5090,gtc2pc4,ollama,12b_06b_np4,run_08,2026-07-27 19:49:49,gemma4:12b,embed,docs_rag_qwen3_06b,1/5/10/15/20/25,76,76,330.2,330.1,76,358478,23675,22363,27.442,17.129,299.1,1
eval/prueba_carga_usuarios/confianza_5090/ollama/12b_06b_np4/run_09,confianza_5090,gtc2pc4,ollama,12b_06b_np4,run_09,2026-07-27 19:55:46,gemma4:12b,embed,docs_rag_qwen3_06b,1/5/10/15/20/25,76,76,328.5,328.1,76,354101,24808,23347,27.248,14.969,298.8,1
eval/prueba_carga_usuarios/confianza_5090/ollama/12b_06b_np4/run_10,confianza_5090,gtc2pc4,ollama,12b_06b_np4,run_10,2026-07-27 20:01:41,gemma4:12b,embed,docs_rag_qwen3_06b,1/5/10/15/20/25,76,76,343.6,343.1,76,326558,26694,25209,28.297,14.922,296.7,1
eval/prueba_carga_usuarios/confianza_5090/ollama/12b_06b_np8/run_01,confianza_5090,gtc2pc4,ollama,12b_06b_np8,run_01,2026-08-01 02:28:07,gemma4:12b,embed,docs_rag_qwen3_06b,1/5/10/15/20/25,76,76,369.0,369.1,76,267153,30424,28853,27.925,20.369,272.5,1
eval/prueba_carga_usuarios/confianza_5090/ollama/12b_06b_np8/run_02,confianza_5090,gtc2pc4,ollama,12b_06b_np8,run_02,2026-08-01 02:34:41,gemma4:12b,embed,docs_rag_qwen3_06b,1/5/10/15/20/25,76,76,352.2,352.1,76,331095,24375,23081,26.67,19.531,272.8,1
eval/prueba_carga_usuarios/confianza_5090/ollama/12b_06b_np8/run_03,confianza_5090,gtc2pc4,ollama,12b_06b_np8,run_03,2026-08-01 02:40:58,gemma4:12b,embed,docs_rag_qwen3_06b,1/5/10/15/20/25,76,76,393.7,393.1,76,313841,32179,30442,30.977,20.392,283.8,1
eval/prueba_carga_usuarios/confianza_5090/ollama/12b_06b_np8/run_04,confianza_5090,gtc2pc4,ollama,12b_06b_np8,run_04,2026-08-01 02:47:56,gemma4:12b,embed,docs_rag_qwen3_06b,1/5/10/15/20/25,76,76,365.9,366.1,76,306625,27168,25666,28.378,20.907,279.2,1
eval/prueba_carga_usuarios/confianza_5090/ollama/12b_06b_np8/run_05,confianza_5090,gtc2pc4,ollama,12b_06b_np8,run_05,2026-08-01 02:54:27,gemma4:12b,embed,docs_rag_qwen3_06b,1/5/10/15/20/25,76,76,363.9,364.1,76,336503,25467,24040,27.484,20.113,271.9,1
eval/prueba_carga_usuarios/confianza_5090/ollama/12b_06b_np8/run_06,confianza_5090,gtc2pc4,ollama,12b_06b_np8,run_06,2026-08-01 03:00:56,gemma4:12b,embed,docs_rag_qwen3_06b,1/5/10/15/20/25,76,76,378.5,378.1,76,383592,24926,23523,28.838,21.216,274.7,1
eval/prueba_carga_usuarios/confianza_5090/ollama/12b_06b_np8/run_07,confianza_5090,gtc2pc4,ollama,12b_06b_np8,run_07,2026-08-01 03:07:39,gemma4:12b,embed,docs_rag_qwen3_06b,1/5/10/15/20/25,76,76,377.3,377.1,76,349006,27140,25742,28.769,21.113,274.8,1
eval/prueba_carga_usuarios/confianza_5090/ollama/12b_06b_np8/run_08,confianza_5090,gtc2pc4,ollama,12b_06b_np8,run_08,2026-08-01 03:14:21,gemma4:12b,embed,docs_rag_qwen3_06b,1/5/10/15/20/25,76,76,362.4,362.1,76,355014,24429,23075,28.041,20.634,278.9,1
eval/prueba_carga_usuarios/confianza_5090/ollama/12b_06b_np8/run_09,confianza_5090,gtc2pc4,ollama,12b_06b_np8,run_09,2026-08-01 03:20:49,gemma4:12b,embed,docs_rag_qwen3_06b,1/5/10/15/20/25,76,76,363.5,363.1,76,362282,24473,23095,28.089,20.655,278.6,1
eval/prueba_carga_usuarios/confianza_5090/ollama/12b_06b_np8/run_10,confianza_5090,gtc2pc4,ollama,12b_06b_np8,run_10,2026-08-01 03:27:17,gemma4:12b,embed,docs_rag_qwen3_06b,1/5/10/15/20/25,76,76,368.2,368.1,76,327090,26859,25311,28.549,20.803,279.4,1
eval/prueba_carga_usuarios/confianza_5090/ollama/12b_4b_np1/run_01,confianza_5090,gtc2pc4,ollama,12b_4b_np1,run_01,2026-07-27 22:28:20,gemma4:12b,embed,docs_rag_qwen3,1/5/10/15/20/25,76,76,492.5,492.1,76,306945,31167,29402,48.444,13.983,354.3,1
eval/prueba_carga_usuarios/confianza_5090/ollama/12b_4b_np1/run_02,confianza_5090,gtc2pc4,ollama,12b_4b_np1,run_02,2026-07-27 22:36:55,gemma4:12b,embed,docs_rag_qwen3,1/5/10/15/20/25,76,76,432.1,432.1,76,321005,24431,23105,42.047,13.053,350.2,1
eval/prueba_carga_usuarios/confianza_5090/ollama/12b_4b_np1/run_03,confianza_5090,gtc2pc4,ollama,12b_4b_np1,run_03,2026-07-27 22:44:32,gemma4:12b,embed,docs_rag_qwen3,1/5/10/15/20/25,76,76,513.7,513.1,76,320824,33024,31085,51.048,13.217,358.2,1
eval/prueba_carga_usuarios/confianza_5090/ollama/12b_4b_np1/run_04,confianza_5090,gtc2pc4,ollama,12b_4b_np1,run_04,2026-07-27 22:53:29,gemma4:12b,embed,docs_rag_qwen3,1/5/10/15/20/25,76,76,444.7,444.1,76,309668,26211,24684,42.912,14.013,347.9,1
eval/prueba_carga_usuarios/confianza_5090/ollama/12b_4b_np1/run_05,confianza_5090,gtc2pc4,ollama,12b_4b_np1,run_05,2026-07-27 23:01:15,gemma4:12b,embed,docs_rag_qwen3,1/5/10/15/20/25,76,76,453.5,453.1,76,347652,26471,24939,44.586,14.529,354.1,1
eval/prueba_carga_usuarios/confianza_5090/ollama/12b_4b_np1/run_06,confianza_5090,gtc2pc4,ollama,12b_4b_np1,run_06,2026-07-27 23:09:11,gemma4:12b,embed,docs_rag_qwen3,1/5/10/15/20/25,76,76,454.1,454.1,76,392938,25978,24432,44.716,14.456,354.5,1
eval/prueba_carga_usuarios/confianza_5090/ollama/12b_4b_np1/run_07,confianza_5090,gtc2pc4,ollama,12b_4b_np1,run_07,2026-07-27 23:17:10,gemma4:12b,embed,docs_rag_qwen3,1/5/10/15/20/25,76,76,463.2,463.1,76,340788,27422,26015,45.62,15.005,354.7,1
eval/prueba_carga_usuarios/confianza_5090/ollama/12b_4b_np1/run_08,confianza_5090,gtc2pc4,ollama,12b_4b_np1,run_08,2026-07-27 23:25:15,gemma4:12b,embed,docs_rag_qwen3,1/5/10/15/20/25,76,76,425.8,426.1,76,354222,23246,21924,41.679,12.278,352.0,1
eval/prueba_carga_usuarios/confianza_5090/ollama/12b_4b_np1/run_09,confianza_5090,gtc2pc4,ollama,12b_4b_np1,run_09,2026-07-27 23:32:46,gemma4:12b,embed,docs_rag_qwen3,1/5/10/15/20/25,76,76,448.4,448.1,76,370404,25418,23886,43.907,13.809,352.8,1
eval/prueba_carga_usuarios/confianza_5090/ollama/12b_4b_np1/run_10,confianza_5090,gtc2pc4,ollama,12b_4b_np1,run_10,2026-07-27 23:40:36,gemma4:12b,embed,docs_rag_qwen3,1/5/10/15/20/25,76,76,449.5,449.1,76,342184,26146,24522,44.118,12.482,353.5,1
eval/prueba_carga_usuarios/confianza_5090/ollama/12b_4b_np4/run_01,confianza_5090,gtc2pc4,ollama,12b_4b_np4,run_01,2026-07-27 20:07:49,gemma4:12b,embed,docs_rag_qwen3,1/5/10/15/20/25,76,76,355.8,152083.6,2309,10246781,810531,28856,4570.369,3963.302,108.6,1
eval/prueba_carga_usuarios/confianza_5090/ollama/12b_4b_np4/run_02,confianza_5090,gtc2pc4,ollama,12b_4b_np4,run_02,2026-07-27 20:14:10,gemma4:12b,embed,docs_rag_qwen3,1/5/10/15/20/25,76,76,319.4,319.1,76,320204,24183,22934,26.884,12.977,303.6,1
eval/prueba_carga_usuarios/confianza_5090/ollama/12b_4b_np4/run_03,confianza_5090,gtc2pc4,ollama,12b_4b_np4,run_03,2026-07-27 20:19:54,gemma4:12b,embed,docs_rag_qwen3,1/5/10/15/20/25,76,76,375.2,375.1,76,322508,32936,31021,32.323,15.575,310.4,1
eval/prueba_carga_usuarios/confianza_5090/ollama/12b_4b_np4/run_04,confianza_5090,gtc2pc4,ollama,12b_4b_np4,run_04,2026-07-27 20:26:34,gemma4:12b,embed,docs_rag_qwen3,1/5/10/15/20/25,76,76,328.8,329.1,76,307955,25657,24223,27.429,12.405,300.2,1
eval/prueba_carga_usuarios/confianza_5090/ollama/12b_4b_np4/run_05,confianza_5090,gtc2pc4,ollama,12b_4b_np4,run_05,2026-07-27 20:32:28,gemma4:12b,embed,docs_rag_qwen3,1/5/10/15/20/25,76,76,336.7,336.1,76,348159,26568,25075,28.391,13.801,304.3,1
eval/prueba_carga_usuarios/confianza_5090/ollama/12b_4b_np4/run_06,confianza_5090,gtc2pc4,ollama,12b_4b_np4,run_06,2026-07-27 20:38:29,gemma4:12b,embed,docs_rag_qwen3,1/5/10/15/20/25,76,76,342.3,342.1,76,394441,25761,24259,29.527,13.966,310.9,1
eval/prueba_carga_usuarios/confianza_5090/ollama/12b_4b_np4/run_07,confianza_5090,gtc2pc4,ollama,12b_4b_np4,run_07,2026-07-27 20:44:34,gemma4:12b,embed,docs_rag_qwen3,1/5/10/15/20/25,76,76,342.1,342.1,76,345263,26957,25593,28.877,15.11,304.1,1
eval/prueba_carga_usuarios/confianza_5090/ollama/12b_4b_np4/run_08,confianza_5090,gtc2pc4,ollama,12b_4b_np4,run_08,2026-07-27 20:50:39,gemma4:12b,embed,docs_rag_qwen3,1/5/10/15/20/25,76,76,325.1,325.1,76,354500,23364,22045,27.613,14.882,306.1,1
eval/prueba_carga_usuarios/confianza_5090/ollama/12b_4b_np4/run_09,confianza_5090,gtc2pc4,ollama,12b_4b_np4,run_09,2026-07-27 20:56:29,gemma4:12b,embed,docs_rag_qwen3,1/5/10/15/20/25,76,76,335.4,335.1,76,366189,24765,23304,28.521,14.113,306.6,1
eval/prueba_carga_usuarios/confianza_5090/ollama/12b_4b_np4/run_10,confianza_5090,gtc2pc4,ollama,12b_4b_np4,run_10,2026-07-27 21:02:28,gemma4:12b,embed,docs_rag_qwen3,1/5/10/15/20/25,76,76,330.2,330.1,76,341089,25467,23968,27.78,13.694,303.2,1
eval/prueba_carga_usuarios/confianza_5090/ollama/12b_4b_np8/run_01,confianza_5090,gtc2pc4,ollama,12b_4b_np8,run_01,2026-08-01 03:33:51,gemma4:12b,embed,docs_rag_qwen3,1/5/10/15/20/25,76,76,390.8,391.1,76,310699,31206,29603,31.405,22.513,289.3,1
eval/prueba_carga_usuarios/confianza_5090/ollama/12b_4b_np8/run_02,confianza_5090,gtc2pc4,ollama,12b_4b_np8,run_02,2026-08-01 03:40:45,gemma4:12b,embed,docs_rag_qwen3,1/5/10/15/20/25,76,76,347.3,347.1,76,322114,23283,21997,27.593,20.493,286.4,1
eval/prueba_carga_usuarios/confianza_5090/ollama/12b_4b_np8/run_03,confianza_5090,gtc2pc4,ollama,12b_4b_np8,run_03,2026-08-01 03:46:56,gemma4:12b,embed,docs_rag_qwen3,1/5/10/15/20/25,76,76,399.4,399.1,76,317284,32368,30534,32.163,22.482,290.3,1
eval/prueba_carga_usuarios/confianza_5090/ollama/12b_4b_np8/run_04,confianza_5090,gtc2pc4,ollama,12b_4b_np8,run_04,2026-08-01 03:53:59,gemma4:12b,embed,docs_rag_qwen3,1/5/10/15/20/25,76,76,350.7,351.1,76,308426,25881,24409,27.87,20.585,286.0,1
eval/prueba_carga_usuarios/confianza_5090/ollama/12b_4b_np8/run_05,confianza_5090,gtc2pc4,ollama,12b_4b_np8,run_05,2026-08-01 04:00:14,gemma4:12b,embed,docs_rag_qwen3,1/5/10/15/20/25,76,76,374.2,374.1,76,345985,26361,24878,29.412,21.76,283.3,1
eval/prueba_carga_usuarios/confianza_5090/ollama/12b_4b_np8/run_06,confianza_5090,gtc2pc4,ollama,12b_4b_np8,run_06,2026-08-01 04:06:53,gemma4:12b,embed,docs_rag_qwen3,1/5/10/15/20/25,76,76,374.0,374.1,76,394186,24968,23491,30.045,22.415,289.4,1
eval/prueba_carga_usuarios/confianza_5090/ollama/12b_4b_np8/run_07,confianza_5090,gtc2pc4,ollama,12b_4b_np8,run_07,2026-08-01 04:13:31,gemma4:12b,embed,docs_rag_qwen3,1/5/10/15/20/25,76,76,373.3,373.1,76,348054,26937,25617,29.981,22.276,289.5,1
eval/prueba_carga_usuarios/confianza_5090/ollama/12b_4b_np8/run_08,confianza_5090,gtc2pc4,ollama,12b_4b_np8,run_08,2026-08-01 04:20:09,gemma4:12b,embed,docs_rag_qwen3,1/5/10/15/20/25,76,76,354.1,354.1,76,353155,22496,21286,27.724,20.552,282.1,1
eval/prueba_carga_usuarios/confianza_5090/ollama/12b_4b_np8/run_09,confianza_5090,gtc2pc4,ollama,12b_4b_np8,run_09,2026-08-01 04:26:27,gemma4:12b,embed,docs_rag_qwen3,1/5/10/15/20/25,76,76,368.0,368.1,76,366091,25141,23646,29.06,21.597,284.3,1
eval/prueba_carga_usuarios/confianza_5090/ollama/12b_4b_np8/run_10,confianza_5090,gtc2pc4,ollama,12b_4b_np8,run_10,2026-08-01 04:33:00,gemma4:12b,embed,docs_rag_qwen3,1/5/10/15/20/25,76,76,367.6,367.1,76,342120,25547,24013,28.547,21.131,280.2,1
eval/prueba_carga_usuarios/confianza_5090/ollama/26b_06b_np1/run_01,confianza_5090,gtc2pc4,ollama,26b_06b_np1,run_01,2026-08-01 00:08:32,gemma4:26b,embed,docs_rag_qwen3_06b,1/5/10/15/20/25,76,76,326.7,326.1,76,302735,30459,28954,23.312,7.627,257.3,1
eval/prueba_carga_usuarios/confianza_5090/ollama/26b_06b_np1/run_02,confianza_5090,gtc2pc4,ollama,26b_06b_np1,run_02,2026-08-01 00:14:23,gemma4:26b,embed,docs_rag_qwen3_06b,1/5/10/15/20/25,76,76,258.2,258.1,76,317182,19599,18791,18.397,6.193,256.5,1
eval/prueba_carga_usuarios/confianza_5090/ollama/26b_06b_np1/run_03,confianza_5090,gtc2pc4,ollama,26b_06b_np1,run_03,2026-08-01 00:19:05,gemma4:26b,embed,docs_rag_qwen3_06b,1/5/10/15/20/25,76,76,780.3,780.3,76,305099,25206,24001,24.355,19.623,112.4,1
eval/prueba_carga_usuarios/confianza_5090/ollama/26b_06b_np1/run_04,confianza_5090,gtc2pc4,ollama,26b_06b_np1,run_04,2026-08-01 00:32:30,gemma4:26b,embed,docs_rag_qwen3_06b,1/5/10/15/20/25,76,76,515.1,515.1,76,298909,21975,21043,21.157,17.926,147.8,1
eval/prueba_carga_usuarios/confianza_5090/ollama/26b_06b_np1/run_05,confianza_5090,gtc2pc4,ollama,26b_06b_np1,run_05,2026-08-01 00:41:29,gemma4:26b,embed,docs_rag_qwen3_06b,1/5/10/15/20/25,76,76,277.6,277.1,76,389398,21392,20397,19.963,6.855,259.3,1
eval/prueba_carga_usuarios/confianza_5090/ollama/26b_06b_np1/run_06,confianza_5090,gtc2pc4,ollama,26b_06b_np1,run_06,2026-08-01 00:46:31,gemma4:26b,embed,docs_rag_qwen3_06b,1/5/10/15/20/25,76,76,283.9,284.1,76,385377,22562,21369,20.562,7.116,260.5,1
eval/prueba_carga_usuarios/confianza_5090/ollama/26b_06b_np1/run_07,confianza_5090,gtc2pc4,ollama,26b_06b_np1,run_07,2026-08-01 00:51:40,gemma4:26b,embed,docs_rag_qwen3_06b,1/5/10/15/20/25,76,76,307.7,307.1,76,332699,26736,25434,22.094,7.308,259.1,1
eval/prueba_carga_usuarios/confianza_5090/ollama/26b_06b_np1/run_08,confianza_5090,gtc2pc4,ollama,26b_06b_np1,run_08,2026-08-01 00:57:12,gemma4:26b,embed,docs_rag_qwen3_06b,1/5/10/15/20/25,76,76,375.3,375.1,76,357873,21023,20087,20.468,18.147,196.2,1
eval/prueba_carga_usuarios/confianza_5090/ollama/26b_06b_np1/run_09,confianza_5090,gtc2pc4,ollama,26b_06b_np1,run_09,2026-08-01 01:03:51,gemma4:26b,embed,docs_rag_qwen3_06b,1/5/10/15/20/25,76,76,394.6,394.1,76,355166,22212,21159,20.907,18.423,191.1,1
eval/prueba_carga_usuarios/confianza_5090/ollama/26b_06b_np1/run_10,confianza_5090,gtc2pc4,ollama,26b_06b_np1,run_10,2026-08-01 01:10:51,gemma4:26b,embed,docs_rag_qwen3_06b,1/5/10/15/20/25,76,76,295.0,295.1,76,332955,24805,23384,21.016,6.516,256.3,1
eval/prueba_carga_usuarios/confianza_5090/ollama/26b_06b_np4/run_01,confianza_5090,gtc2pc4,ollama,26b_06b_np4,run_01,2026-07-31 21:59:46,gemma4:26b,embed,docs_rag_qwen3_06b,1/5/10/15/20/25,76,76,262.9,263.1,76,300653,29738,28299,16.732,7.994,229.1,1
eval/prueba_carga_usuarios/confianza_5090/ollama/26b_06b_np4/run_02,confianza_5090,gtc2pc4,ollama,26b_06b_np4,run_02,2026-07-31 22:04:33,gemma4:26b,embed,docs_rag_qwen3_06b,1/5/10/15/20/25,76,76,346.1,346.1,76,318409,19610,18803,14.562,12.475,151.7,1
eval/prueba_carga_usuarios/confianza_5090/ollama/26b_06b_np4/run_03,confianza_5090,gtc2pc4,ollama,26b_06b_np4,run_03,2026-07-31 22:10:44,gemma4:26b,embed,docs_rag_qwen3_06b,1/5/10/15/20/25,76,76,645.5,645.2,76,305466,25840,24730,19.203,15.289,107.2,1
eval/prueba_carga_usuarios/confianza_5090/ollama/26b_06b_np4/run_04,confianza_5090,gtc2pc4,ollama,26b_06b_np4,run_04,2026-07-31 22:21:54,gemma4:26b,embed,docs_rag_qwen3_06b,1/5/10/15/20/25,76,76,344.8,345.1,76,295090,21727,21120,15.062,12.927,157.0,1
eval/prueba_carga_usuarios/confianza_5090/ollama/26b_06b_np4/run_05,confianza_5090,gtc2pc4,ollama,26b_06b_np4,run_05,2026-07-31 22:28:03,gemma4:26b,embed,docs_rag_qwen3_06b,1/5/10/15/20/25,76,76,232.2,232.1,76,386190,21268,20258,15.216,8.642,236.0,1
eval/prueba_carga_usuarios/confianza_5090/ollama/26b_06b_np4/run_06,confianza_5090,gtc2pc4,ollama,26b_06b_np4,run_06,2026-07-31 22:32:20,gemma4:26b,embed,docs_rag_qwen3_06b,1/5/10/15/20/25,76,76,235.1,235.1,76,389841,21858,20759,15.473,7.283,237.0,1
eval/prueba_carga_usuarios/confianza_5090/ollama/26b_06b_np4/run_07,confianza_5090,gtc2pc4,ollama,26b_06b_np4,run_07,2026-07-31 22:36:39,gemma4:26b,embed,docs_rag_qwen3_06b,1/5/10/15/20/25,76,76,249.9,250.1,76,334108,25752,24565,16.063,6.542,231.2,1
eval/prueba_carga_usuarios/confianza_5090/ollama/26b_06b_np4/run_08,confianza_5090,gtc2pc4,ollama,26b_06b_np4,run_08,2026-07-31 22:41:13,gemma4:26b,embed,docs_rag_qwen3_06b,1/5/10/15/20/25,76,76,344.4,344.1,76,350450,22157,21107,15.99,13.847,167.1,1
eval/prueba_carga_usuarios/confianza_5090/ollama/26b_06b_np4/run_09,confianza_5090,gtc2pc4,ollama,26b_06b_np4,run_09,2026-07-31 22:47:22,gemma4:26b,embed,docs_rag_qwen3_06b,1/5/10/15/20/25,76,76,667.8,667.2,76,358817,22534,21433,18.804,14.807,101.5,1
eval/prueba_carga_usuarios/confianza_5090/ollama/26b_06b_np4/run_10,confianza_5090,gtc2pc4,ollama,26b_06b_np4,run_10,2026-07-31 22:58:54,gemma4:26b,embed,docs_rag_qwen3_06b,1/5/10/15/20/25,76,76,243.3,243.1,76,331516,24606,23281,15.497,6.377,229.6,1
eval/prueba_carga_usuarios/confianza_5090/ollama/26b_06b_np8/run_01,confianza_5090,gtc2pc4,ollama,26b_06b_np8,run_01,2026-07-31 19:36:35,gemma4:26b,embed,docs_rag_qwen3_06b,1/5/10/15/20/25,76,76,309.8,310.1,76,303478,29817,28378,16.884,10.75,196.1,1
eval/prueba_carga_usuarios/confianza_5090/ollama/26b_06b_np8/run_02,confianza_5090,gtc2pc4,ollama,26b_06b_np8,run_02,2026-07-31 19:42:09,gemma4:26b,embed,docs_rag_qwen3_06b,1/5/10/15/20/25,76,76,373.8,374.1,76,317248,20034,19065,14.955,12.685,144.1,1
eval/prueba_carga_usuarios/confianza_5090/ollama/26b_06b_np8/run_03,confianza_5090,gtc2pc4,ollama,26b_06b_np8,run_03,2026-07-31 19:48:47,gemma4:26b,embed,docs_rag_qwen3_06b,1/5/10/15/20/25,76,76,803.9,804.3,76,303642,25507,24308,19.481,14.762,87.2,1
eval/prueba_carga_usuarios/confianza_5090/ollama/26b_06b_np8/run_04,confianza_5090,gtc2pc4,ollama,26b_06b_np8,run_04,2026-07-31 20:02:35,gemma4:26b,embed,docs_rag_qwen3_06b,1/5/10/15/20/25,76,76,950.8,950.3,76,291832,22512,21546,19.869,14.22,75.3,1
eval/prueba_carga_usuarios/confianza_5090/ollama/26b_06b_np8/run_05,confianza_5090,gtc2pc4,ollama,26b_06b_np8,run_05,2026-07-31 20:18:50,gemma4:26b,embed,docs_rag_qwen3_06b,1/5/10/15/20/25,76,76,254.0,254.1,76,383212,22793,21712,15.607,8.927,221.1,1
eval/prueba_carga_usuarios/confianza_5090/ollama/26b_06b_np8/run_06,confianza_5090,gtc2pc4,ollama,26b_06b_np8,run_06,2026-07-31 20:23:28,gemma4:26b,embed,docs_rag_qwen3_06b,1/5/10/15/20/25,76,76,248.8,249.1,76,390258,22187,21072,15.308,8.628,221.2,1
eval/prueba_carga_usuarios/confianza_5090/ollama/26b_06b_np8/run_07,confianza_5090,gtc2pc4,ollama,26b_06b_np8,run_07,2026-07-31 20:28:01,gemma4:26b,embed,docs_rag_qwen3_06b,1/5/10/15/20/25,76,76,265.1,265.1,76,331136,25753,24532,16.056,8.787,218.1,1
eval/prueba_carga_usuarios/confianza_5090/ollama/26b_06b_np8/run_08,confianza_5090,gtc2pc4,ollama,26b_06b_np8,run_08,2026-07-31 20:32:51,gemma4:26b,embed,docs_rag_qwen3_06b,1/5/10/15/20/25,76,76,374.9,375.1,76,356772,22293,21187,16.476,14.186,158.0,1
eval/prueba_carga_usuarios/confianza_5090/ollama/26b_06b_np8/run_09,confianza_5090,gtc2pc4,ollama,26b_06b_np8,run_09,2026-07-31 20:39:30,gemma4:26b,embed,docs_rag_qwen3_06b,1/5/10/15/20/25,76,76,259.5,259.1,76,357311,23329,22248,16.028,9.179,222.7,1
eval/prueba_carga_usuarios/confianza_5090/ollama/26b_06b_np8/run_10,confianza_5090,gtc2pc4,ollama,26b_06b_np8,run_10,2026-07-31 20:44:13,gemma4:26b,embed,docs_rag_qwen3_06b,1/5/10/15/20/25,76,76,256.2,256.1,76,330484,24373,23017,15.429,8.813,217.0,1
eval/prueba_carga_usuarios/confianza_5090/ollama/26b_4b_np1/run_01,confianza_5090,gtc2pc4,ollama,26b_4b_np1,run_01,2026-08-01 01:16:10,gemma4:26b,embed,docs_rag_qwen3,1/5/10/15/20/25,76,76,335.8,336.1,76,298977,30938,29500,24.895,7.783,266.6,1
eval/prueba_carga_usuarios/confianza_5090/ollama/26b_4b_np1/run_02,confianza_5090,gtc2pc4,ollama,26b_4b_np1,run_02,2026-08-01 01:22:10,gemma4:26b,embed,docs_rag_qwen3,1/5/10/15/20/25,76,76,263.4,263.1,76,313551,19757,18977,19.45,6.81,266.2,1
eval/prueba_carga_usuarios/confianza_5090/ollama/26b_4b_np1/run_03,confianza_5090,gtc2pc4,ollama,26b_4b_np1,run_03,2026-08-01 01:26:58,gemma4:26b,embed,docs_rag_qwen3,1/5/10/15/20/25,76,76,942.6,942.2,76,303715,25003,24344,26.645,20.941,101.8,1
eval/prueba_carga_usuarios/confianza_5090/ollama/26b_4b_np1/run_04,confianza_5090,gtc2pc4,ollama,26b_4b_np1,run_04,2026-08-01 01:43:04,gemma4:26b,embed,docs_rag_qwen3,1/5/10/15/20/25,76,76,556.8,557.2,76,313773,24627,23478,23.908,20.523,154.4,1
eval/prueba_carga_usuarios/confianza_5090/ollama/26b_4b_np1/run_05,confianza_5090,gtc2pc4,ollama,26b_4b_np1,run_05,2026-08-01 01:52:46,gemma4:26b,embed,docs_rag_qwen3,1/5/10/15/20/25,76,76,291.1,291.1,76,352936,23349,22205,21.447,6.025,265.2,1
eval/prueba_carga_usuarios/confianza_5090/ollama/26b_4b_np1/run_06,confianza_5090,gtc2pc4,ollama,26b_4b_np1,run_06,2026-08-01 01:58:01,gemma4:26b,embed,docs_rag_qwen3,1/5/10/15/20/25,76,76,282.4,282.1,76,393819,21812,20720,21.076,7.355,268.9,1
eval/prueba_carga_usuarios/confianza_5090/ollama/26b_4b_np1/run_07,confianza_5090,gtc2pc4,ollama,26b_4b_np1,run_07,2026-08-01 02:03:08,gemma4:26b,embed,docs_rag_qwen3,1/5/10/15/20/25,76,76,298.7,298.1,76,342103,24697,23526,22.054,6.911,266.4,1
eval/prueba_carga_usuarios/confianza_5090/ollama/26b_4b_np1/run_08,confianza_5090,gtc2pc4,ollama,26b_4b_np1,run_08,2026-08-01 02:08:30,gemma4:26b,embed,docs_rag_qwen3,1/5/10/15/20/25,76,76,389.4,389.1,76,349298,21202,20151,21.384,18.827,197.7,1
eval/prueba_carga_usuarios/confianza_5090/ollama/26b_4b_np1/run_09,confianza_5090,gtc2pc4,ollama,26b_4b_np1,run_09,2026-08-01 02:15:24,gemma4:26b,embed,docs_rag_qwen3,1/5/10/15/20/25,76,76,402.9,403.1,76,363883,23185,22050,22.222,19.628,198.6,1
eval/prueba_carga_usuarios/confianza_5090/ollama/26b_4b_np1/run_10,confianza_5090,gtc2pc4,ollama,26b_4b_np1,run_10,2026-08-01 02:22:32,gemma4:26b,embed,docs_rag_qwen3,1/5/10/15/20/25,76,76,294.7,294.1,76,330211,24131,22867,21.678,7.036,265.4,1
eval/prueba_carga_usuarios/confianza_5090/ollama/26b_4b_np4/run_01,confianza_5090,gtc2pc4,ollama,26b_4b_np4,run_01,2026-07-31 23:03:22,gemma4:26b,embed,docs_rag_qwen3,1/5/10/15/20/25,76,76,278.2,278.1,76,299409,32778,31202,18.582,7.153,240.6,1
eval/prueba_carga_usuarios/confianza_5090/ollama/26b_4b_np4/run_02,confianza_5090,gtc2pc4,ollama,26b_4b_np4,run_02,2026-07-31 23:08:24,gemma4:26b,embed,docs_rag_qwen3,1/5/10/15/20/25,76,76,359.2,359.1,76,314555,20502,19612,15.877,13.674,159.4,1
eval/prueba_carga_usuarios/confianza_5090/ollama/26b_4b_np4/run_03,confianza_5090,gtc2pc4,ollama,26b_4b_np4,run_03,2026-07-31 23:14:47,gemma4:26b,embed,docs_rag_qwen3,1/5/10/15/20/25,76,76,792.9,793.2,76,307412,25990,24920,21.278,16.539,96.6,1
eval/prueba_carga_usuarios/confianza_5090/ollama/26b_4b_np4/run_04,confianza_5090,gtc2pc4,ollama,26b_4b_np4,run_04,2026-07-31 23:28:24,gemma4:26b,embed,docs_rag_qwen3,1/5/10/15/20/25,76,76,404.4,404.2,76,310521,25529,24379,18.104,15.654,161.5,1
eval/prueba_carga_usuarios/confianza_5090/ollama/26b_4b_np4/run_05,confianza_5090,gtc2pc4,ollama,26b_4b_np4,run_05,2026-07-31 23:35:34,gemma4:26b,embed,docs_rag_qwen3,1/5/10/15/20/25,76,76,248.9,249.1,76,362246,24424,23283,16.868,7.079,243.9,1
eval/prueba_carga_usuarios/confianza_5090/ollama/26b_4b_np4/run_06,confianza_5090,gtc2pc4,ollama,26b_4b_np4,run_06,2026-07-31 23:40:06,gemma4:26b,embed,docs_rag_qwen3,1/5/10/15/20/25,76,76,243.8,244.1,76,396175,22826,21649,16.669,8.911,245.9,1
eval/prueba_carga_usuarios/confianza_5090/ollama/26b_4b_np4/run_07,confianza_5090,gtc2pc4,ollama,26b_4b_np4,run_07,2026-07-31 23:44:34,gemma4:26b,embed,docs_rag_qwen3,1/5/10/15/20/25,76,76,248.8,249.1,76,342753,24955,23788,16.84,6.531,243.4,1
eval/prueba_carga_usuarios/confianza_5090/ollama/26b_4b_np4/run_08,confianza_5090,gtc2pc4,ollama,26b_4b_np4,run_08,2026-07-31 23:49:07,gemma4:26b,embed,docs_rag_qwen3,1/5/10/15/20/25,76,76,351.7,351.1,76,350361,22121,21054,16.82,14.704,172.4,1
eval/prueba_carga_usuarios/confianza_5090/ollama/26b_4b_np4/run_09,confianza_5090,gtc2pc4,ollama,26b_4b_np4,run_09,2026-07-31 23:55:23,gemma4:26b,embed,docs_rag_qwen3,1/5/10/15/20/25,76,76,490.3,490.3,76,348801,23032,22174,18.101,15.154,132.9,1
eval/prueba_carga_usuarios/confianza_5090/ollama/26b_4b_np4/run_10,confianza_5090,gtc2pc4,ollama,26b_4b_np4,run_10,2026-08-01 00:03:58,gemma4:26b,embed,docs_rag_qwen3,1/5/10/15/20/25,76,76,242.4,242.1,76,331365,23691,22486,16.041,7.264,238.6,1
eval/prueba_carga_usuarios/confianza_5090/ollama/26b_4b_np8/run_01,confianza_5090,gtc2pc4,ollama,26b_4b_np8,run_01,2026-07-31 20:48:54,gemma4:26b,embed,docs_rag_qwen3,1/5/10/15/20/25,76,76,292.6,292.1,76,297743,32219,30672,18.131,9.734,223.6,1
eval/prueba_carga_usuarios/confianza_5090/ollama/26b_4b_np8/run_02,confianza_5090,gtc2pc4,ollama,26b_4b_np8,run_02,2026-07-31 20:54:12,gemma4:26b,embed,docs_rag_qwen3,1/5/10/15/20/25,76,76,489.6,489.1,76,305626,20069,19149,17.112,14.159,126.0,1
eval/prueba_carga_usuarios/confianza_5090/ollama/26b_4b_np8/run_03,confianza_5090,gtc2pc4,ollama,26b_4b_np8,run_03,2026-07-31 21:02:45,gemma4:26b,embed,docs_rag_qwen3,1/5/10/15/20/25,76,76,800.9,800.4,76,310920,25962,24901,21.556,16.803,97.0,1
eval/prueba_carga_usuarios/confianza_5090/ollama/26b_4b_np8/run_04,confianza_5090,gtc2pc4,ollama,26b_4b_np8,run_04,2026-07-31 21:16:31,gemma4:26b,embed,docs_rag_qwen3,1/5/10/15/20/25,76,76,365.0,365.1,76,307054,24441,23332,16.569,14.374,163.3,1
eval/prueba_carga_usuarios/confianza_5090/ollama/26b_4b_np8/run_05,confianza_5090,gtc2pc4,ollama,26b_4b_np8,run_05,2026-07-31 21:23:01,gemma4:26b,embed,docs_rag_qwen3,1/5/10/15/20/25,76,76,263.6,263.1,76,349938,24133,23013,16.732,8.327,229.0,1
eval/prueba_carga_usuarios/confianza_5090/ollama/26b_4b_np8/run_06,confianza_5090,gtc2pc4,ollama,26b_4b_np8,run_06,2026-07-31 21:27:49,gemma4:26b,embed,docs_rag_qwen3,1/5/10/15/20/25,76,76,262.2,262.1,76,393157,22198,21082,17.038,9.942,234.1,1
eval/prueba_carga_usuarios/confianza_5090/ollama/26b_4b_np8/run_07,confianza_5090,gtc2pc4,ollama,26b_4b_np8,run_07,2026-07-31 21:32:35,gemma4:26b,embed,docs_rag_qwen3,1/5/10/15/20/25,76,76,266.2,266.1,76,343017,24813,23661,16.958,9.741,229.5,1
eval/prueba_carga_usuarios/confianza_5090/ollama/26b_4b_np8/run_08,confianza_5090,gtc2pc4,ollama,26b_4b_np8,run_08,2026-07-31 21:37:25,gemma4:26b,embed,docs_rag_qwen3,1/5/10/15/20/25,76,76,365.1,365.1,76,345287,21965,20841,16.743,14.54,165.0,1
eval/prueba_carga_usuarios/confianza_5090/ollama/26b_4b_np8/run_09,confianza_5090,gtc2pc4,ollama,26b_4b_np8,run_09,2026-07-31 21:43:55,gemma4:26b,embed,docs_rag_qwen3,1/5/10/15/20/25,76,76,635.5,635.3,76,356721,23070,21966,19.075,15.327,108.1,1
eval/prueba_carga_usuarios/confianza_5090/ollama/26b_4b_np8/run_10,confianza_5090,gtc2pc4,ollama,26b_4b_np8,run_10,2026-07-31 21:54:55,gemma4:26b,embed,docs_rag_qwen3,1/5/10/15/20/25,76,76,260.3,260.1,76,330307,23984,22750,16.48,9.403,228.2,1
eval/prueba_carga_usuarios/confianza_5090/vllm/12b_06b/run_01,confianza_5090,gtc2pc4,vllm,12b_06b,run_01,2026-07-16 01:31:25,gemma4:12b,embed,docs_rag_qwen3_06b,1/5/10/15/20/25,76,76,107.3,107.0,78,315213,34476,32019,12.545,3.094,421.3,1
eval/prueba_carga_usuarios/confianza_5090/vllm/12b_06b/run_02,confianza_5090,gtc2pc4,vllm,12b_06b,run_02,2026-07-16 01:33:21,gemma4:12b,embed,docs_rag_qwen3_06b,1/5/10/15/20/25,76,76,95.2,95.0,78,348935,24401,22533,11.605,3.497,438.5,1
eval/prueba_carga_usuarios/confianza_5090/vllm/12b_06b/run_03,confianza_5090,gtc2pc4,vllm,12b_06b,run_03,2026-07-16 01:35:01,gemma4:12b,embed,docs_rag_qwen3_06b,1/5/10/15/20/25,76,76,104.1,104.0,83,344730,30557,27180,12.725,3.214,439.5,1
eval/prueba_carga_usuarios/confianza_5090/vllm/12b_06b/run_04,confianza_5090,gtc2pc4,vllm,12b_06b,run_04,2026-07-16 01:36:48,gemma4:12b,embed,docs_rag_qwen3_06b,1/5/10/15/20/25,76,76,92.1,92.0,79,304835,25418,23556,11.155,3.066,435.3,1
eval/prueba_carga_usuarios/confianza_5090/vllm/12b_06b/run_05,confianza_5090,gtc2pc4,vllm,12b_06b,run_05,2026-07-16 01:38:25,gemma4:12b,embed,docs_rag_qwen3_06b,1/5/10/15/20/25,76,76,103.3,103.0,79,390548,24864,23235,12.897,3.154,449.7,1
eval/prueba_carga_usuarios/confianza_5090/vllm/12b_06b/run_06,confianza_5090,gtc2pc4,vllm,12b_06b,run_06,2026-07-16 01:40:13,gemma4:12b,embed,docs_rag_qwen3_06b,1/5/10/15/20/25,76,76,99.7,99.0,77,385621,23071,21403,12.582,4.052,456.0,1
eval/prueba_carga_usuarios/confianza_5090/vllm/12b_06b/run_07,confianza_5090,gtc2pc4,vllm,12b_06b,run_07,2026-07-16 01:41:59,gemma4:12b,embed,docs_rag_qwen3_06b,1/5/10/15/20/25,76,76,113.6,114.0,78,373281,27120,25204,14.109,3.31,444.7,1
eval/prueba_carga_usuarios/confianza_5090/vllm/12b_06b/run_08,confianza_5090,gtc2pc4,vllm,12b_06b,run_08,2026-07-16 01:43:58,gemma4:12b,embed,docs_rag_qwen3_06b,1/5/10/15/20/25,76,76,98.5,98.0,78,376387,22032,20326,12.329,4.119,451.5,1
eval/prueba_carga_usuarios/confianza_5090/vllm/12b_06b/run_09,confianza_5090,gtc2pc4,vllm,12b_06b,run_09,2026-07-16 01:45:41,gemma4:12b,embed,docs_rag_qwen3_06b,1/5/10/15/20/25,76,76,102.4,102.0,80,372575,26195,24279,12.795,3.521,450.6,1
eval/prueba_carga_usuarios/confianza_5090/vllm/12b_06b/run_10,confianza_5090,gtc2pc4,vllm,12b_06b,run_10,2026-07-16 01:47:26,gemma4:12b,embed,docs_rag_qwen3_06b,1/5/10/15/20/25,76,76,101.8,102.0,78,346395,27932,25713,12.662,3.766,445.7,1
eval/prueba_carga_usuarios/confianza_5090/vllm/12b_4b/run_01,confianza_5090,gtc2pc4,vllm,12b_4b,run_01,2026-07-16 01:49:13,gemma4:12b,embed,docs_rag_qwen3,1/5/10/15/20/25,76,76,112.9,113.0,81,340912,34858,32316,14.08,3.013,447.8,1
eval/prueba_carga_usuarios/confianza_5090/vllm/12b_4b/run_02,confianza_5090,gtc2pc4,vllm,12b_4b,run_02,2026-07-16 01:51:10,gemma4:12b,embed,docs_rag_qwen3,1/5/10/15/20/25,76,76,102.0,102.0,78,330509,24237,22495,12.77,3.788,449.5,1
eval/prueba_carga_usuarios/confianza_5090/vllm/12b_4b/run_03,confianza_5090,gtc2pc4,vllm,12b_4b,run_03,2026-07-16 01:52:57,gemma4:12b,embed,docs_rag_qwen3,1/5/10/15/20/25,76,76,109.6,109.0,80,336943,29083,26936,13.679,3.671,450.9,1
eval/prueba_carga_usuarios/confianza_5090/vllm/12b_4b/run_04,confianza_5090,gtc2pc4,vllm,12b_4b,run_04,2026-07-16 01:54:51,gemma4:12b,embed,docs_rag_qwen3,1/5/10/15/20/25,76,76,102.6,102.0,80,336913,26810,24827,12.769,3.627,449.7,1
eval/prueba_carga_usuarios/confianza_5090/vllm/12b_4b/run_05,confianza_5090,gtc2pc4,vllm,12b_4b,run_05,2026-07-16 01:56:37,gemma4:12b,embed,docs_rag_qwen3,1/5/10/15/20/25,76,76,105.5,105.0,80,378908,25976,24053,13.374,4.146,457.4,1
eval/prueba_carga_usuarios/confianza_5090/vllm/12b_4b/run_06,confianza_5090,gtc2pc4,vllm,12b_4b,run_06,2026-07-16 01:58:27,gemma4:12b,embed,docs_rag_qwen3,1/5/10/15/20/25,76,76,106.9,107.0,78,398565,24513,22025,13.766,4.802,461.5,1
eval/prueba_carga_usuarios/confianza_5090/vllm/12b_4b/run_07,confianza_5090,gtc2pc4,vllm,12b_4b,run_07,2026-07-16 02:00:20,gemma4:12b,embed,docs_rag_qwen3,1/5/10/15/20/25,76,76,113.9,114.0,78,359663,28089,26207,14.3,3.754,450.7,1
eval/prueba_carga_usuarios/confianza_5090/vllm/12b_4b/run_08,confianza_5090,gtc2pc4,vllm,12b_4b,run_08,2026-07-16 02:02:18,gemma4:12b,embed,docs_rag_qwen3,1/5/10/15/20/25,76,76,99.1,99.0,78,350324,23446,21636,12.612,4.035,457.5,1
eval/prueba_carga_usuarios/confianza_5090/vllm/12b_4b/run_09,confianza_5090,gtc2pc4,vllm,12b_4b,run_09,2026-07-16 02:04:02,gemma4:12b,embed,docs_rag_qwen3,1/5/10/15/20/25,76,76,108.2,108.0,79,378116,25880,23925,13.724,4.81,456.5,1
eval/prueba_carga_usuarios/confianza_5090/vllm/12b_4b/run_10,confianza_5090,gtc2pc4,vllm,12b_4b,run_10,2026-07-16 02:05:54,gemma4:12b,embed,docs_rag_qwen3,1/5/10/15/20/25,76,76,105.5,105.0,76,348482,26078,24697,13.265,3.68,453.8,1
eval/prueba_carga_usuarios/confianza_5090/vllm/26b_06b/run_01,confianza_5090,gtc2pc4,vllm,26b_06b,run_01,2026-07-31 10:47:34,gemma4:26b,embed,docs_rag_qwen3_06b,1/5/10/15/20/25,76,76,67.4,67.0,84,320475,31290,27987,7.276,3.559,389.6,1
eval/prueba_carga_usuarios/confianza_5090/vllm/26b_06b/run_02,confianza_5090,gtc2pc4,vllm,26b_06b,run_02,2026-07-31 10:48:45,gemma4:26b,embed,docs_rag_qwen3_06b,1/5/10/15/20/25,76,76,62.0,62.0,85,341077,24147,21017,6.707,2.977,388.1,1
eval/prueba_carga_usuarios/confianza_5090/vllm/26b_06b/run_03,confianza_5090,gtc2pc4,vllm,26b_06b,run_03,2026-07-31 10:49:49,gemma4:26b,embed,docs_rag_qwen3_06b,1/5/10/15/20/25,76,76,58.7,59.0,86,332782,25792,24579,6.384,4.631,387.5,1
eval/prueba_carga_usuarios/confianza_5090/vllm/26b_06b/run_04,confianza_5090,gtc2pc4,vllm,26b_06b,run_04,2026-07-31 10:50:50,gemma4:26b,embed,docs_rag_qwen3_06b,1/5/10/15/20/25,76,76,59.2,59.0,83,334551,23758,22582,6.638,2.278,403.7,1
eval/prueba_carga_usuarios/confianza_5090/vllm/26b_06b/run_05,confianza_5090,gtc2pc4,vllm,26b_06b,run_05,2026-07-31 10:51:52,gemma4:26b,embed,docs_rag_qwen3_06b,1/5/10/15/20/25,76,76,59.9,60.0,84,421538,22467,19669,6.926,2.631,413.5,1
eval/prueba_carga_usuarios/confianza_5090/vllm/26b_06b/run_06,confianza_5090,gtc2pc4,vllm,26b_06b,run_06,2026-07-31 10:52:54,gemma4:26b,embed,docs_rag_qwen3_06b,1/5/10/15/20/25,76,75,60.1,60.0,83,393690,24729,20845,6.846,3.059,409.0,1
eval/prueba_carga_usuarios/confianza_5090/vllm/26b_06b/run_07,confianza_5090,gtc2pc4,vllm,26b_06b,run_07,2026-07-31 10:53:57,gemma4:26b,embed,docs_rag_qwen3_06b,1/5/10/15/20/25,76,76,61.1,61.0,83,369827,28654,25047,7.09,2.256,416.8,1
eval/prueba_carga_usuarios/confianza_5090/vllm/26b_06b/run_08,confianza_5090,gtc2pc4,vllm,26b_06b,run_08,2026-07-31 10:55:01,gemma4:26b,embed,docs_rag_qwen3_06b,1/5/10/15/20/25,76,76,60.1,60.0,83,396043,24879,21575,6.819,2.73,407.4,1
eval/prueba_carga_usuarios/confianza_5090/vllm/26b_06b/run_09,confianza_5090,gtc2pc4,vllm,26b_06b,run_09,2026-07-31 10:56:03,gemma4:26b,embed,docs_rag_qwen3_06b,1/5/10/15/20/25,76,76,61.2,61.0,84,388108,26102,23763,7.125,3.137,418.9,1
eval/prueba_carga_usuarios/confianza_5090/vllm/26b_06b/run_10,confianza_5090,gtc2pc4,vllm,26b_06b,run_10,2026-07-31 10:57:07,gemma4:26b,embed,docs_rag_qwen3_06b,1/5/10/15/20/25,76,76,62.1,62.0,76,335525,26283,24837,7.108,2.738,410.8,1
eval/prueba_carga_usuarios/confianza_5090/vllm/26b_4b/run_01,confianza_5090,gtc2pc4,vllm,26b_4b,run_01,2026-07-16 09:55:49,gemma4:26b,embed,docs_rag_qwen3,1/5/10/15/20/25,76,76,77.0,77.0,83,345884,33481,30213,8.905,2.914,415.0,1
eval/prueba_carga_usuarios/confianza_5090/vllm/26b_4b/run_02,confianza_5090,gtc2pc4,vllm,26b_4b,run_02,2026-07-16 09:57:08,gemma4:26b,embed,docs_rag_qwen3,1/5/10/15/20/25,76,76,65.8,66.0,84,350133,23585,20440,7.65,3.051,415.5,1
eval/prueba_carga_usuarios/confianza_5090/vllm/26b_4b/run_03,confianza_5090,gtc2pc4,vllm,26b_4b,run_03,2026-07-16 09:58:16,gemma4:26b,embed,docs_rag_qwen3,1/5/10/15/20/25,76,76,61.4,61.0,84,320427,24246,23301,7.141,2.033,420.3,1
eval/prueba_carga_usuarios/confianza_5090/vllm/26b_4b/run_04,confianza_5090,gtc2pc4,vllm,26b_4b,run_04,2026-07-16 09:59:19,gemma4:26b,embed,docs_rag_qwen3,1/5/10/15/20/25,76,76,65.2,65.0,83,352473,23849,22623,7.595,2.011,419.4,1
eval/prueba_carga_usuarios/confianza_5090/vllm/26b_4b/run_05,confianza_5090,gtc2pc4,vllm,26b_4b,run_05,2026-07-16 10:00:27,gemma4:26b,embed,docs_rag_qwen3,1/5/10/15/20/25,76,76,60.1,60.0,83,388597,25009,21958,7.173,2.302,429.0,1
eval/prueba_carga_usuarios/confianza_5090/vllm/26b_4b/run_06,confianza_5090,gtc2pc4,vllm,26b_4b,run_06,2026-07-16 10:01:29,gemma4:26b,embed,docs_rag_qwen3,1/5/10/15/20/25,76,76,69.4,69.0,83,433369,26035,22060,8.111,3.024,422.0,1
eval/prueba_carga_usuarios/confianza_5090/vllm/26b_4b/run_07,confianza_5090,gtc2pc4,vllm,26b_4b,run_07,2026-07-16 10:02:40,gemma4:26b,embed,docs_rag_qwen3,1/5/10/15/20/25,76,76,69.7,70.0,83,377333,28850,25274,8.296,2.063,425.5,1
eval/prueba_carga_usuarios/confianza_5090/vllm/26b_4b/run_08,confianza_5090,gtc2pc4,vllm,26b_4b,run_08,2026-07-16 10:03:52,gemma4:26b,embed,docs_rag_qwen3,1/5/10/15/20/25,76,76,63.5,63.0,84,377612,23985,20641,7.363,2.783,419.7,1
eval/prueba_carga_usuarios/confianza_5090/vllm/26b_4b/run_09,confianza_5090,gtc2pc4,vllm,26b_4b,run_09,2026-07-16 10:04:58,gemma4:26b,embed,docs_rag_qwen3,1/5/10/15/20/25,76,76,65.4,65.0,83,390712,25296,23242,7.76,2.458,428.5,1
eval/prueba_carga_usuarios/confianza_5090/vllm/26b_4b/run_10,confianza_5090,gtc2pc4,vllm,26b_4b,run_10,2026-07-16 10:06:06,gemma4:26b,embed,docs_rag_qwen3,1/5/10/15/20/25,76,75,68.4,68.0,76,349753,25642,24268,8.033,2.775,423.7,1
eval/prueba_carga_usuarios/confianza_spec/on/vllm/26b_06b/run_01,confianza_spec,voz05,vllm,26b_06b,run_01,2026-07-05 12:04:12,gemma4:26b,embed,docs_rag_qwen3_06b,1/5/10/15/20/25,76,76,59.6,59.0,89,344531,32457,24537,6.207,3.002,377.3,2
eval/prueba_carga_usuarios/confianza_spec/on/vllm/26b_06b/run_02,confianza_spec,voz05,vllm,26b_06b,run_02,2026-07-05 12:05:13,gemma4:26b,embed,docs_rag_qwen3_06b,1/5/10/15/20/25,76,76,46.5,46.0,87,357926,25474,19246,5.101,1.363,397.9,2
eval/prueba_carga_usuarios/confianza_spec/on/vllm/26b_06b/run_03,confianza_spec,voz05,vllm,26b_06b,run_03,2026-07-05 12:05:59,gemma4:26b,embed,docs_rag_qwen3_06b,1/5/10/15/20/25,76,76,47.9,47.0,90,354418,26278,21771,5.177,2.54,396.1,2
eval/prueba_carga_usuarios/confianza_spec/on/vllm/26b_06b/run_04,confianza_spec,voz05,vllm,26b_06b,run_04,2026-07-05 12:06:48,gemma4:26b,embed,docs_rag_qwen3_06b,1/5/10/15/20/25,76,76,47.4,47.0,88,363417,23559,19308,5.169,1.335,394.3,2
eval/prueba_carga_usuarios/confianza_spec/on/vllm/26b_06b/run_05,confianza_spec,voz05,vllm,26b_06b,run_05,2026-07-05 12:07:36,gemma4:26b,embed,docs_rag_qwen3_06b,1/5/10/15/20/25,76,76,44.6,44.0,85,427685,23012,17884,4.926,1.302,401.7,2
eval/prueba_carga_usuarios/confianza_spec/on/vllm/26b_06b/run_06,confianza_spec,voz05,vllm,26b_06b,run_06,2026-07-05 12:08:20,gemma4:26b,embed,docs_rag_qwen3_06b,1/5/10/15/20/25,76,76,47.3,47.0,82,391320,25269,19389,5.244,1.537,400.4,2
eval/prueba_carga_usuarios/confianza_spec/on/vllm/26b_06b/run_07,confianza_spec,voz05,vllm,26b_06b,run_07,2026-07-05 12:09:08,gemma4:26b,embed,docs_rag_qwen3_06b,1/5/10/15/20/25,76,76,56.1,56.0,84,376175,28711,22412,6.158,1.724,394.4,2
eval/prueba_carga_usuarios/confianza_spec/on/vllm/26b_06b/run_08,confianza_spec,voz05,vllm,26b_06b,run_08,2026-07-05 12:10:05,gemma4:26b,embed,docs_rag_qwen3_06b,1/5/10/15/20/25,76,76,46.0,46.0,83,394464,23972,18518,5.118,1.396,398.9,2
eval/prueba_carga_usuarios/confianza_spec/on/vllm/26b_06b/run_09,confianza_spec,voz05,vllm,26b_06b,run_09,2026-07-05 12:10:51,gemma4:26b,embed,docs_rag_qwen3_06b,1/5/10/15/20/25,76,76,49.6,49.0,85,387241,25158,20939,5.423,1.731,397.8,2
eval/prueba_carga_usuarios/confianza_spec/on/vllm/26b_06b/run_10,confianza_spec,voz05,vllm,26b_06b,run_10,2026-07-05 12:11:41,gemma4:26b,embed,docs_rag_qwen3_06b,1/5/10/15/20/25,76,76,48.1,48.0,76,335509,25926,22000,5.279,1.497,395.8,2
eval/prueba_carga_usuarios/confianza_spec/on_12b_mtp/vllm/12b_06b/run_01,confianza_spec,voz05,vllm,12b_06b,run_01,2026-07-05 13:12:27,gemma4:12b,embed,docs_rag_qwen3_06b,1/5/10/15/20/25,76,75,58.3,58.0,92,366788,37566,24121,6.814,3.891,420.9,2
eval/prueba_carga_usuarios/confianza_spec/on_12b_mtp/vllm/12b_06b/run_02,confianza_spec,voz05,vllm,12b_06b,run_02,2026-07-05 13:13:26,gemma4:12b,embed,docs_rag_qwen3_06b,1/5/10/15/20/25,76,76,43.7,43.0,82,365614,25856,16884,5.572,2.357,464.2,2
eval/prueba_carga_usuarios/confianza_spec/on_12b_mtp/vllm/12b_06b/run_03,confianza_spec,voz05,vllm,12b_06b,run_03,2026-07-05 13:14:10,gemma4:12b,embed,docs_rag_qwen3_06b,1/5/10/15/20/25,76,76,47.7,47.0,91,374854,33436,20874,6.108,2.025,464.9,2
eval/prueba_carga_usuarios/confianza_spec/on_12b_mtp/vllm/12b_06b/run_04,confianza_spec,voz05,vllm,12b_06b,run_04,2026-07-05 13:14:58,gemma4:12b,embed,docs_rag_qwen3_06b,1/5/10/15/20/25,76,75,41.0,41.0,90,346974,27082,16798,5.181,1.622,451.3,2
eval/prueba_carga_usuarios/confianza_spec/on_12b_mtp/vllm/12b_06b/run_05,confianza_spec,voz05,vllm,12b_06b,run_05,2026-07-05 13:15:40,gemma4:12b,embed,docs_rag_qwen3_06b,1/5/10/15/20/25,76,76,44.5,44.0,91,457634,28326,17642,5.678,1.938,462.1,2
eval/prueba_carga_usuarios/confianza_spec/on_12b_mtp/vllm/12b_06b/run_06,confianza_spec,voz05,vllm,12b_06b,run_06,2026-07-05 13:16:25,gemma4:12b,embed,docs_rag_qwen3_06b,1/5/10/15/20/25,76,76,38.8,38.0,82,406670,24594,15825,5.135,2.176,485.5,2
eval/prueba_carga_usuarios/confianza_spec/on_12b_mtp/vllm/12b_06b/run_07,confianza_spec,voz05,vllm,12b_06b,run_07,2026-07-05 13:17:04,gemma4:12b,embed,docs_rag_qwen3_06b,1/5/10/15/20/25,76,76,49.1,49.0,87,409953,28893,19112,6.214,1.872,455.2,2
eval/prueba_carga_usuarios/confianza_spec/on_12b_mtp/vllm/12b_06b/run_08,confianza_spec,voz05,vllm,12b_06b,run_08,2026-07-05 13:17:53,gemma4:12b,embed,docs_rag_qwen3_06b,1/5/10/15/20/25,76,76,43.1,43.0,83,395743,24077,16045,5.688,2.093,473.6,2
eval/prueba_carga_usuarios/confianza_spec/on_12b_mtp/vllm/12b_06b/run_09,confianza_spec,voz05,vllm,12b_06b,run_09,2026-07-05 13:18:37,gemma4:12b,embed,docs_rag_qwen3_06b,1/5/10/15/20/25,76,73,45.0,44.0,89,396456,27977,17622,5.649,1.902,461.3,2
eval/prueba_carga_usuarios/confianza_spec/on_12b_mtp/vllm/12b_06b/run_10,confianza_spec,voz05,vllm,12b_06b,run_10,2026-07-05 13:19:22,gemma4:12b,embed,docs_rag_qwen3_06b,1/5/10/15/20/25,76,76,43.0,43.0,76,331391,26860,19468,5.582,2.142,464.8,2
eval/prueba_carga_usuarios/confianza_spec/qwen36_off/vllm/26b_06b/run_01,confianza_spec,voz05,vllm,26b_06b,run_01,2026-07-05 15:52:00,gemma4:26b,embed,docs_rag_qwen3_06b,1/5/10/15/20/25,76,75,183.2,183.1,77,318932,30657,28910,27.921,6.489,548.2,2
eval/prueba_carga_usuarios/confianza_spec/qwen36_off/vllm/26b_06b/run_02,confianza_spec,voz05,vllm,26b_06b,run_02,2026-07-05 15:55:03,gemma4:26b,embed,docs_rag_qwen3_06b,1/5/10/15/20/25,76,76,165.5,165.0,76,356777,23069,22018,26.396,6.767,575.3,2
eval/prueba_carga_usuarios/confianza_spec/qwen36_off/vllm/26b_06b/run_03,confianza_spec,voz05,vllm,26b_06b,run_03,2026-07-05 15:57:49,gemma4:26b,embed,docs_rag_qwen3_06b,1/5/10/15/20/25,76,76,193.6,193.0,78,335953,35343,33450,29.808,6.834,555.3,2
eval/prueba_carga_usuarios/confianza_spec/qwen36_off/vllm/26b_06b/run_04,confianza_spec,voz05,vllm,26b_06b,run_04,2026-07-05 16:01:03,gemma4:26b,embed,docs_rag_qwen3_06b,1/5/10/15/20/25,76,73,168.1,167.0,77,281490,26453,25007,25.565,5.989,550.4,2
eval/prueba_carga_usuarios/confianza_spec/qwen36_off/vllm/26b_06b/run_05,confianza_spec,voz05,vllm,26b_06b,run_05,2026-07-05 16:03:52,gemma4:26b,embed,docs_rag_qwen3_06b,1/5/10/15/20/25,76,76,179.5,179.0,78,409743,23711,22365,28.759,7.554,577.5,2
eval/prueba_carga_usuarios/confianza_spec/qwen36_off/vllm/26b_06b/run_06,confianza_spec,voz05,vllm,26b_06b,run_06,2026-07-05 16:06:52,gemma4:26b,embed,docs_rag_qwen3_06b,1/5/10/15/20/25,76,76,186.3,186.0,76,393207,27562,26034,29.45,7.571,569.2,2
eval/prueba_carga_usuarios/confianza_spec/qwen36_off/vllm/26b_06b/run_07,confianza_spec,voz05,vllm,26b_06b,run_07,2026-07-05 16:09:58,gemma4:26b,embed,docs_rag_qwen3_06b,1/5/10/15/20/25,76,76,198.8,198.0,77,361711,30063,28292,30.57,7.298,555.1,2
eval/prueba_carga_usuarios/confianza_spec/qwen36_off/vllm/26b_06b/run_08,confianza_spec,voz05,vllm,26b_06b,run_08,2026-07-05 16:13:18,gemma4:26b,embed,docs_rag_qwen3_06b,1/5/10/15/20/25,76,76,179.0,178.0,77,352837,26407,24964,27.955,6.929,564.7,2
eval/prueba_carga_usuarios/confianza_spec/qwen36_off/vllm/26b_06b/run_09,confianza_spec,voz05,vllm,26b_06b,run_09,2026-07-05 16:16:17,gemma4:26b,embed,docs_rag_qwen3_06b,1/5/10/15/20/25,76,74,183.3,183.0,77,372792,26700,24939,28.794,7.203,565.7,2
eval/prueba_carga_usuarios/confianza_spec/qwen36_off/vllm/26b_06b/run_10,confianza_spec,voz05,vllm,26b_06b,run_10,2026-07-05 16:19:21,gemma4:26b,embed,docs_rag_qwen3_06b,1/5/10/15/20/25,76,76,173.0,172.0,76,322593,26050,24644,26.726,6.437,558.6,2
eval/prueba_carga_usuarios/confianza_spec/qwen36_on/vllm/26b_06b/run_01,confianza_spec,voz05,vllm,26b_06b,run_01,2026-07-05 14:17:32,gemma4:26b,embed,docs_rag_qwen3_06b,1/5/10/15/20/25,76,76,160.8,160.0,79,347470,31460,24133,25.16,8.01,565.0,2
eval/prueba_carga_usuarios/confianza_spec/qwen36_on/vllm/26b_06b/run_02,confianza_spec,voz05,vllm,26b_06b,run_02,2026-07-05 14:20:13,gemma4:26b,embed,docs_rag_qwen3_06b,1/5/10/15/20/25,76,76,147.8,147.0,76,357898,23562,18483,24.268,7.981,593.1,2
eval/prueba_carga_usuarios/confianza_spec/qwen36_on/vllm/26b_06b/run_03,confianza_spec,voz05,vllm,26b_06b,run_03,2026-07-05 14:22:41,gemma4:26b,embed,docs_rag_qwen3_06b,1/5/10/15/20/25,76,76,164.3,164.0,80,339473,33692,25768,26.213,8.023,574.6,2
eval/prueba_carga_usuarios/confianza_spec/qwen36_on/vllm/26b_06b/run_04,confianza_spec,voz05,vllm,26b_06b,run_04,2026-07-05 14:25:26,gemma4:26b,embed,docs_rag_qwen3_06b,1/5/10/15/20/25,76,75,143.7,143.0,79,313246,26910,20673,23.174,6.669,582.2,2
eval/prueba_carga_usuarios/confianza_spec/qwen36_on/vllm/26b_06b/run_05,confianza_spec,voz05,vllm,26b_06b,run_05,2026-07-05 14:27:50,gemma4:26b,embed,docs_rag_qwen3_06b,1/5/10/15/20/25,76,76,154.1,154.0,79,409869,23974,18544,25.754,8.53,600.5,2
eval/prueba_carga_usuarios/confianza_spec/qwen36_on/vllm/26b_06b/run_06,confianza_spec,voz05,vllm,26b_06b,run_06,2026-07-05 14:30:24,gemma4:26b,embed,docs_rag_qwen3_06b,1/5/10/15/20/25,76,76,162.1,161.0,77,399229,28317,21456,26.803,8.677,598.3,2
eval/prueba_carga_usuarios/confianza_spec/qwen36_on/vllm/26b_06b/run_07,confianza_spec,voz05,vllm,26b_06b,run_07,2026-07-05 14:33:07,gemma4:26b,embed,docs_rag_qwen3_06b,1/5/10/15/20/25,76,76,165.3,165.0,79,370484,29140,22471,26.553,7.908,578.2,2
eval/prueba_carga_usuarios/confianza_spec/qwen36_on/vllm/26b_06b/run_08,confianza_spec,voz05,vllm,26b_06b,run_08,2026-07-05 14:35:52,gemma4:26b,embed,docs_rag_qwen3_06b,1/5/10/15/20/25,76,76,150.3,150.0,77,348004,25991,20329,24.549,7.935,587.9,2
eval/prueba_carga_usuarios/confianza_spec/qwen36_on/vllm/26b_06b/run_09,confianza_spec,voz05,vllm,26b_06b,run_09,2026-07-05 14:38:23,gemma4:26b,embed,docs_rag_qwen3_06b,1/5/10/15/20/25,76,73,155.7,155.0,78,362454,26701,20332,25.354,8.263,587.7,2
eval/prueba_carga_usuarios/confianza_spec/qwen36_on/vllm/26b_06b/run_10,confianza_spec,voz05,vllm,26b_06b,run_10,2026-07-05 14:40:59,gemma4:26b,embed,docs_rag_qwen3_06b,1/5/10/15/20/25,76,76,139.8,139.0,76,320319,26766,20863,23.0,7.422,594.5,2
eval/prueba_carga_usuarios/confianza_spec/qwen36_on_n2/vllm/26b_06b/run_01,confianza_spec,voz05,vllm,26b_06b,run_01,2026-07-06 00:49:31,gemma4:26b,embed,docs_rag_qwen3_06b,1/5/10/15/20/25,76,76,140.5,140.0,81,342329,30253,21331,22.757,7.79,583.6,2
eval/prueba_carga_usuarios/confianza_spec/qwen36_on_n2/vllm/26b_06b/run_02,confianza_spec,voz05,vllm,26b_06b,run_02,2026-07-06 00:51:52,gemma4:26b,embed,docs_rag_qwen3_06b,1/5/10/15/20/25,76,76,134.7,134.0,77,360642,23717,16640,22.782,7.477,610.6,2
eval/prueba_carga_usuarios/confianza_spec/qwen36_on_n2/vllm/26b_06b/run_03,confianza_spec,voz05,vllm,26b_06b,run_03,2026-07-06 00:54:07,gemma4:26b,embed,docs_rag_qwen3_06b,1/5/10/15/20/25,76,76,145.2,145.0,80,329550,33712,24002,23.954,7.812,593.4,2
eval/prueba_carga_usuarios/confianza_spec/qwen36_on_n2/vllm/26b_06b/run_04,confianza_spec,voz05,vllm,26b_06b,run_04,2026-07-06 00:56:32,gemma4:26b,embed,docs_rag_qwen3_06b,1/5/10/15/20/25,76,76,132.2,132.0,82,339842,29229,20265,22.154,6.891,602.5,2
eval/prueba_carga_usuarios/confianza_spec/qwen36_on_n2/vllm/26b_06b/run_05,confianza_spec,voz05,vllm,26b_06b,run_05,2026-07-06 00:58:45,gemma4:26b,embed,docs_rag_qwen3_06b,1/5/10/15/20/25,76,76,136.0,135.0,80,418917,23605,16878,23.568,7.81,626.9,2
eval/prueba_carga_usuarios/confianza_spec/qwen36_on_n2/vllm/26b_06b/run_06,confianza_spec,voz05,vllm,26b_06b,run_06,2026-07-06 01:01:01,gemma4:26b,embed,docs_rag_qwen3_06b,1/5/10/15/20/25,76,76,143.7,143.0,77,394109,27159,19228,24.538,7.881,616.2,2
eval/prueba_carga_usuarios/confianza_spec/qwen36_on_n2/vllm/26b_06b/run_07,confianza_spec,voz05,vllm,26b_06b,run_07,2026-07-06 01:03:25,gemma4:26b,embed,docs_rag_qwen3_06b,1/5/10/15/20/25,76,76,147.9,147.0,79,370471,28979,21012,24.519,7.854,599.7,2
eval/prueba_carga_usuarios/confianza_spec/qwen36_on_n2/vllm/26b_06b/run_08,confianza_spec,voz05,vllm,26b_06b,run_08,2026-07-06 01:05:54,gemma4:26b,embed,docs_rag_qwen3_06b,1/5/10/15/20/25,76,76,134.9,134.0,77,348236,24667,18174,22.672,7.585,607.7,2
eval/prueba_carga_usuarios/confianza_spec/qwen36_on_n2/vllm/26b_06b/run_09,confianza_spec,voz05,vllm,26b_06b,run_09,2026-07-06 01:08:09,gemma4:26b,embed,docs_rag_qwen3_06b,1/5/10/15/20/25,76,76,147.6,147.0,79,400090,27862,19606,25.081,8.569,612.9,2
eval/prueba_carga_usuarios/confianza_spec/qwen36_on_n2/vllm/26b_06b/run_10,confianza_spec,voz05,vllm,26b_06b,run_10,2026-07-06 01:10:37,gemma4:26b,embed,docs_rag_qwen3_06b,1/5/10/15/20/25,76,76,130.3,130.0,76,320334,26569,19307,21.972,7.142,607.3,2
eval/prueba_carga_usuarios/confianza_spec/qwen36_on_n3/vllm/26b_06b/run_01,confianza_spec,voz05,vllm,26b_06b,run_01,2026-07-06 06:36:17,gemma4:26b,embed,docs_rag_qwen3_06b,1/5/10/15/20/25,76,76,133.0,132.0,76,318779,31488,21955,22.107,7.211,601.2,2
eval/prueba_carga_usuarios/confianza_spec/qwen36_on_n3/vllm/26b_06b/run_02,confianza_spec,voz05,vllm,26b_06b,run_02,2026-07-06 06:40:50,gemma4:26b,embed,docs_rag_qwen3_06b,1/5/10/15/20/25,76,76,125.6,125.0,77,353620,23306,15887,21.565,7.256,618.9,2
eval/prueba_carga_usuarios/confianza_spec/qwen36_on_n3/vllm/26b_06b/run_03,confianza_spec,voz05,vllm,26b_06b,run_03,2026-07-06 06:42:56,gemma4:26b,embed,docs_rag_qwen3_06b,1/5/10/15/20/25,76,76,141.6,141.0,76,323826,32880,23213,23.5,7.191,598.6,2
eval/prueba_carga_usuarios/confianza_spec/qwen36_on_n3/vllm/26b_06b/run_04,confianza_spec,voz05,vllm,26b_06b,run_04,2026-07-06 06:50:00,gemma4:26b,embed,docs_rag_qwen3_06b,1/5/10/15/20/25,76,76,125.3,125.0,82,331544,27426,18403,20.981,6.464,602.1,2
eval/prueba_carga_usuarios/confianza_spec/qwen36_on_n3/vllm/26b_06b/run_05,confianza_spec,voz05,vllm,26b_06b,run_05,2026-07-06 06:52:06,gemma4:26b,embed,docs_rag_qwen3_06b,1/5/10/15/20/25,76,76,135.7,135.0,76,397832,23355,16421,23.523,8.406,625.7,2
